"day","subject","scenario","mean_queue","cma"
1,"R2E holding beds","high_intensity",0,0
2,"R2E holding beds","high_intensity",0.0220056358039227,0.0110028179019614
3,"R2E holding beds","high_intensity",2.33316778610163,0.785057807301851
4,"R2E holding beds","high_intensity",14.0390948554168,4.09856706933059
5,"R2E holding beds","high_intensity",29.8341675435662,9.24568716417771
6,"R2E holding beds","high_intensity",44.8887802178723,15.1862026731268
7,"R2E holding beds","high_intensity",60.5787491417476,21.6708521686441
8,"R2E holding beds","high_intensity",53.5856543403674,25.6602024401095
9,"R2E holding beds","high_intensity",28.1574703086006,25.9376766477196
10,"R2E holding beds","high_intensity",16.2525611547934,24.969165098427
11,"R2E holding beds","high_intensity",20.1596669668513,24.5319379955565
12,"R2E holding beds","high_intensity",30.9362302512631,25.0656290168653
13,"R2E holding beds","high_intensity",44.5951686158036,26.5679012937068
14,"R2E holding beds","high_intensity",58.039999959651,28.8159083412742
15,"R2E holding beds","high_intensity",51.1204682324862,30.3028790006883
16,"R2E holding beds","high_intensity",31.8711534680414,30.4008961548979
17,"R2E holding beds","high_intensity",32.2507871339759,30.5097132713143
18,"R2E holding beds","high_intensity",40.5845169848396,31.0694245887323
19,"R2E holding beds","high_intensity",53.91915205786,32.2720418239496
20,"R2E holding beds","high_intensity",67.4968338690851,34.0332814262064
21,"R2E holding beds","high_intensity",81.2033166333367,36.2794735789268
22,"R2E holding beds","high_intensity",76.4485080026913,38.1053387800071
23,"R2E holding beds","high_intensity",61.3133437899662,39.1143824760922
24,"R2E holding beds","high_intensity",57.4059480529331,39.8765310417939
25,"R2E holding beds","high_intensity",62.2392987653842,40.7710417507375
26,"R2E holding beds","high_intensity",73.761803627617,42.0399172075406
27,"R2E holding beds","high_intensity",87.3252692015891,43.7171524665794
28,"R2E holding beds","high_intensity",102.064665686771,45.8009922244434
29,"R2E holding beds","high_intensity",96.7562015380588,47.5580684076715
30,"R2E holding beds","high_intensity",77.4057861969594,48.5529923339811
31,"R2E holding beds","high_intensity",75.8405624533039,49.4332365313786
32,"R2E holding beds","high_intensity",81.7004212149659,50.4415860527407
33,"R2E holding beds","high_intensity",90.9958604675881,51.6705034592513
34,"R2E holding beds","high_intensity",103.116536673828,53.1836220832094
35,"R2E holding beds","high_intensity",116.42490455861,54.9905158682209
36,"R2E holding beds","high_intensity",105.925871090357,56.4053868466135
37,"R2E holding beds","high_intensity",88.6556617025208,57.2770158967732
38,"R2E holding beds","high_intensity",88.4815325682368,58.0981873881275
39,"R2E holding beds","high_intensity",95.7757384253711,59.0642784403645
40,"R2E holding beds","high_intensity",106.988361123003,60.2623805074305
41,"R2E holding beds","high_intensity",119.06471960654,61.6965839000917
42,"R2E holding beds","high_intensity",132.969801430478,63.3935652698628
43,"R2E holding beds","high_intensity",126.980291552621,64.872326346206
44,"R2E holding beds","high_intensity",108.452439674735,65.8627834673089
45,"R2E holding beds","high_intensity",109.597601989178,66.8346683233505
46,"R2E holding beds","high_intensity",115.505063225483,67.8927203864403
47,"R2E holding beds","high_intensity",125.072244008109,69.109305995412
48,"R2E holding beds","high_intensity",136.697239742874,70.5173879484841
49,"R2E holding beds","high_intensity",150.560309833695,72.1509169665496
50,"R2E holding beds","high_intensity",144.413564276842,73.5961699127555
51,"R2E holding beds","high_intensity",127.125155849686,74.6457578723031
52,"R2E holding beds","high_intensity",127.714891451769,75.6663181334467
53,"R2E holding beds","high_intensity",134.529828602438,76.7769504064466
54,"R2E holding beds","high_intensity",144.028023799994,78.0223406544752
55,"R2E holding beds","high_intensity",155.893289158374,79.4381760818188
56,"R2E holding beds","high_intensity",168.890327018409,81.0355359199722
57,"R2E holding beds","high_intensity",162.411811564964,82.4631898786563
58,"R2E holding beds","high_intensity",144.313159524913,83.5295686656607
59,"R2E holding beds","high_intensity",145.485227267515,84.5796645741667
60,"R2E holding beds","high_intensity",151.263448018925,85.6910609649127
61,"R2E holding beds","high_intensity",158.975666203418,86.8924479360357
62,"R2E holding beds","high_intensity",168.528987963452,88.2091663235747
63,"R2E holding beds","high_intensity",179.698700565934,89.6613811528185
64,"R2E holding beds","high_intensity",173.49206975397,90.9712356622115
65,"R2E holding beds","high_intensity",154.51862244531,91.9488877665668
66,"R2E holding beds","high_intensity",153.444798729245,92.8806439932741
67,"R2E holding beds","high_intensity",158.016214264393,93.8528166838878
68,"R2E holding beds","high_intensity",165.608113274717,94.9080416337529
69,"R2E holding beds","high_intensity",175.98191078701,96.0830252446697
70,"R2E holding beds","high_intensity",188.663327139399,97.405600986023
71,"R2E holding beds","high_intensity",183.488459427156,98.6180356119544
72,"R2E holding beds","high_intensity",166.383225941122,99.5592188109707
73,"R2E holding beds","high_intensity",164.379823797891,100.447172303942
74,"R2E holding beds","high_intensity",169.050316393392,101.374241818664
75,"R2E holding beds","high_intensity",178.58515220112,102.403720623764
76,"R2E holding beds","high_intensity",188.405823499101,103.535327240545
77,"R2E holding beds","high_intensity",200.079097815437,104.789142442816
78,"R2E holding beds","high_intensity",193.61257475461,105.927904395531
79,"R2E holding beds","high_intensity",176.715969792955,106.823955856258
80,"R2E holding beds","high_intensity",176.399305652184,107.693647728707
81,"R2E holding beds","high_intensity",179.297077782197,108.577640692331
82,"R2E holding beds","high_intensity",187.416089924583,109.539085195163
83,"R2E holding beds","high_intensity",199.78735308507,110.626413723957
84,"R2E holding beds","high_intensity",211.225597234881,111.824023051468
85,"R2E holding beds","high_intensity",203.109982530512,112.897975515927
86,"R2E holding beds","high_intensity",184.052997161049,113.725359488545
87,"R2E holding beds","high_intensity",185.833879976433,114.554193057371
88,"R2E holding beds","high_intensity",192.379627967101,115.438572999527
89,"R2E holding beds","high_intensity",201.91406928016,116.410207789197
90,"R2E holding beds","high_intensity",213.419092969482,117.4880842912
91,"R2E holding beds","high_intensity",226.385528127972,118.684759498198
92,"R2E holding beds","high_intensity",220.746744592094,119.794128901393
93,"R2E holding beds","high_intensity",202.100171171745,120.679140108601
94,"R2E holding beds","high_intensity",201.145610411952,121.535166388423
95,"R2E holding beds","high_intensity",207.635622597289,122.441486980096
96,"R2E holding beds","high_intensity",217.174716603678,123.428291455341
97,"R2E holding beds","high_intensity",228.436525042332,124.510850564486
98,"R2E holding beds","high_intensity",241.111034238806,125.700648357081
99,"R2E holding beds","high_intensity",236.051089684121,126.815299279576
100,"R2E holding beds","high_intensity",217.301129389374,127.720157580674
101,"R2E holding beds","high_intensity",216.256282969146,128.59675288155
102,"R2E holding beds","high_intensity",220.589921167892,129.498646688279
103,"R2E holding beds","high_intensity",229.871992498688,130.473145191293
104,"R2E holding beds","high_intensity",243.125847918625,131.556344255978
105,"R2E holding beds","high_intensity",257.355216283251,132.754428751476
106,"R2E holding beds","high_intensity",253.385638181558,133.892459029119
107,"R2E holding beds","high_intensity",236.914614779461,134.855282914636
108,"R2E holding beds","high_intensity",237.861373407133,135.809043011789
109,"R2E holding beds","high_intensity",241.764167360413,136.781108372785
110,"R2E holding beds","high_intensity",250.190857104076,137.812106088524
111,"R2E holding beds","high_intensity",262.015514567787,138.931055714463
112,"R2E holding beds","high_intensity",274.421278740869,140.140789848628
113,"R2E holding beds","high_intensity",269.409904571647,141.284764315203
114,"R2E holding beds","high_intensity",249.77989877006,142.236476020947
115,"R2E holding beds","high_intensity",247.500886481404,143.151818720604
116,"R2E holding beds","high_intensity",250.862634852176,144.080360238979
117,"R2E holding beds","high_intensity",256.999612375889,145.045482052115
118,"R2E holding beds","high_intensity",266.417172874594,146.074055703153
119,"R2E holding beds","high_intensity",278.010164406375,147.182762498979
120,"R2E holding beds","high_intensity",271.472499905922,148.218510310703
121,"R2E holding beds","high_intensity",252.320775092749,149.078859606422
122,"R2E holding beds","high_intensity",250.58886868547,149.910908861169
123,"R2E holding beds","high_intensity",256.287431976515,150.775758642594
124,"R2E holding beds","high_intensity",264.975302472664,151.69672270574
125,"R2E holding beds","high_intensity",275.440414621111,152.686672241063
126,"R2E holding beds","high_intensity",286.741408392894,153.750598718459
127,"R2E holding beds","high_intensity",278.970425617904,154.736581607431
128,"R2E holding beds","high_intensity",261.683963288786,155.572108026816
129,"R2E holding beds","high_intensity",261.950489478332,156.396746642719
130,"R2E holding beds","high_intensity",267.603490975316,157.252183137586
131,"R2E holding beds","high_intensity",276.712821303868,158.16409640603
132,"R2E holding beds","high_intensity",287.8157054088,159.146305565142
133,"R2E holding beds","high_intensity",298.751493723046,160.195968633999
134,"R2E holding beds","high_intensity",292.199768664207,161.181071619299
135,"R2E holding beds","high_intensity",272.356708989181,162.004594859076
136,"R2E holding beds","high_intensity",271.496042826568,162.809679035307
137,"R2E holding beds","high_intensity",276.858902713493,163.642155120549
138,"R2E holding beds","high_intensity",286.717310871447,164.534004075266
139,"R2E holding beds","high_intensity",297.552056056923,165.490968478012
140,"R2E holding beds","high_intensity",310.011745352469,166.523259741401
141,"R2E holding beds","high_intensity",304.090410377163,167.498913292009
142,"R2E holding beds","high_intensity",286.918332701539,168.339895118837
143,"R2E holding beds","high_intensity",285.084825040343,169.156293230176
144,"R2E holding beds","high_intensity",289.557500400134,169.992412724412
145,"R2E holding beds","high_intensity",298.449219998123,170.878321740093
146,"R2E holding beds","high_intensity",309.939549589779,171.830795903447
147,"R2E holding beds","high_intensity",320.938425490709,172.845133519686
148,"R2E holding beds","high_intensity",316.044228645099,173.812694973237
149,"R2E holding beds","high_intensity",296.918713153925,174.638909860355
150,"R2E holding beds","high_intensity",296.18240427894,175.449199823146
151,"R2E holding beds","high_intensity",302.846951483876,176.292893542753
152,"R2E holding beds","high_intensity",311.98385798752,177.185597256206
153,"R2E holding beds","high_intensity",322.802819646608,178.137343807777
154,"R2E holding beds","high_intensity",335.417183191309,179.158641466112
155,"R2E holding beds","high_intensity",328.245394362959,180.120491484801
156,"R2E holding beds","high_intensity",310.29883703682,180.954968058852
157,"R2E holding beds","high_intensity",309.625948995242,181.774528446982
158,"R2E holding beds","high_intensity",314.536795892709,182.614795962461
159,"R2E holding beds","high_intensity",322.611138813928,183.495276106181
160,"R2E holding beds","high_intensity",332.908437821203,184.4291083669
161,"R2E holding beds","high_intensity",345.178357195402,185.427550906208
162,"R2E holding beds","high_intensity",339.390128075212,186.377937185029
163,"R2E holding beds","high_intensity",319.111638832586,187.192254373051
164,"R2E holding beds","high_intensity",318.67529658291,187.993980240184
165,"R2E holding beds","high_intensity",324.611820876684,188.821967153132
166,"R2E holding beds","high_intensity",334.879012744335,189.701828873561
167,"R2E holding beds","high_intensity",347.581445607142,190.64721580011
168,"R2E holding beds","high_intensity",360.216241509916,191.656555238859
169,"R2E holding beds","high_intensity",356.014590996189,192.629087994819
170,"R2E holding beds","high_intensity",336.433649763657,193.474997181695
171,"R2E holding beds","high_intensity",332.718245925727,194.289285186046
172,"R2E holding beds","high_intensity",336.059413531088,195.113530118284
173,"R2E holding beds","high_intensity",342.816890394985,195.967306767283
174,"R2E holding beds","high_intensity",352.214185337726,196.865277333779
175,"R2E holding beds","high_intensity",364.516039910625,197.823281691361
176,"R2E holding beds","high_intensity",359.596442726636,198.742447379062
177,"R2E holding beds","high_intensity",339.354626877573,199.536866472274
178,"R2E holding beds","high_intensity",338.934889315636,200.320001432068
179,"R2E holding beds","high_intensity",344.574593520913,201.125893007983
180,"R2E holding beds","high_intensity",353.826693868042,201.974230790539
181,"R2E holding beds","high_intensity",365.3184207246,202.876684878573
182,"R2E holding beds","high_intensity",377.538969638326,203.836367761868
183,"R2E holding beds","high_intensity",372.186036204429,204.75631130527
184,"R2E holding beds","high_intensity",352.269868324773,205.558015419506
185,"R2E holding beds","high_intensity",350.108838537283,206.339371220143
186,"R2E holding beds","high_intensity",354.815196218659,207.137628343791
187,"R2E holding beds","high_intensity",363.487646662883,207.973724698438
188,"R2E holding beds","high_intensity",373.858053569637,208.856088149881
189,"R2E holding beds","high_intensity",385.023501622789,209.788190866669
190,"R2E holding beds","high_intensity",377.657276409693,210.671712369527
191,"R2E holding beds","high_intensity",359.336277655064,211.450060878875
192,"R2E holding beds","high_intensity",358.483351660527,212.215859268363
193,"R2E holding beds","high_intensity",364.12642116086,213.002960625319
194,"R2E holding beds","high_intensity",372.206310297046,213.823596448369
195,"R2E holding beds","high_intensity",382.927986359889,214.690798447915
196,"R2E holding beds","high_intensity",394.760942831714,215.609523674363
197,"R2E holding beds","high_intensity",391.175151085124,216.50071975259
198,"R2E holding beds","high_intensity",374.576733120874,217.299083456471
199,"R2E holding beds","high_intensity",374.354604751237,218.08830718157
200,"R2E holding beds","high_intensity",378.718526969776,218.891458280511
201,"R2E holding beds","high_intensity",387.90221455137,219.732307814197
202,"R2E holding beds","high_intensity",399.852111789265,220.623990012093
203,"R2E holding beds","high_intensity",412.011545863819,221.566785853727
204,"R2E holding beds","high_intensity",406.542424864768,222.473529182213
205,"R2E holding beds","high_intensity",388.211583834842,223.282007497592
206,"R2E holding beds","high_intensity",385.533415930403,224.069635693867
207,"R2E holding beds","high_intensity",388.382610563688,224.863418181161
208,"R2E holding beds","high_intensity",396.746238862817,225.689777895977
209,"R2E holding beds","high_intensity",407.773848814043,226.560993546303
210,"R2E holding beds","high_intensity",420.654239072793,227.485247096429
211,"R2E holding beds","high_intensity",417.430304432945,228.385460638308
212,"R2E holding beds","high_intensity",400.510631941922,229.197371823702
213,"R2E holding beds","high_intensity",399.211546937665,229.995560439261
214,"R2E holding beds","high_intensity",402.117021757305,230.79986633327
215,"R2E holding beds","high_intensity",409.271928915052,231.62996894993
216,"R2E holding beds","high_intensity",418.796438897575,232.496480384873
217,"R2E holding beds","high_intensity",429.525010259619,233.404445960332
218,"R2E holding beds","high_intensity",423.290291705294,234.275481949988
219,"R2E holding beds","high_intensity",402.647510831458,235.044303999675
220,"R2E holding beds","high_intensity",400.828137115141,235.797866877473
221,"R2E holding beds","high_intensity",404.084362681976,236.559344234054
222,"R2E holding beds","high_intensity",412.318648871011,237.3510528135
223,"R2E holding beds","high_intensity",423.247936175919,238.184671124542
224,"R2E holding beds","high_intensity",435.648704429701,239.066206987512
225,"R2E holding beds","high_intensity",431.315966593031,239.920650363536
226,"R2E holding beds","high_intensity",414.683322332694,240.693936522692
227,"R2E holding beds","high_intensity",413.437953041222,241.454923379602
228,"R2E holding beds","high_intensity",418.198862345377,242.230116094364
229,"R2E holding beds","high_intensity",427.421252190447,243.038811011814
230,"R2E holding beds","high_intensity",438.873375904145,243.890265641781
231,"R2E holding beds","high_intensity",451.42263393979,244.788674162551
232,"R2E holding beds","high_intensity",445.494599569436,245.653785909995
233,"R2E holding beds","high_intensity",427.809404223774,246.435569679582
234,"R2E holding beds","high_intensity",427.370712157495,247.208796784188
235,"R2E holding beds","high_intensity",432.728972212321,247.998244339201
236,"R2E holding beds","high_intensity",442.044370686842,248.820473688132
237,"R2E holding beds","high_intensity",452.600840062722,249.680306457645
238,"R2E holding beds","high_intensity",464.84818551135,250.584373176358
239,"R2E holding beds","high_intensity",459.095780980202,251.456805844994
240,"R2E holding beds","high_intensity",441.195616520424,252.247384222808
241,"R2E holding beds","high_intensity",439.690863702027,253.025157996581
242,"R2E holding beds","high_intensity",443.696725990754,253.813057037879
243,"R2E holding beds","high_intensity",451.531925882838,254.62671493436
244,"R2E holding beds","high_intensity",461.269964177299,255.473613496831
245,"R2E holding beds","high_intensity",472.865819637084,256.360928623934
246,"R2E holding beds","high_intensity",467.232198287677,257.21812890712
247,"R2E holding beds","high_intensity",448.325576737542,257.991843270806
248,"R2E holding beds","high_intensity",445.993919672999,258.749916159525
249,"R2E holding beds","high_intensity",450.114829158975,259.518449946671
250,"R2E holding beds","high_intensity",458.027866855212,260.312487614305
251,"R2E holding beds","high_intensity",468.190214178049,261.140685728105
252,"R2E holding beds","high_intensity",480.973359219825,262.01303760704
253,"R2E holding beds","high_intensity",475.40831450453,262.856497199521
254,"R2E holding beds","high_intensity",458.07545999371,263.625075793198
255,"R2E holding beds","high_intensity",456.425904090447,264.381157472796
256,"R2E holding beds","high_intensity",462.466461472286,265.154928191543
257,"R2E holding beds","high_intensity",472.734592436305,265.962631165259
258,"R2E holding beds","high_intensity",484.545753957175,266.809852571429
259,"R2E holding beds","high_intensity",497.510540442337,267.700588818035
260,"R2E holding beds","high_intensity",491.657710721669,268.561962363818
261,"R2E holding beds","high_intensity",475.204475222953,269.353696129562
262,"R2E holding beds","high_intensity",473.386041808491,270.13244554055
263,"R2E holding beds","high_intensity",478.210246314846,270.923615885699
264,"R2E holding beds","high_intensity",485.827888657106,271.737647221955
265,"R2E holding beds","high_intensity",496.874890613267,272.587221725318
266,"R2E holding beds","high_intensity",508.716713571301,273.474926581882
267,"R2E holding beds","high_intensity",503.272417681758,274.335591342556
268,"R2E holding beds","high_intensity",483.780754327519,275.117103144738
269,"R2E holding beds","high_intensity",481.35456092673,275.883785143928
270,"R2E holding beds","high_intensity",485.734935684754,276.661011627412
271,"R2E holding beds","high_intensity",492.368876433554,277.456981608247
272,"R2E holding beds","high_intensity",502.241501186232,278.283395283166
273,"R2E holding beds","high_intensity",514.147019203659,279.147364601556
274,"R2E holding beds","high_intensity",508.790645368379,279.985478764939
275,"R2E holding beds","high_intensity",488.934212931024,280.745292343724
276,"R2E holding beds","high_intensity",488.343111378191,281.497458354719
277,"R2E holding beds","high_intensity",492.960969996619,282.260864533931
278,"R2E holding beds","high_intensity",500.808664325561,283.047007698649
279,"R2E holding beds","high_intensity",511.413712002184,283.865526352067
280,"R2E holding beds","high_intensity",524.147117299881,284.723674891166
281,"R2E holding beds","high_intensity",517.951487937254,285.553667108412
282,"R2E holding beds","high_intensity",499.900561392564,286.313762478214
283,"R2E holding beds","high_intensity",498.406969166393,287.063208438243
284,"R2E holding beds","high_intensity",504.793574253441,287.829864655902
285,"R2E holding beds","high_intensity",514.61723443637,288.625609813027
286,"R2E holding beds","high_intensity",524.490021104721,289.450310551809
287,"R2E holding beds","high_intensity",537.571457178528,290.314844163749
288,"R2E holding beds","high_intensity",532.482944419807,291.155705622971
289,"R2E holding beds","high_intensity",513.868176985131,291.926337011768
290,"R2E holding beds","high_intensity",512.461081609467,292.686801648311
291,"R2E holding beds","high_intensity",516.565802353466,293.456145293346
292,"R2E holding beds","high_intensity",524.537883527815,294.247521109218
293,"R2E holding beds","high_intensity",535.203082146255,295.069895037672
294,"R2E holding beds","high_intensity",547.683297965252,295.92912429933
295,"R2E holding beds","high_intensity",540.676364027369,296.758775959425
296,"R2E holding beds","high_intensity",522.021355300169,297.519798186928
297,"R2E holding beds","high_intensity",520.033306781136,298.269001919568
298,"R2E holding beds","high_intensity",524.025925733021,299.026575489412
299,"R2E holding beds","high_intensity",532.20657287578,299.806441701407
300,"R2E holding beds","high_intensity",542.91453862183,300.616802024475
301,"R2E holding beds","high_intensity",555.540175202163,301.463723530048
302,"R2E holding beds","high_intensity",550.841662734183,302.289478295625
303,"R2E holding beds","high_intensity",534.418291556261,303.055579989554
304,"R2E holding beds","high_intensity",532.141085282774,303.809150730651
305,"R2E holding beds","high_intensity",536.028687922693,304.570526262428
306,"R2E holding beds","high_intensity",545.402912021196,305.357560202816
307,"R2E holding beds","high_intensity",556.631539616947,306.176042220452
308,"R2E holding beds","high_intensity",567.590835656255,307.024791549789
309,"R2E holding beds","high_intensity",561.821688816165,307.849376977835
310,"R2E holding beds","high_intensity",543.865258223457,308.61071853024
311,"R2E holding beds","high_intensity",540.468152077223,309.356240824604
312,"R2E holding beds","high_intensity",542.895585745811,310.104764366018
313,"R2E holding beds","high_intensity",550.559445416733,310.872990184071
314,"R2E holding beds","high_intensity",559.304614370454,311.664173700588
315,"R2E holding beds","high_intensity",570.104628232932,312.484619587992
316,"R2E holding beds","high_intensity",563.926263932938,313.280320994147
317,"R2E holding beds","high_intensity",544.6129193472,314.010076824914
318,"R2E holding beds","high_intensity",543.801685697136,314.732691947154
319,"R2E holding beds","high_intensity",547.747972144571,315.46314737097
320,"R2E holding beds","high_intensity",554.181472813378,316.209142137978
321,"R2E holding beds","high_intensity",564.710905275459,316.983290932799
322,"R2E holding beds","high_intensity",576.522361165884,317.789312890044
323,"R2E holding beds","high_intensity",570.623553033303,318.572081435379
324,"R2E holding beds","high_intensity",551.352446457726,319.290539352115
325,"R2E holding beds","high_intensity",551.094091646223,320.003781051481
326,"R2E holding beds","high_intensity",556.673441365102,320.729761604591
327,"R2E holding beds","high_intensity",564.424657195842,321.475005933616
328,"R2E holding beds","high_intensity",575.566156328323,322.249674075063
329,"R2E holding beds","high_intensity",588.090722831097,323.057701578881
330,"R2E holding beds","high_intensity",583.346893306735,323.846456705329
331,"R2E holding beds","high_intensity",565.241000212853,324.575745356409
332,"R2E holding beds","high_intensity",563.560723505465,325.295579627942
333,"R2E holding beds","high_intensity",568.156815519337,326.024892648637
334,"R2E holding beds","high_intensity",577.402986289074,326.777521671513
335,"R2E holding beds","high_intensity",588.138787135609,327.557704553495
336,"R2E holding beds","high_intensity",599.962542408662,328.368433237588
337,"R2E holding beds","high_intensity",595.821588535704,329.162062778532
338,"R2E holding beds","high_intensity",577.905357705846,329.897989686601
339,"R2E holding beds","high_intensity",576.548975861198,330.625573716614
340,"R2E holding beds","high_intensity",580.603778031125,331.360803729304
341,"R2E holding beds","high_intensity",590.106309161279,332.119588202712
342,"R2E holding beds","high_intensity",600.812433443281,332.905239796982
343,"R2E holding beds","high_intensity",612.867714836627,333.721456925378
344,"R2E holding beds","high_intensity",606.322249082184,334.513901088624
345,"R2E holding beds","high_intensity",587.254800749551,335.246483406482
346,"R2E holding beds","high_intensity",586.813224706829,335.973554913131
347,"R2E holding beds","high_intensity",592.779420396586,336.713629453429
348,"R2E holding beds","high_intensity",599.868094784481,337.469820445759
349,"R2E holding beds","high_intensity",609.582408405026,338.249512674869
350,"R2E holding beds","high_intensity",620.308804744222,339.055396366496
351,"R2E holding beds","high_intensity",614.824852713368,339.841064333296
352,"R2E holding beds","high_intensity",597.522524998439,340.573113937458
353,"R2E holding beds","high_intensity",594.667782161606,341.292928861606
354,"R2E holding beds","high_intensity",596.739513737982,342.014529383856
355,"R2E holding beds","high_intensity",604.364823031985,342.753544295541
356,"R2E holding beds","high_intensity",614.952726041564,343.518148738647
357,"R2E holding beds","high_intensity",627.648810143149,344.314032944262
358,"R2E holding beds","high_intensity",621.957867698895,345.089574382124
359,"R2E holding beds","high_intensity",602.916980332928,345.807756571402
360,"R2E holding beds","high_intensity",600.689603110042,346.515761700676
1,"R2E intensive care","high_intensity",0.239752476284433,0.239752476284433
2,"R2E intensive care","high_intensity",0.817685109373714,0.528718792829074
3,"R2E intensive care","high_intensity",2.24825412931614,1.10189723832476
4,"R2E intensive care","high_intensity",3.20118967480115,1.62672034744386
5,"R2E intensive care","high_intensity",3.83522564984775,2.06842140792464
6,"R2E intensive care","high_intensity",4.34665690204141,2.44812732361077
7,"R2E intensive care","high_intensity",4.57375583463126,2.75178853947084
8,"R2E intensive care","high_intensity",4.47943667540018,2.96774455646201
9,"R2E intensive care","high_intensity",10.6590672258668,3.82233596417365
10,"R2E intensive care","high_intensity",18.5939803195461,5.2995003997109
11,"R2E intensive care","high_intensity",23.327325515686,6.93839359207227
12,"R2E intensive care","high_intensity",25.2576675694297,8.46499975685206
13,"R2E intensive care","high_intensity",26.2601283586086,9.83385580314103
14,"R2E intensive care","high_intensity",26.7120304034102,11.0394397031603
15,"R2E intensive care","high_intensity",26.1199596467806,12.0448076994016
16,"R2E intensive care","high_intensity",31.3956837293232,13.2542374512717
17,"R2E intensive care","high_intensity",37.4929124823361,14.6800418648637
18,"R2E intensive care","high_intensity",40.5594302780897,16.1177856655985
19,"R2E intensive care","high_intensity",41.9057523424045,17.4750470696409
20,"R2E intensive care","high_intensity",42.665764676974,18.7345829500076
21,"R2E intensive care","high_intensity",43.2110139049226,19.900127281194
22,"R2E intensive care","high_intensity",43.1603757737287,20.957411303582
23,"R2E intensive care","high_intensity",49.1346779085269,22.182509851623
24,"R2E intensive care","high_intensity",57.0762151707691,23.6364142399208
25,"R2E intensive care","high_intensity",62.3336835140002,25.184305010884
26,"R2E intensive care","high_intensity",64.9851014914005,26.7151048755192
27,"R2E intensive care","high_intensity",67.0168629858375,28.2077625833088
28,"R2E intensive care","high_intensity",68.0778599916116,29.6316946336053
29,"R2E intensive care","high_intensity",69.2370043924898,30.9973949701186
30,"R2E intensive care","high_intensity",76.1780186354123,32.5034157589617
31,"R2E intensive care","high_intensity",83.8408021643949,34.1594604817176
32,"R2E intensive care","high_intensity",88.9665271635983,35.8721813155264
33,"R2E intensive care","high_intensity",92.5380475830123,37.5893287781775
34,"R2E intensive care","high_intensity",94.7745708532719,39.2712476627391
35,"R2E intensive care","high_intensity",96.1403357264155,40.8960787502727
36,"R2E intensive care","high_intensity",97.1882719936704,42.4597507848115
37,"R2E intensive care","high_intensity",103.284375516627,44.1036595613471
38,"R2E intensive care","high_intensity",110.123909160184,45.8410345507901
39,"R2E intensive care","high_intensity",114.96257019596,47.613381618615
40,"R2E intensive care","high_intensity",118.122074468924,49.3760989398727
41,"R2E intensive care","high_intensity",120.227136139427,51.1041730179106
42,"R2E intensive care","high_intensity",121.607122206789,52.7828146652649
43,"R2E intensive care","high_intensity",122.666106586731,54.4080075006478
44,"R2E intensive care","high_intensity",129.40753312559,56.112542173942
45,"R2E intensive care","high_intensity",137.753037602643,57.9267754056909
46,"R2E intensive care","high_intensity",144.288884620816,59.8042125625414
47,"R2E intensive care","high_intensity",148.236750540001,61.685755923764
48,"R2E intensive care","high_intensity",150.299781332084,63.5318814531039
49,"R2E intensive care","high_intensity",151.783497701697,65.3329348459324
50,"R2E intensive care","high_intensity",153.13952046939,67.0890665584015
51,"R2E intensive care","high_intensity",159.641856219792,68.9038271399974
52,"R2E intensive care","high_intensity",167.695319508765,70.8036635317045
53,"R2E intensive care","high_intensity",173.545653266666,72.7421916399113
54,"R2E intensive care","high_intensity",177.447037968673,74.6811702756291
55,"R2E intensive care","high_intensity",180.122956972643,76.5982936701203
56,"R2E intensive care","high_intensity",181.837373178015,78.477562947047
57,"R2E intensive care","high_intensity",183.444477822886,80.3190877694301
58,"R2E intensive care","high_intensity",190.524461689362,82.2191804232221
59,"R2E intensive care","high_intensity",198.414960833057,84.1886004301684
60,"R2E intensive care","high_intensity",204.490328863079,86.1936292373836
61,"R2E intensive care","high_intensity",208.668870070942,88.2014200707206
62,"R2E intensive care","high_intensity",211.711088974175,90.1935115046473
63,"R2E intensive care","high_intensity",213.851563619327,92.1563377286898
64,"R2E intensive care","high_intensity",215.608946455361,94.0852847400441
65,"R2E intensive care","high_intensity",222.641126761499,96.0630669249895
66,"R2E intensive care","high_intensity",230.020955189478,98.0927318986939
67,"R2E intensive care","high_intensity",236.14944139226,100.153279801583
68,"R2E intensive care","high_intensity",240.784109091097,102.221380232311
69,"R2E intensive care","high_intensity",243.646016431878,104.271012641
70,"R2E intensive care","high_intensity",245.825160322057,106.29321475073
71,"R2E intensive care","high_intensity",247.610991183052,108.283605968087
72,"R2E intensive care","high_intensity",254.121830536318,110.309136864868
73,"R2E intensive care","high_intensity",261.699895414636,112.382982872399
74,"R2E intensive care","high_intensity",267.275400743479,114.47612365444
75,"R2E intensive care","high_intensity",271.553540464268,116.570489211905
76,"R2E intensive care","high_intensity",274.402556538731,118.647226939889
77,"R2E intensive care","high_intensity",276.098850566733,120.692053220757
78,"R2E intensive care","high_intensity",277.932822426935,122.707960518272
79,"R2E intensive care","high_intensity",284.779966254947,124.759504894686
80,"R2E intensive care","high_intensity",292.526036494014,126.856586539678
81,"R2E intensive care","high_intensity",298.857450371546,128.980053994392
82,"R2E intensive care","high_intensity",303.327620072423,131.106243824612
83,"R2E intensive care","high_intensity",305.950912441883,133.212806097109
84,"R2E intensive care","high_intensity",307.877002784266,135.292141771956
85,"R2E intensive care","high_intensity",309.461307761631,137.341190783599
86,"R2E intensive care","high_intensity",316.200000895277,139.420944389549
87,"R2E intensive care","high_intensity",323.644321582938,141.538454472232
88,"R2E intensive care","high_intensity",329.077382822988,143.669578658036
89,"R2E intensive care","high_intensity",332.869663623152,145.795422309329
90,"R2E intensive care","high_intensity",335.674830732,147.905193514026
91,"R2E intensive care","high_intensity",336.880279953451,149.981842815558
92,"R2E intensive care","high_intensity",338.337686839854,152.029188946257
93,"R2E intensive care","high_intensity",346.066943538032,154.115616414985
94,"R2E intensive care","high_intensity",354.157098412967,156.243717287304
95,"R2E intensive care","high_intensity",359.470229678697,158.38294373353
96,"R2E intensive care","high_intensity",363.238903983186,160.51685998613
97,"R2E intensive care","high_intensity",365.639078786832,162.631522035622
98,"R2E intensive care","high_intensity",367.286230377423,164.719835386048
99,"R2E intensive care","high_intensity",369.131737410245,166.784602073162
100,"R2E intensive care","high_intensity",377.318127674104,168.889937329171
101,"R2E intensive care","high_intensity",386.061393177121,171.040149763309
102,"R2E intensive care","high_intensity",392.451344591921,173.210847751825
103,"R2E intensive care","high_intensity",396.202039956388,175.375810782937
104,"R2E intensive care","high_intensity",398.763491881003,177.523769255034
105,"R2E intensive care","high_intensity",400.605221120283,179.648354510893
106,"R2E intensive care","high_intensity",402.440541011065,181.750167591084
107,"R2E intensive care","high_intensity",409.907857189218,183.882482447141
108,"R2E intensive care","high_intensity",418.056536142975,186.050760722103
109,"R2E intensive care","high_intensity",424.930812613796,188.242320831201
110,"R2E intensive care","high_intensity",429.843695838898,190.438696967634
111,"R2E intensive care","high_intensity",432.784591562808,192.621993315339
112,"R2E intensive care","high_intensity",434.795151302128,194.784253654506
113,"R2E intensive care","high_intensity",437.122516472352,196.928840051124
114,"R2E intensive care","high_intensity",444.634879510026,199.101700046378
115,"R2E intensive care","high_intensity",453.754162489639,201.316069285015
116,"R2E intensive care","high_intensity",460.924128135418,203.554069792346
117,"R2E intensive care","high_intensity",466.089432127778,205.797961778119
118,"R2E intensive care","high_intensity",469.483624332157,208.032586037051
119,"R2E intensive care","high_intensity",472.320880422029,210.2534960739
120,"R2E intensive care","high_intensity",474.758524090619,212.457704640706
121,"R2E intensive care","high_intensity",482.036533379499,214.685628845159
122,"R2E intensive care","high_intensity",490.079210711817,216.942953286689
123,"R2E intensive care","high_intensity",495.710336510965,219.209354776317
124,"R2E intensive care","high_intensity",500.082943025893,221.474464358975
125,"R2E intensive care","high_intensity",503.356271397436,223.729518815283
126,"R2E intensive care","high_intensity",505.584805593422,225.966465535744
127,"R2E intensive care","high_intensity",507.918336157541,228.186559005207
128,"R2E intensive care","high_intensity",516.399533427066,230.438222867878
129,"R2E intensive care","high_intensity",524.462541496681,232.717481151822
130,"R2E intensive care","high_intensity",530.149498532861,235.005419747061
131,"R2E intensive care","high_intensity",534.31507897659,237.290226306065
132,"R2E intensive care","high_intensity",537.629129876422,239.565521030083
133,"R2E intensive care","high_intensity",539.886784872994,241.823575645443
134,"R2E intensive care","high_intensity",541.703052116708,244.061482186273
135,"R2E intensive care","high_intensity",549.120359466564,246.321177573535
136,"R2E intensive care","high_intensity",557.857851156797,248.611888408706
137,"R2E intensive care","high_intensity",564.456116583334,250.917320731148
138,"R2E intensive care","high_intensity",568.548889025449,253.218998762266
139,"R2E intensive care","high_intensity",571.549591377647,255.509146910578
140,"R2E intensive care","high_intensity",573.840858409246,257.782944849855
141,"R2E intensive care","high_intensity",575.888140631892,260.039010068167
142,"R2E intensive care","high_intensity",583.258713037657,262.315205159501
143,"R2E intensive care","high_intensity",591.165800008126,264.614859668932
144,"R2E intensive care","high_intensity",596.961018361373,266.922819104297
145,"R2E intensive care","high_intensity",601.739962391606,269.231902851106
146,"R2E intensive care","high_intensity",605.140661750697,271.532647775075
147,"R2E intensive care","high_intensity",607.57155698677,273.818626749305
148,"R2E intensive care","high_intensity",609.892832360758,276.089398408841
149,"R2E intensive care","high_intensity",617.288401513301,278.379324604173
150,"R2E intensive care","high_intensity",626.035211532742,280.69703051703
151,"R2E intensive care","high_intensity",632.125377847085,283.024370565574
152,"R2E intensive care","high_intensity",635.907797570424,285.345972059027
153,"R2E intensive care","high_intensity",638.218750978527,287.65233009118
154,"R2E intensive care","high_intensity",639.802546230298,289.93901980637
155,"R2E intensive care","high_intensity",641.947157306747,292.210040048307
156,"R2E intensive care","high_intensity",649.616775790586,294.501108867168
157,"R2E intensive care","high_intensity",657.805506309725,296.81514961521
158,"R2E intensive care","high_intensity",663.769941060509,299.137648295244
159,"R2E intensive care","high_intensity",668.106712261101,301.458208445972
160,"R2E intensive care","high_intensity",671.661611923994,303.77197971771
161,"R2E intensive care","high_intensity",674.210899827159,306.072842575532
162,"R2E intensive care","high_intensity",676.609254230332,308.360104375871
163,"R2E intensive care","high_intensity",684.182842815022,310.66576534789
164,"R2E intensive care","high_intensity",692.651745717125,312.99494815502
165,"R2E intensive care","high_intensity",698.168659244744,315.329334282836
166,"R2E intensive care","high_intensity",701.820500446626,317.657594319967
167,"R2E intensive care","high_intensity",704.394779138508,319.973385845827
168,"R2E intensive care","high_intensity",706.338662713668,322.273179160516
169,"R2E intensive care","high_intensity",708.054732348032,324.555910244466
170,"R2E intensive care","high_intensity",715.801941524,326.857357487287
171,"R2E intensive care","high_intensity",724.826211438606,329.184660726768
172,"R2E intensive care","high_intensity",731.583836645269,331.524190819318
173,"R2E intensive care","high_intensity",736.825084523496,333.866970551712
174,"R2E intensive care","high_intensity",740.522255546041,336.20406989076
175,"R2E intensive care","high_intensity",742.59158327934,338.52628425298
176,"R2E intensive care","high_intensity",744.753320608833,340.834392414093
177,"R2E intensive care","high_intensity",753.769145889105,343.167357122991
178,"R2E intensive care","high_intensity",762.6750655957,345.524142002052
179,"R2E intensive care","high_intensity",768.700853930381,347.888257711148
180,"R2E intensive care","high_intensity",772.725987041736,350.248467318541
181,"R2E intensive care","high_intensity",775.860966916889,352.599917592565
182,"R2E intensive care","high_intensity",777.758818071127,354.935955507282
183,"R2E intensive care","high_intensity",779.61424495308,357.256601897696
184,"R2E intensive care","high_intensity",787.409617124172,359.594390023927
185,"R2E intensive care","high_intensity",795.895415938585,361.95277394779
186,"R2E intensive care","high_intensity",801.637202807871,364.316668726608
187,"R2E intensive care","high_intensity",805.866163245743,366.677895970025
188,"R2E intensive care","high_intensity",808.950733593618,369.030411063768
189,"R2E intensive care","high_intensity",810.723915565774,371.367413733091
190,"R2E intensive care","high_intensity",812.891835032866,373.691226476774
191,"R2E intensive care","high_intensity",820.642919202638,376.031287695234
192,"R2E intensive care","high_intensity",829.117692512118,378.391112720322
193,"R2E intensive care","high_intensity",835.265535365081,380.758337708118
194,"R2E intensive care","high_intensity",839.252592194329,383.121710153924
195,"R2E intensive care","high_intensity",842.058031303504,385.475229749563
196,"R2E intensive care","high_intensity",844.252845890646,387.815931872731
197,"R2E intensive care","high_intensity",846.153294232143,390.142517468464
198,"R2E intensive care","high_intensity",853.721093342933,392.483823407224
199,"R2E intensive care","high_intensity",861.536777859269,394.840873429596
200,"R2E intensive care","high_intensity",867.623530906873,397.204786716983
201,"R2E intensive care","high_intensity",871.922446837533,399.566566120568
202,"R2E intensive care","high_intensity",874.794169667241,401.919178019314
203,"R2E intensive care","high_intensity",877.269820484113,404.260806799928
204,"R2E intensive care","high_intensity",879.687994228403,406.591332228499
205,"R2E intensive care","high_intensity",887.335713358054,408.936426770595
206,"R2E intensive care","high_intensity",895.858739361042,411.30012731715
207,"R2E intensive care","high_intensity",902.355733986324,413.672376624731
208,"R2E intensive care","high_intensity",906.309159314493,416.040822695355
209,"R2E intensive care","high_intensity",909.68104077577,418.4027376144
210,"R2E intensive care","high_intensity",912.012594307554,420.75326074151
211,"R2E intensive care","high_intensity",914.018000074151,423.091008321285
212,"R2E intensive care","high_intensity",921.544661576906,425.442204798906
213,"R2E intensive care","high_intensity",929.875143056354,427.810434555984
214,"R2E intensive care","high_intensity",936.752807595097,430.188669944017
215,"R2E intensive care","high_intensity",941.889559958093,432.568674083617
216,"R2E intensive care","high_intensity",945.621112559777,434.94391685434
217,"R2E intensive care","high_intensity",948.497146113378,437.310521597469
218,"R2E intensive care","high_intensity",951.051987858006,439.667133828022
219,"R2E intensive care","high_intensity",959.205920194933,442.039457053442
220,"R2E intensive care","high_intensity",967.39851759057,444.427452783156
221,"R2E intensive care","high_intensity",973.888714969383,446.823205100741
222,"R2E intensive care","high_intensity",978.53494450634,449.218303025991
223,"R2E intensive care","high_intensity",981.723323355745,451.606217915362
224,"R2E intensive care","high_intensity",983.787944327714,453.982029193989
225,"R2E intensive care","high_intensity",985.98876284216,456.346503565759
226,"R2E intensive care","high_intensity",994.193732881131,458.726358562729
227,"R2E intensive care","high_intensity",1002.72828748662,461.122842831116
228,"R2E intensive care","high_intensity",1008.66348082238,463.524336857394
229,"R2E intensive care","high_intensity",1012.70601219322,465.922510112136
230,"R2E intensive care","high_intensity",1015.93063326668,468.313849778025
231,"R2E intensive care","high_intensity",1018.23295597072,470.694451969335
232,"R2E intensive care","high_intensity",1020.24371697671,473.063198801264
233,"R2E intensive care","high_intensity",1028.43782600059,475.446780892248
234,"R2E intensive care","high_intensity",1037.00265730119,477.846592329893
235,"R2E intensive care","high_intensity",1043.13940701245,480.252093668968
236,"R2E intensive care","high_intensity",1047.08948368319,482.653947016485
237,"R2E intensive care","high_intensity",1049.83848321111,485.047130713509
238,"R2E intensive care","high_intensity",1051.94793245582,487.429066855284
239,"R2E intensive care","high_intensity",1054.04439838768,489.799842301026
240,"R2E intensive care","high_intensity",1061.53242915727,492.182061412927
241,"R2E intensive care","high_intensity",1069.67660799414,494.578304344799
242,"R2E intensive care","high_intensity",1076.30692429242,496.98214161731
243,"R2E intensive care","high_intensity",1081.19478205278,499.3863088619
244,"R2E intensive care","high_intensity",1084.6694187079,501.785010131761
245,"R2E intensive care","high_intensity",1087.34838675031,504.175064730204
246,"R2E intensive care","high_intensity",1089.87627693885,506.555963966825
247,"R2E intensive care","high_intensity",1097.31147134239,508.94768666875
248,"R2E intensive care","high_intensity",1105.7983809694,511.354342694156
249,"R2E intensive care","high_intensity",1111.78791279593,513.765722493761
250,"R2E intensive care","high_intensity",1116.36073645454,516.176102549604
251,"R2E intensive care","high_intensity",1119.72390338835,518.580675461313
252,"R2E intensive care","high_intensity",1121.88840441504,520.974753750811
253,"R2E intensive care","high_intensity",1124.15563478179,523.358867905084
254,"R2E intensive care","high_intensity",1131.90805066711,525.754730829344
255,"R2E intensive care","high_intensity",1140.06898558433,528.163806338187
256,"R2E intensive care","high_intensity",1146.07121900505,530.577507168917
257,"R2E intensive care","high_intensity",1149.7015782661,532.986550247116
258,"R2E intensive care","high_intensity",1152.09713960176,535.386203694227
259,"R2E intensive care","high_intensity",1154.02270624715,537.774761619142
260,"R2E intensive care","high_intensity",1155.94570102712,540.152342155327
261,"R2E intensive care","high_intensity",1163.15731052471,542.539334371301
262,"R2E intensive care","high_intensity",1172.02669341296,544.941957879094
263,"R2E intensive care","high_intensity",1177.93245292475,547.348765845047
264,"R2E intensive care","high_intensity",1182.19059830265,549.753469755871
265,"R2E intensive care","high_intensity",1184.96479563124,552.150493627099
266,"R2E intensive care","high_intensity",1187.36865752992,554.53853183726
267,"R2E intensive care","high_intensity",1189.64928418695,556.917223793626
268,"R2E intensive care","high_intensity",1196.95723685178,559.305432797574
269,"R2E intensive care","high_intensity",1205.38810301995,561.707227110669
270,"R2E intensive care","high_intensity",1211.7774661802,564.114894662778
271,"R2E intensive care","high_intensity",1216.85398124868,566.523525978593
272,"R2E intensive care","high_intensity",1220.39446857852,568.927463267563
273,"R2E intensive care","high_intensity",1222.57940869883,571.321792738008
274,"R2E intensive care","high_intensity",1224.78172199511,573.706682990771
275,"R2E intensive care","high_intensity",1232.27551513656,576.101478744028
276,"R2E intensive care","high_intensity",1240.83495872217,578.50993338163
277,"R2E intensive care","high_intensity",1247.18634244577,580.923927638179
278,"R2E intensive care","high_intensity",1251.82057093915,583.337224916241
279,"R2E intensive care","high_intensity",1254.59742322671,585.743175447819
280,"R2E intensive care","high_intensity",1256.71969644866,588.139520165679
281,"R2E intensive care","high_intensity",1258.86074771998,590.526428448791
282,"R2E intensive care","high_intensity",1267.09462009075,592.925606433337
283,"R2E intensive care","high_intensity",1274.95174997208,595.335592806265
284,"R2E intensive care","high_intensity",1280.80921000404,597.74923230344
285,"R2E intensive care","high_intensity",1284.39858228134,600.158528268275
286,"R2E intensive care","high_intensity",1287.54580361541,602.561980279978
287,"R2E intensive care","high_intensity",1289.66167562564,604.956055873517
288,"R2E intensive care","high_intensity",1291.78538334743,607.340879927246
289,"R2E intensive care","high_intensity",1299.66219298792,609.736455404965
290,"R2E intensive care","high_intensity",1307.8664366609,612.143800167916
291,"R2E intensive care","high_intensity",1313.57670044344,614.554222505633
292,"R2E intensive care","high_intensity",1317.9697725135,616.963179868673
293,"R2E intensive care","high_intensity",1320.94745898667,619.365856589213
294,"R2E intensive care","high_intensity",1322.81553671886,621.758542576048
295,"R2E intensive care","high_intensity",1325.26942340593,624.143325222929
296,"R2E intensive care","high_intensity",1333.55713254999,626.539993490926
297,"R2E intensive care","high_intensity",1342.98607504589,628.952269859798
298,"R2E intensive care","high_intensity",1349.82531237376,631.371306915214
299,"R2E intensive care","high_intensity",1354.39760346161,633.789455064198
300,"R2E intensive care","high_intensity",1357.55161402144,636.201995594056
301,"R2E intensive care","high_intensity",1359.71250527031,638.605684994974
302,"R2E intensive care","high_intensity",1362.38412334782,641.002302340513
303,"R2E intensive care","high_intensity",1371.09118117391,643.411836594089
304,"R2E intensive care","high_intensity",1380.36964105731,645.836039898244
305,"R2E intensive care","high_intensity",1387.92086579901,648.269104901197
306,"R2E intensive care","high_intensity",1392.49446661088,650.701213926392
307,"R2E intensive care","high_intensity",1395.42927220201,653.12703822045
308,"R2E intensive care","high_intensity",1397.91725058214,655.545188260585
309,"R2E intensive care","high_intensity",1400.7416345066,657.9568272452
310,"R2E intensive care","high_intensity",1408.55135070627,660.378099901526
311,"R2E intensive care","high_intensity",1417.61527077454,662.812946110121
312,"R2E intensive care","high_intensity",1424.28333507956,665.253556331177
313,"R2E intensive care","high_intensity",1429.35223274966,667.69476615999
314,"R2E intensive care","high_intensity",1432.87194408443,670.13163615338
315,"R2E intensive care","high_intensity",1435.17708299355,672.560351857634
316,"R2E intensive care","high_intensity",1437.72966365522,674.981773730411
317,"R2E intensive care","high_intensity",1445.94275984313,677.413827314363
318,"R2E intensive care","high_intensity",1454.94310511019,679.858887936363
319,"R2E intensive care","high_intensity",1462.38475882685,682.311947092759
320,"R2E intensive care","high_intensity",1468.194157839,684.767829001341
321,"R2E intensive care","high_intensity",1471.62339645764,687.219092451361
322,"R2E intensive care","high_intensity",1474.17489849705,689.663054581937
323,"R2E intensive care","high_intensity",1476.44553814859,692.098913664187
324,"R2E intensive care","high_intensity",1484.87020702577,694.545738643698
325,"R2E intensive care","high_intensity",1493.3899046268,697.003720692877
326,"R2E intensive care","high_intensity",1499.08340056948,699.464087809063
327,"R2E intensive care","high_intensity",1503.63360365377,701.923321802472
328,"R2E intensive care","high_intensity",1506.51527658474,704.376346054857
329,"R2E intensive care","high_intensity",1508.5600796877,706.820673512707
330,"R2E intensive care","high_intensity",1510.31886163263,709.25551650701
331,"R2E intensive care","high_intensity",1517.48844954391,711.69730784549
332,"R2E intensive care","high_intensity",1525.84191805873,714.149550647337
333,"R2E intensive care","high_intensity",1531.62779230621,716.604440261929
334,"R2E intensive care","high_intensity",1536.09110679348,719.057993155736
335,"R2E intensive care","high_intensity",1539.02260198173,721.50564870447
336,"R2E intensive care","high_intensity",1541.40326703385,723.945820187593
337,"R2E intensive care","high_intensity",1543.79873963847,726.378618168159
338,"R2E intensive care","high_intensity",1551.27909584616,728.819152125787
339,"R2E intensive care","high_intensity",1559.83460952317,731.270525156457
340,"R2E intensive care","high_intensity",1566.67347815225,733.727592665269
341,"R2E intensive care","high_intensity",1570.8135800605,736.182390282263
342,"R2E intensive care","high_intensity",1573.65707021333,738.631146656331
343,"R2E intensive care","high_intensity",1575.53797181135,741.071108245704
344,"R2E intensive care","high_intensity",1577.70890921657,743.503194876433
345,"R2E intensive care","high_intensity",1585.4360124312,745.943579854853
346,"R2E intensive care","high_intensity",1594.269819937,748.395389797287
347,"R2E intensive care","high_intensity",1600.12720642121,750.849948346635
348,"R2E intensive care","high_intensity",1604.59879558649,753.303249631807
349,"R2E intensive care","high_intensity",1607.88722065689,755.751914305232
350,"R2E intensive care","high_intensity",1610.15811592492,758.193074881288
351,"R2E intensive care","high_intensity",1612.58739819942,760.627246742593
352,"R2E intensive care","high_intensity",1619.88182822035,763.068310894519
353,"R2E intensive care","high_intensity",1629.11467131078,765.521700017511
354,"R2E intensive care","high_intensity",1635.90148868469,767.980399985497
355,"R2E intensive care","high_intensity",1640.51860129618,770.438254073696
356,"R2E intensive care","high_intensity",1643.45021439086,772.890534861104
357,"R2E intensive care","high_intensity",1644.98358629437,775.333372540189
358,"R2E intensive care","high_intensity",1646.99566038774,777.768183400098
359,"R2E intensive care","high_intensity",1654.5977181206,780.210605502384
360,"R2E intensive care","high_intensity",1662.81989182181,782.662297964382
1,"R2E holding beds","moderate_intensity",0,0
2,"R2E holding beds","moderate_intensity",0,0
3,"R2E holding beds","moderate_intensity",0,0
4,"R2E holding beds","moderate_intensity",0.61336426793675,0.153341066984187
5,"R2E holding beds","moderate_intensity",2.85782511362012,0.694237876311374
6,"R2E holding beds","moderate_intensity",7.30557355451149,1.79612715601139
7,"R2E holding beds","moderate_intensity",14.2184624887154,3.57074648925483
8,"R2E holding beds","moderate_intensity",9.99372643964388,4.37361898305346
9,"R2E holding beds","moderate_intensity",1.40363222110995,4.04362045394862
10,"R2E holding beds","moderate_intensity",0.928076942215132,3.73206610277527
11,"R2E holding beds","moderate_intensity",0.899999999999999,3.47460554797752
12,"R2E holding beds","moderate_intensity",1.02860628781474,3.27077227629729
13,"R2E holding beds","moderate_intensity",2.31858838050642,3.19752736123645
14,"R2E holding beds","moderate_intensity",4.18142976636178,3.26780610445969
15,"R2E holding beds","moderate_intensity",3.3584053843701,3.27384605645372
16,"R2E holding beds","moderate_intensity",1.39339388363795,3.15631779565273
17,"R2E holding beds","moderate_intensity",1.21432561487317,3.04208296148923
18,"R2E holding beds","moderate_intensity",1.23427375861108,2.94164911688489
19,"R2E holding beds","moderate_intensity",1.67709734328793,2.87509376037979
20,"R2E holding beds","moderate_intensity",2.46050644002969,2.85436439436228
21,"R2E holding beds","moderate_intensity",3.75589852879585,2.89729459124007
22,"R2E holding beds","moderate_intensity",3.47112905058561,2.92337797575578
23,"R2E holding beds","moderate_intensity",1.81155878761756,2.87503801105411
24,"R2E holding beds","moderate_intensity",1.37261632632036,2.81243710752354
25,"R2E holding beds","moderate_intensity",1.3961228804594,2.75578453844098
26,"R2E holding beds","moderate_intensity",1.59471173804802,2.71112789227202
27,"R2E holding beds","moderate_intensity",2.26348465694919,2.69454851318598
28,"R2E holding beds","moderate_intensity",2.98418706313474,2.70489274711273
29,"R2E holding beds","moderate_intensity",2.53335241426985,2.69897756322159
30,"R2E holding beds","moderate_intensity",1.4195711441708,2.65633068258657
31,"R2E holding beds","moderate_intensity",1.16680979948861,2.60828162184147
32,"R2E holding beds","moderate_intensity",1.09547191304579,2.56100631844161
33,"R2E holding beds","moderate_intensity",1.08437728007762,2.51625998394573
34,"R2E holding beds","moderate_intensity",1.15846391153653,2.47632480534546
35,"R2E holding beds","moderate_intensity",1.63867409679443,2.45239192795828
36,"R2E holding beds","moderate_intensity",1.49966893998973,2.42592740051471
37,"R2E holding beds","moderate_intensity",0.966001826556449,2.3864699525699
38,"R2E holding beds","moderate_intensity",0.814590883801146,2.34510471391809
39,"R2E holding beds","moderate_intensity",0.703779933296013,2.30301946313291
40,"R2E holding beds","moderate_intensity",0.908131418744474,2.26814726202319
41,"R2E holding beds","moderate_intensity",1.1253560975149,2.24027430679129
42,"R2E holding beds","moderate_intensity",1.60260990695991,2.22509182108101
43,"R2E holding beds","moderate_intensity",1.30113423593781,2.20360443538001
44,"R2E holding beds","moderate_intensity",0.759880474169843,2.17079252717069
45,"R2E holding beds","moderate_intensity",0.639424543037711,2.13676212752329
46,"R2E holding beds","moderate_intensity",0.51669261586373,2.10154322509591
47,"R2E holding beds","moderate_intensity",0.478702529279008,2.06701469965299
48,"R2E holding beds","moderate_intensity",0.433333333333333,2.032979671188
49,"R2E holding beds","moderate_intensity",0.549907420054786,2.00271289055263
50,"R2E holding beds","moderate_intensity",0.841334633960091,1.97948532542078
51,"R2E holding beds","moderate_intensity",0.682260067159837,1.95404953604311
52,"R2E holding beds","moderate_intensity",0.65273576373711,1.92902427119107
53,"R2E holding beds","moderate_intensity",0.54903291124327,1.90298669836187
54,"R2E holding beds","moderate_intensity",0.510860643001697,1.87720658622557
55,"R2E holding beds","moderate_intensity",0.495286714002595,1.85208077036697
56,"R2E holding beds","moderate_intensity",0.995286415992701,1.83678087118172
57,"R2E holding beds","moderate_intensity",1.48389921939629,1.83058996501004
58,"R2E holding beds","moderate_intensity",1.04123392777928,1.81698037816124
59,"R2E holding beds","moderate_intensity",0.809015232415647,1.7998962231486
60,"R2E holding beds","moderate_intensity",0.751082587146347,1.78241599588189
61,"R2E holding beds","moderate_intensity",0.695587503362221,1.76459913534879
62,"R2E holding beds","moderate_intensity",0.576912756011345,1.74544290342399
63,"R2E holding beds","moderate_intensity",0.80906388887891,1.73057974446295
64,"R2E holding beds","moderate_intensity",0.69725131617826,1.71443398777101
65,"R2E holding beds","moderate_intensity",0.264708770223598,1.69213052288566
66,"R2E holding beds","moderate_intensity",0.166450319157208,1.6690141561625
67,"R2E holding beds","moderate_intensity",0.1,1.64559603442873
68,"R2E holding beds","moderate_intensity",0.1,1.62286668098125
69,"R2E holding beds","moderate_intensity",0.127561323454059,1.60119558884318
70,"R2E holding beds","moderate_intensity",0.322436500375169,1.58292760186506
71,"R2E holding beds","moderate_intensity",0.315463251252104,1.56507599129305
72,"R2E holding beds","moderate_intensity",0.243945831043734,1.54672696128959
73,"R2E holding beds","moderate_intensity",0.186693861339605,1.52809637087931
74,"R2E holding beds","moderate_intensity",0.166666666666666,1.50969867217374
75,"R2E holding beds","moderate_intensity",0.166666666666667,1.49179157876698
76,"R2E holding beds","moderate_intensity",0.352337102202032,1.47679875670691
77,"R2E holding beds","moderate_intensity",0.6790058961031,1.4664378104653
78,"R2E holding beds","moderate_intensity",0.494486088122437,1.45397689094809
79,"R2E holding beds","moderate_intensity",0.134255120811311,1.4372715520856
80,"R2E holding beds","moderate_intensity",0.082572848313219,1.42033781828844
81,"R2E holding beds","moderate_intensity",0.0666666666666667,1.40362582876225
82,"R2E holding beds","moderate_intensity",0.0667694487631093,1.38732270217689
83,"R2E holding beds","moderate_intensity",0.3491779405886,1.37481493396498
84,"R2E holding beds","moderate_intensity",0.585936078432227,1.36542351901817
85,"R2E holding beds","moderate_intensity",0.429571277477153,1.35441349264709
86,"R2E holding beds","moderate_intensity",0.279607632094695,1.34191575008253
87,"R2E holding beds","moderate_intensity",0.266666666666667,1.32955656521568
88,"R2E holding beds","moderate_intensity",0.393318078473312,1.3189174915027
89,"R2E holding beds","moderate_intensity",0.474189434316221,1.30942616501746
90,"R2E holding beds","moderate_intensity",0.433333333333333,1.29969180022097
91,"R2E holding beds","moderate_intensity",0.60658862505122,1.29207528181251
92,"R2E holding beds","moderate_intensity",0.939068861663395,1.28823825550654
93,"R2E holding beds","moderate_intensity",0.927198012298076,1.28435610235376
94,"R2E holding beds","moderate_intensity",0.811791409708139,1.27932881838945
95,"R2E holding beds","moderate_intensity",0.732042811705741,1.27356791305594
96,"R2E holding beds","moderate_intensity",0.998715665710208,1.27070486881275
97,"R2E holding beds","moderate_intensity",1.33077276975004,1.27132412552344
98,"R2E holding beds","moderate_intensity",1.51743378376777,1.27383544856675
99,"R2E holding beds","moderate_intensity",1.02238839746772,1.27129557936373
100,"R2E holding beds","moderate_intensity",0.556386424307065,1.26414648781317
101,"R2E holding beds","moderate_intensity",0.42724992555927,1.2558603832364
102,"R2E holding beds","moderate_intensity",0.431602040052526,1.24777941908753
103,"R2E holding beds","moderate_intensity",0.397519425321604,1.23952446769175
104,"R2E holding beds","moderate_intensity",0.588884665103913,1.23326831574379
105,"R2E holding beds","moderate_intensity",0.781416628886887,1.22896496634515
106,"R2E holding beds","moderate_intensity",0.465296641257055,1.22176054818394
107,"R2E holding beds","moderate_intensity",0.281963287602869,1.2129773962159
108,"R2E holding beds","moderate_intensity",0.233333333333333,1.20390661785587
109,"R2E holding beds","moderate_intensity",0.233333333333333,1.19500227579603
110,"R2E holding beds","moderate_intensity",0.206205552468474,1.18601321467487
111,"R2E holding beds","moderate_intensity",0.163970392515098,1.17680562168244
112,"R2E holding beds","moderate_intensity",0.11705595444686,1.16734357108212
113,"R2E holding beds","moderate_intensity",0.1060758003961,1.15795182089906
114,"R2E holding beds","moderate_intensity",0.0699976101359763,1.14840836290991
115,"R2E holding beds","moderate_intensity",0.0666666666666667,1.13900191337736
116,"R2E holding beds","moderate_intensity",0.0666666666666667,1.12975764400917
117,"R2E holding beds","moderate_intensity",0.0666666666666667,1.12067139633957
118,"R2E holding beds","moderate_intensity",0.0666666666666667,1.11173915286777
119,"R2E holding beds","moderate_intensity",0.0666666666666667,1.10295703113499
120,"R2E holding beds","moderate_intensity",0.0666666666666667,1.09432127809775
121,"R2E holding beds","moderate_intensity",0.0666666666666667,1.08582826478014
122,"R2E holding beds","moderate_intensity",0.0557783229213129,1.07738523246982
123,"R2E holding beds","moderate_intensity",0.0449073132729036,1.06899110304545
124,"R2E holding beds","moderate_intensity",0.1,1.06117665866606
125,"R2E holding beds","moderate_intensity",0.1,1.05348724539673
126,"R2E holding beds","moderate_intensity",0.19383165129514,1.04666458195148
127,"R2E holding beds","moderate_intensity",0.175946749322728,1.03980853602527
128,"R2E holding beds","moderate_intensity",0.158456287420781,1.03292297158304
129,"R2E holding beds","moderate_intensity",0.133333333333333,1.02594940849584
130,"R2E holding beds","moderate_intensity",0.136801246790401,1.01910980725195
131,"R2E holding beds","moderate_intensity",0.213711259257619,1.01296172673291
132,"R2E holding beds","moderate_intensity",0.136174344424158,1.00631939807905
133,"R2E holding beds","moderate_intensity",0.170692900453368,1.00003649208187
134,"R2E holding beds","moderate_intensity",0.138222153390916,0.993605041793129
135,"R2E holding beds","moderate_intensity",0.182817458101954,0.987599207839861
136,"R2E holding beds","moderate_intensity",0.171006088405356,0.981594846667549
137,"R2E holding beds","moderate_intensity",0.240324901454246,0.976184117140444
138,"R2E holding beds","moderate_intensity",0.275076143238739,0.971103624575939
139,"R2E holding beds","moderate_intensity",0.256609259702041,0.96596337734663
140,"R2E holding beds","moderate_intensity",0.233333333333333,0.960730305603678
141,"R2E holding beds","moderate_intensity",0.273535384768673,0.955856582760877
142,"R2E holding beds","moderate_intensity",0.230301405374879,0.950747039258159
143,"R2E holding beds","moderate_intensity",0.171902282572887,0.945300572428192
144,"R2E holding beds","moderate_intensity",0.166666666666667,0.93989339252707
145,"R2E holding beds","moderate_intensity",0.160743654405555,0.934519946057266
146,"R2E holding beds","moderate_intensity",0.141142896699179,0.929085856678102
147,"R2E holding beds","moderate_intensity",0.104983605645948,0.923479718915978
148,"R2E holding beds","moderate_intensity",0.1,0.91791566676114
149,"R2E holding beds","moderate_intensity",0.1,0.912426299870126
150,"R2E holding beds","moderate_intensity",0.075333632411901,0.906845682087071
151,"R2E holding beds","moderate_intensity",0.0666666666666667,0.901281582647201
152,"R2E holding beds","moderate_intensity",0.0666666666666667,0.895790695042066
153,"R2E holding beds","moderate_intensity",0.0709398681630214,0.890399513167039
154,"R2E holding beds","moderate_intensity",0.0666666666666667,0.885050598579375
155,"R2E holding beds","moderate_intensity",0.0666666666666667,0.879770702244454
156,"R2E holding beds","moderate_intensity",0.062131055811898,0.87452942245963
157,"R2E holding beds","moderate_intensity",0.0195778890818164,0.869083871291618
158,"R2E holding beds","moderate_intensity",0,0.863583340460659
159,"R2E holding beds","moderate_intensity",0,0.858151998696755
160,"R2E holding beds","moderate_intensity",0,0.8527885487049
161,"R2E holding beds","moderate_intensity",0,0.847491725421019
162,"R2E holding beds","moderate_intensity",0,0.842260295017185
163,"R2E holding beds","moderate_intensity",0,0.83709305394346
164,"R2E holding beds","moderate_intensity",0,0.831988828004781
165,"R2E holding beds","moderate_intensity",0,0.826946471471419
166,"R2E holding beds","moderate_intensity",0,0.821964866221591
167,"R2E holding beds","moderate_intensity",0.0582800285722273,0.817391903121894
168,"R2E holding beds","moderate_intensity",0.0666666666666667,0.812923300523946
169,"R2E holding beds","moderate_intensity",0.0666666666666667,0.80850758079698
170,"R2E holding beds","moderate_intensity",0.0666666666666667,0.804143810713861
171,"R2E holding beds","moderate_intensity",0.0666666666666667,0.799831078877327
172,"R2E holding beds","moderate_intensity",0.0666666666666667,0.795568495085405
173,"R2E holding beds","moderate_intensity",0.0618124811671333,0.791327130843103
174,"R2E holding beds","moderate_intensity",0.033333333333336,0.786970844650518
175,"R2E holding beds","moderate_intensity",0.161065238807515,0.783394241188558
176,"R2E holding beds","moderate_intensity",0.133333333333339,0.779700713303017
177,"R2E holding beds","moderate_intensity",0.158085130026774,0.776188760855128
178,"R2E holding beds","moderate_intensity",0.22376461346077,0.773085254409093
179,"R2E holding beds","moderate_intensity",0.297758416563023,0.770429797214422
180,"R2E holding beds","moderate_intensity",0.267288507690407,0.767634567828177
181,"R2E holding beds","moderate_intensity",0.266701211749977,0.764866980225535
182,"R2E holding beds","moderate_intensity",0.301093027995591,0.762318771696799
183,"R2E holding beds","moderate_intensity",0.254906503648491,0.759546027062656
184,"R2E holding beds","moderate_intensity",0.233333333333333,0.756686175466301
185,"R2E holding beds","moderate_intensity",0.233333333333333,0.753857241184501
186,"R2E holding beds","moderate_intensity",0.233333333333333,0.751058725550892
187,"R2E holding beds","moderate_intensity",0.233333333333333,0.748290140565772
188,"R2E holding beds","moderate_intensity",0.200019716829293,0.74537380852462
189,"R2E holding beds","moderate_intensity",0.11218844361998,0.742023621408723
190,"R2E holding beds","moderate_intensity",0.0666666666666667,0.738469111120607
191,"R2E holding beds","moderate_intensity",0.07106985207791,0.734974874162268
192,"R2E holding beds","moderate_intensity",0.18266205624321,0.732098244902273
193,"R2E holding beds","moderate_intensity",0.130139976863806,0.728979290145597
194,"R2E holding beds","moderate_intensity",0.1,0.725737128856186
195,"R2E holding beds","moderate_intensity",0.0999999999999997,0.722528220503078
196,"R2E holding beds","moderate_intensity",0.1,0.719352056112756
197,"R2E holding beds","moderate_intensity",0.066856048571721,0.716039893637928
198,"R2E holding beds","moderate_intensity",0.060653841381346,0.712729863070976
199,"R2E holding beds","moderate_intensity",0.0038555945824946,0.709167680817265
200,"R2E holding beds","moderate_intensity",0,0.705621842413179
201,"R2E holding beds","moderate_intensity",2.35779783852868e-05,0.702111403286637
202,"R2E holding beds","moderate_intensity",0.144937826896449,0.699353118255003
203,"R2E holding beds","moderate_intensity",0.260954164941675,0.697193517499765
204,"R2E holding beds","moderate_intensity",0.243126300313692,0.694967697807676
205,"R2E holding beds","moderate_intensity",0.233333333333333,0.692715822859021
206,"R2E holding beds","moderate_intensity",0.229238606960986,0.690465933461458
207,"R2E holding beds","moderate_intensity",0.199999999999997,0.688096532816716
208,"R2E holding beds","moderate_intensity",0.200000000000003,0.685749914870482
209,"R2E holding beds","moderate_intensity",0.199999999999997,0.683425752598374
210,"R2E holding beds","moderate_intensity",0.200000000000003,0.681123725205049
211,"R2E holding beds","moderate_intensity",0.176590606439308,0.67873257298341
212,"R2E holding beds","moderate_intensity",0.133333333333331,0.676159935060533
213,"R2E holding beds","moderate_intensity",0.133333333333336,0.673611453362283
214,"R2E holding beds","moderate_intensity",0.0973291282868525,0.670918545301183
215,"R2E holding beds","moderate_intensity",0.099533843949415,0.668260942039081
216,"R2E holding beds","moderate_intensity",0.0708741454782677,0.665495262425374
217,"R2E holding beds","moderate_intensity",0.0666666666666667,0.662735683643076
218,"R2E holding beds","moderate_intensity",0.0666666666666667,0.660001422097312
219,"R2E holding beds","moderate_intensity",0.0444206455363477,0.657190550971463
220,"R2E holding beds","moderate_intensity",0.11271275098734,0.654715651880626
221,"R2E holding beds","moderate_intensity",0.181305074884459,0.652573522572951
222,"R2E holding beds","moderate_intensity",0.158139735345924,0.650346343351208
223,"R2E holding beds","moderate_intensity",0.133333333333333,0.648027899360097
224,"R2E holding beds","moderate_intensity",0.107481808587219,0.645614747169146
225,"R2E holding beds","moderate_intensity",0.1,0.643189792737283
226,"R2E holding beds","moderate_intensity",0.1,0.640786298079154
227,"R2E holding beds","moderate_intensity",0.0914897494086323,0.638366489494702
228,"R2E holding beds","moderate_intensity",0.0666666666666667,0.635859034131421
229,"R2E holding beds","moderate_intensity",0.063429809820351,0.633359343195565
230,"R2E holding beds","moderate_intensity",0.0333333333333333,0.630750534457034
231,"R2E holding beds","moderate_intensity",0.0333333333333333,0.628164312807147
232,"R2E holding beds","moderate_intensity",0.0333333333333333,0.625600386171484
233,"R2E holding beds","moderate_intensity",0.0333333333333333,0.623058467489776
234,"R2E holding beds","moderate_intensity",0.0333333333333333,0.620538274608765
235,"R2E holding beds","moderate_intensity",0.0333333333333333,0.618039530177806
236,"R2E holding beds","moderate_intensity",0.0333333333333333,0.615561961547109
237,"R2E holding beds","moderate_intensity",0.0690469638213567,0.61325599109257
238,"R2E holding beds","moderate_intensity",0.204124341717609,0.611536950548978
239,"R2E holding beds","moderate_intensity",0.166666666666667,0.609675568608048
240,"R2E holding beds","moderate_intensity",0.163080888848131,0.607814757442381
241,"R2E holding beds","moderate_intensity",0.133333333333333,0.605845954852717
242,"R2E holding beds","moderate_intensity",0.111174945194254,0.603801859771484
243,"R2E holding beds","moderate_intensity",0.1,0.601728601089296
244,"R2E holding beds","moderate_intensity",0.1,0.599672336330734
245,"R2E holding beds","moderate_intensity",0.1,0.597632857406935
246,"R2E holding beds","moderate_intensity",0.0853353092234733,0.595550347048466
247,"R2E holding beds","moderate_intensity",0.0555162014769263,0.593363973989471
248,"R2E holding beds","moderate_intensity",0.0333333333333333,0.59110578592231
249,"R2E holding beds","moderate_intensity",0.0333333333333333,0.588865735911912
250,"R2E holding beds","moderate_intensity",0.0333333333333333,0.586643606301598
251,"R2E holding beds","moderate_intensity",0.0333333333333333,0.584439182903318
252,"R2E holding beds","moderate_intensity",0.0333333333333333,0.582252254928834
253,"R2E holding beds","moderate_intensity",0.0333333333333333,0.580082614922528
254,"R2E holding beds","moderate_intensity",0.0333333333333333,0.577930058695798
255,"R2E holding beds","moderate_intensity",0.0495330692648093,0.575857913639206
256,"R2E holding beds","moderate_intensity",0.0665964231989616,0.573868610942174
257,"R2E holding beds","moderate_intensity",0.0333333333333333,0.571765360834747
258,"R2E holding beds","moderate_intensity",0.0333333333333333,0.569678414991718
259,"R2E holding beds","moderate_intensity",0.0333333333333333,0.567607584560605
260,"R2E holding beds","moderate_intensity",0.033333333333333,0.565552683594346
261,"R2E holding beds","moderate_intensity",0.0346604104010058,0.563518613582111
262,"R2E holding beds","moderate_intensity",0.198599918018529,0.562125794133395
263,"R2E holding beds","moderate_intensity",0.227865500659019,0.56085484244718
264,"R2E holding beds","moderate_intensity",0.2,0.559487968043971
265,"R2E holding beds","moderate_intensity",0.19305054468538,0.558105185314316
266,"R2E holding beds","moderate_intensity",0.150117373024872,0.556571396546311
267,"R2E holding beds","moderate_intensity",0.133333333333333,0.554986235260869
268,"R2E holding beds","moderate_intensity",0.133333333333333,0.553412903537259
269,"R2E holding beds","moderate_intensity",0.133333333333333,0.551851269447281
270,"R2E holding beds","moderate_intensity",0.0879719444304028,0.550133197873145
271,"R2E holding beds","moderate_intensity",0.06356952463352,0.548337759964512
272,"R2E holding beds","moderate_intensity",0.0333333333333333,0.546444361337191
273,"R2E holding beds","moderate_intensity",0.0333333333333333,0.544564833762085
274,"R2E holding beds","moderate_intensity",0.00568545467138593,0.54259812069971
275,"R2E holding beds","moderate_intensity",0,0.540625036624439
276,"R2E holding beds","moderate_intensity",0,0.538666250259858
277,"R2E holding beds","moderate_intensity",0,0.536721606757114
278,"R2E holding beds","moderate_intensity",0,0.534790953495398
279,"R2E holding beds","moderate_intensity",0,0.53287414004201
280,"R2E holding beds","moderate_intensity",0,0.530971018113288
281,"R2E holding beds","moderate_intensity",0.0076318196210923,0.529108601036803
282,"R2E holding beds","moderate_intensity",0.0333333333333333,0.527350532711614
283,"R2E holding beds","moderate_intensity",0.0333333333333333,0.525604888897556
284,"R2E holding beds","moderate_intensity",0.0333333333333333,0.523871538349795
285,"R2E holding beds","moderate_intensity",0.0121608739596074,0.522076062334391
286,"R2E holding beds","moderate_intensity",0,0.520250621556998
287,"R2E holding beds","moderate_intensity",0,0.518437901621259
288,"R2E holding beds","moderate_intensity",0,0.516637770018408
289,"R2E holding beds","moderate_intensity",0,0.514850096073707
290,"R2E holding beds","moderate_intensity",0,0.513074750914832
291,"R2E holding beds","moderate_intensity",0,0.511311607440898
292,"R2E holding beds","moderate_intensity",0.0492331622383683,0.509729147012122
293,"R2E holding beds","moderate_intensity",0.232578974000775,0.50878324198478
294,"R2E holding beds","moderate_intensity",0.233333333333333,0.507846337533585
295,"R2E holding beds","moderate_intensity",0.239627849691731,0.506937122320561
296,"R2E holding beds","moderate_intensity",0.218749208663318,0.505963514504152
297,"R2E holding beds","moderate_intensity",0.2,0.504933334320636
298,"R2E holding beds","moderate_intensity",0.2,0.503910068098084
299,"R2E holding beds","moderate_intensity",0.2,0.502893646465648
300,"R2E holding beds","moderate_intensity",0.2,0.50188400097743
301,"R2E holding beds","moderate_intensity",0.141867957479675,0.500687934387736
302,"R2E holding beds","moderate_intensity",0.0994010302108777,0.499359169804369
303,"R2E holding beds","moderate_intensity",0.0666666666666667,0.497931141741208
304,"R2E holding beds","moderate_intensity",0.06045025501935,0.496492059876992
305,"R2E holding beds","moderate_intensity",0.0333333333333333,0.494973506675209
306,"R2E holding beds","moderate_intensity",0.0333333333333333,0.493464878657752
307,"R2E holding beds","moderate_intensity",0.0333333333333333,0.491966078835848
308,"R2E holding beds","moderate_intensity",0.0333333333333333,0.490477011480321
309,"R2E holding beds","moderate_intensity",0.0333333333333333,0.488997582101204
310,"R2E holding beds","moderate_intensity",0.0189991697992243,0.487481458190553
311,"R2E holding beds","moderate_intensity",0,0.485913993694763
312,"R2E holding beds","moderate_intensity",0,0.484356577048306
313,"R2E holding beds","moderate_intensity",0,0.482809111945915
314,"R2E holding beds","moderate_intensity",0,0.481271503309144
315,"R2E holding beds","moderate_intensity",0,0.479743657266893
316,"R2E holding beds","moderate_intensity",0,0.478225481136302
317,"R2E holding beds","moderate_intensity",0,0.476716883404011
318,"R2E holding beds","moderate_intensity",0,0.475217773707772
319,"R2E holding beds","moderate_intensity",0,0.473728062818406
320,"R2E holding beds","moderate_intensity",0,0.472247662622098
321,"R2E holding beds","moderate_intensity",0,0.470776486103026
322,"R2E holding beds","moderate_intensity",0,0.469314447326309
323,"R2E holding beds","moderate_intensity",0,0.467861461421274
324,"R2E holding beds","moderate_intensity",0,0.466417444565035
325,"R2E holding beds","moderate_intensity",0,0.464982313966373
326,"R2E holding beds","moderate_intensity",0,0.463555987849912
327,"R2E holding beds","moderate_intensity",0,0.462138385440585
328,"R2E holding beds","moderate_intensity",0.118765917880841,0.46109151816144
329,"R2E holding beds","moderate_intensity",0.262642923369486,0.460488330943227
330,"R2E holding beds","moderate_intensity",0.409755183274163,0.460334594132109
331,"R2E holding beds","moderate_intensity",0.552891905336227,0.460614223471094
332,"R2E holding beds","moderate_intensity",0.574781254179177,0.460958100069612
333,"R2E holding beds","moderate_intensity",0.52042275315306,0.461136672601394
334,"R2E holding beds","moderate_intensity",0.3767291581282,0.460883955492193
335,"R2E holding beds","moderate_intensity",0.326241716824587,0.460482038361842
336,"R2E holding beds","moderate_intensity",0.3,0.46000441324767
337,"R2E holding beds","moderate_intensity",0.3,0.459529622703908
338,"R2E holding beds","moderate_intensity",0.261691364674313,0.45894430241388
339,"R2E holding beds","moderate_intensity",0.199869333394601,0.45818006946692
340,"R2E holding beds","moderate_intensity",0.0769247615492497,0.457058730325986
341,"R2E holding beds","moderate_intensity",0.0666666666666667,0.455913885564522
342,"R2E holding beds","moderate_intensity",0.0685514784488045,0.454781246947224
343,"R2E holding beds","moderate_intensity",0.0405406352351457,0.453573548370804
344,"R2E holding beds","moderate_intensity",0.00125263348258967,0.452258661990315
345,"R2E holding beds","moderate_intensity",0,0.45094776731788
346,"R2E holding beds","moderate_intensity",0,0.449644450071296
347,"R2E holding beds","moderate_intensity",0,0.448348644739679
348,"R2E holding beds","moderate_intensity",0,0.447060286565139
349,"R2E holding beds","moderate_intensity",0,0.445779311532001
350,"R2E holding beds","moderate_intensity",0,0.444505656356196
351,"R2E holding beds","moderate_intensity",0,0.443239258474839
352,"R2E holding beds","moderate_intensity",0,0.44198005603599
353,"R2E holding beds","moderate_intensity",0,0.440727987888579
354,"R2E holding beds","moderate_intensity",0,0.43948299357251
355,"R2E holding beds","moderate_intensity",0,0.438245013308925
356,"R2E holding beds","moderate_intensity",0,0.437013987990642
357,"R2E holding beds","moderate_intensity",0,0.435789859172741
358,"R2E holding beds","moderate_intensity",0,0.43457256906332
359,"R2E holding beds","moderate_intensity",0,0.433362060514397
360,"R2E holding beds","moderate_intensity",0,0.432158277012968
1,"R2E intensive care","moderate_intensity",0.0574978285037969,0.0574978285037969
2,"R2E intensive care","moderate_intensity",0.144107968117583,0.10080289831069
3,"R2E intensive care","moderate_intensity",0.255804487544589,0.15247009472199
4,"R2E intensive care","moderate_intensity",0.527484290452334,0.246223643654576
5,"R2E intensive care","moderate_intensity",0.6912126350993,0.335221441943521
6,"R2E intensive care","moderate_intensity",0.9505933936108,0.437783433888067
7,"R2E intensive care","moderate_intensity",1.03452436485148,0.523032138311412
8,"R2E intensive care","moderate_intensity",0.942841809011522,0.575508347148926
9,"R2E intensive care","moderate_intensity",1.32583097659341,0.658877528198313
10,"R2E intensive care","moderate_intensity",1.93131971226578,0.78612174660506
11,"R2E intensive care","moderate_intensity",2.0154449680259,0.897878403097864
12,"R2E intensive care","moderate_intensity",1.88886243741925,0.980460405957979
13,"R2E intensive care","moderate_intensity",1.62622418609789,1.03013454289182
14,"R2E intensive care","moderate_intensity",1.4077952437731,1.05711030724048
15,"R2E intensive care","moderate_intensity",1.17846551255977,1.06520065426177
16,"R2E intensive care","moderate_intensity",1.06387831616934,1.06511800813099
17,"R2E intensive care","moderate_intensity",1.27324580622502,1.07736081978358
18,"R2E intensive care","moderate_intensity",1.18256737928449,1.08320562864474
19,"R2E intensive care","moderate_intensity",1.18473775388207,1.08854942470987
20,"R2E intensive care","moderate_intensity",1.04026916659584,1.08613541180416
21,"R2E intensive care","moderate_intensity",0.988693656110513,1.0814953281997
22,"R2E intensive care","moderate_intensity",0.932393231662824,1.0747179601753
23,"R2E intensive care","moderate_intensity",1.19007491724935,1.07973348004809
24,"R2E intensive care","moderate_intensity",1.14034323327179,1.08225888643241
25,"R2E intensive care","moderate_intensity",1.32749652650806,1.09206839203543
26,"R2E intensive care","moderate_intensity",1.30111489003727,1.10010864195858
27,"R2E intensive care","moderate_intensity",1.44939666295771,1.11304523532892
28,"R2E intensive care","moderate_intensity",1.41595836532416,1.12386356140018
29,"R2E intensive care","moderate_intensity",1.31555615897088,1.13047365097158
30,"R2E intensive care","moderate_intensity",1.07739134072853,1.12870424063015
31,"R2E intensive care","moderate_intensity",1.18192613423046,1.13042107590758
32,"R2E intensive care","moderate_intensity",1.24565843086716,1.13402224325006
33,"R2E intensive care","moderate_intensity",1.26662956024418,1.13804064679534
34,"R2E intensive care","moderate_intensity",1.48476592131718,1.14823844898716
35,"R2E intensive care","moderate_intensity",1.45138912058686,1.15689989674715
36,"R2E intensive care","moderate_intensity",1.53829221464511,1.16749412779987
37,"R2E intensive care","moderate_intensity",1.34353461642019,1.17225197884366
38,"R2E intensive care","moderate_intensity",1.26582523300625,1.17471443290057
39,"R2E intensive care","moderate_intensity",1.04249458983802,1.17132418051435
40,"R2E intensive care","moderate_intensity",1.21897703184322,1.17251550179758
41,"R2E intensive care","moderate_intensity",1.10734058041568,1.17092586956875
42,"R2E intensive care","moderate_intensity",1.40027476640245,1.1763865575886
43,"R2E intensive care","moderate_intensity",1.62932720772327,1.1869200610801
44,"R2E intensive care","moderate_intensity",1.11820200123156,1.18535828699264
45,"R2E intensive care","moderate_intensity",0.866416968601163,1.17827070213949
46,"R2E intensive care","moderate_intensity",0.843027583485904,1.17098280825572
47,"R2E intensive care","moderate_intensity",0.488571156348747,1.15646341140663
48,"R2E intensive care","moderate_intensity",0.656291384767413,1.14604316085165
49,"R2E intensive care","moderate_intensity",1.03293812050372,1.1437348947221
50,"R2E intensive care","moderate_intensity",0.926940858190027,1.13939901399146
51,"R2E intensive care","moderate_intensity",1.18164982187903,1.14022746120494
52,"R2E intensive care","moderate_intensity",1.24686768794389,1.14227823479607
53,"R2E intensive care","moderate_intensity",0.995138347976824,1.13950201051647
54,"R2E intensive care","moderate_intensity",0.897298703773099,1.13501676409529
55,"R2E intensive care","moderate_intensity",0.912829871818617,1.13097700241753
56,"R2E intensive care","moderate_intensity",0.944493428647834,1.12764693860022
57,"R2E intensive care","moderate_intensity",0.929834272549541,1.12417654095021
58,"R2E intensive care","moderate_intensity",1.19111955465716,1.12533073084171
59,"R2E intensive care","moderate_intensity",1.69317767817078,1.13495525537271
60,"R2E intensive care","moderate_intensity",1.99266947739907,1.14925049240648
61,"R2E intensive care","moderate_intensity",2.3787499107577,1.16940622057617
62,"R2E intensive care","moderate_intensity",2.53560220744174,1.19144163971916
63,"R2E intensive care","moderate_intensity",2.1388483344793,1.20647984122329
64,"R2E intensive care","moderate_intensity",1.72692449047893,1.21461178886791
65,"R2E intensive care","moderate_intensity",1.5623773867387,1.21996202883516
66,"R2E intensive care","moderate_intensity",1.61632125608785,1.22596747167232
67,"R2E intensive care","moderate_intensity",1.45070422902127,1.22932175163275
68,"R2E intensive care","moderate_intensity",1.55499074500948,1.23411100153535
69,"R2E intensive care","moderate_intensity",1.52531734114265,1.23833138326879
70,"R2E intensive care","moderate_intensity",1.6653376009527,1.24443147209284
71,"R2E intensive care","moderate_intensity",1.58356278237638,1.24920796942078
72,"R2E intensive care","moderate_intensity",1.37917108613829,1.25101301270852
73,"R2E intensive care","moderate_intensity",1.2341168167178,1.25078155796893
74,"R2E intensive care","moderate_intensity",1.18677600507403,1.24991661806494
75,"R2E intensive care","moderate_intensity",0.952163462739679,1.24594657599394
76,"R2E intensive care","moderate_intensity",0.903893916653828,1.24144588310788
77,"R2E intensive care","moderate_intensity",0.822843749155884,1.23600949175786
78,"R2E intensive care","moderate_intensity",0.661808021762641,1.22864793445023
79,"R2E intensive care","moderate_intensity",0.647630518379062,1.22129328361388
80,"R2E intensive care","moderate_intensity",0.52118101843869,1.21254188029919
81,"R2E intensive care","moderate_intensity",0.622616752639373,1.20525885403179
82,"R2E intensive care","moderate_intensity",0.791499524719635,1.20021300855237
83,"R2E intensive care","moderate_intensity",0.681689771890821,1.19396574064079
84,"R2E intensive care","moderate_intensity",0.555959085245805,1.18637042331466
85,"R2E intensive care","moderate_intensity",0.569591943202025,1.17911420590157
86,"R2E intensive care","moderate_intensity",0.438667047630311,1.17050435522399
87,"R2E intensive care","moderate_intensity",0.622732511168311,1.1642081271314
88,"R2E intensive care","moderate_intensity",0.552522588507005,1.15725715510158
89,"R2E intensive care","moderate_intensity",0.709441544841343,1.15222551903124
90,"R2E intensive care","moderate_intensity",0.724564759448294,1.14747373281365
91,"R2E intensive care","moderate_intensity",0.604763005795496,1.14150987867059
92,"R2E intensive care","moderate_intensity",0.808775896881801,1.1378932049555
93,"R2E intensive care","moderate_intensity",0.900642346799399,1.13534212045919
94,"R2E intensive care","moderate_intensity",0.991094035730736,1.13380756636634
95,"R2E intensive care","moderate_intensity",0.804231114525824,1.13033834055749
96,"R2E intensive care","moderate_intensity",0.819555764467332,1.12710102205655
97,"R2E intensive care","moderate_intensity",0.993119510463851,1.12571976935972
98,"R2E intensive care","moderate_intensity",1.14146031407536,1.12588038716294
99,"R2E intensive care","moderate_intensity",1.20962877918082,1.12672633051666
100,"R2E intensive care","moderate_intensity",1.09162804773042,1.12637534768879
101,"R2E intensive care","moderate_intensity",0.894557934268621,1.12408012577374
102,"R2E intensive care","moderate_intensity",1.00128536684305,1.12287625558815
103,"R2E intensive care","moderate_intensity",0.854041223769867,1.12026620673554
104,"R2E intensive care","moderate_intensity",0.954214685453939,1.11866955749245
105,"R2E intensive care","moderate_intensity",1.00904035840559,1.1176254698821
106,"R2E intensive care","moderate_intensity",0.817684857049745,1.11479584145915
107,"R2E intensive care","moderate_intensity",0.657895271685888,1.11052574267622
108,"R2E intensive care","moderate_intensity",0.526678583688844,1.10511975046338
109,"R2E intensive care","moderate_intensity",0.38473444037229,1.09851071092126
110,"R2E intensive care","moderate_intensity",0.606562704417342,1.09403845631668
111,"R2E intensive care","moderate_intensity",0.57127530555734,1.08932887838191
112,"R2E intensive care","moderate_intensity",0.439831709254146,1.0835297965147
113,"R2E intensive care","moderate_intensity",0.586669485567406,1.07913280261251
114,"R2E intensive care","moderate_intensity",0.658162154007247,1.07544007762474
115,"R2E intensive care","moderate_intensity",0.794948278333434,1.07300101850047
116,"R2E intensive care","moderate_intensity",0.88974511732904,1.07142122624899
117,"R2E intensive care","moderate_intensity",0.875361565380279,1.06974550265182
118,"R2E intensive care","moderate_intensity",0.834799297851537,1.06775443311962
119,"R2E intensive care","moderate_intensity",1.00024440799244,1.0671871219841
120,"R2E intensive care","moderate_intensity",0.989196893746658,1.06653720341545
121,"R2E intensive care","moderate_intensity",1.05839898391781,1.06646994540307
122,"R2E intensive care","moderate_intensity",0.895808173061497,1.06507107841667
123,"R2E intensive care","moderate_intensity",0.783807212131729,1.06278438031679
124,"R2E intensive care","moderate_intensity",0.594250333176213,1.05900587993662
125,"R2E intensive care","moderate_intensity",0.552055858799655,1.05495027976753
126,"R2E intensive care","moderate_intensity",0.488405598303578,1.0504538934067
127,"R2E intensive care","moderate_intensity",0.460994405534344,1.04581248011637
128,"R2E intensive care","moderate_intensity",0.570687634587368,1.04210056726067
129,"R2E intensive care","moderate_intensity",0.575452139290928,1.03848313758649
130,"R2E intensive care","moderate_intensity",0.536545303094191,1.03462207732116
131,"R2E intensive care","moderate_intensity",0.539542470645498,1.03084284368242
132,"R2E intensive care","moderate_intensity",0.749989677890062,1.02871516818399
133,"R2E intensive care","moderate_intensity",1.05137057798588,1.02888550961107
134,"R2E intensive care","moderate_intensity",1.24713943826803,1.03051427027269
135,"R2E intensive care","moderate_intensity",1.23695192325607,1.03204343807257
136,"R2E intensive care","moderate_intensity",1.39378514889348,1.03470330359331
137,"R2E intensive care","moderate_intensity",1.31444812625899,1.03674523660547
138,"R2E intensive care","moderate_intensity",1.25128877495418,1.03829989992684
139,"R2E intensive care","moderate_intensity",1.17301851663536,1.03926909860819
140,"R2E intensive care","moderate_intensity",1.12855374703821,1.03990684609698
141,"R2E intensive care","moderate_intensity",1.22053274142695,1.04118788081563
142,"R2E intensive care","moderate_intensity",1.19261012367418,1.04225423463858
143,"R2E intensive care","moderate_intensity",1.0675558159669,1.04243116877374
144,"R2E intensive care","moderate_intensity",0.670262087715991,1.0398466612664
145,"R2E intensive care","moderate_intensity",0.551696301748962,1.03648010706283
146,"R2E intensive care","moderate_intensity",0.607104279149577,1.03353917673466
147,"R2E intensive care","moderate_intensity",0.517182466604185,1.0300265460535
148,"R2E intensive care","moderate_intensity",0.420918046650124,1.02591094808455
149,"R2E intensive care","moderate_intensity",0.607427617087039,1.02310233512484
150,"R2E intensive care","moderate_intensity",0.942736908445952,1.02256656561365
151,"R2E intensive care","moderate_intensity",1.15491563379498,1.02344304950889
152,"R2E intensive care","moderate_intensity",1.25987558539834,1.02499852671869
153,"R2E intensive care","moderate_intensity",1.44174242507254,1.0277223430478
154,"R2E intensive care","moderate_intensity",1.35243563442859,1.02983087091391
155,"R2E intensive care","moderate_intensity",1.26867537739731,1.0313718032138
156,"R2E intensive care","moderate_intensity",1.1294834694479,1.0320007241512
157,"R2E intensive care","moderate_intensity",1.16804585499898,1.03286725364704
158,"R2E intensive care","moderate_intensity",1.13073869912968,1.03348669317541
159,"R2E intensive care","moderate_intensity",1.06423164458542,1.03368005764969
160,"R2E intensive care","moderate_intensity",1.05508499644689,1.03381383851717
161,"R2E intensive care","moderate_intensity",0.784256331975075,1.03226379189269
162,"R2E intensive care","moderate_intensity",0.918945355955568,1.03156429537456
163,"R2E intensive care","moderate_intensity",0.819579857200505,1.03026377734895
164,"R2E intensive care","moderate_intensity",1.00960941694248,1.03013783612696
165,"R2E intensive care","moderate_intensity",0.530241606868542,1.02710816201024
166,"R2E intensive care","moderate_intensity",0.73203511635488,1.02533061354244
167,"R2E intensive care","moderate_intensity",0.831456844477824,1.0241696927696
168,"R2E intensive care","moderate_intensity",0.760988759897572,1.02260313959774
169,"R2E intensive care","moderate_intensity",1.00080490517947,1.02247415596213
170,"R2E intensive care","moderate_intensity",1.4492217872883,1.0249844361464
171,"R2E intensive care","moderate_intensity",1.77757109074381,1.02938552769375
172,"R2E intensive care","moderate_intensity",1.75989752822475,1.03363269048754
173,"R2E intensive care","moderate_intensity",1.65457862331863,1.03722197333627
174,"R2E intensive care","moderate_intensity",1.56379591772003,1.04024826037296
175,"R2E intensive care","moderate_intensity",1.72688375188098,1.04417189175301
176,"R2E intensive care","moderate_intensity",1.7247830879135,1.0480390008221
177,"R2E intensive care","moderate_intensity",1.58934217812509,1.05109721086336
178,"R2E intensive care","moderate_intensity",1.37709858140595,1.05292867923719
179,"R2E intensive care","moderate_intensity",1.41487278152757,1.0549507133282
180,"R2E intensive care","moderate_intensity",1.16355057063598,1.0555540458688
181,"R2E intensive care","moderate_intensity",1.28268784284802,1.05680892872504
182,"R2E intensive care","moderate_intensity",1.56861190551759,1.05962103299313
183,"R2E intensive care","moderate_intensity",1.44102271810383,1.06170519520685
184,"R2E intensive care","moderate_intensity",0.876865385273595,1.06070063102243
185,"R2E intensive care","moderate_intensity",0.610044359050389,1.05826465117393
186,"R2E intensive care","moderate_intensity",0.54125956321781,1.05548505392686
187,"R2E intensive care","moderate_intensity",0.409724874978486,1.05203179093783
188,"R2E intensive care","moderate_intensity",0.355527289346074,1.04832697975915
189,"R2E intensive care","moderate_intensity",0.380934163245995,1.0447958008358
190,"R2E intensive care","moderate_intensity",0.454881948580623,1.04169099108709
191,"R2E intensive care","moderate_intensity",0.510722657986631,1.03891105217033
192,"R2E intensive care","moderate_intensity",0.547155860142246,1.03634982721185
193,"R2E intensive care","moderate_intensity",0.605415940924414,1.03411700914819
194,"R2E intensive care","moderate_intensity",0.670899060710189,1.03224475168201
195,"R2E intensive care","moderate_intensity",0.639498019385059,1.03023066587536
196,"R2E intensive care","moderate_intensity",0.650090721929157,1.02829117636543
197,"R2E intensive care","moderate_intensity",0.599798299053062,1.02611608561765
198,"R2E intensive care","moderate_intensity",0.43940509626559,1.02315289880274
199,"R2E intensive care","moderate_intensity",0.534904466045308,1.02069938909039
200,"R2E intensive care","moderate_intensity",0.739969733733493,1.01929574081361
201,"R2E intensive care","moderate_intensity",0.814128113258931,1.01827500634816
202,"R2E intensive care","moderate_intensity",0.937947954576936,1.01787734767603
203,"R2E intensive care","moderate_intensity",0.803300084560888,1.01682031682324
204,"R2E intensive care","moderate_intensity",0.590311527864729,1.0147295874656
205,"R2E intensive care","moderate_intensity",0.592129034763967,1.01266812135486
206,"R2E intensive care","moderate_intensity",0.526164080447938,1.01030645125337
207,"R2E intensive care","moderate_intensity",0.606792226035288,1.0083571071702
208,"R2E intensive care","moderate_intensity",0.527974231430903,1.00604757411376
209,"R2E intensive care","moderate_intensity",1.03939699638279,1.00620714072748
210,"R2E intensive care","moderate_intensity",1.08707913412,1.00659224545792
211,"R2E intensive care","moderate_intensity",0.918917988666977,1.00617672765323
212,"R2E intensive care","moderate_intensity",0.860338571752488,1.00548881182351
213,"R2E intensive care","moderate_intensity",0.749231081079415,1.00428572388574
214,"R2E intensive care","moderate_intensity",0.863482569625588,1.00362776522097
215,"R2E intensive care","moderate_intensity",0.804818060168957,1.00270306891841
216,"R2E intensive care","moderate_intensity",0.691369018770603,1.00126170757513
217,"R2E intensive care","moderate_intensity",0.797447197182694,1.00032247020005
218,"R2E intensive care","moderate_intensity",0.771080790273284,0.999270902860936
219,"R2E intensive care","moderate_intensity",0.5636450673254,0.997281743794564
220,"R2E intensive care","moderate_intensity",0.456144144712521,0.9948220274351
221,"R2E intensive care","moderate_intensity",0.444135803902845,0.992330234568438
222,"R2E intensive care","moderate_intensity",0.528243305429114,0.990239752905648
223,"R2E intensive care","moderate_intensity",0.843796681633368,0.989583057518777
224,"R2E intensive care","moderate_intensity",0.675694581725086,0.988181769680413
225,"R2E intensive care","moderate_intensity",0.880790346748828,0.987704474467383
226,"R2E intensive care","moderate_intensity",1.00987955933184,0.987802594311916
227,"R2E intensive care","moderate_intensity",0.810250901978653,0.987020428266395
228,"R2E intensive care","moderate_intensity",0.556788747055333,0.985133447208452
229,"R2E intensive care","moderate_intensity",0.441328937098514,0.982758755024566
230,"R2E intensive care","moderate_intensity",0.37798991699375,0.980129325293997
231,"R2E intensive care","moderate_intensity",0.352103846855483,0.977410600279112
232,"R2E intensive care","moderate_intensity",0.441458348192522,0.975100461261497
233,"R2E intensive care","moderate_intensity",0.539198569356752,0.973229637691091
234,"R2E intensive care","moderate_intensity",0.578697562199717,0.971543603180444
235,"R2E intensive care","moderate_intensity",0.517211868001974,0.969610276647769
236,"R2E intensive care","moderate_intensity",0.514362247619504,0.967681259575616
237,"R2E intensive care","moderate_intensity",0.539258892117867,0.965873570261448
238,"R2E intensive care","moderate_intensity",0.66953820239618,0.964628463673779
239,"R2E intensive care","moderate_intensity",0.628226827646709,0.963220925447724
240,"R2E intensive care","moderate_intensity",0.523805249111183,0.961390026796322
241,"R2E intensive care","moderate_intensity",0.440133260884922,0.959227135651461
242,"R2E intensive care","moderate_intensity",0.578723712918378,0.957654807458349
243,"R2E intensive care","moderate_intensity",0.783958551066517,0.956940008049329
244,"R2E intensive care","moderate_intensity",0.507291160422071,0.955097184903316
245,"R2E intensive care","moderate_intensity",0.493950129978136,0.95321495202607
246,"R2E intensive care","moderate_intensity",0.641338630045884,0.951947162099322
247,"R2E intensive care","moderate_intensity",0.910022864540895,0.95177742810111
248,"R2E intensive care","moderate_intensity",0.753833347648281,0.95097926648638
249,"R2E intensive care","moderate_intensity",0.808123663266647,0.950405549204373
250,"R2E intensive care","moderate_intensity",1.06533880178783,0.950865282214707
251,"R2E intensive care","moderate_intensity",0.871363760651832,0.950548543084975
252,"R2E intensive care","moderate_intensity",0.580322939845541,0.949079393865771
253,"R2E intensive care","moderate_intensity",0.859257256801684,0.948724365656031
254,"R2E intensive care","moderate_intensity",0.93619464556511,0.948675036049374
255,"R2E intensive care","moderate_intensity",0.841180696232628,0.94825348961872
256,"R2E intensive care","moderate_intensity",1.06448260968698,0.948707509618987
257,"R2E intensive care","moderate_intensity",0.889141654443026,0.948475735863438
258,"R2E intensive care","moderate_intensity",0.764958371170385,0.947764428248349
259,"R2E intensive care","moderate_intensity",1.03650880807863,0.948107070641516
260,"R2E intensive care","moderate_intensity",0.837511896730291,0.947681704588011
261,"R2E intensive care","moderate_intensity",0.749252406303166,0.946921439077341
262,"R2E intensive care","moderate_intensity",0.728508140396887,0.946087800532759
263,"R2E intensive care","moderate_intensity",0.440495021918314,0.944165394530423
264,"R2E intensive care","moderate_intensity",0.665309317682752,0.943109121512061
265,"R2E intensive care","moderate_intensity",0.679041603746257,0.942112640312945
266,"R2E intensive care","moderate_intensity",0.499743511888025,0.940449598476761
267,"R2E intensive care","moderate_intensity",0.477226224120816,0.938714679471682
268,"R2E intensive care","moderate_intensity",0.63978878046856,0.937599284326148
269,"R2E intensive care","moderate_intensity",0.67379019113345,0.936618581377476
270,"R2E intensive care","moderate_intensity",0.681784733175929,0.935674752310063
271,"R2E intensive care","moderate_intensity",1.07560047261673,0.936191083381306
272,"R2E intensive care","moderate_intensity",1.26219610353427,0.937389631249515
273,"R2E intensive care","moderate_intensity",1.4157965968823,0.939142037717034
274,"R2E intensive care","moderate_intensity",1.38350009321611,0.940763782445133
275,"R2E intensive care","moderate_intensity",1.34866118672178,0.942247045733412
276,"R2E intensive care","moderate_intensity",0.923440370907538,0.942178905607231
277,"R2E intensive care","moderate_intensity",0.603047709899016,0.940954605261714
278,"R2E intensive care","moderate_intensity",0.577068500515941,0.939645662438887
279,"R2E intensive care","moderate_intensity",0.330896853408317,0.937463767066018
280,"R2E intensive care","moderate_intensity",0.450714310672478,0.935725376150327
281,"R2E intensive care","moderate_intensity",0.628801834163275,0.934633121552508
282,"R2E intensive care","moderate_intensity",0.467927155984105,0.932978135859003
283,"R2E intensive care","moderate_intensity",0.438488190430929,0.931230821564204
284,"R2E intensive care","moderate_intensity",0.489673468137412,0.92967604215073
285,"R2E intensive care","moderate_intensity",0.908899677276631,0.929603142624856
286,"R2E intensive care","moderate_intensity",0.913760169089805,0.929547747612495
287,"R2E intensive care","moderate_intensity",0.942764924784149,0.929593800494627
288,"R2E intensive care","moderate_intensity",0.727823341137521,0.928893208621859
289,"R2E intensive care","moderate_intensity",0.921052646141649,0.928866078647879
290,"R2E intensive care","moderate_intensity",1.0586893649647,0.92931374515242
291,"R2E intensive care","moderate_intensity",0.962474329536791,0.929427699050648
292,"R2E intensive care","moderate_intensity",0.717935119270694,0.928703409393867
293,"R2E intensive care","moderate_intensity",0.678131171853983,0.927848214043902
294,"R2E intensive care","moderate_intensity",0.646379001246603,0.926890835769081
295,"R2E intensive care","moderate_intensity",0.52909418154076,0.925542372534409
296,"R2E intensive care","moderate_intensity",0.582765336549428,0.924384342007432
297,"R2E intensive care","moderate_intensity",0.74876745684798,0.923793039363798
298,"R2E intensive care","moderate_intensity",0.704487527927243,0.923057114828776
299,"R2E intensive care","moderate_intensity",0.928397783601012,0.923074976597245
300,"R2E intensive care","moderate_intensity",1.16856078020194,0.923893262609261
301,"R2E intensive care","moderate_intensity",0.83488302532476,0.923597547535226
302,"R2E intensive care","moderate_intensity",0.750778368706249,0.923025298598706
303,"R2E intensive care","moderate_intensity",0.677724222315898,0.922215724089522
304,"R2E intensive care","moderate_intensity",0.675122222322733,0.92140291651792
305,"R2E intensive care","moderate_intensity",0.696702836183158,0.920666194943052
306,"R2E intensive care","moderate_intensity",0.801327835437922,0.920276200304147
307,"R2E intensive care","moderate_intensity",0.681213845485498,0.919497495565324
308,"R2E intensive care","moderate_intensity",0.637304326603064,0.918581283977784
309,"R2E intensive care","moderate_intensity",0.643599149749323,0.917691374158274
310,"R2E intensive care","moderate_intensity",0.782431760250216,0.917255052823087
311,"R2E intensive care","moderate_intensity",0.845975081018441,0.917025856772268
312,"R2E intensive care","moderate_intensity",0.699676930249628,0.916329225597516
313,"R2E intensive care","moderate_intensity",0.716181303912402,0.91568977536849
314,"R2E intensive care","moderate_intensity",0.702949700269486,0.915012259205755
315,"R2E intensive care","moderate_intensity",1.2723345998667,0.916146615842773
316,"R2E intensive care","moderate_intensity",1.38632288490612,0.917634515428417
317,"R2E intensive care","moderate_intensity",1.27884963283345,0.918773995294048
318,"R2E intensive care","moderate_intensity",1.2924745278971,0.919949154201605
319,"R2E intensive care","moderate_intensity",1.19827684138142,0.920821654788375
320,"R2E intensive care","moderate_intensity",1.35809570429244,0.922188136193075
321,"R2E intensive care","moderate_intensity",1.60001332802379,0.92429974115205
322,"R2E intensive care","moderate_intensity",1.60535433639839,0.926414817534802
323,"R2E intensive care","moderate_intensity",1.68710328531317,0.928769890190463
324,"R2E intensive care","moderate_intensity",1.7073678727604,0.93117297038358
325,"R2E intensive care","moderate_intensity",1.67300422897967,0.933455528102337
326,"R2E intensive care","moderate_intensity",1.93280881540178,0.936521028983624
327,"R2E intensive care","moderate_intensity",1.42864508389344,0.9380259955124
328,"R2E intensive care","moderate_intensity",1.34682629636771,0.939272337893057
329,"R2E intensive care","moderate_intensity",1.47556600450229,0.940902409828039
330,"R2E intensive care","moderate_intensity",1.52471512472827,0.942671539267131
331,"R2E intensive care","moderate_intensity",1.42570101188432,0.944130842809781
332,"R2E intensive care","moderate_intensity",1.46550208018216,0.945701238103071
333,"R2E intensive care","moderate_intensity",1.82683866807131,0.948347296451324
334,"R2E intensive care","moderate_intensity",2.20263838554989,0.952102658993535
335,"R2E intensive care","moderate_intensity",2.33662431705144,0.95623555946535
336,"R2E intensive care","moderate_intensity",2.39542301842879,0.96051885547417
337,"R2E intensive care","moderate_intensity",2.6215975528188,0.965447872380237
338,"R2E intensive care","moderate_intensity",2.85554843937912,0.971039885892068
339,"R2E intensive care","moderate_intensity",2.82582995053526,0.976511243014909
340,"R2E intensive care","moderate_intensity",2.64698913676437,0.981424413290643
341,"R2E intensive care","moderate_intensity",2.55365949797546,0.986035073363032
342,"R2E intensive care","moderate_intensity",3.00577530208915,0.991940746546442
343,"R2E intensive care","moderate_intensity",2.8173028181502,0.99726250185724
344,"R2E intensive care","moderate_intensity",2.95662344570891,1.00295831855448
345,"R2E intensive care","moderate_intensity",3.11157934286783,1.00907026355249
346,"R2E intensive care","moderate_intensity",3.18319865319429,1.01535387161504
347,"R2E intensive care","moderate_intensity",2.79152900408417,1.02047253193916
348,"R2E intensive care","moderate_intensity",2.34236552410264,1.02427107502009
349,"R2E intensive care","moderate_intensity",1.99498723575693,1.02705249668409
350,"R2E intensive care","moderate_intensity",1.9406855483563,1.02966287683173
351,"R2E intensive care","moderate_intensity",1.72953396252839,1.03165681154881
352,"R2E intensive care","moderate_intensity",1.6899930819132,1.03352708504416
353,"R2E intensive care","moderate_intensity",1.64964261200459,1.03527245480893
354,"R2E intensive care","moderate_intensity",1.50535771652168,1.03660037927704
355,"R2E intensive care","moderate_intensity",1.32890897747273,1.037423783779
356,"R2E intensive care","moderate_intensity",1.34183512272223,1.03827887180974
357,"R2E intensive care","moderate_intensity",1.35097287304786,1.03915476537063
358,"R2E intensive care","moderate_intensity",1.40333352083972,1.04017202446412
359,"R2E intensive care","moderate_intensity",1.21985682190155,1.04067253922021
360,"R2E intensive care","moderate_intensity",0.970956656455961,1.04047888399031
