"policy_days","hold_occupancy","hold_mean_queue","icu_occupancy","icu_mean_queue","total_rtd","total_dow","dispositions","in_theatre_share","post_definitive_icu_share","evac_decisions","never_evacuated","mean_evac_wait_days","role4_sustained","role4_peak","theatre_mean_queue","released_unrepaired","role4_operations","role4_theatre_minutes","replication","hold_beds"
15,1,682.861932439562,1,1469.66682933627,2514,270,5703,0.0357706470278801,0.00215130871280029,5503,2050,21.0741248928102,148.762295081967,212,315.478855138114,1432,1475,9155.50941608999,1,30
15,1,560.53488603498,1,1426.07199641405,2625,259,5656,0.0300565770862801,0.0026080476900149,5477,1950,19.0923893691791,146.828125,223,364.554940887217,1475,1367,10910.1649132327,2,30
15,1,603.965070434904,1,1496.23540612236,2710,272,5698,0.0296595296595297,0.0065597667638484,5535,2068,19.854346001521,142.672,222,567.081543709956,1472,1297,9019.87732277876,3,30
15,1,589.174003510575,1,1452.10432566993,2538,278,5658,0.0298692117355956,0.00148423005565863,5489,1975,22.3132134834855,142.953488372093,228,285.420818036814,1458,1353,9630.63769838635,4,30
15,1,610.299090278025,1,1381.43602027481,2769,275,5745,0.0348128807658834,0.00219218122031421,5551,1929,20.281609768185,158.096774193548,234,551.301195509753,1404,1413,9770.7909190783,5,30
15,1,493.102067103775,1,1427.63620372735,2659,261,5581,0.0315355671026698,0.00303490136570561,5415,1929,18.5804681185816,148.279069767442,218,418.570539920067,1444,1380,11762.4331653917,6,30
15,1,625.182628384884,1,1437.02891524352,2575,245,5744,0.0315111420612813,0.00147819660014782,5572,1966,19.4542763802639,140.914728682171,230,538.877370035946,1464,1412,10652.5946402658,7,30
15,1,622.691709691499,1,1464.88013400322,2733,266,5782,0.0304392943618125,0.003690036900369,5612,2054,19.7553649790686,144.858267716535,216,520.579199034356,1480,1393,10738.8276103977,8,30
15,1,540.460065691593,1,1509.42198302763,2753,300,5781,0.032520325203252,0.00469483568075117,5588,2041,17.8554827375871,147.222222222222,231,625.480198114553,1488,1494,10504.9378480273,9,30
15,1,628.481342466881,1,1464.93176795281,2549,241,5691,0.0302231593744509,0.000364830353885443,5528,2012,20.6611075978768,149.1015625,220,437.748125081772,1455,1378,9496.56391056536,10,30
15,1,641.135242783495,1,1467.05838195726,2613,273,5703,0.0320883745397159,0.00253991291727141,5521,2043,19.2471199166385,143.84375,227,608.906166408281,1491,1404,11517.8538101042,11,30
15,1,613.77169670561,1,1445.08494532919,2606,259,5650,0.0311504424778761,0.00327391778828665,5478,1973,19.8842524487981,145.626984126984,215,424.465052143043,1420,1556,10593.7036945618,12,30
15,1,654.293796899862,1,1418.09941371704,2593,260,5602,0.0290967511602999,0.00181290790427846,5438,1954,20.4048880644578,145.107692307692,228,537.036035725486,1434,1354,11028.3317225829,13,30
15,1,699.455881300755,1,1459.7970315729,2627,323,5724,0.0316212438853948,0.00144665461121157,5547,2056,21.2022372708104,147.193798449612,228,613.708824895606,1459,1323,10344.7110762136,14,30
15,1,704.990463773931,1,1366.67573789519,2681,263,5547,0.0297458085451595,0.00297397769516729,5385,1966,22.0146639686213,148.814516129032,229,543.250132395016,1442,1324,11883.38699615,15,30
15,1,635.060532315185,1,1415.12209666866,2607,241,5640,0.0358156028368794,0.00183755972069092,5445,1970,20.8271805318914,144.047244094488,229,496.436678820396,1409,1347,9661.71742825618,16,30
15,1,766.213161063826,1,1452.10092711619,2704,269,5767,0.0305184671406277,0.00180831826401447,5598,2080,22.2612468727081,146.2,225,587.719508369638,1483,1540,11297.4079228979,17,30
15,1,660.972358349016,1,1435.96194608852,2785,295,5709,0.0336311087756174,0.00143781452192667,5522,2013,19.810834576932,150.048387096774,218,619.259416732561,1439,1346,11609.9180477631,18,30
15,1,600.516191633233,1,1411.23739656473,2644,249,5541,0.0314022739577694,0.00149700598802395,5362,1934,21.0709635095751,141.526717557252,217,432.765352142528,1444,1424,10646.9747643172,19,30
15,1,585.535513254821,1,1468.31149834742,2613,283,5655,0.0249336870026525,0.00662251655629139,5523,1990,19.3257524097183,146.030303030303,234,668.396198753323,1484,1231,12396.5801993602,20,30
15,1,665.378620934022,1,1411.0380561961,2657,284,5637,0.0289160901188575,0.00216606498194946,5473,1962,19.4436283855326,150.412698412698,241,746.398209682433,1420,1322,12696.1941029708,21,30
15,1,619.220761338299,1,1464.29105880713,2790,291,5854,0.0334813802528186,0.00217470097861544,5648,2024,21.0356115835031,150.656488549618,220,638.306567589806,1485,1287,9319.52157631255,22,30
15,1,658.08623469629,1,1379.29947515236,2463,234,5500,0.0310909090909091,0.00220264317180617,5337,1905,21.2445050342667,143.787401574803,209,365.765127348641,1393,1309,10678.9754482998,23,30
15,1,650.481726749714,1,1493.39037548029,2717,294,5677,0.0290646468205038,0.000728066982162359,5527,2002,22.264076932616,150.51968503937,219,722.967748506401,1484,1315,10060.596423808,24,30
15,1,532.051621324279,1,1500.82182338284,2738,289,5735,0.0333042720139494,0.00147275405007364,5552,1982,18.9831242863336,143.384615384615,229,664.672853813207,1509,1424,11824.7350480127,25,30
15,1,755.226452142456,1,1462.22703823527,2761,321,5883,0.033826279109298,0.00213295414148596,5690,2066,20.9239163796224,146.054263565891,231,636.551525872152,1494,1290,9663.29158018666,26,30
15,1,578.606342371455,1,1502.06279319767,2581,262,5783,0.0300881895210099,0.000739644970414201,5613,2015,19.7132014908867,150.626984126984,226,556.071003934994,1511,1258,9906.36860724569,27,30
15,1,568.52707495251,1,1412.36184754089,2527,268,5650,0.0357522123893805,0.00371609067261241,5459,1927,18.3322340077975,146.84126984127,218,384.38660410755,1441,1451,11501.8771646129,28,30
15,1,681.174162859947,1,1444.62579177178,2620,240,5660,0.0286219081272085,0.00183418928833456,5513,2005,21.5784517635326,144.705426356589,221,375.886499041163,1488,1343,10784.5047944148,29,30
15,1,676.973167535383,1,1498.0170505523,2788,286,5842,0.031324888736734,0.00109051254089422,5649,2103,20.3905283926621,141.106870229008,221,573.134557434638,1535,1245,11007.9372356512,30,30
21,1,582.60196298286,1,1445.11923940811,2847,295,5581,0.0750761512273786,0.00226500566251416,5206,1927,18.5027409397534,139.359375,216,562.818342439746,1516,1535,12803.8761122361,1,30
21,1,519.815819958977,1,1439.09667163191,2878,276,5624,0.0787695590327169,0.0026697177726926,5237,1899,17.8446020563758,144.279069767442,215,541.621029630716,1482,1250,12306.0629580143,2,30
21,1,755.847276986516,1,1431.0928878716,3006,280,5769,0.0773097590570289,0.00392857142857143,5383,1977,21.3422301708579,150.007751937984,220,824.740394054361,1450,1420,9415.5001763003,3,30
21,1,576.978308218682,1,1498.53866885214,2868,293,5759,0.0642472651501997,0.000733137829912023,5434,2027,19.4842683261666,150.97619047619,223,781.32611171793,1526,1421,12223.2645068057,4,30
21,1,558.226832382426,1,1454.86939570849,2829,296,5644,0.0740609496810773,0.00149588631264024,5276,1945,19.5394876329639,140.159090909091,209,644.650255921064,1456,1488,9422.71372838776,5,30
21,1,502.75341912667,1,1405.60458827651,2826,285,5561,0.0785829886711023,0.00305343511450382,5185,1863,18.249620838686,139.192,216,532.923992831303,1449,1386,12186.0047056988,6,30
21,1,446.156097544667,1,1342.51914222661,2694,267,5567,0.0705945751751392,0.00192678227360308,5214,1787,15.194348194605,139.030534351145,219,541.641440517835,1423,1492,13238.0930386978,7,30
21,1,573.575579482944,1,1471.6208608626,2862,260,5743,0.0774856346857043,0.00414624952883528,5353,1982,17.6219308421173,139.184615384615,213,282.655282754718,1516,1399,12752.0286728899,8,30
21,1,475.375469789766,1,1453.40885470736,2652,262,5603,0.0769230769230769,0.00418728587742672,5219,1921,17.1611403623455,142.108527131783,216,281.585981868334,1489,1359,12992.191511651,9,30
21,1,573.605832897673,1,1471.3775343253,2798,257,5822,0.0829611817244933,0.000374672161858374,5404,1963,18.5176575269575,148.527559055118,210,342.349088866145,1483,1437,11764.2198104832,10,30
21,1,648.293047737859,1,1495.03366027,3059,321,5783,0.0753933944319557,0.0018201674554059,5396,2032,19.1965525483197,145.790697674419,215,688.928201070253,1504,1306,10117.0827472284,11,30
21,1,630.708310818118,1,1389.5519515803,2731,262,5688,0.0770042194092827,0.00366166239472721,5290,1914,19.3634406177462,139.435114503817,217,318.154246243214,1421,1354,11534.3871889007,12,30
21,1,512.331731667882,1,1424.05081405983,2864,259,5731,0.0776478799511429,0.00188323917137476,5337,1889,17.6020125376105,143.679389312977,215,668.330974754138,1455,1443,10979.8902460628,13,30
21,1,631.899515658168,1,1483.43457402561,2803,257,5748,0.0755045233124565,0.00144927536231884,5350,1976,19.8929398089279,138.374045801527,213,331.372681704783,1462,1292,8691.59253409929,14,30
21,1,494.800200093513,1,1434.27339904917,2776,276,5668,0.0742766407904023,0.00351150994927819,5314,1898,17.3696603097336,154.379032258065,222,478.620333812792,1531,1405,15125.8730986081,15,30
21,1,505.048840206126,1,1421.61193731336,2857,277,5740,0.0770034843205575,0.00224887556221889,5352,1926,17.3294256543087,147.152,217,545.107618420909,1475,1376,12295.3361541545,16,30
21,1,529.54988514031,1,1422.412064247,2785,279,5627,0.0778389905811267,0.00185528756957328,5233,1903,18.1544645330048,139.968992248062,209,311.537009540702,1448,1372,11834.0531431605,17,30
21,1,659.002370550851,1,1450.96133366892,2791,268,5711,0.0786202066188058,0.00109689213893967,5299,1949,22.1358082200582,138.106870229008,219,508.761093649388,1465,1330,8688.3738085374,18,30
21,1,540.602756192116,1,1495.70934199101,2892,290,5829,0.0797735460627895,0.00146038700255568,5418,1971,18.7364797342194,142.384615384615,214,558.984164568511,1501,1348,11424.8605064239,19,30
21,1,527.814442006577,1,1445.57653190517,2881,280,5652,0.0734253361641897,0.00678989060731799,5276,1941,17.3469108483065,144.030769230769,222,501.119519348519,1470,1531,13051.2034727348,20,30
21,1,652.629473380543,1,1365.29214498255,2856,266,5525,0.0803619909502262,0.0021978021978022,5132,1869,20.7957406164685,140.44094488189,208,478.399165050931,1358,1450,9652.44402591098,21,30
21,1,545.01539040834,1,1487.72182814909,2784,273,5617,0.0726366387751469,0.00149700598802395,5267,1971,18.8842657672788,139.2109375,220,387.353620151966,1489,1381,10298.7114714561,22,30
21,1,597.178426267906,1,1445.48033034302,2867,286,5732,0.0760642009769714,0.0021849963583394,5351,1966,18.233975091464,145.606299212598,223,615.482782210833,1489,1344,11973.0199701892,23,30
21,1,481.728495799456,1,1471.85540434228,3002,306,5711,0.0773945018385572,0.000746268656716418,5327,1934,18.5406035189387,142.410852713178,220,735.686483624789,1441,1380,11133.6994376138,24,30
21,1,523.181409019271,1,1414.63637951078,2782,276,5667,0.0760543497441327,0.00188253012048193,5276,1886,18.1063874758614,137.255813953488,212,517.600512071821,1457,1335,9702.33050891119,25,30
21,1,410.051596213996,1,1409.9687754455,2824,279,5505,0.0790190735694823,0.00234192037470726,5106,1839,16.7535260661277,140.061538461538,214,409.104942948097,1460,1458,12725.2171722182,26,30
21,1,455.919744856832,1,1404.65245404658,2993,276,5670,0.0791887125220459,0.00114766641162969,5292,1870,17.08574986003,145.3515625,224,689.748885085533,1469,1473,11909.5791491026,27,30
21,1,594.226704190414,1,1459.39085921418,2846,279,5777,0.0730482949627834,0.00367242012486228,5417,1956,19.1121596027475,152.296,214,544.805424073096,1478,1382,9364.79821840233,28,30
21,1,569.956244630149,1,1425.03874051897,2834,277,5681,0.0843161415243795,0.0018677624206201,5261,1884,19.3743386339643,146.264,208,536.414968616859,1428,1362,10690.2845530315,29,30
21,1,607.525173404432,1,1389.23486754188,2714,270,5498,0.0732993815933067,0.00111152278621712,5130,1868,19.6455614406952,139.409090909091,210,456.078838178538,1395,1319,11705.3076757289,30,30
30,1,2463.66843192747,1,1019.6785889145,3216,317,4348,0.197102115915363,0.00200883889112093,3598,2063,65.1593198430523,65.5641025641026,121,670.209960899303,1013,544,3575.6296499209,1,30
30,1,2173.69242642593,1,1020.51639759625,3000,280,4273,0.199157500585069,0.00372979693327808,3512,1942,52.9318466472094,61.172131147541,122,623.81041176656,1001,592,2808.04432045353,2,30
30,1,2197.66229231374,1,1031.62104264954,2982,263,4321,0.200647998148577,0.00692182410423453,3569,1974,56.5342782551917,65.8359375,122,416.006541498828,1040,549,3029.86331123437,3,30
30,1,2450.03723955449,1,998.47016981177,3044,277,4345,0.210356731875719,0.00283630470016207,3542,1994,60.7178707149305,60.2301587301587,114,578.730419032863,988,514,2032.39653986667,4,30
30,1,2386.87933978959,1,963.513166844724,2962,283,4247,0.212385213091594,0.00165906262961427,3447,1970,58.695530612528,59.9338842975207,114,386.909100490872,983,550,4225.44448087893,5,30
30,1,2352.94548140278,1,966.282328561755,2953,269,4123,0.206888188212467,0.00298889837745517,3368,1920,60.9618639696762,57.5538461538462,143,502.245718957577,995,628,5402.28891834359,6,30
30,1,2433.76522626495,1,1002.96243196673,3092,298,4324,0.206059204440333,0.00124636476942252,3529,2075,63.9494359849646,65.8048780487805,114,467.41203781415,1025,506,2212.40909855727,7,30
30,1,2369.22292963311,1,1021.98413936551,3083,338,4332,0.200369344413666,0.00368701351904957,3584,2026,61.3479872909274,72.0079365079365,148,658.870977891777,1070,585,3968.65626295058,8,30
30,1,2424.35288023936,1,992.634209841548,2968,275,4237,0.20816615529856,0.0024906600249066,3454,1995,62.3997109317761,53.6507936507937,118,447.985644019693,976,604,2908.22925434007,9,30
30,1,2429.85223012544,1,1031.40117591306,3037,331,4356,0.211202938475666,0.000410846343467543,3555,2061,62.076454252895,54.3939393939394,107,512.117966889759,1033,515,2425.39941721686,10,30
30,1,2290.95627449136,1,957.747085101751,3027,280,4319,0.204677008566798,0.00335570469798658,3540,1896,53.5672006798658,69.7190082644628,129,622.721606133983,992,615,4067.14384584341,11,30
30,1,2154.53675824962,1,1060.28597973193,3021,310,4399,0.193453057513071,0.000818330605564648,3631,1977,52.3031815929885,65.8319327731092,129,647.281656904462,1071,662,4755.76577860432,12,30
30,1,2494.55083625696,1,996.588391929333,3036,278,4335,0.214071510957324,0.00366897676314717,3520,2049,69.0889924213059,66.8461538461538,120,516.166936959969,1036,557,2268.48677490333,13,30
30,1,1929.6339598199,1,1148.79813674538,2890,297,4566,0.18155935173018,0.00161681487469685,3835,2019,46.1552773014688,77.9069767441861,146,430.789926585477,1128,711,4083.17548966099,14,30
30,1,2316.82487526973,1,1035.22051966584,2877,255,4214,0.206691979117228,0.00254345061466723,3441,1931,54.4226161989752,50.64,128,239.613999921368,1018,600,3442.6120560877,15,30
30,1,2214.65209989505,1,1019.7505994771,3001,323,4292,0.202003727865797,0.00456810631229236,3549,1951,51.8125728272263,59.2436974789916,131,711.387640616479,1023,670,5153.9274662664,16,30
30,1,2236.5788454833,1,1063.81510369752,2921,283,4219,0.207869163308841,0.00697775839511557,3460,1988,53.019511425138,56.6776859504132,118,545.307859532275,1074,523,3488.64640541103,17,30
30,1,2502.0290328204,1,970.669193312045,3019,295,4196,0.210200190657769,0.00126742712294043,3405,1980,68.085987630313,56.5,106,380.558846494615,982,528,3640.53467577753,18,30
30,1,2393.33394542458,1,1019.03274300432,3012,287,4427,0.195166026654619,0.00162667751118341,3660,2071,64.0719895085037,71.4193548387097,122,539.91857051491,1062,588,3639.47821710482,19,30
30,1,2304.09495516538,1,939.928184954144,2937,305,4230,0.209929078014184,0.00808734330772341,3453,1878,54.4181144729328,60.025,113,547.861011557775,933,582,1635.19249427795,20,30
30,1,2118.83158455786,1,1079.90733336256,2868,308,4365,0.200687285223368,0.00201207243460765,3617,1967,54.5352859526511,65.5511811023622,125,333.656660817793,1067,692,4246.3654936688,21,30
30,1,2333.09266580377,1,982.0706243227,3057,272,4191,0.204963015986638,0.0050761421319797,3438,1950,58.0355782814629,52.6747967479675,125,519.167884090814,981,579,3585.29631983836,22,30
30,1,2344.42550458078,1,982.184617609368,3146,314,4172,0.207813998082454,0.0122399020807834,3394,1927,58.7236300565876,63.0406504065041,120,613.416749655231,955,586,2085.89623911461,23,30
30,1,2321.43940977612,1,1017.16430680489,3006,282,4274,0.192091717360786,0.000786472670074715,3553,1967,59.7814798376652,71.0862068965517,127,399.659177306727,1020,585,4287.89234044389,24,30
30,1,2216.95165759567,1,966.566119575284,2905,273,4127,0.211776108553429,0.00717905405405405,3354,1855,54.0915623258758,51.8538461538462,117,554.793090366825,971,577,4273.56213072107,25,30
30,1,2584.53361224421,1,878.619341613565,3049,309,4121,0.214025721912157,0.0016220600162206,3331,1931,61.8202159538703,56.7603305785124,110,579.072748965228,870,507,3563.66642833161,26,30
30,1,2879.79229765303,1,920.875148625659,3101,284,4152,0.218208092485549,0.00202183582693085,3361,2046,77.8803527930621,56.5555555555556,104,515.340220062974,956,497,2278.86553677628,27,30
30,1,2559.03743337815,1,977.640278033681,3001,316,4193,0.209158120677319,0.00568181818181818,3420,2000,63.7926569447076,58.734375,120,356.127126202872,984,481,4564.62119416586,28,30
30,1,2209.80177704378,1,1058.33345299032,3054,298,4414,0.198459447213412,0.00201369311316955,3661,2001,54.2776761343833,65.0615384615385,128,582.197408891678,1049,614,3735.03705189291,29,30
30,1,2303.5153913315,1,946.056520876042,2864,259,4132,0.210067763794773,0.000850340136054422,3367,1892,63.3950087102534,62.784,110,520.076650524161,968,506,4845.45762417198,30,30
45,1,4064.06243367333,1,389.275165679584,3094,321,2783,0.514911965504851,0.00185873605947955,1454,1160,115.762625880771,13.0849056603774,38,712.998685350162,407,126,1868.3165045463,1,30
45,1,3971.2890261708,1,355.211386099473,3055,324,2644,0.523449319213313,0.0153559795253606,1362,1078,111.059130962813,10.0438596491228,39,813.069944847353,370,79,514.490941086989,2,30
45,1,4009.25568850657,1,339.589256382192,2885,262,2686,0.526061057334326,0.0101547388781431,1371,1096,114.620268549993,11.1544715447154,41,611.655739962132,351,95,620.350635577496,3,30
45,1,4025.60312439285,1,394.435677913289,2937,290,2659,0.5344114328695,0.0041341295360588,1368,1086,102.387657474244,10.4260869565217,47,167.860231081396,411,100,1681.6108011003,4,30
45,1,4081.5587176282,1,395.185397009127,3057,343,2714,0.525423728813559,0.000876040297853701,1390,1078,96.3995817356803,8.97674418604651,53,669.166465552308,418,137,2649.94869802094,5,30
45,1,4190.12301169367,1,356.707076898014,3021,310,2759,0.537151141718014,0.0134831460674157,1385,1131,120.458153184544,13.5929203539823,47,438.887699005397,383,114,1038.37465981336,6,30
45,1,3976.89888090702,1,374.248859231083,2857,266,2689,0.541837114168836,0.00937207122774133,1337,1052,101.788524735548,9.35,63,237.8349856119,394,138,1723.23131922171,7,30
45,1,3839.71642610975,1,440.094297730666,2899,297,2810,0.487544483985765,0.00791065611912518,1560,1218,96.2869403887898,14.7551020408163,49,451.401200826219,485,194,1524.02025717014,8,30
45,1,3974.38086437452,1,396.354438924231,2953,308,2769,0.514626218851571,0.00497287522603978,1438,1124,101.557016942479,12.8,59,459.236534779641,392,130,810.688230188159,9,30
45,1,4171.2271635142,1,421.106811258136,3062,326,2727,0.514851485148515,0.000443458980044346,1425,1144,115.76519007642,13.3898305084746,41,456.658445719469,444,99,1891.54449278121,10,30
45,1,3986.42281118989,1,375.541637175446,2808,284,2680,0.525746268656716,0.00321543408360129,1400,1119,96.9110517916401,9.25619834710744,59,554.464264095067,381,144,1023.61952548518,11,30
45,1,4186.98607051285,1,438.535158810155,2966,331,2819,0.490244767648102,0.00217202432667246,1552,1265,112.91700543792,10.7073170731707,50,467.733260862379,465,145,2004.25471645795,12,30
45,1,3776.20149482792,1,530.148647476946,2824,322,2826,0.473460721868365,0.00478011472275335,1605,1255,107.937561006404,14.5537190082645,48,460.015617275304,524,156,1031.66662704809,13,30
45,1,4020.30416485861,1,390.005190169438,2972,311,2822,0.517363571934798,0.0094921689606075,1476,1186,123.578756462753,14.6428571428571,28,454.113824013222,427,85,1353.47423076779,14,30
45,1,3907.89581285469,1,402.705672441156,2768,329,2689,0.51022685013016,0.0159849553361542,1446,1140,101.637000739654,12.4090909090909,33,564.656838741853,409,85,1060.88655519226,15,30
45,1,3944.89705432539,1,339.886711969934,2901,299,2666,0.527381845461365,0.00853889943074004,1376,1078,106.354717784541,11.3333333333333,46,738.23889872994,364,132,1410.08468016814,16,30
45,1,4003.88718255574,1,420.061323399965,3045,312,2746,0.513109978150036,0.00496389891696751,1452,1135,108.559080516684,16.6542056074766,44,738.269877894768,434,146,1353.31248375885,17,30
45,1,3939.19739116391,1,336.844085660083,2895,351,2670,0.537827715355805,0.00764452938365982,1343,1053,97.2539110770232,10.7075471698113,48,462.149852199016,382,171,1616.1661695276,18,30
45,1,3881.40311479867,1,406.921764253279,2821,286,2657,0.532179149416635,0.0141643059490085,1400,1121,107.928839304083,12.2181818181818,43,511.863147272218,426,105,854.630607618397,19,30
45,1,4029.06475718585,1,366.1423643069,2855,294,2667,0.521934758155231,0.00555812876331635,1384,1101,107.200853405168,9.9922480620155,52,322.462854416805,388,77,1208.04052468269,20,30
45,1,3987.7739165717,1,369.473198248801,2981,304,2725,0.517064220183486,0.00279329608938547,1410,1088,99.4716642983223,10.3478260869565,69,387.979161480998,399,121,1895.26343761315,21,30
45,1,3863.92014740296,1,345.972389835027,2636,281,2536,0.533517350157729,0.0124879923150817,1295,1009,97.2977991498722,8.66071428571429,56,173.919447191237,358,122,1234.67324038991,22,30
45,1,4099.71370460807,1,417.11369206904,2897,274,2801,0.524098536237058,0.00831792975970425,1469,1181,96.0054800265083,11.4444444444444,43,369.055415536714,445,120,1938.46751254278,23,30
45,1,3818.90051811261,1,451.776754567184,2903,310,2760,0.486594202898551,0.00178412132024978,1535,1221,112.186462513415,15.0178571428571,49,255.963321854158,471,109,1263.71960692275,24,30
45,1,3935.75231527803,1,354.636797803351,2810,294,2565,0.527485380116959,0.00573613766730402,1330,1037,110.517282369646,9.78225806451613,48,588.932055469016,393,128,2203.92734386865,25,30
45,1,3963.0883852478,1,342.206689083646,3065,342,2686,0.511169024571854,0.00229357798165138,1422,1094,108.862135337475,16.2727272727273,58,738.801047844355,378,143,1637.87545547852,26,30
45,1,4128.14556789016,1,345.524624354069,3032,358,2685,0.526629422718808,0.0153917910447761,1362,1095,123.974953167879,13.9380530973451,27,781.978412480569,374,72,1087.1442466068,27,30
45,1,3927.37410530034,1,340.390933237751,2878,305,2599,0.512504809542132,0.00616990982439487,1389,1101,114.371254112993,15.3545454545455,49,550.097255421958,370,106,1143.53422860961,28,30
45,1,4103.89812370717,1,390.327850055165,2976,284,2736,0.528143274853801,0.00422932330827068,1383,1119,115.501988420297,11.375,57,440.383073841177,403,75,1055.23205811112,29,30
45,1,4108.99606228773,1,374.998342555466,3064,321,2776,0.520533141210375,0.00278164116828929,1431,1151,116.622030498644,10.1016949152542,31,741.955052108547,405,93,1120.6574189573,30,30
60,1,4472.69155607618,1,240.271230806033,2857,342,2395,0.759081419624217,0.00322135296824666,711,618,99.474138961502,2.73214285714286,26,430.964214611108,268,47,1471.5134663007,1,30
60,1,4393.62086592298,1,211.721332281321,2893,335,2291,0.764295067656045,0.00801131008482564,674,596,107.856508103568,2.82352941176471,26,467.398956087403,247,51,628.398214380315,2,30
60,1,4214.63361566643,1,212.308313962981,2944,302,2251,0.78276321634829,0.00878477306002928,601,522,108.089923503554,3.15315315315315,20,617.550524369572,225,57,971.686071359014,3,30
60,1,4391.16047653073,1,160.874179921019,3004,301,2200,0.793636363636364,0.00669536107125777,541,472,117.22449508709,3.55357142857143,18,542.304986628086,176,40,1294.05211280676,4,30
60,1,4514.28963807872,1,178.442153060513,2839,292,2234,0.739480752014324,0.000920810313075506,678,573,120.051891643987,4.63636363636364,34,559.04130696984,230,54,1330.77812682435,5,30
60,1,4253.97638700361,1,216.643490409163,2875,307,2115,0.748463356973995,0.0073385518590998,666,587,72.36001772347,2.71910112359551,32,454.113419659976,254,53,1608.45889210569,6,30
60,1,4465.38093372769,1,224.277898142537,2885,316,2362,0.766299745977985,0.00737667127708621,672,608,115.429565839286,2.09649122807018,16,429.216146440478,256,47,909.354072365204,7,30
60,1,4217.79411032085,1,263.57827437511,2859,280,2317,0.743634009495037,0.00488758553274682,734,649,87.8450106151964,2.74074074074074,33,434.939152798986,283,64,815.456546823711,8,30
60,1,4467.44324162651,1,220.506282279786,2910,336,2397,0.76846057571965,0.00561534861956013,683,595,106.70659408925,2.9375,15,718.396902682859,231,33,383.838522729722,9,30
60,1,4394.49592096291,1,263.347375029784,2845,331,2372,0.747048903878583,0.00478468899521531,748,665,85.2169606571967,3.33333333333333,28,289.473959258732,317,83,1518.30328206158,10,30
60,1,4381.128211933,1,187.812326573465,2760,249,2183,0.79111314704535,0.012370113805047,560,493,131.04970924891,4.00854700854701,11,159.920044975681,204,29,375.446733749965,11,30
60,1,4404.64662637506,1,241.675403858437,2809,312,2337,0.748823277706461,0.00375058602906704,728,648,129.961161218081,3.87272727272727,20,451.962884822507,273,39,988.80776792872,12,30
60,1,4085.26219785237,1,277.156740454925,2713,291,2297,0.751414888985633,0.00829673011224988,738,648,88.6303472149459,2.47674418604651,27,294.07292632579,316,71,1375.36869524679,13,30
60,1,4411.58379870504,1,248.402657103049,2865,301,2386,0.755658005029338,0.00906488549618321,716,632,130.733060003675,4.53409090909091,19,317.138779946347,269,57,860.280124003321,14,30
60,1,4375.05910325135,1,216.853580138437,2905,325,2323,0.760223848471804,0.00516674495068107,678,599,117.372297334212,4.40952380952381,20,512.46140636737,249,42,1028.63061902391,15,30
60,1,4452.39297776826,1,222.119622891657,2997,299,2309,0.74880900822867,0.000980872976949485,696,611,123.207566671696,4.01834862385321,15,683.976152819027,242,74,941.234674775774,16,30
60,1,4120.77015419516,1,261.383524805285,2906,330,2289,0.744866754041066,0.00815347721822542,744,638,98.6585121215182,3.70707070707071,27,517.723857486584,289,58,1300.85678906528,17,30
60,1,4275.60700930008,1,218.691432284864,2875,325,2253,0.742565468264536,0.00767018216682646,709,606,107.672743557643,3.9296875,36,419.547620393303,263,73,2153.38944063793,18,30
60,1,4190.6581872956,1,202.745212953494,2788,309,2153,0.745006967022759,0.0122249388753056,659,602,112.0400001306,2.10989010989011,14,339.013516117295,235,36,460.126915738761,19,30
60,1,4291.53803228988,1,222.409754336041,2775,311,2258,0.762621789193977,0.0134744947064485,675,591,107.416321168136,3.19626168224299,18,368.793216471628,245,45,500.663619658958,20,30
60,1,4395.00180135962,1,265.985816832541,2973,282,2385,0.738364779874214,0.013170272812794,764,673,117.343587242052,3.79,18,528.479792801036,296,38,962.643600618637,21,30
60,1,4315.35116210563,1,265.668358546152,2840,314,2382,0.743912678421495,0.00582241630276565,754,660,121.529366284071,5.74766355140187,20,421.983533262961,291,44,1130.36635540735,22,30
60,1,4335.69137632483,1,249.495042628955,2938,334,2423,0.744531572430871,0.00140845070422535,748,653,124.247482925452,5.34513274336283,16,636.539836746231,276,60,857.529451858259,23,30
60,1,4227.91417782197,1,247.377206841662,2906,318,2409,0.733914487339145,0.0068159688412853,780,691,127.858901742912,4.82407407407407,14,544.136722301981,261,63,1012.49551043052,24,30
60,1,4580.08917994463,1,243.951541815158,2979,305,2433,0.75462392108508,0.00413033501606241,727,644,121.239057234169,3.94594594594595,16,693.99175395913,275,44,924.532202350886,25,30
60,1,4085.9646282821,1,269.648300731967,2803,317,2200,0.739090909090909,0.00343137254901961,724,630,106.288003418478,3.69306930693069,19,334.010517582313,292,70,721.172398892827,26,30
60,1,4451.37032739213,1,176.274956364234,2971,363,2377,0.770719394194363,0.0193548387096774,657,580,127.910196928381,3.19047619047619,9,696.536594015683,197,36,285.147988299972,27,30
60,1,4398.96470305874,1,180.537151271997,2819,276,2285,0.775492341356674,0.0131964809384164,628,525,106.537780589809,4.58490566037736,22,358.384502697725,209,59,506.064934651819,28,30
60,1,4265.7689587882,1,224.013740559748,2845,306,2294,0.752397558849172,0.0084493041749503,693,607,105.303462491356,3.71428571428571,26,533.255636418625,244,50,818.012260524303,29,30
60,1,4422.43810772257,1,230.235644219915,2964,286,2396,0.750834724540901,0.00668896321070234,718,631,92.4859452436861,3.43859649122807,35,604.747450371361,282,42,1399.81126081626,30,30
15,1,730.084426859801,1,1474.24578937729,2731,281,5788,0.0290255701451279,0.00218818380743982,5619,2087,20.5967768983676,148.496062992126,218,489.708850969777,1512,1360,11747.4734864059,1,45
15,1,564.169507566504,1,1462.1330788678,2632,254,5601,0.031065881092662,0.00183553597650514,5439,1934,15.1318775028551,142.578125,226,356.957510927969,1440,1362,11356.2520388055,2,45
15,1,692.271195553081,1,1415.05164051756,2746,295,5641,0.0331501506825031,0.00329067641681901,5453,1956,17.7355617844621,142.0546875,223,342.844949747737,1438,1285,10854.7681405807,3,45
15,1,760.42952507637,1,1378.94398764494,2895,338,5757,0.0356088240402988,0.001085776330076,5556,1993,20.2510270434894,144.795275590551,233,760.468186160942,1432,1362,12198.8241397378,4,45
15,1,678.686780815858,1,1419.5527872824,2800,269,5726,0.0293398533007335,0.00145296040682891,5568,2000,17.816312834508,145.424242424242,238,749.572150236134,1415,1350,7716.51856987274,5,45
15,0.999999999999999,601.931655714187,1,1380.87725963644,2679,249,5731,0.0354213924271506,0.00295094061232018,5528,1940,18.1329956793554,152.15503875969,232,392.516904162518,1413,1459,9670.50692676528,6,45
15,1,637.897608713459,1,1450.06348473613,2648,297,5824,0.0331387362637363,0.00183755972069092,5635,2016,16.950927714885,144.931297709924,221,584.790095428081,1452,1249,9530.73504294493,7,45
15,1,663.763546187758,1,1480.91523475898,2608,279,5770,0.0292894280762565,0.00431499460625674,5606,2038,17.7810955077285,145.59375,233,469.109871557301,1449,1344,6740.88572980529,8,45
15,0.999999999999999,634.522137212505,1,1465.34711146162,2661,264,5723,0.0337235715533811,0.00292077400511135,5535,2038,16.7677121363898,145.1875,221,440.851932510646,1453,1165,7261.32891026384,9,45
15,1,639.550168663608,1,1527.19057724923,2645,275,5752,0.0283379694019472,0.000367917586460633,5600,2090,16.7972149054655,150.472868217054,228,593.950031515195,1530,1444,9406.66783456056,10,45
15,1,518.547568069477,1,1452.63958931493,2664,293,5667,0.03070407623081,0.00224971878515186,5482,1971,14.9752105581313,143.292307692308,221,788.419426274428,1441,1394,11078.6527390577,11,45
15,1,508.153552604403,1,1387.6978545546,2520,248,5577,0.0338891877353416,0.00344036697247706,5403,1878,14.9289888419732,143.100775193798,228,374.973779978471,1428,1405,11634.0470434057,12,45
15,1,616.665271079663,1,1385.11760461453,2588,278,5583,0.031345154934623,0.0037243947858473,5405,1933,18.6346824999826,144.717557251908,221,619.740972322918,1409,1319,10536.9400082727,13,45
15,1,643.873428001036,1,1396.82662709056,2614,277,5655,0.0343059239610964,0.00149086843086098,5470,1987,18.2850424290434,146.5078125,225,363.557992244948,1440,1262,12096.7982350257,14,45
15,1,686.98032050946,1,1369.76395866757,2540,299,5583,0.0334945369872828,0.00366434591425431,5405,1932,16.902724082383,149.9296875,234,612.394878747609,1365,1366,7939.08869566266,15,45
15,1,697.096863015817,1,1475.33491258441,2519,286,5792,0.025207182320442,0.00146466495789088,5642,2080,16.5750869902278,151.666666666667,239,351.091587985214,1509,1432,8991.01240735298,16,45
15,1,672.087157998426,1,1429.27782711017,2699,286,5690,0.0307557117750439,0.00183351668500183,5511,1985,17.6459669439813,150.133858267717,223,704.790011970576,1463,1373,12970.399665508,17,45
15,0.999999999999999,792.336331829718,1,1406.69962541008,2752,295,5701,0.0277144360638484,0.00144040331292762,5536,2041,20.0360361464924,143.175572519084,224,722.622200978897,1437,1486,13599.9592413712,18,45
15,1,563.338780688259,1,1433.17210271799,2617,288,5642,0.0290677064870613,0.00148148148148148,5471,1939,14.2040555742616,146.418604651163,224,616.574178904571,1424,1301,10615.7443743431,19,45
15,1,604.012815734897,1,1310.87367750454,2619,296,5508,0.0312273057371097,0.00926612305411416,5327,1832,15.8334461423905,154.451612903226,228,631.334925701603,1324,1422,12069.2882319053,20,45
15,1,739.673530022952,1,1433.5062474188,2767,304,5721,0.0295402901590631,0.00180245133381399,5545,1988,18.1633077292374,148.124031007752,227,655.687887409508,1442,1255,8384.43695473104,21,45
15,1,655.13491121185,1,1372.64110720719,2718,272,5736,0.027370990237099,0.00185048112509252,5580,1956,17.9429853085547,152.6796875,229,694.792620038869,1436,1368,11044.0418136117,22,45
15,1,711.89940463864,1,1383.79332396891,2637,256,5621,0.0295321117238925,0.00214285714285714,5466,1926,15.9401059078264,138.549618320611,226,622.891733475729,1390,1457,9958.52580492644,23,45
15,1,604.839999569687,1,1391.05654411179,2575,266,5545,0.0295761947700631,0.000748502994011976,5384,1922,17.7124278347339,139.523076923077,234,358.481675931665,1410,1482,12902.0753448244,24,45
15,1,657.123102271966,1,1413.96144468881,2487,236,5638,0.0297978006385243,0.00146896804994491,5475,2004,17.9092301956411,142.542635658915,218,366.808673058683,1440,1302,12709.8050320287,25,45
15,1,574.581670137962,1,1444.97905868092,2623,261,5673,0.0345496210118103,0.00230326295585413,5480,1945,16.1656391475333,143.22480620155,222,535.284506788087,1481,1275,11633.3531547859,26,45
15,1,588.413542389062,1,1466.47328511923,2630,266,5737,0.0312009761199233,0.000733675715333822,5560,1978,16.2603867112302,150.224,233,372.647021726443,1484,1330,12346.3278699837,27,45
15,1,658.784019024329,1,1425.03914812049,2607,274,5585,0.029006266786034,0.00295420974889217,5416,1977,18.9948482297496,150.3125,227,398.08020207501,1454,1436,11162.3352732108,28,45
15,1,626.241465665011,1,1377.85144237012,2737,287,5670,0.0291005291005291,0.00181093806591815,5490,1926,15.9100157478872,150.992125984252,225,516.821140433284,1366,1366,7791.65403484168,29,45
15,1,601.520478579119,1,1429.28900353774,2658,288,5689,0.0344524521005449,0.00108735048930772,5509,1978,16.8094693841888,146.079365079365,225,507.073599493524,1398,1345,8371.91558187795,30,45
21,1,499.498593172503,1,1443.9354063164,2888,261,5690,0.0746924428822496,0.00265553869499241,5312,1927,18.5723978274241,136.146153846154,211,409.267711117669,1488,1414,12881.0006249609,1,45
21,1,613.806330050099,1,1480.88448107442,2797,267,5754,0.0698644421272158,0.00256598240469208,5398,2033,19.1372025953787,142.888888888889,213,537.940855922109,1528,1522,13725.8739240611,2,45
21,1,485.425510771825,1,1333.9953476647,2835,294,5537,0.0814520498464873,0.00417298937784522,5139,1792,16.8025968266481,146.008064516129,225,441.122554712846,1398,1306,11722.6307080403,3,45
21,1,628.146642483059,1,1468.81312038164,2879,282,5742,0.0778474399164054,0.000729660707770887,5345,2011,18.7567235612841,142.167938931298,218,353.793391772079,1520,1496,12225.7108645641,4,45
21,1,592.112662006149,1,1374.31481122537,2850,280,5561,0.0710303902175868,0.00146627565982405,5202,1867,18.1938841225776,144.338461538462,217,698.692978360673,1374,1419,9263.27403581172,5,45
21,1,436.702949213776,1,1531.10076414293,3104,305,5862,0.0822244967587854,0.00296956198960653,5429,1964,14.5790182874562,148.630769230769,221,711.785277314031,1524,1344,10453.7746887234,6,45
21,1,561.433725143551,1,1453.94062751847,2800,302,5687,0.0773694390715667,0.0014765596160945,5283,1944,18.488569791229,137.661538461538,207,506.073561305631,1479,1389,9094.15773883501,7,45
21,1,500.326443653023,1,1410.03251185933,2902,260,5658,0.0788264404383174,0.00382701875239189,5255,1860,19.3129050640138,142.661417322835,220,473.545781796259,1471,1423,15679.2619804328,8,45
21,1,593.839148017175,1,1448.450201099,2930,293,5715,0.079090113735783,0.00371333085777943,5309,1958,18.404045219731,142.261538461538,218,700.985412003448,1494,1391,9345.12854767725,9,45
21,1,477.907902258434,1,1453.78439132361,2922,290,5745,0.0835509138381201,0.000375375375375375,5324,1937,17.3016011061747,145.370078740157,223,481.454583272209,1487,1358,11120.4147870598,10,45
21,1,514.188959258126,1,1455.67153502899,2877,275,5737,0.0770437510894196,0.00189035916824197,5345,1910,17.2105663559289,144.426356589147,218,447.823799199627,1484,1466,11788.2440974385,11,45
21,1,586.979172205887,1,1430.85712433714,2943,299,5802,0.0723888314374354,0.00291757840991977,5429,1986,19.6546149119243,142.798449612403,221,580.882589400586,1474,1290,11272.6343869176,12,45
21,1,577.71773252757,1,1391.49675747755,2866,285,5722,0.0754980775952464,0.0041075429424944,5329,1897,18.379724815573,153.186991869919,238,620.255115973779,1431,1371,11548.1564257187,13,45
21,1,631.303829726432,1,1399.24210810578,2824,270,5727,0.0759559979046621,0.00146466495789088,5352,1904,19.9564097064321,141.261538461538,231,549.810569042038,1436,1397,8898.34354935407,14,45
21,1,451.074515608863,1,1405.12385187545,2747,260,5691,0.0718678615357582,0.00265051117001136,5330,1866,17.2432817271255,146.87786259542,230,746.342433213109,1483,1431,13565.1542487416,15,45
21,1,507.611985800349,1,1367.37617992726,2576,269,5432,0.0745581737849779,0.00149981252343457,5074,1809,16.7942261017933,141.349593495935,223,161.204280765306,1384,1443,12377.2119724845,16,45
21,0.999999999999999,666.884052576993,1,1450.74736364773,2913,293,5772,0.0746708246708247,0.00182815356489945,5384,2012,20.5118759667434,146.120967741935,215,649.102870334019,1500,1359,11594.5221028874,17,45
21,1,599.557063520998,1,1369.56478569829,2853,323,5575,0.0742600896860987,0.00112570356472795,5210,1869,19.3593618003022,145.322834645669,218,481.673466232071,1407,1361,11674.4084418635,18,45
21,1,518.61822509196,1,1471.91419384073,2881,284,5716,0.0694541637508747,0.00147329650092081,5349,1949,18.4145620484359,147.887096774194,232,478.570764346684,1481,1454,11284.7898798804,19,45
21,1,477.853435125212,1,1383.54074312031,2760,289,5653,0.0764196002122767,0.00855973204317082,5274,1831,16.8003030006322,146.6484375,231,564.242758241081,1421,1396,13891.5993559939,20,45
21,0.99996382092648,409.422200885275,1,1544.01509124586,2798,276,5717,0.0776631100227392,0.0018677624206201,5325,1971,16.0358457651022,142.78125,221,330.446896591127,1539,1426,11609.4680918339,21,45
21,1,549.666378378594,1,1412.77044450697,2880,301,5670,0.0694885361552028,0.00149925037481259,5316,1939,19.6285550110495,147.9453125,225,631.752446995688,1475,1344,14485.2083573814,22,45
21,1,652.176726874239,1,1457.66651646102,3003,318,5770,0.0752166377816291,0.00108499095840868,5381,1994,20.9918821364879,144.875,218,708.824497429687,1473,1361,10885.2391822617,23,45
21,0.999999999999999,543.652392444578,1,1449.34538617337,2883,280,5756,0.0793954134815844,0.000722543352601156,5349,1943,18.7091011361824,146.110236220472,220,406.171952485559,1448,1387,12493.2793503859,24,45
21,1,646.767056001744,1,1460.89481094072,2718,261,5735,0.0756756756756757,0.00182149362477231,5361,1989,21.5978000531752,142.952380952381,223,352.028763147123,1489,1301,10341.3787269092,25,45
21,1,549.786996989535,1,1391.59784614662,2907,313,5655,0.0749778956675508,0.00261389096340553,5281,1878,17.9995290707079,141.656488549618,224,834.768503407983,1441,1411,12792.7609565046,26,45
21,1,553.208561104419,1,1230.33418115586,2766,268,5425,0.0759447004608295,0.00113550340651022,5049,1755,18.1776694378526,144.46875,242,450.346018347606,1314,1461,15132.9139563196,27,45
21,1,516.746379469348,1,1505.47138415962,2706,292,5652,0.0686482661004954,0.00302228938420854,5313,2004,16.5083565795313,137.076335877863,216,434.817062837516,1538,1406,11332.0706142412,28,45
21,1,566.418061785507,1,1445.75085063943,3020,294,5768,0.0750693481276005,0.00183351668500183,5377,1962,19.8850949383681,142.3515625,218,531.318262341102,1470,1398,10891.9007556663,29,45
21,1,567.75875975822,1,1462.60960973452,2896,306,5752,0.079798331015299,0.00111234705228031,5341,1929,18.4182594917054,138.75,220,595.547081370055,1474,1271,13310.6393357268,30,45
30,1,961.386151634985,1,1369.13677936261,3213,322,5405,0.185938945420907,0.00192012288786482,4572,1972,23.263052655061,106.714285714286,197,558.317814153189,1352,1249,7590.51674056092,1,45
30,1,1371.63422205864,1,1321.45490217958,3317,328,5275,0.192796208530806,0.00724085365853659,4392,2062,32.9978540454581,100.060606060606,158,619.296428818063,1315,933,4260.69274284264,2,45
30,0.999999999999999,516.255242700788,1,1353.29926275233,3092,288,5387,0.174865416744013,0.0119414483821263,4599,1790,17.6160085588861,127.968253968254,240,375.076418288906,1395,1276,9348.04513461096,3,45
30,1,805.870264935915,1,1385.84098990678,3106,300,5369,0.181039299683367,0.00115606936416185,4561,1919,20.3702690293326,106.153846153846,196,432.871461097031,1385,1228,8975.31562496302,4,45
30,1,747.738034049421,1,1490.10429839715,3221,295,5522,0.172220210068816,0.00156739811912226,4726,2061,19.9157819231158,115,201,600.792853406562,1562,1251,10825.9512996076,5,45
30,1,805.485619568621,1,1403.90864081217,3286,335,5532,0.171005061460593,0.00265453166477057,4735,1951,22.1041946314594,127.8671875,208,566.080135654676,1454,1297,9022.81810457574,6,45
30,1,810.802090803883,1,1305.88150874809,3217,301,5268,0.182801822323462,0.0016246953696182,4445,1857,21.6613748636564,109.834645669291,233,548.60858069102,1381,1130,10834.9006606407,7,45
30,1,535.165946945552,1,1420.33394823999,3108,316,5477,0.169800985941209,0.00390015600624025,4710,1861,16.6973038370729,126.338582677165,245,743.151436383331,1440,1160,7770.45240462524,8,45
30,1,1008.21095236295,1,1334.3516970148,3215,294,5414,0.183228666420392,0.00234009360374415,4570,1924,24.4373168220816,114.223076923077,199,549.65184612371,1407,1160,8990.99454065503,9,45
30,1,957.642493480155,1,1433.54210760692,3325,280,5421,0.180962921970116,0.000389256520046711,4608,2016,28.8694467317416,131.453846153846,200,641.473793750352,1461,1267,7869.10221246595,10,45
30,1,547.674898100651,1,1410.25091699212,3035,296,5341,0.17412469574986,0.00158415841584158,4562,1851,19.3371363249863,131.983606557377,209,444.600125740914,1413,1294,7989.48333432554,11,45
30,1,628.191427118244,1,1474.58639891955,3265,287,5502,0.173027989821883,0.000782472613458529,4710,1952,15.7020879662998,101.248062015504,210,677.667205512883,1499,1299,10524.5931427756,12,45
30,0.999999999999999,623.108034712378,1,1339.66048834419,3191,321,5332,0.184546136534134,0.00236873272799053,4512,1818,18.0073013926584,122.25,241,583.801943468917,1362,1319,9574.26084957249,13,45
30,1,976.684469199048,1,1443.66256196936,3193,292,5376,0.17671130952381,0.00189609404626469,4569,2060,27.6820906242572,116.547619047619,196,589.065386663905,1445,1097,7848.46709660897,14,45
30,1,1034.29933987887,1,1300.89506476429,3076,298,5241,0.190230871970998,0.002356637863315,4406,1895,26.0030019096294,117.629921259843,175,663.957932286015,1352,1121,10464.8467442745,15,45
30,1,858.763841113643,1,1405.36062076489,3104,309,5400,0.177777777777778,0.00348972469949593,4598,1974,22.0287968230947,124.023255813953,200,328.531518085205,1449,1211,7813.39423975643,16,45
30,1,834.515003053045,1,1417.16078903102,3113,297,5404,0.177646188008882,0.00273330730183522,4597,1951,22.1544997711846,115.007936507937,218,413.04200205258,1421,1173,7915.34117937024,17,45
30,1,697.585390094293,1,1261.32011331423,3034,268,5189,0.184235883599923,0.0104333868378812,4391,1741,18.0787282744132,121.774193548387,206,378.8917687415,1330,1320,12892.4403418501,18,45
30,1,772.455169266472,1,1395.41066515982,3184,307,5409,0.179145867997781,0.00153668843641952,4588,1924,20.736785997578,104.216,206,446.726110987528,1421,1203,9273.6063004111,19,45
30,1,609.141643400897,1,1363.62716983084,3220,285,5376,0.175037202380952,0.0062992125984252,4590,1822,17.2208457372965,118.254098360656,209,414.662095066979,1409,1425,10960.7716054353,20,45
30,1,674.856798608085,1,1466.67227737307,3109,281,5423,0.181818181818182,0.00195694716242661,4593,1943,20.8594274371146,117.1796875,221,441.354095057798,1490,1246,7481.75669111193,21,45
30,1,962.919564544214,1,1375.83479053318,3279,296,5363,0.183479395860526,0.00313971742543171,4523,1966,26.1897541988204,104.201492537313,198,564.95485709604,1414,1097,7401.56599855385,22,45
30,1,1157.95265843184,1,1264.93169819338,3264,268,5174,0.196173173560108,0.00515259611573524,4321,1913,23.0699746538847,83.9206349206349,247,460.299427256908,1301,967,8910.43540737629,23,45
30,1,1204.79627591319,1,1333.76695198929,3260,289,5144,0.19751166407465,0.000800640512409928,4284,2020,30.8239908259422,87.625,164,539.240238505006,1350,1016,7608.85960341886,24,45
30,1,1069.34971528134,1,1298.90502204737,3318,282,5213,0.189718012660656,0.00158982511923688,4388,1895,27.6385989449198,103.868217054264,176,572.199476249667,1321,1159,11579.7202776444,25,45
30,1,874.619480734972,1,1347.16477292342,3265,310,5423,0.180158583809699,0.00189250567751703,4607,1881,23.3378753158729,131.959677419355,205,592.868431244099,1363,1240,9421.20476596049,26,45
30,1,777.076739029084,1,1338.88180813831,3035,239,5198,0.182762601000385,0.00201694231544978,4395,1828,22.0601960296474,98.5190839694657,202,327.082368173016,1363,1145,6579.79110873155,27,45
30,1,937.39315083329,1,1308.31751992617,3167,286,5273,0.184714583728428,0.00456794822992006,4448,1904,22.4410562197523,112.867768595041,193,532.047590219997,1339,1268,9007.88573349822,28,45
30,1,901.452810139452,1,1332.91639653561,3158,313,5268,0.185839028094153,0.00198333994446648,4455,1909,20.1097840403706,103.88,214,472.832890457565,1388,1280,12022.4337506799,29,45
30,1,1043.58979233753,1,1381.76755434028,3241,272,5398,0.189144127454613,0.00157666535277887,4525,1952,25.7761116902324,109.591666666667,180,524.900056514271,1388,1138,9887.2906802525,30,45
45,0.999999999999999,3461.31244672698,1,545.191824441272,2966,260,3103,0.468578794714792,0.00184842883548983,1795,1325,89.1512594761384,19.5811965811966,69,240.350565205084,591,264,2599.04906968505,1,45
45,1,3488.32710255502,1,602.269366704475,3078,283,3163,0.485614922541891,0.0117169896349707,1820,1360,96.2567079936221,21.5491803278689,37,317.248427672596,640,234,1058.64329451136,2,45
45,1,3346.3464745636,1,578.561439547756,3006,287,3105,0.47085346215781,0.00871559633027523,1805,1282,87.9826899843498,21.1171875,58,326.823635032727,613,231,1813.1062589132,3,45
45,1,3339.26934848739,1,561.074376033812,3139,332,3140,0.471656050955414,0.00277136258660508,1811,1309,85.0075712143605,19.695652173913,55,295.27063615344,591,232,1927.77740548111,4,45
45,1,3537.11631978329,1,614.760519229986,3133,289,3305,0.471406959152799,0.000889284126278346,1912,1378,96.4332094460974,27.1900826446281,58,353.365269037401,658,281,2592.90915904248,5,45
45,0.999999999999999,3323.67647232842,1,667.919483772574,3138,325,3323,0.438760156485104,0.00440140845070423,2053,1437,73.0445157933433,20.7301587301587,110,557.219368158329,676,324,2172.57292761505,6,45
45,1,3561.4675609876,1,588.599822171997,3138,313,3176,0.46095717884131,0.00593975392448027,1913,1420,93.8303632707078,22.5454545454545,60,246.56745206757,602,217,1350.43843393536,7,45
45,1,3405.99826979017,1,631.476005875778,3130,292,3286,0.463177115033475,0.00784997819450502,1954,1427,98.234852522932,27.875,53,338.892230327464,673,268,1147.73507625453,8,45
45,1,3323.54478986257,1,604.140375461761,3089,318,3294,0.459927140255009,0.0103324348607367,1943,1344,84.8238628060673,27.0252100840336,67,525.739946984555,635,303,2827.20667526243,9,45
45,1,3528.775696403,1,603.613519727967,3205,326,3271,0.468358300214002,0.00443852640923214,1901,1418,94.4148191647975,20.3196721311475,66,694.535080591267,645,233,3679.84658633894,10,45
45,1,3452.09590280572,1,618.436594548775,3020,300,3285,0.466666666666667,0.0097864768683274,1964,1456,96.3232107832399,22.099173553719,61,253.486234897047,674,205,1986.46167563769,11,45
45,0.999999999999999,3530.77743228477,1,611.696177714474,3160,329,3309,0.468419462073134,0.00225428313796213,1931,1394,91.7282014231253,22.7952755905512,84,552.415723246042,630,253,3794.72112890605,12,45
45,1,3667.79107456941,1,541.944794737923,3119,306,3104,0.484213917525773,0.00575475874280655,1782,1329,92.6708171297099,19.8888888888889,46,355.052333113852,583,187,1535.50688862711,13,45
45,1,3478.51325792601,1,597.887026713793,2990,298,3150,0.471428571428571,0.00763016157989228,1826,1363,96.1391415095717,23.3982300884956,42,322.399167654316,612,223,1675.69746178046,14,45
45,1,3296.11393989099,1,620.845534495066,3003,352,3206,0.448845913911416,0.0128432240921169,1917,1356,78.3297048612897,20.0564516129032,72,481.717670380591,646,255,2119.53039795146,15,45
45,1,3385.14258764773,1,573.461709528858,3038,310,3117,0.465832531280077,0.00405040504050405,1825,1320,87.8502842029583,20.2583333333333,58,320.690761043103,599,227,2690.52261061029,16,45
45,1,3717.79221342935,1,570.710749084039,3203,334,3189,0.490749451238633,0.00449640287769784,1808,1339,87.9105872367468,16.024,69,685.540371999926,614,225,2239.51664615765,17,45
45,0.999999999999999,3409.49502947501,1,543.123717618956,2990,293,3155,0.480507131537242,0.0124653739612188,1822,1299,88.7536119735519,22.6885245901639,68,370.736545780625,580,250,2923.04812497149,18,45
45,1,3542.95866852896,1,592.475244371781,3207,301,3308,0.467049576783555,0.0122270742358079,1932,1387,92.3763239938807,23.5161290322581,71,427.084103446725,611,335,1477.27517881233,19,45
45,1,3643.1354428696,1,623.399676431738,3176,322,3332,0.475690276110444,0.0026525198938992,1919,1400,100.721344778777,25.5396825396825,52,457.162516988544,651,216,1878.1278487228,20,45
45,1,3379.86673158387,1,538.300133186751,3000,301,3167,0.470161035680455,0.00269299820466786,1813,1295,78.6714599954398,19.4710743801653,103,538.24423601229,551,275,2648.9058458994,21,45
45,1,3517.69830412611,1,578.698942906523,2984,309,3127,0.473936680524464,0.0112866817155756,1803,1312,87.5679136197262,20.3833333333333,45,448.827029329115,611,247,2471.45479882285,22,45
45,1,3093.63098701581,1,696.668806052803,3000,284,3244,0.453760789149199,0.00542250338906462,1979,1396,77.2976216942708,27.5128205128205,54,316.813260718005,725,297,2735.55519757231,23,45
45,1,3529.65168647819,1,571.239906916044,3213,309,3199,0.477024070021882,0.00178412132024978,1840,1347,87.2749633972816,21.3451327433628,77,442.372182578933,598,219,2402.85423061786,24,45
45,1,3644.11539279864,1,581.268907698032,3182,327,3190,0.49153605015674,0.00485865724381625,1779,1312,90.5252972407237,17.04,52,634.262820744273,570,217,2926.27337469716,25,45
45,1,3268.33095658206,1,625.197899612215,3062,281,3282,0.456124314442413,0.00984340044742729,1956,1366,84.2669677372848,23.922480620155,73,498.031760520634,640,298,2515.55827115734,26,45
45,1,3530.78278739055,1,593.677225772178,3129,299,3144,0.485687022900763,0.009021199819576,1802,1381,98.2291730539371,18.35,42,376.688201335074,603,152,1039.69748784771,27,45
45,1,3358.60997764309,1,581.627145246361,2948,305,3098,0.465138799225307,0.00901713255184851,1810,1305,84.6867805748913,20.7154471544715,59,423.889661907013,601,235,2132.64034593349,28,45
45,0.999999999999999,3526.5245131801,1,663.52306797256,3247,321,3437,0.455048006982834,0.0029940119760479,2084,1571,88.5686168971176,22.7796610169492,86,593.966806558214,707,248,2805.26651180229,29,45
45,1,3347.15512471557,1,585.031382599708,3028,251,3109,0.47764554519138,0.00809138505473584,1798,1309,94.7323199827449,20.4848484848485,47,431.989172295788,597,191,2150.48037595956,30,45
60,1,3996.81400413227,1,432.287128532162,3006,307,2753,0.702869596803487,0.00653900046707146,1044,861,103.207251713145,9.575,47,393.677234581891,467,98,1866.79228872953,1,45
60,1,3927.69951881411,1,346.694432283641,2986,299,2725,0.708623853211009,0.0195530726256983,971,803,97.5847525750989,8.83606557377049,26,537.557954115353,389,118,617.308370548957,2,45
60,0.999999999999999,3874.7420868788,1,361.681647824479,2979,305,2558,0.704456606724003,0.00710900473933649,977,820,96.6674802179557,7.5462962962963,39,443.439331522911,404,147,1550.73804864938,3,45
60,1,3769.55747488166,1,409.769943157241,3034,298,2657,0.692510350018818,0.00678294573643411,1049,870,99.1340968351737,7.525,40,456.68831296177,452,118,2087.20930672751,4,45
60,1,4065.89410283501,1,386.62227356289,3088,312,2676,0.711883408071749,0.00322729368372522,969,823,94.3041409199155,5.88617886178862,44,610.088340455095,413,99,1678.61183372892,5,45
60,1,4037.72368888875,1,433.802415495724,3055,330,2719,0.703199705774182,0.00755073147711185,1055,873,96.4495393176126,9.3109243697479,46,411.126077035625,480,116,1768.72747261779,6,45
60,1,3755.29658082555,1,364.225433974309,3020,279,2500,0.7124,0.0084493041749503,892,755,113.057341471281,8.30172413793103,23,357.117924572947,387,97,1552.73775787957,7,45
60,1,3894.42982545241,1,419.782308993422,3010,352,2748,0.692503639010189,0.00728265817023213,1074,890,106.054889729716,8.54471544715447,38,601.719648471188,456,153,1823.88031250122,8,45
60,0.999999999999999,3993.42229551423,1,364.30962773582,3062,302,2635,0.706641366223909,0.00468603561387067,961,786,113.726422707513,10.2773109243697,37,512.213800417935,396,87,1304.40228842738,9,45
60,1,3914.31482655082,1,366.574952481454,2911,296,2585,0.708317214700193,0.00392927308447937,970,788,98.6386135317518,8.08928571428571,42,342.650366369541,422,127,2352.89760426231,10,45
60,1,4027.75346468888,1,337.917148607956,2969,302,2699,0.715079659133012,0.0136278195488722,966,819,118.151050240018,7.48412698412698,15,548.982650551532,379,101,992.675600238862,11,45
60,1,3969.10280550977,1,381.239847306402,3015,318,2613,0.699579027937237,0.00647249190938511,973,812,106.331634538109,7.32743362831858,33,593.407828561304,394,96,1688.57577798486,12,45
60,0.999999999999999,3999.8709029977,1,337.788395720447,3022,287,2518,0.715647339158062,0.00624099855976956,893,741,111.988571767099,9.18918918918919,30,268.390945032616,379,128,1942.23161436217,13,45
60,1,3900.08501386523,1,409.489096806296,2982,312,2664,0.687312312312312,0.00772946859903382,1049,881,104.030976869911,6.38983050847458,20,290.617688251077,446,107,1248.37099579702,14,45
60,1,3824.67860677124,1,368.65504172939,3026,307,2554,0.707126076742365,0.00835380835380835,930,772,108.625533109642,6.27350427350427,23,492.694949017907,391,118,1537.09585832093,15,45
60,1,4129.85644037536,1,392.830988161523,3152,329,2718,0.718910963944076,0.00136054421768707,984,824,99.6888474467979,5.35483870967742,40,608.774753530484,430,116,1779.57891401844,16,45
60,1,3814.19130345589,1,420.463288075055,2866,292,2688,0.722842261904762,0.00598205383848455,990,812,98.5972161904147,8.81,30,543.73570157354,459,161,1552.73815880632,17,45
60,1,3984.18046779534,1,305.609076704414,3113,311,2646,0.726757369614512,0.00584225900681597,918,761,102.783009381396,8.70754716981132,38,597.146177544266,357,115,2654.01414592003,18,45
60,1,4000.9636895992,1,372.773002104515,3028,325,2652,0.723227752639517,0.00809909480705098,944,795,103.456730763116,7.85321100917431,31,454.329110171207,402,125,694.248525873882,19,45
60,1,3753.11292084338,1,405.925954312,2862,307,2623,0.716736561189478,0.0113412228796844,954,806,107.336092047786,8.1025641025641,22,349.39306996047,433,124,652.384207985776,20,45
60,1,3880.01618544226,1,313.693813748381,2991,277,2641,0.712608860280197,0.00977653631284916,926,728,106.145710379921,9.19090909090909,26,396.039385404923,359,127,1405.13652695451,21,45
60,1,4029.98864963495,1,400.226383236692,3004,303,2693,0.706275529149647,0.00474833808167141,1009,844,102.432513398453,7.50833333333333,29,272.996162422657,439,113,2101.14730242618,22,45
60,1,4016.78284146046,1,363.401673762035,3008,331,2624,0.713795731707317,0.00376293508936971,953,797,95.6560842578643,6.63247863247863,32,522.361163407073,401,131,1908.21383662244,23,45
60,0.999999999999999,4008.00070123612,1,304.948853241699,3016,316,2589,0.728080339899575,0.010952380952381,877,727,111.761992854143,7.85964912280702,21,378.378238051374,310,85,1209.12206735107,24,45
60,1,4020.23128426392,1,398.183887838139,2976,296,2743,0.720014582573824,0.00326797385620915,987,839,101.500281857557,6.93518518518519,37,419.203254860438,453,84,2191.66691299183,25,45
60,1,4040.12483870279,1,382.68981545687,3092,336,2749,0.696253182975628,0.00321100917431193,1029,839,92.3720588859635,6.55263157894737,55,352.794395795858,422,134,2273.21034796867,26,45
60,1,4127.67291604942,1,327.346018507841,3009,328,2613,0.72636815920398,0.020746887966805,914,776,102.508026397768,7.09523809523809,17,541.965355014986,335,86,291.534970631586,27,45
60,1,3993.23318003628,1,390.619599678191,3082,318,2706,0.714708056171471,0.0100502512562814,990,827,105.556054429463,6.98290598290598,25,565.21590811339,421,102,669.517723933619,28,45
60,1,3838.73888247048,1,410.217807401331,3021,305,2606,0.702993092862625,0.00665715644317641,982,827,112.772761157548,8.01639344262295,31,542.830717166656,431,108,1011.23109286027,29,45
60,1,4010.01252389734,1,360.679086629727,3034,308,2552,0.710423197492163,0.00137804317868627,942,792,88.9252803460867,6.46315789473684,63,419.303467541703,381,133,2053.98292607975,30,45
15,1,641.309034772108,1,1399.45348972526,2648,236,5549,0.0313570012614886,0.0022002200220022,5377,1984,14.3665395206677,137.433070866142,223,521.994051951771,1420,1404,12035.1367103005,1,60
15,1,624.702765200518,1,1415.8307879825,2713,285,5617,0.0363183193875734,0.00188893086513034,5415,1931,15.4269200259203,144.968503937008,223,470.420089190037,1425,1237,8247.03669013551,2,60
15,1,553.175112631829,1,1451.23604132712,2542,268,5595,0.0327077747989276,0.00330396475770925,5410,1950,13.4632587302345,143.653543307087,220,532.392793203393,1414,1382,8100.22800600351,3,60
15,1,633.043692461527,1,1411.59411473957,2655,282,5688,0.0321729957805907,0.00150432493418578,5503,1969,17.9506707394962,148.133858267717,239,482.706165451297,1460,1485,13818.4677564997,4,60
15,0.999994342716244,576.836861027368,1,1438.46402460606,2637,257,5689,0.030058006679557,0.00149365197908887,5506,1953,13.9875109209701,145.793893129771,223,642.838602293611,1462,1361,10730.5267512856,5,60
15,1,743.23337340181,1,1446.78905058738,2766,294,5750,0.032,0.00288288288288288,5570,2045,17.5836034416071,152.8,232,713.38195507163,1450,1393,9742.91413074117,6,60
15,1,599.990306236421,1,1461.04739663316,2615,294,5735,0.028770706190061,0.00187476565429321,5566,2032,14.9147575974327,145.496124031008,231,565.431915652304,1482,1429,11274.1654343006,7,60
15,1,634.616056398215,1,1416.44798936503,2619,265,5587,0.0343654913191337,0.00404114621601763,5401,1948,16.856871910299,139.90625,220,251.845777042994,1395,1401,8939.85605086546,8,60
15,1,633.772674862003,1,1359.52415199626,2546,292,5500,0.0296363636363636,0.00449438202247191,5329,1915,17.6932823112544,141.703125,224,247.126469053802,1428,1348,13394.8151084057,9,60
15,1,566.343286864892,1,1398.55130024473,2643,278,5560,0.027158273381295,0.00037243947858473,5408,1908,14.1235737117282,149.322834645669,233,602.968774106414,1417,1422,11503.8752262081,10,60
15,1,576.202518750388,1,1509.42332067364,2695,277,5718,0.0323539699195523,0.0021849963583394,5534,2027,12.9388402274282,147.33064516129,227,444.031919016812,1461,1301,10513.7929754499,11,60
15,1,636.184640148588,1,1439.94283180047,2629,295,5702,0.0336723956506489,0.00333086602516654,5507,1971,16.2703734054519,141.198473282443,220,638.171273839143,1469,1359,10906.6943012602,12,60
15,0.999991691350634,537.353579950719,1,1435.50511231982,2603,268,5671,0.0322694410156939,0.00407860585836114,5489,1960,12.534182889443,147.536,219,692.329367375097,1447,1136,10075.6152362893,13,60
15,1,582.889984272216,1,1469.97842142192,2598,253,5693,0.0288073072193922,0.00145985401459854,5532,1990,13.458629135209,151.571428571429,220,376.527476294958,1429,1301,7773.52827284041,14,60
15,1,728.920859675114,1,1308.90965599592,2696,288,5634,0.0353212637557686,0.0043956043956044,5432,1889,16.5088462401608,145.333333333333,228,640.713252788255,1338,1435,12002.4455130281,15,60
15,0.999958937958278,432.760353997378,1,1451.28296277135,2640,262,5556,0.0358171346292297,0.00186636804777902,5359,1893,12.011353963445,143.166666666667,215,519.924465341176,1410,1471,8391.7855585818,16,60
15,1,557.37405036702,1,1465.31220870333,2527,293,5656,0.0284653465346535,0.0018254837531946,5486,1981,12.3916040818444,137.534351145038,230,424.021538115638,1458,1293,10374.4699443498,17,60
15,1,720.415836853707,1,1428.00780492216,2859,279,5771,0.0320568359036562,0.00144665461121157,5575,2029,17.2548902800064,143.037878787879,226,569.521838003528,1437,1393,9608.36865157235,18,60
15,1,685.469330367192,1,1308.5135092884,2534,256,5496,0.0307496360989811,0.00149532710280374,5335,1887,14.3582020701005,145.84496124031,228,294.679257046298,1362,1435,12254.696120075,19,60
15,1,660.727623757169,1,1354.07510508986,2644,324,5536,0.0310693641618497,0.00597237775289287,5362,1919,15.3257199706751,143.736434108527,211,778.054351938505,1479,1392,16336.1536985406,20,60
15,1,638.950318104492,1,1426.96371433167,2687,270,5684,0.0323715693173821,0.00184638109305761,5504,1990,13.4721424130994,143.330708661417,220,634.228915393023,1438,1246,9810.45764768764,21,60
15,1,606.216524139477,1,1302.74016433184,2573,271,5443,0.030130442770531,0.0022667170381564,5276,1821,16.0511273251842,146.2,229,384.858666340182,1358,1275,14634.3724754112,22,60
15,1,803.468657690434,1,1370.3557291265,2657,289,5701,0.0324504472899491,0.00142247510668563,5520,1957,18.2479061850201,146.5859375,225,637.688918119387,1403,1228,11893.6580270072,23,60
15,1,624.427817558852,1,1484.39205177127,2615,269,5682,0.0307990144315382,0.000721240533717995,5500,2036,14.0784441410363,143.8828125,213,405.828797452523,1453,1348,9843.08477914831,24,60
15,1,710.245125192456,1,1406.41095324173,2466,278,5490,0.0298724954462659,0.00146896804994491,5320,1965,17.3893858735509,146.448,213,392.888693314994,1435,1511,13784.4314077805,25,60
15,1,530.891188414888,1,1406.79959263764,2731,263,5616,0.031517094017094,0.00226244343891403,5441,1915,12.8402765394039,147.596899224806,221,466.164800108307,1464,1259,10943.3623292683,26,60
15,1,724.453813206779,1,1435.96699363015,2712,265,5730,0.0349040139616056,0.000736377025036819,5541,2002,17.1488203995677,141.606299212598,221,568.023312344223,1495,1374,12653.5545594321,27,60
15,1,689.738708688453,1,1319.41828582692,2588,256,5493,0.0305843801201529,0.0029673590504451,5330,1861,15.0052394009555,145.2734375,221,539.386343668889,1323,1394,9860.42837700167,28,60
15,1,647.316700570607,1,1361.56599194327,2556,262,5518,0.0282711127220007,0.0018254837531946,5357,1911,12.7254603172244,142.8125,223,388.298284533218,1349,1256,6991.28861015296,29,60
15,1,595.140822799672,1,1398.31636946041,2565,258,5569,0.0317830849344586,0.00186150409530901,5404,1920,12.6822084847156,149.816,226,521.782757083789,1463,1467,10893.5476846364,30,60
21,1,542.868062844087,1,1446.7449860232,2701,251,5491,0.0795847750865052,0.00224719101123596,5109,1915,16.0621377969734,127,211,249.444281594641,1450,1453,11638.013799331,1,60
21,1,530.117022691252,1,1306.68920178668,2925,289,5578,0.0826461097167444,0.00268199233716475,5166,1791,19.0256365775521,149.176,219,536.785496723938,1399,1402,16959.7929112277,2,60
21,1,533.669983641012,1,1404.38243557185,2857,288,5683,0.0768960056308288,0.00411368735976066,5289,1910,13.8815423307559,140.3359375,228,718.830112715789,1448,1324,10138.5565741407,3,60
21,0.999998095791433,541.148804665066,1,1442.74462365975,2878,253,5776,0.0817174515235457,0.000740740740740741,5349,1966,17.2144716917636,136.129770992366,217,688.7868425595,1497,1339,11931.6840941925,4,60
21,1,519.328229537624,1,1453.95019270524,2721,288,5673,0.0735060814383924,0.00151114469210427,5308,1959,14.8143684054544,143.692913385827,213,347.018077550867,1481,1393,11047.64834538,5,60
21,0.999981911470382,418.190995007719,1,1466.44572813275,2795,259,5616,0.0728276353276353,0.00335946248600224,5259,1931,12.3925861882736,137.6,225,482.938989650476,1445,1365,7560.80961382345,6,60
21,1,488.627223814054,1,1403.72671700193,2857,318,5606,0.0806278986799857,0.00149588631264024,5201,1879,16.2591464288746,134.480916030534,220,596.453086153783,1439,1483,14582.3144062115,7,60
21,1,471.308035892208,1,1423.41777347009,2724,297,5523,0.073510773130545,0.0037593984962406,5160,1872,14.2926514639813,146.104838709677,204,434.264987997415,1433,1465,15238.3820810124,8,60
21,1,694.195134904267,1,1360.96494424141,2898,291,5662,0.0793006004945249,0.00288808664259928,5261,1919,17.9684179588446,145.1640625,220,630.480283578036,1399,1246,9532.63511040234,9,60
21,1,612.340038864057,1,1404.22869233756,3040,291,5720,0.0776223776223776,0.000368324125230203,5320,1918,16.5713904324141,146.96875,221,584.332663143914,1433,1440,13129.4633185755,10,60
21,1,673.407356135774,1,1340.29043098699,2834,339,5553,0.0794165316045381,0.00182882223847842,5150,1856,16.4056154229945,141.51968503937,216,645.867647830744,1388,1393,11945.4580252186,11,60
21,1,502.486427453362,1,1449.916273859,2613,274,5628,0.0721393034825871,0.00379939209726444,5268,1922,14.1126579955111,140.7421875,213,457.528226753571,1510,1234,10085.6342337147,12,60
21,1,520.950852743794,1,1337.50697683939,2861,280,5569,0.080984018674807,0.00341815419673376,5168,1815,16.4878070520334,143.815384615385,221,345.062452074597,1422,1345,14876.738906509,13,60
21,1,670.315462318541,1,1346.25333977213,2690,266,5553,0.075634792004322,0.00147874306839187,5184,1888,18.1293153565404,143.832061068702,215,327.647722605298,1386,1387,10331.551813607,14,60
21,1,513.602545472464,1,1481.4227908573,2830,277,5806,0.0663107130554599,0.00260999254287845,5455,1978,13.5365826074639,142.531746031746,219,378.204844851041,1494,1340,10475.5169893745,15,60
21,1,605.463044007411,1,1394.96606083797,2752,282,5499,0.0698308783415166,0.00183688464364438,5164,1929,15.4745456924627,142.5,206,349.943288830935,1424,1367,10630.0619383481,16,60
21,1,644.753624025118,1,1408.18529771721,2759,296,5607,0.0736579275905119,0.00186428038777032,5245,1941,16.7357684479818,139.891472868217,214,368.435907447713,1442,1484,13056.9822745324,17,60
21,1,574.418287872308,1,1443.15466871174,3011,307,5730,0.0792321116928447,0.00112359550561798,5320,1979,18.2707142182188,146.818897637795,215,759.229676402822,1483,1398,11944.4076821402,18,60
21,1,626.251237062369,1,1363.34605650928,2739,274,5511,0.0780257666485211,0.00149644594089039,5135,1876,17.1246953690753,143.952755905512,216,367.132684902481,1412,1401,14041.0044036843,19,60
21,1,605.63129293473,1,1409.45919464885,2835,327,5672,0.0795133991537377,0.00868935553946416,5281,1944,16.8723993502055,145.519379844961,227,557.353955616094,1448,1410,11575.9699719496,20,60
21,1,616.763941945409,1,1385.18450593267,2735,281,5579,0.0736691163290912,0.00185048112509252,5208,1923,19.3939650774061,139.87786259542,212,612.882476375359,1433,1337,11908.8955263627,21,60
21,1,429.043470988315,1,1434.75219735669,2745,275,5596,0.0750536097212294,0.00191938579654511,5224,1891,13.1726783892653,142.612403100775,209,466.119677695187,1513,1416,14144.0529900038,22,60
21,1,607.09510506054,1,1397.55926790327,2944,299,5697,0.0805687203791469,0.00109849871841816,5281,1902,16.5796313512828,136.480620155039,225,722.354548357621,1385,1330,7050.23128013762,23,60
21,1,517.046775379478,1,1463.06076236294,2757,293,5703,0.0782044537962476,0.00073882526782416,5320,1964,15.6541890735071,144.253846153846,213,456.092433000885,1489,1450,9476.27296252086,24,60
21,1,592.5586271402,1,1396.51569507206,2916,256,5710,0.0781085814360771,0.00182149362477231,5312,1931,15.66235756984,135.5,225,668.600504193646,1430,1353,9985.77165976013,25,60
21,0.999981338443489,390.444761147591,1,1498.97907344515,2828,300,5714,0.0693034651732587,0.00227617602427921,5359,1947,13.1034252327783,142.563492063492,221,634.438993079037,1482,1317,10394.4119257072,26,60
21,1,481.043743297857,1,1423.25300835941,2737,296,5562,0.0756921970514204,0.001131648434553,5191,1876,14.3803813047576,142.433070866142,218,410.116455670843,1455,1401,13223.4990857112,27,60
21,1,656.032312727287,1,1364.33735807507,2766,256,5464,0.0763177159590044,0.00290170475154153,5088,1891,17.3241144892825,146.016260162602,218,372.653693027144,1376,1321,10087.6973283416,28,60
21,1,590.229192482345,1,1438.64650939208,2937,303,5648,0.0817988668555241,0.00182083029861617,5243,1947,16.9720788909561,137.24427480916,213,564.247657887285,1470,1341,11606.9423848601,29,60
21,1,674.590611733864,1,1403.9600144078,2722,247,5555,0.0784878487848785,0.00148312940304042,5184,1956,19.2768600173852,135.462121212121,206,343.140421622858,1470,1392,14383.7572624,30,60
30,0.999964813649954,305.029299642129,1,1543.97483103502,3077,318,5727,0.167452418369129,0.002356637863315,4947,1918,16.1312961232692,134.566929133858,207,258.793835171698,1637,1567,15762.2583435386,1,60
30,1,437.157476997062,1,1387.46713137493,3074,257,5485,0.175934366453965,0.0135440180586907,4693,1817,15.7173472460494,124.976744186047,201,268.334591008346,1438,1459,14597.0193511683,2,60
30,0.999992468381933,406.046365064565,1,1418.71662516445,3207,333,5685,0.16816182937555,0.00570342205323194,4887,1833,15.532906496433,136.448818897638,212,574.392765220636,1499,1541,15016.1020363004,3,60
30,0.999994588451365,458.363508021124,1,1357.82310372851,3273,309,5655,0.172944297082228,0.00113550340651022,4849,1785,16.85941517683,142.434108527132,217,660.799727996684,1447,1467,15157.0983798377,4,60
30,1,445.356551979942,1,1441.6515829166,3453,271,5682,0.190601900739176,0.00385653682992673,4761,1815,15.0312369539608,125.209677419355,204,402.124961167382,1505,1515,15476.9130705316,5,60
30,1,469.771331156346,1,1376.25143090835,3215,306,5612,0.178011404133999,0.00266666666666667,4781,1796,16.8725396997139,131.213740458015,216,530.857163328131,1467,1453,14154.7163915276,6,60
30,0.999991103031022,474.813985880828,1,1474.6337185415,3289,297,5761,0.186425967713939,0.00308880308880309,4849,1873,15.9990585444066,127.01652892562,206,539.200167873054,1520,1315,12513.7287753755,7,60
30,1,375.540625423991,1,1443.40488521642,3261,309,5687,0.18322489889221,0.00348972469949593,4829,1808,15.9697335725683,134.443609022556,207,700.983088068854,1516,1460,14769.8898505048,8,60
30,1,456.890967300452,1,1402.67433102068,3249,291,5680,0.175528169014084,0.00194325689856199,4828,1791,16.9884732758225,136.595238095238,214,430.743112773974,1472,1403,13920.3006561852,9,60
30,0.999998913724068,443.918420521611,1,1420.38634324172,3161,276,5659,0.177946633680862,0.00077639751552795,4830,1830,15.535092822355,129.674418604651,216,604.885118501104,1514,1349,15398.5712788853,10,60
30,0.999993863839272,470.452396197458,1,1332.39289276346,3297,311,5617,0.177140822503116,0.0011454753722795,4773,1737,15.0471308965868,137.9375,217,612.307831507943,1410,1555,11858.9653658681,11,60
30,0.99998376634814,334.113002935494,1,1419.46728586907,3179,295,5581,0.1806127934062,8e-04,4754,1735,14.7162765020971,137.0703125,211,655.573165263295,1518,1571,18514.5187813346,12,60
30,0.999958164864328,332.376818740804,1,1430.47133213821,3290,291,5734,0.186083013603069,0.00342075256556442,4825,1792,12.5776649720714,137.859375,227,483.83382212953,1487,1302,13305.1899292868,13,60
30,1,438.724066019065,1,1439.48131492996,3265,340,5606,0.164109882268998,0.0018677624206201,4830,1833,16.2877832732302,137.496124031008,209,853.62897965887,1495,1481,10273.6103148452,14,60
30,1,421.645922933334,1,1495.0087093605,3095,312,5676,0.166666666666667,0.00229621125143513,4893,1898,16.665944510766,135.325581395349,209,486.804114953876,1584,1393,13317.9006596567,15,60
30,0.999990271687582,389.04638304787,1,1347.18140086296,3305,275,5644,0.190644932671864,0.00975800156128025,4750,1732,12.9493974797879,132.4609375,221,548.348499523403,1483,1486,19257.4215786193,16,60
30,0.999983336967625,371.941405547822,1,1399.60564302027,3265,342,5788,0.171043538355218,0.0104691740984878,4936,1769,14.308042878751,143.02380952381,236,811.776880973216,1511,1463,16453.855320496,17,60
30,0.999988442329785,407.198702893791,1,1387.98458368831,3088,303,5602,0.17690110674759,0.00571864277544796,4779,1765,14.7010291093179,135.34375,212,393.365594192907,1452,1590,15730.4138085564,18,60
30,1,440.32318318715,1,1433.71983118713,3340,296,5727,0.179849834119085,0.00153727901614143,4862,1846,16.7301974575319,142.553846153846,223,414.394360738993,1528,1374,11249.0461177149,19,60
30,0.999994878403688,339.562321758258,1,1367.82047675481,3119,332,5586,0.176333691371285,0.00631412786108919,4751,1705,14.6362100541222,133.274809160305,221,472.343267633506,1451,1410,15795.6565282884,20,60
30,1,424.852541795113,1,1474.13302644693,3381,290,5812,0.173090158293186,0.00187055742611298,4962,1882,17.2009133319521,140.139534883721,211,462.841760193376,1550,1382,13183.4457489454,21,60
30,0.999993250166224,396.027353109151,1,1425.18249839808,3223,302,5631,0.175990055052389,0.00269957578094871,4816,1803,15.9289483939543,129.05303030303,201,520.338947268458,1492,1401,12042.4737603754,22,60
30,0.999974529830218,446.738167475715,1,1420.62515305252,3414,344,5737,0.177618964615653,0.00715361445783132,4862,1834,15.6435090870528,137.110236220472,209,710.805642752931,1470,1458,10192.5621183365,23,60
30,1,471.944852430794,1,1431.64167627909,3214,288,5694,0.178257815244117,0.000743770918557084,4838,1845,16.6698190925643,137.84126984127,202,336.608900230969,1491,1535,15437.3756841986,24,60
30,0.999995775663633,447.851215950962,1,1374.29592967623,3416,341,5675,0.18273127753304,0.0053970701619121,4810,1762,14.6581993365606,141.928,211,952.772527768802,1504,1322,15120.058906606,25,60
30,0.999989180275055,381.187476910635,1,1404.21824324262,3266,327,5704,0.182854137447405,0.00387146728610143,4836,1761,15.2724692325824,143.087301587302,211,416.4888312737,1492,1420,17634.3993029975,26,60
30,0.99997469696881,386.398998947189,1,1382.54512087292,3189,290,5621,0.183953033268102,0.00189897455374098,4762,1772,14.7489710032157,133.4,202,373.479441629505,1442,1387,12669.8545351428,27,60
30,1,450.016841036721,1,1435.57414504199,3196,318,5640,0.174290780141844,0.00581170089112747,4819,1850,16.2914817086422,133.538461538462,219,472.175695559786,1558,1460,18735.2019029174,28,60
30,0.99999411785848,370.253407372257,1,1388.88548633252,3273,297,5589,0.182680264805869,0.00194628260023355,4728,1772,14.8520275734401,139.890625,216,487.324459144512,1506,1616,15707.2594852122,29,60
30,1,444.183573380255,1,1473.61276175881,3300,301,5706,0.169996494917631,0.0011441647597254,4907,1867,16.8630036968304,140.793650793651,209,664.88834041246,1578,1465,16337.0141324662,30,60
45,1,2874.02961181754,1,809.454380415489,3209,285,3653,0.452504790583082,0.00451467268623025,2237,1554,73.8243531019317,32.396694214876,63,358.913031527193,834,377,3270.77507434054,1,60
45,1,3048.13793097847,1,764.150109300349,3293,307,3663,0.458094458094458,0.0134315424610052,2190,1537,80.0691852501484,28.4,57,441.446764735593,788,282,1609.27312489763,2,60
45,1,2967.93379559738,1,740.804220455071,3179,326,3605,0.438280166435506,0.0123772940674349,2224,1481,73.3472947325638,35.8617886178862,96,831.442433741209,763,351,3435.7035283974,3,60
45,1,2865.98137132399,1,740.403319063072,3312,316,3665,0.429467939972715,0.00131521262604121,2289,1510,68.2148357512639,31.304,68,555.947214612786,766,357,3028.46730279823,4,60
45,1,2794.79114141567,1,790.771900297046,3418,322,3651,0.432758148452479,0.000871080139372822,2296,1548,67.3987204675602,29.5181818181818,63,802.662673498678,814,345,3819.83051367661,5,60
45,1,2943.07958354781,1,735.866013016695,3250,309,3766,0.430164630908125,0.0138228941684665,2356,1570,69.3774953898863,34.6916666666667,109,521.247740050286,778,399,2776.36898325476,6,60
45,1,3207.16833166199,1,701.872131722376,3305,335,3834,0.439227960354721,0.0054370556252614,2342,1564,75.2429361702421,35.9145299145299,101,640.517175712883,760,384,3802.5947950409,7,60
45,1,2819.27220588194,1,801.004316055369,3243,302,3691,0.43944730425359,0.00481611208406305,2315,1574,69.8132178306548,36.3875968992248,64,514.180922112705,843,371,3311.19526989115,8,60
45,1,2933.68823144404,1,798.74737865159,3335,330,3689,0.447004608294931,0.0107112253641817,2283,1571,67.9208391105973,32.3951612903226,88,647.172754140658,852,429,3421.66563959089,9,60
45,1,2996.36363749043,1,748.247510473716,3323,325,3773,0.468592631857938,0.00220361392684002,2243,1478,65.9879629070108,26.976,81,481.292020891222,776,448,4537.62654048428,10,60
45,1,2926.68331012845,1,744.164253570241,3163,313,3672,0.448529411764706,0.00562770562770563,2246,1563,76.0735677823701,33.748031496063,67,460.283021586246,770,386,2525.63770183097,11,60
45,1,2767.83789278214,1,729.690301532362,3161,286,3588,0.440078037904125,0.0122377622377622,2223,1410,69.1167004252715,36.5819672131148,82,294.417648997509,761,417,3361.55968873218,12,60
45,1,2845.24417271041,1,853.663264875928,3142,273,3764,0.439957492029756,0.00548446069469835,2338,1616,74.9874186763007,32.4959349593496,58,406.631916334513,882,294,2114.86837572743,13,60
45,1,2628.07918441072,1,768.899063527158,3062,283,3580,0.439106145251397,0.00944244604316547,2257,1486,64.5382015439322,35.5785123966942,75,580.420062685457,808,386,3130.3250172057,14,60
45,1,3168.80039718563,1,749.036028728931,3426,298,3779,0.442445091293993,0.0124326564442603,2309,1572,77.190004610874,34.2661290322581,77,713.760397696641,738,344,1626.31170577879,15,60
45,1,2832.01912537503,1,794.53820247,3241,283,3703,0.437213070483392,0.00482033304119194,2302,1551,74.8323713146998,34.7165354330709,67,624.074117355853,841,456,3664.41406249288,16,60
45,1,2934.34664218781,1,645.109808422007,3120,293,3441,0.491717523975588,0.00519112789051439,1964,1315,72.1708939283711,24.8739495798319,66,221.294613799561,718,404,3877.09554870088,17,60
45,1,2953.91404719274,1,810.854193519688,3388,293,3657,0.441618813234892,0.00743331875819851,2278,1562,70.5473278865963,28.4,71,351.841194782545,816,442,3005.2543234534,18,60
45,1,2909.17972282858,1,719.260345355895,3277,291,3520,0.45625,0.0208425720620843,2126,1477,72.6803564722123,30.32,73,461.266977928526,726,292,1663.59387892568,19,60
45,1,2871.99339902706,1,829.489765271768,3205,333,3686,0.442485078676072,0.00800711743772242,2275,1569,70.0614341193662,30.8048780487805,65,598.787422136874,853,390,2624.97497445231,20,60
45,1,2909.23792457149,1,758.266479603879,3241,325,3706,0.451430113329736,0.00264900662251656,2256,1509,65.7681262847164,28.5581395348837,103,479.308264756222,802,432,4224.84830717486,21,60
45,1,2781.86250966116,1,848.734221195146,3138,305,3773,0.429101510734164,0.00590640617900954,2371,1628,75.1415285840691,37.3125,69,271.240014418248,878,355,3331.52716462367,22,60
45,1,2813.79443348229,1,765.693357789139,3200,290,3695,0.442219215155616,0.00674460431654676,2256,1489,67.5939700079446,31.4516129032258,65,555.294627571177,756,362,2962.47940480362,23,60
45,1,2958.75016900192,1,797.608577818248,3423,281,3755,0.441810918774967,0.000854700854700855,2336,1588,71.5582895416032,30.6134453781513,74,498.390842503549,844,278,3277.3389741292,24,60
45,1,2932.92481852308,1,766.050576601798,3139,312,3657,0.452009844134536,0.00731812311665949,2231,1512,77.1334774228282,34.9769230769231,60,304.057205873761,802,350,2951.62222870544,25,60
45,1,2911.22110900343,1,762.453707822042,3288,299,3753,0.433253397282174,0.0144189991518236,2355,1515,68.9834523599124,36.7165354330709,96,464.18918044223,803,444,4266.80089724182,26,60
45,1,2809.41712123426,1,810.758703802373,3098,245,3708,0.430960086299892,0.00936663693131133,2354,1552,73.8688898563036,34.4094488188976,66,275.452481599365,840,405,2005.78461774082,27,60
45,1,2900.72278069987,1,772.568879224629,3163,309,3696,0.432088744588745,0.00712060525144637,2306,1560,81.0171603430093,38.7213114754098,61,261.817995381928,795,322,2428.37101429301,28,60
45,1,2812.7181443069,1,850.984849670805,3244,312,3730,0.420911528150134,0.00301854247520483,2399,1583,72.62595684927,36.5075757575758,92,372.650866933841,874,415,4047.55930656015,29,60
45,1,2793.14521081696,1,769.586887592813,3222,308,3666,0.43835242771413,0.00620567375886525,2280,1496,73.2558131976896,35.4108527131783,72,541.224598847434,784,452,2291.28264675723,30,60
60,1,3552.9941925165,1,486.013739705395,3207,321,3013,0.672419515433123,0.00558399255467659,1227,962,84.1263810091145,12.4237288135593,46,572.38434124793,517,175,2344.33242378949,1,60
60,1,3768.86930595611,1,434.167455657216,3130,293,2914,0.681537405628003,0.0193548387096774,1166,941,102.249400459605,15.8598130841121,31,520.521237271207,485,136,1097.26782284775,2,60
60,1,3710.62516261968,1,424.860338539833,3325,349,2851,0.706769554542266,0.0157970320727621,1095,878,88.8969205817119,11.65,40,626.618334464829,467,137,2194.59775614691,3,60
60,1,3569.16601964322,1,511.244127991148,3049,299,2976,0.67372311827957,0.0070555032925682,1279,986,96.9878894219234,16.125,40,153.239083769437,551,243,2367.55592117001,4,60
60,1,3759.71588423381,1,489.307378791664,3230,313,3041,0.672804998355804,0.00499545867393279,1264,1001,99.7147409229113,15.4462809917355,51,612.363139597924,550,218,2908.62319524087,5,60
60,1,3748.90192567274,1,514.77277564061,3113,299,2990,0.668227424749164,0.00872359963269054,1256,989,90.4608776716159,13.4827586206897,56,415.569046704794,551,173,1748.85385311443,6,60
60,1,3502.78419776055,1,458.924092340289,3093,301,2810,0.694661921708185,0.00760817879220162,1127,913,90.426491430314,11.9454545454545,25,629.131030355857,490,141,2150.97164955668,7,60
60,1,3508.02044195613,1,484.068304611005,3225,318,2879,0.675581799235846,0.00619637750238322,1206,954,98.2223552796874,14.0431034482759,45,522.88186530573,533,163,1949.59915643486,8,60
60,1,3728.68061931431,1,480.22038722232,3208,325,3061,0.677229663508657,0.00940860215053763,1262,994,82.5007261454442,12.2972972972973,48,639.81501098022,510,227,2754.18117270777,9,60
60,1,3776.22006967544,1,451.310377823082,3173,301,2855,0.683012259194396,0.0086996336996337,1144,914,98.9613411612639,11.655737704918,47,427.860398424437,501,189,2691.51592821815,10,60
60,1,3670.35318177272,1,487.919051234957,3026,307,2885,0.671750433275563,0.00993676603432701,1177,946,89.522369304841,9.86821705426357,24,349.943079453189,505,152,750.10459995803,11,60
60,1,3684.9766919508,1,414.886748701233,3085,280,2888,0.704293628808864,0.0076518412242946,1087,857,89.9750716662788,9.65811965811966,36,419.508102945994,463,136,1900.02794160273,12,60
60,1,3479.92668293875,1,500.54533155825,3239,309,2925,0.672136752136752,0.00892857142857143,1231,967,85.8748416982609,8.80487804878049,37,571.714733678531,540,204,2540.6443453979,13,60
60,1,3758.50315418871,1,537.39780259588,3160,323,2999,0.673557852617539,0.00628648405927256,1265,1022,101.400762669769,14.2016806722689,29,343.448821030113,565,203,1457.88056143366,14,60
60,1,3800.46235474935,1,500.370716233766,3231,300,3030,0.675907590759076,0.0125504258180188,1227,1045,99.5275406524369,11.7540983606557,26,495.863719179759,548,130,1601.47386223596,15,60
60,1,3580.12024718998,1,451.349219154022,3080,301,2854,0.679046951646812,0.0046189376443418,1161,923,92.3547176044938,11.2327586206897,46,527.824457081504,490,169,2373.17932263548,16,60
60,1,3493.66367160559,1,469.780455237086,2927,279,2947,0.674923651170682,0.00979934671021932,1215,960,87.4385793855644,11.864406779661,44,233.63720504116,526,277,3166.32186196988,17,60
60,1,3682.33553102317,1,523.625105029429,3191,303,3044,0.677069645203679,0.00417633410672854,1252,989,80.8450038286117,12.6324786324786,61,353.461563299238,582,223,2804.08154997931,18,60
60,1,3445.52293562332,1,525.04188474603,3142,312,3011,0.658585187645301,0.0135013501350135,1305,1006,94.876321566585,15.6349206349206,32,458.026989922946,564,251,1147.52431702325,19,60
60,1,3593.75170153516,1,488.797975560413,2953,312,2896,0.675759668508287,0.0107577174929841,1187,944,97.6236290589431,11.3728813559322,26,162.936538736268,533,149,789.054883367025,20,60
60,1,3720.62900046215,1,471.132484685391,3054,290,2854,0.680448493342677,0.0126582278481013,1158,907,94.0215340807367,11.6446280991736,37,283.258135123304,493,160,1371.13359979469,21,60
60,1,3497.67590785568,1,524.334068007071,3163,292,2896,0.68024861878453,0.00667302192564347,1225,993,87.3274205289,11.9159663865546,31,511.623048130955,571,169,1779.2532094828,22,60
60,1,3746.66389896494,1,494.114147796038,3140,307,2940,0.677891156462585,0.00619637750238322,1221,994,104.19559034571,13.327868852459,41,434.772111616565,565,164,2581.27216665325,23,60
60,1,3615.00396261423,1,505.053835377443,3180,315,2972,0.679340511440108,0.00872359963269054,1233,977,104.400643575961,17.3097345132743,30,288.540289814056,543,206,1902.68729919032,24,60
60,1,3796.39280014087,1,478.827093350256,3190,351,2945,0.689303904923599,0.00604651162790698,1176,965,94.2492117881727,8.22222222222222,38,475.544886771225,527,151,2065.64244470475,25,60
60,1,3814.0226098207,1,470.93539074632,3310,315,3028,0.684280052840158,0.00317748524738992,1214,970,94.4887080126104,13.1818181818182,48,530.800730403118,517,189,2255.48990759862,26,60
60,1,3760.73705586625,1,450.73527631906,3240,319,2974,0.693342299932751,0.0163487738419619,1163,946,95.9859752419067,11.8653846153846,23,491.127436196274,472,146,845.507248144915,27,60
60,1,3543.76766324634,1,532.939584677628,3204,306,3116,0.657573812580231,0.00824553366926248,1330,1044,86.3234172004723,13.5897435897436,40,665.264603212648,573,201,1066.81082775294,28,60
60,1,3730.16292838949,1,561.256828196396,3198,312,3052,0.665465268676278,0.0058983666061706,1309,1080,97.1487219713745,13.1071428571429,35,473.389457519065,621,167,1914.56716354203,29,60
60,1,3574.86885766344,1,492.166825469677,3005,282,2951,0.665198237885463,0.00647548566142461,1247,947,75.4475910648912,13.7641509433962,73,448.737988220065,539,192,3352.93097164047,30,60
15,0.99999027257273,595.791206614671,1,1373.43917362715,2756,273,5694,0.033544081489287,0.00224299065420561,5506,1959,15.7372064148521,143.90625,218,487.681010838813,1454,1452,14121.4930956056,1,90
15,0.999995517936944,607.18918646595,1,1362.25995870175,2617,278,5578,0.0317318035138042,0.0018698578908003,5391,1917,13.3245190479905,147.4140625,212,463.887347041273,1404,1401,13717.6041089406,2,90
15,1,790.432923380489,1,1299.68997099232,2657,258,5486,0.0311702515493985,0.0033003300330033,5309,1883,16.5597832923027,148.33606557377,224,403.981578674235,1361,1443,12522.7558248512,3,90
15,0.999988287992025,667.444672533683,1,1309.58292842997,2597,276,5508,0.0332244008714597,0.00222882615156018,5330,1876,13.346502968686,141.488549618321,224,487.180193862944,1324,1435,11199.6244654652,4,90
15,1,611.631502117019,1,1451.63433716899,2702,307,5696,0.0305477528089888,0.00146520146520147,5516,1994,13.1872255126042,142.886363636364,231,721.719561436389,1450,1348,8352.94408413977,5,90
15,0.999993624473937,581.37868998958,1,1438.89538190813,2692,320,5814,0.0309597523219814,0.002916514764856,5632,1992,12.2217271603426,154.095238095238,223,680.386338860902,1445,1364,10607.2842883882,6,90
15,0.999997329471317,636.271579291739,1,1270.23610064258,2614,291,5495,0.0274795268425842,0.00188821752265861,5348,1863,12.3171145009119,144.434108527132,226,511.464092463301,1395,1430,17670.039184974,7,90
15,0.999995248927431,764.26765986625,1,1322.53189831245,2673,315,5554,0.0331292761973353,0.0039454806312769,5361,1902,15.6667095597925,143.123076923077,230,803.377979349237,1358,1346,13081.7187221123,8,90
15,0.999988047034449,578.262825405302,1,1487.71836073394,2684,253,5714,0.0355267763388169,0.00406053894425987,5520,2015,13.0315205731942,148.6484375,229,378.106606903026,1483,1424,10922.0555550013,9,90
15,1,696.924588170365,1,1290.89585332092,2583,274,5580,0.0354838709677419,0.000375657400450789,5384,1882,15.6729158738403,143.575757575758,220,661.040856041258,1378,1433,17229.1288772808,10,90
15,0.999987944648343,550.161723975263,1,1407.12934741627,2572,257,5592,0.0300429184549356,0.00228136882129278,5426,1937,12.917307318504,144.147286821705,221,616.175083252192,1478,1521,17167.3619567954,11,90
15,0.999974595629252,649.347458179805,1,1439.87574945921,2733,270,5695,0.0333625987708516,0.00369139904023625,5511,1998,12.3772459502875,139.751937984496,219,668.701037260633,1452,1442,12374.5421030305,12,90
15,1,648.242782945382,1,1462.73677412179,2602,270,5609,0.0262078801925477,0.00327510917030568,5467,2031,14.0468533047442,139.769230769231,217,743.586634985296,1435,1446,10797.3839424839,13,90
15,1,655.565526680274,1,1385.35113935983,2508,277,5555,0.0298829882988299,0.00148038490007402,5386,1953,11.9339914099973,149.185483870968,215,227.139721872134,1400,1389,9697.99627358765,14,90
15,1,670.788787135975,1,1392.39790638119,2625,266,5756,0.0276233495482974,0.0043731778425656,5603,2004,13.0526872971721,148.161538461538,224,508.788332577338,1439,1443,12563.6287523597,15,90
15,0.999993630572969,484.853621344268,1,1351.74343791515,2649,223,5519,0.036419641239355,0.00232919254658385,5321,1861,12.5311837615072,144.279069767442,222,442.517409406957,1416,1396,15067.741296965,16,90
15,0.999942703676133,446.095407650451,1,1422.04308484084,2453,275,5554,0.0295282679150162,0.00189897455374098,5398,1911,12.1804406946354,145.269230769231,225,512.64377198152,1456,1398,12153.463927977,17,90
15,0.999987292969889,608.543390187318,1,1365.58174845255,2738,289,5592,0.034692417739628,0.00145932141554177,5407,1888,11.9648016655085,148.5859375,230,686.606869283839,1322,1350,9094.26401474382,18,90
15,0.999996131995723,763.148454344362,1,1355.26076719846,2690,268,5575,0.0337219730941704,0.00183755972069092,5393,1986,15.2208043401619,150.306451612903,218,541.127786361841,1404,1353,12265.6815444097,19,90
15,1,537.604942217411,1,1407.67496349119,2589,288,5735,0.0327811682650392,0.005906238464378,5538,1944,10.7058031991791,147.850393700787,223,552.803058312931,1427,1335,11601.1107998407,20,90
15,0.999919572275724,442.348345948215,1,1410.39362044636,2532,266,5508,0.032316630355846,0.00194552529182879,5330,1840,13.5700514359987,142.976744186047,221,376.801338445393,1459,1321,14626.2315048735,21,90
15,1,671.396239710206,1,1312.75679135222,2659,264,5590,0.0325581395348837,0.00328947368421053,5414,1883,13.9284107050151,149.412698412698,216,499.053391664843,1334,1242,10865.5835475448,22,90
15,0.999993458147591,586.357321542575,1,1290.67563105258,2593,242,5555,0.0315031503150315,0.00185459940652819,5380,1834,12.8173006813375,139.007751937984,221,622.701236386471,1337,1381,13981.6349453641,23,90
15,1,646.794703729957,1,1413.83513990909,2703,276,5700,0.0326315789473684,0.00072463768115942,5517,1997,14.8489406629432,149.483870967742,215,606.586116950206,1407,1483,10338.6140598551,24,90
15,1,706.329826034159,1,1335.0811676582,2470,240,5453,0.0339262791124152,0.00146788990825688,5277,1893,13.8776191819952,134.392307692308,214,293.774000046913,1356,1511,12131.6593954814,25,90
15,1,618.766431640639,1,1416.15799488426,2731,277,5671,0.0342091341915006,0.00217627856365615,5492,1994,12.4453834726731,144.968992248062,222,516.792028626692,1401,1390,9469.962795248,26,90
15,0.999993060427613,696.545021509126,1,1365.58815589915,2635,293,5624,0.0327169274537696,0.000726480203414457,5450,1955,15.5081333745631,149.68992248062,220,871.932389394515,1426,1419,13852.4957973038,27,90
15,1,708.309878841222,1,1338.7724126177,2731,263,5540,0.0306859205776173,0.00468975468975469,5374,1913,14.6324937303484,138.763358778626,217,645.945719017583,1374,1574,12760.524584034,28,90
15,0.999998572074748,601.070744939261,1,1454.2530985898,2624,296,5763,0.0288044421308346,0.00184297825285662,5605,2016,12.9613731257868,150.674418604651,232,600.178031118083,1506,1340,11929.48895023,29,90
15,0.999992642817174,734.157657077628,1,1361.11053659668,2592,276,5614,0.0288564303526897,0.00142602495543672,5450,1960,13.4306070210333,149.816,214,549.593210519684,1382,1344,10258.7196588293,30,90
21,0.999918659440378,407.343677523456,1,1458.96383532304,2903,263,5774,0.0753377208174576,0.00227445034116755,5386,1930,11.0762487791373,139.854961832061,219,674.897015921553,1496,1355,12592.6894550232,1,90
21,0.999989294775111,537.404844598076,1,1366.15081707128,2866,316,5579,0.0779709625380893,0.00260901975400671,5185,1863,13.2461100029749,142.595238095238,215,511.508439227044,1390,1461,11518.803295777,2,90
21,0.999937079139902,485.600881964261,1,1403.08278416396,2844,278,5611,0.0736054179290679,0.00490936555891239,5233,1887,11.725490934501,144.76,229,669.126900958551,1444,1370,13764.6030686997,3,90
21,0.999945225122219,463.129292316093,1,1505.4661926362,2749,265,5670,0.07336860670194,0.000755287009063444,5305,1996,13.6129876297317,146.258064516129,221,385.283533357452,1547,1425,13294.4241553942,4,90
21,0.999999071363116,560.968530932102,1,1430.71547043961,3051,292,5843,0.0830053054937532,0.0014765596160945,5410,1995,13.7215564453284,148.32,224,802.344812136622,1459,1366,11786.5680492939,5,90
21,0.999951009803518,508.494621363582,1,1447.47477507555,2932,273,5758,0.073463007988885,0.00341426403641882,5396,1971,13.3941131821214,146.188976377953,215,524.724391615229,1492,1380,11558.4815026049,6,90
21,1,702.897461252835,1,1253.37730566874,2946,297,5567,0.0758038440811927,0.00145137880986938,5172,1815,15.5669836520953,140.883720930233,211,655.884500672056,1294,1450,14442.2476803418,7,90
21,1,499.712499289748,1,1419.10483167094,2878,311,5617,0.0760192273455581,0.00372856077554064,5228,1919,13.4108299680761,145.51968503937,215,409.897241038358,1443,1406,12638.534931948,8,90
21,0.999999999999999,566.248748025217,1,1493.82850497442,2964,301,5826,0.07174733951253,0.00444444444444444,5463,2001,13.0275148337362,141.389312977099,216,804.842173459049,1507,1412,9659.11700233783,9,90
21,0.999945628259898,437.261301421408,1,1408.02321127888,2814,281,5644,0.0797306874557052,0.000380228136882129,5253,1865,11.9788563011176,148.310606060606,230,529.428292449786,1447,1293,14402.873454299,10,90
21,1,604.342732228752,1,1488.88988793245,2926,291,5835,0.067866323907455,0.00181884321571481,5479,2054,13.8181317154869,142.201550387597,219,463.986107786688,1508,1477,10103.5171810351,11,90
21,1,562.186960742375,1,1355.84090031676,2874,289,5663,0.0803461063040791,0.00371609067261241,5250,1877,13.7617101232479,141.937984496124,213,503.039061495162,1424,1510,11444.6282138168,12,90
21,0.999992575453198,550.470584091846,1,1392.05241603911,2891,269,5730,0.0778359511343805,0.00372717107715244,5337,1910,12.8744902873677,143.707692307692,230,677.616779450336,1460,1439,13231.9268425743,13,90
21,0.999913044286236,404.891239374258,1,1457.35776485606,2707,264,5687,0.0750835238262704,0.00151000377500944,5316,1913,13.041771400109,145.596899224806,221,571.676332253087,1472,1344,10575.8916321011,14,90
21,0.999983920780955,548.482598326288,1,1446.25947549105,2963,309,5658,0.0737009544008484,0.00257447591026113,5292,1943,11.8632278596818,147.9921875,224,684.57253511272,1474,1453,11936.3232489852,15,90
21,0.99999639106819,504.14272568948,1,1356.14719440957,2810,253,5528,0.0833936324167873,0.00189393939393939,5134,1867,12.9524335525415,147.173228346457,216,498.616573034508,1455,1403,13144.5026707976,16,90
21,0.99998268445939,495.457458998599,1,1483.95220214435,2748,326,5685,0.0724714160070361,0.00186846038863976,5311,1975,13.3882191885293,140.015625,227,642.080105211419,1522,1346,14488.3157648509,17,90
21,0.999996982769861,644.230720879515,1,1372.78906107552,2998,298,5661,0.0844373785550256,0.00111152278621712,5231,1921,17.6216709077988,138.161538461538,219,657.864122681673,1436,1356,14788.1041261994,18,90
21,0.999992475712844,557.369938489876,1,1443.99088189152,2801,289,5684,0.0723082336382829,0.00187758167480285,5324,1965,14.4589977830878,137.761538461538,219,495.427268835133,1518,1523,15800.8205183651,19,90
21,0.999993479919645,574.994284910476,1,1356.47492103365,2872,292,5549,0.0677599567489638,0.00895522388059702,5216,1892,15.7289924902049,147.21875,217,690.897018938389,1394,1326,12007.4793795968,20,90
21,0.999956060547079,413.167621723304,1,1479.8541495892,2896,305,5746,0.0683954054994779,0.0018811136192626,5397,1948,10.1366129788982,144.5546875,222,611.680739082685,1508,1413,10885.944705807,21,90
21,1,534.784303563834,1,1405.26344803051,2845,298,5581,0.0786597383981365,0.00187195806813927,5195,1910,14.4423385446837,141.169230769231,214,671.645537247517,1474,1494,16498.3859712071,22,90
21,0.999987425146457,627.822776614321,1,1395.22726808989,2807,302,5691,0.0799507995079951,0.00108381502890173,5294,1939,14.029835082644,141.357142857143,212,617.869842873552,1415,1370,11702.5444397643,23,90
21,0.999995113143135,585.622282205233,1,1365.07447475634,2854,285,5651,0.0773314457618121,0.000744601638123604,5257,1906,14.7293948785618,143.576923076923,220,414.210951697105,1427,1393,13559.7118414293,24,90
21,1,630.402047142064,1,1475.02053812466,2943,291,5785,0.0743301642178047,0.00182615047479912,5403,2027,14.7732035728313,148.816,216,743.793524072093,1509,1581,12451.963337665,25,90
21,0.999981398303894,572.144653967908,1,1363.69692065701,2748,269,5614,0.0780192376202351,0.00225818592397441,5225,1883,14.8663987295526,141.206106870229,215,331.35827988432,1418,1354,12823.0193943094,26,90
21,0.999994052068511,635.405209856572,1,1300.12214333613,2692,268,5540,0.0790613718411552,0.0018875047187618,5158,1835,15.1624771802268,144.785714285714,217,313.367212282873,1429,1381,16690.803555932,27,90
21,0.999976504219339,477.552625832558,1,1475.3443175807,2840,289,5655,0.0670203359858532,0.00297729810197246,5323,1989,12.5502588883113,138.914728682171,207,510.27480864772,1490,1369,11120.7293647035,28,90
21,0.9998553408176,353.450981729933,1,1448.27835487094,2775,271,5706,0.0737819838766211,0.0019546520719312,5330,1885,10.5504266387665,140.530769230769,223,449.508524645092,1531,1353,10606.7057132379,29,90
21,0.999985373090849,489.88089056425,1,1382.64794130156,2797,278,5551,0.0715186452891371,0.00112065745237206,5200,1876,11.8794307139055,142.238095238095,213,707.482263921159,1426,1243,10546.3355339848,30,90
30,0.999999999999999,523.933509378816,1,1423.08447418857,3293,339,5844,0.182922655715264,0.0022238695329874,4942,1905,18.3085919746978,140.150793650794,204,421.1644178566,1525,1514,13749.9324846205,1,90
30,0.999984279140163,405.706787166604,1,1344.37708784942,3318,301,5675,0.180088105726872,0.0112612612612613,4825,1781,14.4826555007148,133.923076923077,214,543.919074641714,1437,1337,17072.4487485826,2,90
30,0.999878203583634,300.89244657193,1,1451.264826493,3207,317,5670,0.171957671957672,0.00625978090766823,4846,1814,13.4179595665676,137.102362204724,215,494.312596015491,1548,1511,12899.4272412972,3,90
30,0.999955134647555,366.512152428461,1,1416.73831255311,3330,275,5839,0.183593081007022,0.00849748937813828,4946,1835,14.7410163319381,135.992248062016,213,427.9672250518,1543,1493,14999.5766211935,4,90
30,0.999959962160898,342.231916118178,1,1343.65103644868,3310,300,5617,0.18889086701086,0.00309358081979892,4724,1735,14.8245692226744,141.369230769231,215,356.629678959147,1455,1537,17809.0290134204,5,90
30,0.999958827967952,445.015728440775,1,1477.35561602356,3426,315,5720,0.178321678321678,0.00269334359368988,4874,1893,18.5978393981537,137.3828125,208,579.585044795888,1569,1412,16029.3370097721,6,90
30,0.999941243495443,431.206673781439,1,1409.65586059805,3301,306,5756,0.182592077831828,0.00379218809252939,4865,1826,17.1517889088275,140.241935483871,208,445.700938495043,1492,1474,16068.0209792665,7,90
30,0.999997026730558,394.136249581702,1,1389.33886900745,3321,321,5725,0.18061135371179,0.00660194174757282,4870,1792,14.5549360141708,135.325581395349,202,557.885170741931,1505,1686,17628.8875710597,8,90
30,0.999936358300045,366.360587612144,1,1479.88155352701,3222,283,5787,0.183169172282703,0.00188253012048193,4916,1886,14.2005553409122,136.53125,212,384.965480691095,1558,1502,15580.6861556919,9,90
30,0.999623765145971,253.260226368847,1,1527.21164867254,3373,290,5831,0.185731435431315,0.000778816199376947,4921,1871,12.0748209868579,137.5703125,210,689.905519924912,1591,1545,15406.8980639596,10,90
30,1,451.984452794472,1,1387.20073466809,3217,315,5807,0.174616841742724,0.00113507377979569,4957,1829,18.6120898788532,132.648854961832,210,457.277393039798,1464,1449,15905.5161839962,11,90
30,0.999997097664629,470.195074652907,1,1511.90669846981,3348,313,5752,0.167767732962448,0.000760456273764259,4947,1954,17.6623395853755,139.874015748031,209,633.524193123223,1573,1499,14001.9569119261,12,90
30,0.999905397693921,314.968402562201,1,1397.17241067157,3326,310,5693,0.182153521868962,0.00234283483014447,4806,1763,15.0644179733015,138.40157480315,230,479.826567550865,1498,1585,17773.2349147995,13,90
30,1,558.436178620949,1,1472.94376186155,3288,340,5803,0.173875581595726,0.00185597624350408,4979,1927,18.4125078775434,137.876923076923,209,483.670708340949,1548,1491,13175.921876175,14,90
30,0.999831915867847,290.867481842833,1,1271.25215274731,3252,280,5588,0.186471009305655,0.00881057268722467,4712,1666,15.5479773622056,135.06976744186,213,577.193513675799,1456,1534,21618.139231753,15,90
30,0.999970230807717,355.176275611214,1,1373.90634311481,3289,328,5693,0.174073423502547,0.00778210116731518,4879,1775,14.013139157412,139.11811023622,208,606.430946592583,1480,1423,15707.2003898054,16,90
30,0.999949157800879,359.426540272221,1,1342.54151969587,3203,295,5488,0.167456268221574,0.0138888888888889,4725,1744,11.2855441155315,134.3125,225,601.872758731069,1459,1587,15724.8642056907,17,90
30,0.999968733164548,393.924512089518,1,1363.68341731509,3283,306,5723,0.182946007338808,0.0107320812571867,4819,1773,15.1110461406624,131.81679389313,205,518.144730309832,1469,1563,13513.7665533633,18,90
30,0.999940246287892,421.375743189452,1,1356.40442835072,3307,300,5710,0.176882661996497,0.00152149106124002,4851,1782,14.9082636623023,135.453125,215,627.65913920616,1480,1565,17461.9177886322,19,90
30,0.999994776674585,436.95427993541,1,1341.88273918058,3192,263,5677,0.180729258411133,0.00935278713056491,4813,1808,15.7220204409022,135.870229007634,211,358.472483479688,1479,1498,16573.9640079266,20,90
30,0.999951762265451,352.340549747568,1,1502.35000833841,3317,325,5712,0.174019607843137,0.0019040365575019,4881,1893,14.7908883521973,137.618320610687,204,401.976607819249,1569,1460,15408.8271328213,21,90
30,0.999997632324907,474.25033086154,1,1462.08789065517,3051,335,5719,0.172582619339045,0.00377358490566038,4916,1906,17.0505166008636,139.072,207,724.590461055276,1592,1530,16620.1411741696,22,90
30,0.999993030518504,486.402862853982,1,1243.28491591186,3128,291,5572,0.176238334529792,0.00736919675755343,4741,1699,16.4057835909712,137.960317460317,211,458.469627592507,1351,1454,12907.3740505737,23,90
30,0.999570456435851,236.351111787989,1,1452.30413527018,3071,302,5537,0.174643308650894,0.000796812749003984,4741,1817,12.748905018443,135.503816793893,206,358.24414521543,1565,1451,15752.1407156172,24,90
30,0.999944882892922,411.933256238361,1,1255.27592473217,3247,307,5603,0.185257897554881,0.00398089171974522,4730,1681,15.4451134327798,143.031496062992,207,711.842031857906,1461,1658,21212.635071781,25,90
30,0.999909593117347,303.765206986857,1,1511.50451338699,3335,323,5800,0.175862068965517,0.00196540880503145,4967,1889,16.3583891872981,145.252032520325,204,579.295979324456,1626,1434,17657.6949223473,26,90
30,0.999856016398626,332.610394074037,1,1464.27290758358,3333,308,5761,0.175837528206909,0.0022883295194508,4908,1841,15.3511609607729,141.72,213,604.803632120999,1547,1440,15486.4812935204,27,90
30,0.999968843412831,292.41753077034,1,1302.74621594803,3120,295,5516,0.179840464104424,0.00485044462409054,4680,1664,15.359361627034,131.503816793893,204,510.979823690816,1437,1575,20161.8934209409,28,90
30,0.999809535825374,284.401498102924,1,1438.43566592446,3362,295,5627,0.188022036609206,0.0030154542027893,4737,1766,13.5052147823101,131.757575757576,209,307.251974272942,1452,1468,14140.1579431816,29,90
30,0.999957758649326,400.2703621011,1,1329.94272388381,3160,262,5555,0.174797479747975,0.00118436636399526,4737,1760,17.3937352702401,140.233870967742,206,379.481650302543,1459,1443,18962.8597390685,30,90
45,1,1703.06788001,1,1084.74973307117,3460,302,4548,0.387423043095866,0.00997091815538014,3088,1703,33.6992709680912,53.856,140,514.758388818637,1174,944,8503.0953837433,1,90
45,1,2123.60549643306,1,978.869349661868,3633,314,4396,0.424021838034577,0.0154230929553981,2824,1694,49.9417021014465,56.6875,91,510.772303706328,1034,615,2553.4044660592,2,90
45,1,1758.56682160778,1,1051.7458553331,3600,284,4508,0.394631765749778,0.0148883374689826,3016,1692,38.266212303859,63.6953125,130,466.599024788185,1122,697,6742.48761107736,3,90
45,0.999999999999999,1973.73744090373,1,1102.07884096294,3620,296,4636,0.413503019844694,0.00617030028794735,3061,1746,40.4774786657135,50.0681818181818,136,419.800369518806,1162,787,7040.97768927924,4,90
45,0.999999999999999,1754.46073790992,1,1146.13733399222,3528,284,4674,0.385323063756953,0.0036525974025974,3193,1831,40.2061690078526,60.1015625,115,367.766452261526,1219,863,7355.40693316673,5,90
45,1,1883.96609086197,1,1047.69403410851,3553,294,4511,0.398802926180448,0.0154723127035831,3038,1714,44.0618903040044,62.4656488549618,135,319.706589812964,1116,812,4444.41968552974,6,90
45,0.999999999999999,2034.42199637949,1,992.210046072547,3500,327,4430,0.41038374717833,0.0146708961141951,2910,1630,42.7609902137231,58.8114754098361,146,526.338398183663,1025,687,5420.76615419069,7,90
45,1,1774.189746584,1,1066.61541218108,3634,283,4493,0.408190518584465,0.00897052541648868,2974,1679,40.9433022850469,51.4586466165414,107,523.026512896676,1100,712,5294.97860564578,8,90
45,1,1833.52692355907,1,1088.32945964569,3410,299,4501,0.406131970673184,0.012220817530552,2993,1749,44.1770487791637,62.5193798449612,112,339.777425100567,1141,594,5361.29977046348,9,90
45,1,1867.42473956842,1,1068.41446846387,3634,327,4569,0.408185598599256,0.00378628523348759,2999,1680,43.2049040646702,56.6166666666667,134,646.713413975651,1133,898,7854.05992627284,10,90
45,1,2028.54128815698,1,1090.46513876073,3555,314,4491,0.406368292139835,0.00848176420695505,2967,1732,47.5353370048311,60.7795275590551,103,649.987540208567,1132,569,3282.31145647541,11,90
45,1,1852.32334703452,1,1031.51493646696,3490,295,4441,0.410267957667192,0.00420875420875421,2916,1658,40.0760701184124,52.6031746031746,104,549.487284684492,1101,732,6467.50439789223,12,90
45,1,1746.28433398098,1,1203.64010255644,3685,327,4767,0.386616320537025,0.005,3238,1848,40.8427062166284,70.2015503875969,121,662.03550274088,1217,843,3815.43046513419,13,90
45,1,1717.27104612779,1,1082.54986252917,3407,321,4552,0.398066783831283,0.0112970711297071,3084,1721,36.9532425997645,57.6153846153846,159,390.096546138421,1174,966,9846.34490654977,14,90
45,1,2121.4058984166,1,969.304298180185,3547,330,4516,0.410097431355182,0.0125709651257097,2948,1713,50.9664216958192,65.7723577235772,130,654.05535144018,1041,769,5795.24709301501,15,90
45,1,1722.77766684073,1,1070.62954296971,3484,328,4495,0.404449388209121,0.00639658848614072,3004,1670,41.510644256854,62.763358778626,112,542.047690207731,1127,796,6987.70568233377,16,90
45,1,1658.05867666304,1,1121.04407656309,3547,303,4614,0.393368010403121,0.010989010989011,3133,1723,36.421508613182,61.84375,126,518.247105570828,1163,918,6593.25283190839,17,90
45,1,1836.71312668597,1,1107.88222790214,3534,307,4579,0.407075780738152,0.00778369520688243,3055,1726,36.7470812284128,56.1889763779528,123,333.611749493638,1154,808,6389.74299257492,18,90
45,1,1652.73909338025,1,1129.262864619,3518,258,4573,0.392302645965449,0.0198563582594001,3098,1759,38.9412869076126,62.5546875,113,393.736178941192,1172,797,3756.48556008193,19,90
45,1,1793.34789601065,1,1081.43481002036,3708,329,4582,0.396333478830205,0.00636672325976231,3080,1739,40.0172453348988,71.5737704918033,133,528.027673509946,1176,737,7851.0557556125,20,90
45,1,1948.36527094705,1,1000.69866789719,3698,319,4504,0.400310834813499,0.00244798041615667,2998,1668,42.2354166624255,59.4435483870968,160,571.667759700463,1102,757,8410.87878332013,21,90
45,1,1786.96349732572,1,1083.46692571862,3576,317,4513,0.401285176157766,0.00965406275140788,2992,1691,45.394018795681,70.7235772357724,116,377.381909664631,1131,726,4581.88986475656,22,90
45,1,1713.31996893063,1,1062.70812678412,3364,256,4443,0.41503488633806,0.00891341256366723,2915,1651,35.8957568097603,56.4227642276423,130,307.328910231715,1105,724,6247.1173788212,23,90
45,1,2071.888670377,1,1078.97099507404,3734,336,4645,0.409041980624327,0.00119760479041916,3074,1763,46.5930377315308,56.088,135,580.925612624209,1142,728,8552.3172887964,24,90
45,1,1738.37152532085,1,1140.49411600318,3444,266,4558,0.386134269416411,0.00255863539445629,3113,1790,44.549051780911,65.4651162790698,119,350.670273291041,1211,705,6652.41310935352,25,90
45,1,1668.4414425267,1,1127.41804841415,3647,343,4623,0.401038286826736,0.0117302052785924,3120,1715,40.7448702407494,68.6178861788618,120,566.137900576649,1182,874,5754.87794537272,26,90
45,1,2045.51417054988,1,1066.10320365757,3742,328,4596,0.409921671018277,0.0139230139230139,3023,1801,52.3957757839718,67.3125,115,819.860990472304,1120,605,4021.34441967158,27,90
45,1,1765.38887517498,1,1102.91432589999,3545,288,4488,0.401292335115865,0.0081580077286389,2974,1718,42.86324836966,57.6356589147287,106,479.330417453599,1128,684,3903.51279189528,28,90
45,1,1622.41470463803,1,1122.26753767728,3374,306,4536,0.399470899470899,0.00545530843474612,3063,1701,35.4211984351008,54.5681818181818,124,147.066191417197,1182,866,6038.0204640236,29,90
45,1,1798.73768147521,1,1070.2527759768,3598,328,4631,0.402072986396027,0.00590468156895825,3109,1754,43.7881118214967,65.2307692307692,123,637.448471869407,1149,817,6037.39911529195,30,90
60,1,3014.42358941894,1,710.68300123219,3469,304,3600,0.6325,0.00519480519480519,1711,1242,62.8658544371364,21.2773109243697,83,394.675754049609,768,374,4899.65018101679,1,90
60,1,3187.59627291008,1,655.525506253983,3574,320,3503,0.643448472737653,0.0135786246167324,1601,1201,79.1229196272455,21.2416666666667,37,539.935545132599,700,358,1283.27179774479,2,90
60,1,2904.760318535,1,654.208786204639,3270,300,3419,0.630301257677684,0.0117064385411977,1614,1182,71.0557813558971,19.595041322314,47,121.593059443341,717,325,2925.36021119002,3,90
60,1,2926.10192294722,1,674.267054430755,3230,282,3472,0.631624423963134,0.00870760769935839,1638,1175,77.2748094039137,24.6311475409836,61,327.048882205064,738,374,3429.97813100399,4,90
60,1,3092.89610823483,1,698.753302347765,3530,316,3512,0.643507972665148,0.00505282498851631,1607,1205,71.3702335911553,19.6031746031746,59,451.639986096334,774,276,4093.38538824193,5,90
60,0.999999999999999,3066.56316053672,1,660.831063646817,3432,316,3537,0.634153237206672,0.0145888594164456,1616,1163,70.3362397204586,22.0578512396694,82,329.68984575106,709,323,2505.53644225307,6,90
60,1,3059.73480109408,1,661.062300539288,3470,312,3485,0.642754662840746,0.00812641083521445,1572,1180,71.6198161124734,19.8625954198473,49,303.140813285611,699,259,2576.95676461289,7,90
60,1,2985.33365234071,1,602.919134974564,3442,311,3406,0.642395772166765,0.00675067506750675,1523,1055,63.6252381927951,19.515873015873,67,373.239573598804,659,397,3033.77732492702,8,90
60,0.999999999999999,3149.93596370685,1,708.715118155625,3455,292,3527,0.63283243549759,0.0118838028169014,1665,1217,74.617991306403,22.3858267716535,53,465.939215325909,762,365,3126.02715209589,9,90
60,1,2855.17060758994,1,689.805173761557,3412,335,3467,0.63801557542544,0.0100090991810737,1623,1134,62.5374707508485,24.4695652173913,60,614.900968727403,737,425,3967.2967364456,10,90
60,1,3003.98482365195,1,649.035375430829,3344,326,3358,0.653365098272781,0.0105795768169273,1501,1107,69.5867029409743,18.304347826087,44,405.389828705804,671,325,1965.13995892893,11,90
60,1,2994.83002420758,1,686.366267780465,3380,309,3485,0.652797704447633,0.00792540792540793,1614,1192,75.373002968169,26.032,43,217.630415795727,757,360,3012.75956000029,12,90
60,1,2891.93848543991,1,660.64386655518,3411,326,3478,0.625071880391029,0.0067842605156038,1687,1216,67.1607826806896,22.0403225806452,59,433.872308099738,734,438,4420.31950873875,13,90
60,1,2996.02610388715,1,690.125633797976,3445,303,3500,0.623142857142857,0.00629496402877698,1672,1182,66.9761564211356,22.6585365853659,53,658.234452064878,735,419,3274.16487361883,14,90
60,1,2912.39677617283,1,688.883637491365,3419,316,3510,0.646153846153846,0.010677808727948,1620,1218,71.7668023509435,20.176,44,452.771791813671,766,306,2827.51288239367,15,90
60,1,3232.83052929669,1,623.445257160572,3603,320,3464,0.663394919168591,0.00602928509905254,1535,1125,71.6449574809649,19.2844036697248,65,705.272393581097,665,353,3965.45198344083,16,90
60,1,3029.80303670597,1,779.992850609532,3437,346,3672,0.624183006535948,0.0108979947689625,1779,1307,69.0815379727976,23.656,79,440.043337690205,827,378,3916.46037254489,17,90
60,1,2773.52505067251,1,660.118444166069,3312,279,3409,0.635083602229393,0.00784494693124135,1591,1137,65.0579026091568,20.25,78,361.272544574952,705,366,4274.23354385269,18,90
60,1,2957.02394499238,1,681.037209029941,3399,280,3425,0.638248175182482,0.00961098398169336,1591,1148,68.9026599038607,19.725,42,515.189823308896,719,292,2414.11839126077,19,90
60,1,3041.48424130478,1,689.670968538314,3350,328,3401,0.639811820052926,0.00852017937219731,1576,1165,78.8807853022146,25.088,44,593.930172822034,706,358,1800.98848557718,20,90
60,0.999999999999999,3105.76040092191,1,624.278860252167,3449,307,3444,0.644599303135889,0.0090293453724605,1570,1158,80.3452650106808,21.1238938053097,55,339.074875214883,675,299,2584.67703558841,21,90
60,1,3088.72317148891,1,668.712926531084,3423,310,3604,0.640122086570477,0.00852017937219731,1651,1205,71.6057286398666,21.15625,53,448.169733790356,720,331,3001.91437530526,22,90
60,1,2898.60040432884,1,793.93365625159,3362,296,3630,0.614876033057851,0.0093167701863354,1773,1295,71.8264672432924,29.0854700854701,48,404.786750323219,813,367,3141.54566754024,23,90
60,1,2884.02010595956,1,720.183813409106,3232,252,3529,0.624822896004534,0.00879120879120879,1719,1250,77.7179580428265,27.3983739837398,48,281.214539511514,763,324,2321.19526840879,24,90
60,1,3142.72460421587,1,725.345331614937,3501,336,3572,0.638577827547592,0.00984167736414206,1707,1254,64.0387539778956,19.8166666666667,67,666.608542366266,759,382,3904.21094401725,25,90
60,1,3073.29719960353,1,590.001909824821,3456,302,3381,0.642117716651878,0.0176252319109462,1538,1108,61.4889253494341,18.2564102564103,83,539.227122116561,694,343,5902.3297946349,26,90
60,1,3032.18200182101,1,641.468928840642,3569,290,3447,0.648389904264578,0.0150709219858156,1565,1164,76.2157188546081,19.6083333333333,53,495.5018958697,670,322,2428.28396869096,27,90
60,1,2908.69762887711,1,754.361629917252,3297,284,3481,0.612754955472565,0.0140969162995595,1727,1236,73.9631340536069,25.5725806451613,50,306.820423430778,775,393,2199.48185684666,28,90
60,1,3183.48975298202,1,615.680702488522,3353,330,3343,0.662877654801077,0.00865998176845944,1449,1118,83.6985155801937,21.3245614035088,42,316.490011323897,680,289,2523.25827737867,29,90
60,1,3183.4524594494,1,729.574602598018,3410,300,3668,0.637131952017448,0.00655594405594406,1711,1262,71.8652238483669,19.5123966942149,85,270.76513137214,770,336,4428.30542177838,30,90
