"i","dow_count","dow_rate_r1","dow_rate_r2b","dow_rate_r2e","dow_rate_r2e_postop","dow_rate_ame_wait","time_to_surgery_mean","time_to_surgery_p90","r2b_dwell_mean","r2b_r2e_transit_mean","r2e_dwell_mean","ot_util_r2b","ot_util_r2e","r2b_surgery_count","r2e_surgery_count","surgical_delivery_rate","r2b_ot_q","r2e_ot_q","r2e_icu_q","r2b_hold_q","r2e_hold_q","transport_q","rtd_rate_r1","rtd_rate_r2b","rtd_rate_r2e","r2b_bypass_rate","total_rtd","role4_peak_occupancy","role4_mean_occupancy","ame_sortie_demand","ame_wait_critical_mean","ame_wait_standard_mean","ame_backlog_critical_mean","ame_backlog_critical_peak","ame_backlog_standard_mean","ame_backlog_standard_peak","ame_sorties_flown","transport_util"
1,26.25,0.000688486389153691,0.0039190763690287,0.000847367863573774,0.000105920982946722,0,2563.5595681738,6904.79395422567,1352.79568807398,24.9286370198479,6589.28480305291,0.0659274812663191,0.437836363626637,519.5,1586.5,0.770392390011891,0,2.40719688474045,2.37012507072517,0.241398893675673,15.0862610235286,0.19370410459985,0.261042262472196,0.000264802457366804,0.0582035801292236,0.0249178058487628,1508.25,221,108.05,350.75,34473.5367646323,35116.2197634679,92.8991046770685,168.75,62.6321930394588,120.25,33,0.0665975039588265
2,27,0.00113740995504523,0.00303309321345393,0.001679033743162,0,0,3173.39877794728,8437.4365715025,1187.4766403187,25.0927568723387,6081.19026861935,0.0635643375774987,0.483454382403254,506.25,1652.25,0.804493017607772,0,3.48531300968043,0.920948728071855,0.194260398978542,4.89596814217591,0.195613716804045,0.265774792828901,0.00021664951524671,0.0583870443589882,0.0218730470493706,1497.25,157.25,110.125,335.75,24149.83482095,19665.9494412081,61.3111563673338,114.5,36.7348862472724,79.75,33,0.0644841799471827
3,27.25,0.00119163687574477,0.00314158812696349,0.00157079406348175,0,0,3202.18708431078,8456.33341156488,1186.45727034779,25.0994222601757,6078.18692029849,0.0633992715617501,0.48413785163624,503.75,1653.25,0.803957271182326,0,3.49629273839135,0.920327018615783,0.19300039665537,4.9019810025518,0.195778087702321,0.266276676416423,0.000270826562669267,0.0576318925360199,0.0216322517207473,1496.25,155.5,110.208333333333,333.75,24265.7472311402,19643.5455279961,61.3741880426518,112.25,36.8314401464733,79.75,33,0.0644860484059365
4,25.75,0.000756797664738634,0.00356776041948213,0.00108113952105519,0.000108113952105519,5.40569760527596e-05,3020.82266887211,7629.40521039537,1364.55607617046,25.0496643221965,5495.95771766091,0.0613447244727349,0.455328926789072,483,1592.75,0.794168950909544,0,2.80330168566405,0.824417410684737,0.24340799509222,4.30291345278754,0.202450045488059,0.231309800529758,0.000594626736580356,0.0697334991080599,0.0486749594375338,1395,161.75,113.110416666667,341.75,20255.0026464005,17289.399242516,51.1405250702363,102.25,36.4352092354061,80.25,33,0.0683028617332991
5,21.25,0.000606227610912097,0.00319647285753651,0.000771562413888123,5.51116009920088e-05,5.51116009920088e-05,3096.96879767828,8298.36272318166,1338.66019106975,25.0512624067564,5433.36585816909,0.0599923880919157,0.45800686395421,471.25,1609,0.799824737105658,0,3.25115694735458,0.672425025414502,0.218673712907376,4.39137143069371,0.211815618685571,0.234003857812069,0.000826674014880132,0.0681179388261229,0.0496758286914437,1374.25,161.5,112.177777777778,338.25,20052.8008791232,16761.2936672785,50.1042060885391,95.25,35.3387964200263,86,33,0.0668746641515394
6,21.25,0.000606227610912097,0.00319647285753651,0.000771562413888123,5.51116009920088e-05,5.51116009920088e-05,3096.96879767828,8298.36272318166,1338.66019106975,25.0512624067564,5433.36585816909,0.0599923880919157,0.45800686395421,471.25,1609,0.799824737105658,0,3.25115694735458,0.672425025414502,0.218673712907376,4.39137143069371,0.211815618685571,0.234003857812069,0.000826674014880132,0.0681179388261229,0.0496758286914437,1374.25,161.5,112.177777777778,338.25,20052.8008791232,16761.2936672785,50.1042060885391,95.25,35.3387964200263,86,33,0.0668746641515394
7,32.5,0.000637755102040816,0.00462372448979592,0.00154124149659864,5.31462585034014e-05,5.31462585034014e-05,3878.03251800148,9273.72939784101,1453.55484733643,25.141451064424,6371.43683274688,0.0645276386873136,0.47315745390347,512.75,1641.25,0.777856301531213,0,4.68242505401962,2.04641148631847,0.277788719638196,7.16789245882182,0.361676028181101,0.22640306122449,0.000425170068027211,0.0679740646258503,0.0480156369507946,1386.75,163.5,111.59375,336.75,30853.7360177673,26357.5985464924,81.5370424356111,147.5,52.8462336458432,112.25,33,0.0700931168104281
8,29.5,0.00134763624602447,0.00393509783839146,0.0010242035469786,0,5.39054498409789e-05,3480.65244491669,7306.18944926335,1338.46622842804,25.016734102333,6438.07238049107,0.0627040889726879,0.388923647156248,498,1427.5,0.729007184077258,0,2.87353566899182,5.04180775473585,0.232134387430714,6.02079477779516,0.355524675394103,0.236752735701579,0.000539054498409789,0.0603741038218964,0.0425333220137533,1380.5,162.75,109.945138888889,327.25,32110.8532973482,23793.619004443,89.4551003364698,155.25,43.8550844420177,98.25,33,0.0681675928339169
9,28.25,0.000543271581463574,0.00450915412614766,0.000923561688488075,0.000162981474439072,0,2628.80947018154,6239.6043310536,1308.55605003916,24.9532375454332,5924.27282091249,0.0578646786387844,0.411442145119318,456.25,1484.25,0.76087760384568,0,2.02259578204486,2.41523937756186,0.192074562979557,4.41733323010824,0.210117754572657,0.234095724452654,0.000760580214049003,0.0664421144129951,0.0555257989644706,1386.5,160.25,110.664583333333,330,24165.5218385674,17789.4872369531,62.3421578302612,116.25,34.1839876304562,74,33,0.0676910255778039
10,25.75,0.000274258131753606,0.00422357522900554,0.000987329274312983,0.000164554879052164,0,3301.49557040684,6808.71889042908,1306.50251042903,24.9216471944274,5878.61894777095,0.0591976003880949,0.423831521922634,468.75,1523.25,0.782452221394887,0,2.15195718816844,2.42389483523178,0.189750421201279,4.51324837189542,0.207683699022831,0.231035050189238,0.000658219516208656,0.0693324557073117,0.0535795506231238,1372,158,110.646527777778,336.25,23148.2088016996,17656.5479257448,61.578259543016,116.75,34.7581168019081,76.75,33,0.0668822262255685
11,25.5,0.000698812019566737,0.00349406009783368,0.00107509541471806,0.000215019082943611,0,2946.55897317167,6660.76027437107,1201.18001756437,24.941792740792,6496.6408280957,0.0623337104959535,0.424693671655477,489,1508,0.723059490084986,0,2.26352685334965,3.25514932820458,0.169608121897943,4.89474632631331,0.241202262739113,0.23248938343278,0.00118260495618986,0.0589689834972854,0.0390868211691456,1361,163,108.975694444444,328,26970.0858567315,19257.6144324098,71.3923067429642,129.25,34.3709522067385,72.75,33,0.0687013407783409
12,28.75,0.000599781897491821,0.00430752453653217,0.000981461286804798,0.000381679389312977,0,3035.13142401539,6919.77748429647,1170.68661567087,24.9751349355949,6350.2936765941,0.0613728394139917,0.442392649100171,483.5,1541,0.749101449275362,0,2.56078039066138,4.63565491997714,0.148638514200634,5.27572207968379,0.202954431124921,0.241875681570338,0.000490730643402399,0.0611777535441658,0.0445408660232002,1391.75,155,108.454166666667,330,28602.9282593457,20656.7780690562,83.5537543593123,149,37.1425596087266,80.25,33,0.0665626421643335
13,29,0.000381783474229615,0.00452686119443687,0.00125443141532588,0.000163621488955549,0,4693.93194378942,6936.36689109736,1264.87959418938,25.0013050055035,6357.63576970183,0.0913493258670418,0.409402829617809,557.5,1472.25,0.76549929010885,0,2.04430775589693,2.91241149146607,0.158798731802652,4.91720696148719,0.191717320940932,0.239923643305154,0.000709026452140714,0.0635942187073902,0.0961864785210324,1394.5,158.75,109.16875,333.75,25739.9143525442,19171.9660288946,68.2948768460722,126.5,34.9463490962906,77.5,33,0.0668770954420434
17,25,0.000385908815259937,0.0033629196758366,0.00154363526103975,0.000165389492254259,5.51298307514196e-05,4542.65211154216,5836.10220900081,1201.35299808407,25.0086642494262,6119.46474331267,0.0933018539458682,0.390211649080539,572.25,1372.25,0.748466995310809,0,1.85636296670107,4.03746512740213,0.12279379455161,5.56668444086339,0.149800094866973,0.256574232317107,0.000937207122774133,0.0656044985941893,0.101202672605791,1465.25,161.25,107.556944444444,331.75,29163.9377078412,21667.7053962069,76.3849691774277,128.25,40.3631893669546,89.25,33,0.0641864530194584
16,30.25,0.000693703308431163,0.0044290288153682,0.0012273212379936,0.000106723585912487,0,2853.90079860639,5355.0123332492,1202.39088335258,25.0246811649019,6632.00092296951,0.098225663592485,0.417715554126096,608.75,1472.25,0.754706409681757,0,1.84248612549779,3.8858620264459,0.155341296275439,7.28492653125816,0.181882754395926,0.235965848452508,0.000373532550693703,0.0593916755602988,0.0856836549562923,1385.5,162,111.163888888889,332.25,35184.2853088747,27489.7081993524,95.6603174077067,164.25,52.6085026240596,104.25,33,0.0682031641259218
15,26.25,0.000626500991959904,0.0032891302077895,0.00156625247989976,0,0,3148.30127319047,5616.84376840567,1122.18054976514,25.0104073610628,6586.19858469903,0.0974931827886044,0.425683757606575,601.75,1515,0.739182823967576,0,2.37416190812116,4.87476759721925,0.113046436359667,7.16011175841221,0.17750716181513,0.242664717552469,0.000417667327973269,0.0595698026521875,0.0852953156822811,1449.25,156.5,109.624305555556,332.25,34667.5781602515,27238.7468464718,100.624693605044,177,50.148801251225,92.25,33,0.0683728659033069
14,25.5,0.000321819352070371,0.00327183007938211,0.00177000643638704,0.00010727311735679,0,3479.94871752173,5093.24378507066,1147.65987425891,25.0863630801355,6603.83454540974,0.098678550550971,0.414547514093068,608.25,1497.25,0.748964281715373,0,1.79121587553493,3.49743507613089,0.122640067453147,6.36452018815437,0.16019695480254,0.245119073160266,0.000429092469427162,0.0630229564471144,0.08499873513787,1438.25,162.5,110.526388888889,337.25,31596.829707413,24369.9015726439,83.6782594580335,134.75,45.8628245252721,83.5,33,0.0669848300756387
18,27.5,0.00030996538719843,0.00325463656558351,0.00175647052745777,0.000361626285064834,0,2722.82331760242,5979.58944946683,1209.63072804299,25.0894901438381,6164.48293879846,0.0966216032255455,0.450915554918582,587.5,1558.25,0.760399517067281,0,2.31491494722257,6.37921085869375,0.144967222042001,6.66256528544591,0.180105037706898,0.243374489848634,0.000464948080797644,0.0624580255204835,0.105468116177186,1482.25,156.75,111.530555555556,333,31817.3251916701,23118.0175731108,103.155177654801,181,46.1184649792845,98.5,33,0.0694710783229946
19,26.5,0.000825173286390142,0.00335570469798658,0.00137528881065024,0.000275057762130047,0,2075.723973753,5561.73865646041,1120.6573024773,24.9777133558624,6453.43012569363,0.0989531918105295,0.428171220473962,615.5,1496.25,0.751574063846239,0,2.12410019827083,5.60399038195859,0.144268148987812,6.50157550423095,0.186535181527073,0.222411706458356,0.000605127076686104,0.0557817141599736,0.0642106108034353,1267,156.75,111.252777777778,333.25,34584.3619340767,24673.3964686207,100.507799084524,157.75,44.239197940748,96.5,33,0.0669595933768756
20,29.75,0.0003387342629707,0.00400835544515328,0.0020324055778242,0.0003387342629707,0,3645.0334389963,4442.07752437409,545.592412503937,24.9463220985446,6586.28038451739,0.0941552258662498,0.384931580917462,574,1406,0.736247260984892,0,1.72417257802469,4.86357573394594,0.023942657878423,5.90830481765639,0.171190701723033,0.219838536667984,0,0.0517134308135268,0.0425781577403403,1202.5,162.5,110.138194444444,322,35005.7811851265,24326.4099085894,91.5810237100498,149.25,40.9032161379562,86.5,33,0.0655203024335334
21,28.75,0.000395167663994581,0.00395167663994581,0.0019758383199729,0.000169357570283392,0,1893.1452522052,5312.00101318784,562.186373802117,24.8838430133041,6754.79959399284,0.0968336871372689,0.399135858732044,575.25,1416,0.732656321314468,0,2.24775573350163,4.02592525523606,0.0245290059555389,5.86144381947182,0.166368660235336,0.224172970531783,0,0.0556621880998081,0.0572193408064246,1239.25,152.5,108.291666666667,329,32053.5205530957,23679.0958680761,86.3742697545201,146.75,38.4293291717185,79,33,0.0658534985709345
22,29,0.000554785020804438,0.00432732316227462,0.0013869625520111,0.000166435506241331,0,2052.87280251918,5433.85736906091,702.47223837008,25.0352808430113,6958.37394978258,0.100210258847811,0.416137387310401,606.25,1512.75,0.75571080062098,0,2.37540877831776,7.42949076444446,0.0344324296551971,7.46970499707029,0.175156196110832,0.22629680998613,0,0.0914840499306519,0.0594603328486024,1432,162.5,107.622916666667,341.5,32453.2511867273,29610.196710766,104.460100400844,168,44.5787584437106,83.25,33,0.066424784394777
23,32.75,0.000325397255816476,0.00417593144964477,0.00227778079071533,0.000325397255816476,0,4327.45953140956,5994.12019697012,691.366323297725,25.0008707813158,7070.24582861966,0.100333050373299,0.451312141181222,609.25,1553,0.755461362895337,0,2.3997095931608,4.18622187059467,0.0392762061999065,7.61075183585643,0.187101277031546,0.228211942079288,0,0.0876945604425403,0.066186936580737,1456.25,178.25,108.413888888889,340,31725.9300434037,28750.9936372689,89.5198784599596,173.25,45.808773782598,96.75,33,0.0677251708992749
24,30,0.000666481532907526,0.00416550958067204,0.0018328242154957,0,0,7592.27619496738,6213.12559811449,716.948306675184,24.9966621072712,6929.5091033396,0.0965494397156383,0.412709800204084,596.75,1478.75,0.751015342960289,0,2.61562947965894,4.19479669829544,0.0373055007141196,6.82676830011115,0.18137543254043,0.225437378505971,0,0.0921966120522077,0.0627457404980341,1429.75,159.75,106.409722222222,336.25,31588.1230215674,27004.9708176554,82.4800440513418,146.25,41.4513359722023,91.75,33,0.0663554978158778
25,33.25,0.000805888357599527,0.00402944178799764,0.00225648740127868,5.37258905066351e-05,0,2170.01524829925,5374.78732124273,719.686264334247,24.8723807414818,7026.73080585371,0.101334801642841,0.431255860901638,625.25,1546.25,0.746055437100213,0,2.41987144430569,5.51130702335636,0.04807638294101,8.4479231238891,0.201625461414501,0.218180841347445,0,0.0896147853650674,0.0603042236120763,1432.25,175.25,109.114583333333,342.5,35347.1055581008,31593.5270567796,102.731995574497,163.5,50.7263681092377,92.75,33,0.0692307822186147
26,30.75,0.000279407655769768,0.00391170718077675,0.00240290583962001,0.000279407655769768,0,2986.4334708321,5165.96725758374,716.673887469261,24.9796498961385,7172.22472208099,0.0978995866308358,0.425432158048724,602.75,1503,0.750167747707448,0,2.07646349304021,4.90376478969626,0.0454254764618466,7.76806568039464,0.164007856239583,0.232075998882369,0,0.0893545683151718,0.0460878885316184,1438,178.5,106.743055555556,340.5,33653.3231832927,31343.0414059393,94.3194342585918,167.25,45.8474087865422,104.75,33,0.0657126589775218
27,33.75,0.000556699883093025,0.00478761899460001,0.00189277960251628,0.000278349941546512,0,1791.54691165754,4894.77714219361,729.042889531492,24.9524376509006,7208.57368291828,0.103495610545406,0.435985424255807,635.5,1579.25,0.776245210727969,0,2.2084299724152,7.66079007358763,0.0407929588010251,10.2232191844166,0.181021634979983,0.189389300228247,0,0.0934142403830095,0.0476797958858236,1270,164.75,107.375694444444,345,41116.9303291592,37744.4706311772,131.610492885941,216.5,57.3415223441099,101,33,0.0695203474155971
28,33.75,0.000278737874902442,0.00468279629836102,0.00234139814918051,0.000222990299921953,0,4579.83743328155,4967.42934988307,752.994566134034,24.8892493116163,6984.16913169204,0.0986992327270153,0.4080107432871,598.75,1425.75,0.730178591741554,0,2.11778925847646,3.25561650645828,0.0346890945338647,8.1557259986921,0.149718402297167,0.2305719701193,0,0.09817147954064,0.0668890742285238,1474.25,174.25,105.515972222222,346,33380.0683979939,31587.997329085,84.1660724232567,147.75,47.8844493868211,95,33,0.0663797553313961
29,30.25,0.000171271979904088,0.00365380223795387,0.0027403516784654,0.000342543959808175,0,4354.21155946232,4281.66463114743,741.881520193567,24.8553664588282,7219.07863549035,0.0959766736999086,0.370130716531539,594.25,1393.25,0.726720183486239,0,1.68549607162889,5.60927143324608,0.0460933283341302,8.19337491652337,0.13585547931582,0.218371774377712,0,0.097682119205298,0.055084040605758,1384,183.75,105.815277777778,347.25,37495.5381601561,32755.665972763,100.926711778945,175.5,46.2913418950441,97,33,0.0651150552264228
30,32,0.000426507437223437,0.00362531321639921,0.00255904462334062,0.000213253718611718,0,9416.02508521673,4595.58935456402,701.892376894238,24.966267335786,7313.66045257096,0.101861962140965,0.401990980967548,619.75,1475.75,0.713721302722904,0,2.29415590773077,5.11551925167945,0.0350374713592497,9.28660326227214,0.142654709137077,0.219224822732846,0,0.0888734872314336,0.0689708858788728,1444.75,156.25,106.281944444444,349.75,39439.6086448054,35987.0395230415,107.396127935481,170.25,54.3771304675509,108.75,33,0.0691375567367993
31,29.5,0.000817527795945062,0.00365162415522128,0.00179856115107914,0.000163505559189012,0,2028.9197505343,5007.47324389094,781.705564680774,25.0376031154549,7368.65489904947,0.0985074556420312,0.397871040673684,600,1453,0.712858240913583,0,2.23825295646338,6.0294528437834,0.0695980816272585,11.2960399750971,0.187782358910899,0.207325049051668,0,0.0973948114235884,0.0505671832561112,1397.75,195.5,106.255555555556,352,46574.292465108,44073.5228985261,127.937280790321,215.25,64.6228863455748,124,33,0.0693141815588863
32,30.25,0.000513054383764679,0.00410443507011743,0.00210922357769924,0.00017101812792156,0,6195.20009580641,4892.3182018916,745.606060395756,24.9215224594489,7407.70209178233,0.0959959042374528,0.372487249149949,585,1387.5,0.724662746454514,0,1.84109575067206,6.32305867708772,0.0409992837367708,8.99093031093508,0.128866107320843,0.206019838102839,0,0.0976513510432106,0.0453487369600828,1331.75,166.5,102.488194444444,345.5,41863.7988324267,36915.8885237474,109.90141012849,170.25,49.0319416372022,99.25,33,0.0659480976847401
33,36,0.000470883691728143,0.0042902736357453,0.00240673886883273,0.000313922461152095,5.23204101920159e-05,1412.13771818498,3911.00233212326,720.107805397398,25.0149475873584,7470.36097700575,0.110736232402634,0.399037512196916,682,1477.25,0.700914634146341,0,1.58455097229133,5.75214756834771,0.0450533151908204,13.1887275296518,0.148259794538649,0.201590540469837,0,0.0903573484016115,0.0464470623546184,1395,201.75,105.844444444444,351.75,49883.5084587268,49906.1761378813,143.492036529612,238.75,74.3995261984883,132.5,33,0.0728129304697713
34,34.75,0.000611790878754171,0.00461624026696329,0.00233592880978865,0.000166852057842047,0,2262.09058431599,4899.75026578251,1448.9809649878,25.0103514899202,9289.9175229979,0.106335223988361,0.337607571492022,650.25,1260.5,0.718845649322256,0,1.47924997013601,2.17485620446127,0.185636936614562,39.5146847892144,0.133483896002345,0.203337041156841,0,0.0693548387096774,0.0573268921095008,1225.75,23,7.60416666666667,244.25,139522.215726023,198291.360368773,98.7509373947564,204.5,86.5846593992029,132.5,33,0.0677255465326799
35,34.25,0.000637721209544561,0.00462347876919807,0.00191316362863368,0.000106286868257427,0,2212.4485861368,4384.87628009113,1482.80326543813,24.8854203793696,9240.54819047463,0.108780137385555,0.363123135153004,673,1344.25,0.733774417139257,0,1.30918078967996,1.51308366984122,0.224710849071,40.1988044428741,0.139998197916784,0.202529627464527,0,0.0680767391188819,0.0548282766055752,1273,24.75,8.11944444444444,236.5,140190.368667908,176914.688143311,87.2096033747295,166.5,86.3483742193385,152.5,33,0.0714406919384799
36,36.75,0.000461609478381289,0.0043083551315587,0.00246191721803354,0.000307739652254193,0,3220.65248789784,5019.96446376513,1446.79571771475,25.0462135659274,9252.92567789118,0.111567449969963,0.378732581873814,681.75,1397.5,0.728327167283272,0,1.71032440813301,1.81382481339539,0.218651153455848,40.723301208457,0.157240086526552,0.203723649792276,0,0.0650869364517618,0.0504627589246364,1310.25,23.25,7.55902777777778,241.75,153280.336198668,192432.731881921,93.3913488111942,183.25,86.0312902822706,158,33,0.0734575759694136
37,33.5,0.000691710120251144,0.00409705225071831,0.00228796424390763,5.32084707885495e-05,0,2518.980175858,4326.95477586437,1484.22286888998,24.8246009865602,9304.94404773367,0.100126301887418,0.304811917758037,694.5,1322.25,0.730497925311203,0,1.28555035327567,1.44782024231177,0.225133820925979,40.7001581568367,0.152233618097567,0.204480153240396,0,0.0673619240183037,0.0556447298020332,1277.25,21.75,7.94583333333333,234,179746.465123601,201551.765875208,95.2180221526012,172.75,81.6783668397194,140,33,0.0711433004791366
38,31.75,0.00043398068785939,0.00450254963654117,0.00162742757947271,0.000325485515894543,0,5669.7027676478,4729.8572813258,1517.34158440945,25.0038951857173,9192.72971666858,0.0964302495935893,0.317708135346583,662,1373.75,0.762246897452645,0,1.52735997670408,1.41926339748127,0.226510957381681,42.0058637031735,0.132991877546847,0.205381360529456,0,0.0695996528154497,0.056244116724192,1267.25,22.5,7.42777777777778,226.5,179101.409436083,214602.921946964,80.234925271348,148.75,95.7943717338624,155.75,33,0.0698340044205225
39,35.5,0.000476165282260198,0.00433839479392625,0.00243373366488546,0.000211629014337866,5.29072535844664e-05,4230.0979515837,4491.00457382963,1433.41594068922,24.9690800592155,9263.37459408136,0.100610128564583,0.318904771688684,696.5,1366,0.744115809206415,0,1.7400308442691,1.43264041908599,0.190301602519376,39.9152870211964,0.128189916578833,0.207502248558277,0,0.0666631395164277,0.0484192756292204,1295.5,20,7.02916666666667,226.5,166313.845451136,205316.471183941,79.2926981316383,145,83.0798431384143,148,33,0.0707129097079247
40,39.25,0.000573933006365439,0.00480016696232912,0.00260878639257018,0.000208702911405614,0,4109.96482817425,4510.4928636352,1509.89476592513,31.7245786518287,9269.6503576629,0.101512569180292,0.311113615588464,701.75,1378,0.739206235257922,0,1.33401112747931,1.6353711456857,0.216566935109777,41.0933366648409,0.141700218399741,0.205728894918084,0,0.0674110403840134,0.0595407285511257,1308.75,19,7.54027777777778,235.25,151620.34730563,197707.433262105,83.0156891406813,171.5,88.7912908528174,142.25,33,0.0722800420965515
41,39,0.000479386385426654,0.00537978054756578,0.00229040161926068,0.000159795461808885,0,3481.68704247824,4540.49361091289,1531.03813970832,31.5784387051937,9238.86064886107,0.102740980014948,0.314371312864101,701.75,1354.75,0.74141876430206,0,1.2275843549942,1.58585425210137,0.216817034931659,42.2256030440229,0.133057986886627,0.202301054650048,0,0.0687653137317567,0.0542044674849432,1272.25,26.5,7.84791666666667,229.75,150840.669516703,211288.93768142,87.6822887656015,177.25,92.884314106231,142.75,89,0.0709147836090002
43,33,0.000107573149741824,0.00392641996557659,0.0022052495697074,0.000860585197934596,0,2152.1163427861,4024.70688136666,1483.89747874117,31.7109685664772,9251.72511220974,0.0982835119986132,0.310514016533778,677.25,1345.75,0.735833068530876,0,1.03511617801284,1.87572291509297,0.197620518835033,39.7271511355983,0.146844393016162,0.207347246127367,0,0.068631669535284,0.0484221980413493,1282.75,21.25,8.10902777777778,237.5,161031.221420675,197060.623567951,88.7159541283445,170.25,86.2331297386653,140.25,89,0.0697263249925147
42,38.5,0.000419485082061769,0.00492894971422579,0.00251691049237062,0.000209742541030885,0,2486.76571249963,4104.61397603917,1554.4432944233,31.6788932831589,9241.38758660735,0.102430559580447,0.29639661826656,712.75,1331,0.723225276979893,0,0.955325080552505,2.22896528467935,0.235586949794159,40.6056653686815,0.147073480663176,0.202768601541608,0,0.0660164647894709,0.0447178871548619,1281.5,29,8.43402777777778,244.25,144057.094915735,186515.726921668,93.9074392513545,189,89.7174521229479,151,89,0.0718573083154846
44,39,0.000153546934179548,0.00475995495956597,0.00209847476712048,0.000972463916470468,0,4434.14734800449,4768.68567501801,1519.27681252665,31.655163012986,9296.42138452903,0.105799100484819,0.342958234834136,723.75,1462.5,0.739451681897725,0,1.57914695111144,2.8059778518027,0.247653780741639,43.1836749422297,0.157357693384465,0.204626880949944,0,0.06448971235541,0.0541139466723854,1314.5,19.75,7.49791666666667,242.5,157427.004873556,200076.999739292,99.9061943324867,201,93.0401975879967,158.5,89,0.074116945027942
45,43.5,0.00030810311184143,0.00544315497586526,0.00256752593201191,0.000616206223682859,0,2677.50751941075,4866.03221031087,1492.20476967013,31.6312545069257,9199.10564035118,0.102357523506578,0.331826073255618,704.5,1392,0.724154971338209,0,1.55199343136116,1.56110225289094,0.22291763396756,42.9261257718802,0.18446301453808,0.207302043750642,0,0.0651124576358221,0.0528994337323489,1326.25,22,7.74166666666667,235.5,143100.728537655,211019.157225805,81.6150863686884,164.25,104.732264658743,163,89,0.0739686135390367
46,38.5,0.000258051197357556,0.00412881915772089,0.00289017341040462,0.000670933113129645,0,3303.9508282737,5007.26006615018,1528.82537168152,31.5919334082267,9213.5277640018,0.10008744336771,0.335517846987539,696.25,1412,0.737233614796944,0,1.51643284799827,1.5874412513525,0.234009886758149,42.2217712926434,0.166066645524026,0.202931461601982,0,0.0658546655656482,0.0531259172292339,1302,23.75,8.27777777777778,236.75,156010.703185084,204798.321284584,90.088333673835,168.75,94.5852831532376,151.5,89,0.0729231614607418
47,38,0.000406173842404549,0.00416328188464663,0.00233549959382616,0.00076157595450853,5.07717303005686e-05,3268.86544616109,5179.42130293512,1506.3848172026,31.598376542782,9253.70140240244,0.1035957898446,0.363981315472212,709.5,1488.25,0.741049771999612,0,1.95427666141524,1.87133125894659,0.256174502249361,44.6239177518757,0.188108718990272,0.202274573517465,0,0.0650385865150284,0.0554452637549631,1316.25,21.25,7.19166666666667,239.25,150764.434709725,198796.38841983,88.1852062359051,181,96.6165481132834,163,89,0.0753502831739273
48,42,0.000193648334624322,0.00561580170410534,0.00188807126258714,0.000435708752904725,0,3567.60616404605,4909.35977608536,1512.01714949266,31.6599463399819,9261.1610765138,0.107679424646537,0.37070853427409,744.5,1512.75,0.729499861329389,0,1.38887755112174,1.55109555270501,0.28044092739143,45.7645648242219,0.194914703629601,0.204347405112316,0,0.0596920991479473,0.055209797229472,1363.5,18.25,6.77083333333333,233.5,172895.222567033,216755.00270803,85.8312433789191,178.5,108.124851461838,180.5,89,0.0782598166613922
49,39.75,0.000150920615756112,0.00477915283227689,0.00226380923634168,0.000804909950699266,0,2263.06634335303,4648.62756988502,1449.58466921619,31.5910439515885,9226.59962743967,0.10216827254805,0.349409331046866,708,1437.25,0.725408242612753,0,1.40220712708396,1.38511564589605,0.240075001322089,41.8653058544205,0.181351227976104,0.207063084817386,0,0.0644431029278599,0.0503969379075702,1349.25,23,9.17152777777778,233.25,149287.906148871,193956.807419179,76.9808008982329,148.75,93.3499536067778,164.25,89,0.0753282365596875
50,40.75,0.000261999580800671,0.0046111926220918,0.00298679522112765,0.00062879899392161,5.23999161601341e-05,2399.5963178515,4137.20453419611,1485.5190311169,31.7120340350768,9326.51876303154,0.103101717372429,0.331235737230641,715,1385,0.740288793980069,0,1.02783768450813,1.52476944200717,0.228697522194246,41.7212483273025,0.154543530837174,0.207294068329491,0,0.0680150911758541,0.060673989389524,1313.5,19.25,8.03125,218.25,168977.704038905,198596.159187385,78.8882444191081,147.5,83.1024783198929,143,89,0.0717803765013102
51,36,5.17785947289391e-05,0.00460829493087558,0.00217470097861544,0.000621343136747269,0,4355.76456464579,5724.04297767648,1436.90652594075,31.7002826860103,9256.76404411906,0.0996864992192944,0.345661118236444,697.75,1419.75,0.725832170619892,0,1.84126123548488,2.01557020567635,0.227096750881918,41.9221743732594,0.185564177462919,0.205353906694972,0,0.0659141510899394,0.0601596516690856,1309.75,22,8.75625,235,160282.827273229,184633.133315009,96.1055197351644,190.5,90.4102365096212,152.25,89,0.0732424078521518
52,43.25,9.99350422225553e-05,0.00529655723779543,0.00264827861889772,0.000599610253335332,0,1863.15154322484,3944.68538920226,1384.49090764563,31.6653605808749,9222.64437899592,0.107304652149964,0.335204915618339,744.75,1450,0.718024082677539,0,1.18551456092229,1.10090573026359,0.215787677923528,41.4292733866221,0.175252379079971,0.210513166441813,0,0.0636586218957678,0.0502337263657294,1371.75,24.25,9.98958333333333,234,143382.628606759,182915.52141723,85.8853629493015,163,93.5091705605689,161.25,89,0.0752381837758514
53,31.5,0,0.00307266861269012,0.0026117683207866,0.00076816715317253,0,1914.62627091377,3399.62668394712,1399.63133956559,31.7005086576713,9181.28472773317,0.0909461380315069,0.272452675692148,626.25,1187.5,0.761980830670926,0,0.593511329483473,1.05907394461828,0.153800217039386,35.4493400555776,0.102583066658986,0.169918574281764,0,0.0682644543452655,0.048816162354877,1162.75,19.5,8.81180555555556,219.25,152441.692428007,197313.941862998,73.965164992257,148.25,76.6177215190816,121,89,0.0755871652541115
54,31,0.000102569362531412,0.00215395661315965,0.00333350428227089,0.000769270218985589,0,2830.91847016558,3602.17228783884,1366.57639001305,31.6598928362419,9168.6090021964,0.0940301963290548,0.263222418058432,635,1193,0.760917296901683,0,0.645062096652055,0.919723625875559,0.160342443369938,34.7888442247822,0.10305613620941,0.167495769013796,0,0.0665162316016206,0.0449053201082056,1140.75,31.5,9.79166666666667,236.75,131852.64420066,177125.117137934,80.0277044396951,171,77.1142154497206,126,89,0.0754105931957197
55,27,0.000167420056922819,0.00200904068307383,0.00290194765332887,0.000948713655895976,0,2903.58564515397,3082.04162508253,1407.90627141105,31.5844192377694,9171.65831743123,0.0899539831340287,0.219422270926371,621,1083.5,0.788286451963582,0,0.327930347522865,0.737337741533437,0.131785373374125,34.3426375683113,0.0450704950866957,0.172052011831017,0,0.0739996651598862,0.0427737520128825,1102.25,20.5,9.44722222222222,223,166217.572005567,196992.526905244,76.3521224943011,131.25,72.2544497625251,112.75,89,0.0683054790828729
56,26,5.57227237267358e-05,0.00211746350161596,0.002953304357517,0.000668672684720829,0,2593.53803501558,3639.20236414247,1396.82358292734,31.6664521113666,9183.75323008725,0.0907655647535429,0.237293370235724,625,1109.5,0.756530691030755,0,0.970907722019034,1.37413685938364,0.14258866914064,34.3728792721904,0.0785664711266331,0.179260002228909,0,0.0721052045023961,0.0399579390115668,1127.75,32.5,9.78680555555556,225.5,124813.230177432,171797.552275704,77.5196979344519,160.25,70.6271099579106,112.25,89,0.0689176106789352
57,30.5,0.000114626318202659,0.00246446584135718,0.00401192113709308,0.000401192113709308,0,2982.79725678161,2812.29613782916,1439.14887493616,31.6783059351492,9182.00783583003,0.0921997527861181,0.211070703866395,642.5,1089,0.780841993072209,0,0.233154436017749,0.820929600174589,0.135698625254251,33.6996122990208,0.0410111764615798,0.184949564419991,0,0.0743351673544246,0.0347543566013587,1131,27.75,10.5381944444444,227,140879.710586631,176170.257038696,78.9023933707771,142.75,68.0727511388843,114.25,89,0.0659722682638298
58,25.5,0.000113077401481314,0.00231808673036694,0.00248770283258891,0.000848080511109855,0,2375.95703908461,3108.82548030248,1447.80239414796,31.6140269211912,9225.30115787382,0.0920983246465365,0.230662394040463,625,1127.75,0.773004542504867,0,0.302800003620157,0.887068833664371,0.162507667945168,35.4832066759726,0.0486221710590826,0.182846158195285,0,0.0743483914739639,0.0391528223064218,1137.25,23.75,9.56597222222222,222.25,153558.977894402,188218.56899521,77.7956643028808,146.25,69.7289419194875,111.25,89,0.0677654603560302
59,22.5,5.35589952332494e-05,0.00182100583793048,0.00224947779979648,0.000696266938032243,0,2523.15637903603,2923.64265534748,1329.88262144567,31.6740903931169,9129.34760919639,0.0827374092716949,0.199661701520603,570.25,997.25,0.636440677966102,0,0.292440662278523,0.787985995341365,0.0980916455171165,28.1302725402967,0.0384615150797734,0.29387820684484,0,0.0688233088747255,0.0264373019465822,1693,27.25,11.9951388888889,225,138810.568264559,181571.430726501,80.6830410380583,142.25,60.7708010057603,96.5,89,0.0611534294500257
60,26.5,5.23916802011841e-05,0.00178131712684026,0.00324828417247341,0.000471525121810656,0,1549.9469289665,2256.88023707614,1342.39134628311,31.634735999933,9177.49026910191,0.0828719798626136,0.175429215001364,564.5,923,0.601544587908773,0,0.214968321646776,0.616436112699883,0.0753655720172662,27.1962517933317,0.0344863557375477,0.300990202755802,0,0.0678996175407345,0.0239832208644902,1760.25,20.25,10.5840277777778,217.25,154554.613879081,162733.478453647,81.2511331585181,143.75,51.5754118399289,88,89,0.0616860670631804
61,19,5.32113020805619e-05,0.0015431277603363,0.00202202947906135,0.000425690416644495,0,1375.51473866379,2373.4088735494,1364.55114485275,31.6786761491828,9147.07345997915,0.0861093246507579,0.168676657140499,582.25,933,0.603280247207036,0,0.149077687222443,0.81618097314387,0.100514556212895,28.1850153605552,0.030047972190281,0.31155217368169,0,0.0692811153088916,0.0220634777104621,1789.25,24,10.3847222222222,211.75,151103.327496543,177672.898043588,68.605768247048,124,58.6615428205113,96.5,89,0.0599407495985192
62,24.5,0.000157059839798963,0.00151824511805665,0.00277472383644835,0.000680592639128841,0,988.189475233309,2031.0572111646,1347.39928597947,31.705252824682,9325.91509695239,0.0830698633976582,0.168091776225156,572.25,873.75,0.586830680173661,0,0.157618589388883,1.74439060719563,0.0834818296039204,28.2509403204154,0.0413847179957983,0.311030836081881,0,0.0683210303125491,0.0337965038099507,1811.5,21.5,7.99097222222222,211.5,155691.305210029,198672.527867758,69.646321437213,147.5,55.3529244805649,89,89,0.0608422025280245
63,24.5,0.000103955507042986,0.00166328811268777,0.00249493216903165,0.000831644056343885,0,1024.33014040528,2111.07412548946,1391.51070402362,31.7087065786903,9275.77102162249,0.0838747795123627,0.149915512499578,579.5,875.5,0.582730399715336,0,0.0899035682759379,2.67923916324473,0.100862775453416,26.2540154098305,0.0296089169422465,0.309215655699361,0,0.0679349238525911,0.0240114255110238,1814,25.5,9.50555555555556,216.25,139241.139081323,172003.760574147,67.2949290009163,141.25,52.1887238282754,88.75,89,0.0611155724753412
64,24.25,0.000161995788109509,0.0017819536692046,0.00205194664938712,0.00124196770883957,0,819.031883021545,2204.66648753483,1384.59440567592,31.6551680990855,9287.60093074289,0.0800872223598182,0.154184619251053,543,839,0.564406779661017,0,0.148505411585973,2.20393624941333,0.0952484768515485,26.3814787776566,0.0274032348606272,0.306334035315082,0,0.0696041902910524,0.024132730015083,1740.5,20.5,8.33263888888889,213.75,151500.923689257,186803.582311539,73.1754800361815,154.5,51.2031160303629,85.25,89,0.059373921826497
65,24.5,5.34245111657228e-05,0.00176300886846885,0.0030451971364462,0.00037397157816006,0,635.845969837323,2036.86829549163,1346.62206661264,31.656266370261,9250.42033840774,0.0853667811135384,0.15264274602183,592.75,869.5,0.564674908424908,0,0.136936913631846,1.859985822069,0.0887491768559383,27.1147927902786,0.0310960277986527,0.319318303237525,0,0.0704135057164227,0.0233829062891955,1823.75,21,8.91527777777778,209.5,155253.066989048,176994.568060081,66.1370025353807,127.5,59.593847463824,97,89,0.0591466923913868
66,19,5.48877545419617e-05,0.00126241835446512,0.00236017344530435,0.000493989790877655,0,654.050601587438,1864.53562622625,1315.15579982426,31.7194822397527,9304.73718434356,0.0778262046302941,0.149789967540462,546.75,837.25,0.561919691305921,0,0.12835578805907,2.03865802380163,0.0724874691335354,25.7868659000089,0.0303143025606901,0.307096986662276,0,0.0707503156045886,0.0276299822645384,1721,21.25,10.2111111111111,221.75,155984.972798468,165035.398476177,76.21372952366,154.75,51.8657755867272,86,89,0.0587077170869126
67,24.75,5.25734714263183e-05,0.00131433678565796,0.00346984911413701,0.000368014299984228,0,590.354966907439,1855.19924754856,1332.31533563566,31.6550939225362,9272.15731658451,0.0798571380954763,0.153025532152056,554.5,862.5,0.55165578358209,0,0.116932602454245,2.06907131726066,0.0852966437891194,25.9091571407903,0.0283706674909599,0.301193417801377,0,0.0666631617685716,0.0224071702944942,1749.25,26.25,10.3083333333333,218.25,127716.398135135,153542.221508862,69.4974481721196,136.75,48.5787121986726,81.25,89,0.0536445220212425
68,23,0.000105030984140321,0.000892763365192732,0.00252074361936771,0.00131288730175402,0,678.062126480998,2040.1582945211,1342.60864025469,31.6457293736976,9310.37463870992,0.079935824621545,0.157906965537258,552.5,865.5,0.556665118439387,0,0.176403384375861,1.74533998155934,0.0885093001327556,26.1819870760125,0.0282280713731815,0.300493645625459,0,0.0684802016594896,0.0319477219096025,1756.5,22.75,10.1208333333333,218,152996.551731193,166331.117460846,74.0715342517763,148.75,49.4301975709592,81,89,0.0538657550908906
69,22.75,0.00021308331557639,0.000905604091199659,0.00250372895802259,0.00122522906456424,0,664.829530805318,2002.40792878666,1287.1071409357,31.6589755000285,9341.31728736061,0.0808128330216428,0.20864523363546,570,1135.5,0.558688674919762,0,0.228201696923282,1.45929155207014,0.084097162580945,27.3922150839523,0.0262654595757107,0.305827828681014,0,0.06877264010228,0.0237193362193362,1758,20.5,8.64791666666667,200.5,140927.102764678,180378.096208688,59.8078875294557,123.75,53.2212507565801,77.5,89,0.0525500561518318
70,35.75,0.000306591722023505,0.00136262987566002,0.00245273377618804,0.000715380684721513,3.40657468915006e-05,1629.78210270068,3131.9274231469,1197.19022891864,31.6267271697103,9303.51868958569,0.0937403634776645,0.38070606031558,638.25,1603.5,0.521984827372658,0,0.855871487078097,4.09820141317804,0.135784575095101,35.8577113465859,0.0789492497355673,0.266428206438426,0,0.0433656957928803,0.0351631523147603,2273.5,24.25,8.84722222222222,226.75,136365.010437697,174300.168057204,71.7607926154862,148.75,76.3130110929976,134.25,89,0.0868573711316199
71,41.5,0.000135482996883891,0.00132095921961794,0.00274353068689879,0.00142257146728086,0,1265.50181188307,3271.92650784737,793.262903924996,31.6721407106896,9692.05663655495,0.105742010292868,0.530670979655276,706.25,2043.75,0.53097230330155,0,2.00989926895307,14.8211831514814,0.0554925631312723,33.1376116427678,0.0836012040022635,0.270999864517003,0,0.0414239262972497,0.0397343276625495,2306,30,12.8673611111111,250.75,140513.876067024,159700.810777173,117.89883979649,238,29.6102378431654,50.25,89,0.0878613066651549
72,32.5,3.30207370228503e-05,0.00105666358473121,0.00217936864350812,0.00102364284770836,0,1294.27327583207,3369.01632650686,788.004750820277,31.7297830197898,9739.51502377447,0.104857043036186,0.546504315129295,703.5,2092.25,0.534051558291651,0,2.08305228419394,21.2785742324272,0.0612772313182197,34.2277566118656,0.0830742580740284,0.267633073570202,0,0.0408466516972659,0.0397141045593406,2335.5,26,9.78680555555556,235.25,144501.649147591,173868.543034317,114.588131602628,238.25,27.557446215376,46.75,89,0.0897304787539595
73,41.5,6.90488520628345e-05,0.00162264802347661,0.00255480752632487,0.00148455031935094,0,1204.24247831039,3235.91947288944,784.846253864296,31.676173440164,9726.22678017185,0.102974817434684,0.516053348425438,705.25,2016,0.534065051532593,0,1.90653046755287,26.631604189266,0.0529796331991464,32.8558290428978,0.0769583077058302,0.269497669601243,0,0.0427067150008631,0.0383231378193595,2260.75,25.25,10.9513888888889,246.75,157544.737023467,153013.445985944,136.954464354037,261.5,25.7507406430793,49.75,72.75,0.0854888313454989
74,40.25,0,0.00150750475191715,0.00235957265517467,0.00140918922461821,0,1576.09802124979,4516.19684842472,747.950232882566,31.5522622087942,9748.48696018555,0.10793457313141,0.567232565349036,714,2148.5,0.53111180317658,0,2.96834943172121,34.9835056312358,0.0480523530838345,33.580490996051,0.0821299353194235,0.268073671101789,0,0.0387690895982172,0.0413766219301665,2340.75,27,11.6298611111111,253,152464.079595189,144268.64553097,149.390286332898,293.25,27.2166492749628,46,69.75,0.0901031405179464
75,37,6.85965152970229e-05,0.00133763204829195,0.0024008780353958,0.00126903553299492,0,1353.54885310028,3451.61996218638,865.548790776951,31.637042977913,9746.10563027992,0.102114880013251,0.525349917401754,686.25,1989.5,0.531893419459023,0,2.16580553780122,29.4714742361471,0.0619724374839913,33.2712912822275,0.0771447989806401,0.271093428453835,0,0.0428385238029908,0.039097285757853,2288.25,29,10.8548611111111,242.25,139969.002289713,156959.648078373,136.669149904859,264.5,23.701587456654,42.25,74.5,0.0861495517091658
76,52.25,0.00011793565430701,0.00139164072082272,0.00257099726389282,0.000849136711010473,0,2121.0073755275,5848.28847324563,1071.85940119658,31.627250014938,9777.78015891971,0.163435486536955,0.755818503921816,1105.75,2777,0.546460676695126,0,5.707632283618,38.7505526665292,0.187543743801245,49.8278029651147,0.0889929568743708,0.293589017831871,0,0.0300028304557034,0.0506837961044343,3429.75,29.75,9.52986111111111,258.75,138875.530282898,169629.742719688,150.867663681796,322.75,41.9264795467728,79.5,70.75,0.119907818578551
77,50.5,4.69087156393658e-05,0.00152453325827939,0.00213434656159114,0.00103199174406605,0,2000.71635515208,4810.13291739921,1080.5327932771,31.6935020964668,9783.45982208543,0.164628752645612,0.769021600003052,1100.75,2829,0.547870680044593,0,5.38214720833889,43.9864581987701,0.203581600739375,48.7610513939644,0.089007221072937,0.291866028708134,0,0.0299043062200957,0.0532830559881958,3429.75,27,10.1895833333333,263.25,136651.252975157,167299.591672813,161.692656385635,330.5,37.8135995211088,78,71.5,0.121186001008036
78,21.75,2.47905201051118e-05,0.000644553522732907,0.000991620804204472,0.000495810402102236,0,1826.54230702465,4669.14047836359,1089.1953014163,31.6208685838789,9760.59863102412,0.160789228338218,0.735539100554383,1084.5,2694.5,0.546301086394206,0,4.5080922047297,35.751570705981,0.202622070471919,48.5274793469619,0.0766737990561532,0.298948881947543,0,0.0315583320938073,0.0464362850971922,3333,33.5,9.65069444444444,247.25,129511.678231944,163738.694348627,146.347663579615,299.25,39.0894567741218,77.75,68.75,0.113196135761808
81,30.5,0.000159229330042594,0.00425938457863939,0.000398073325106485,3.98073325106485e-05,0,7626.48163672552,12020.003817991,5592.27643552526,31.5471529276936,9864.50598132419,0.126961814639227,0.497602975511679,688,1925.75,0.837279902853673,0,3.27084043518579,1.43383610570762,2.1120817200144,75.456222722647,0.113112632666423,0.101070817244536,0.000278651327574539,0.0322439393336253,0.238235573723738,839,10.5,2.89305555555556,136,171797.998658206,194593.328248476,48.9715917835912,88.5,25.1727840450749,47.5,81.25,0.0978697486317631
79,24.25,9.52607763753275e-05,0.000833531793284115,0.0010478685401286,0.000333412717313646,0,2090.00557512597,5562.68099520961,1134.4516109859,31.7470506472527,9777.06331978769,0.165406387946054,0.740560860008046,1120.25,2768.5,0.547931610050977,0,5.3489005800898,37.0429615130019,0.249141869016762,50.9362112604022,0.088400177018902,0.287663729459395,0,0.0305787092164801,0.0519453469965842,3340.75,22.5,8.47777777777778,252,155851.466956382,165738.367269945,156.354024242161,315.75,40.5896511595305,83.25,72.5,0.119708229931411
82,26.25,0.000156844292828295,0.00360741873505078,0.000352899658863663,0,0,8172.72533764273,11940.0843026415,5838.54410779315,31.6886129938486,9828.02876731505,0.12531790139731,0.485771165293248,679.25,1880.5,0.838921282798834,0,3.10574264574751,1.26024842029924,2.20428533938176,73.452155270643,0.0895916953303492,0.100850880288594,0.000470532878484884,0.0320354468101792,0.270907297830375,850.25,11.75,3.53125,137.5,172672.615846014,190339.391545216,47.5177932321653,75.25,26.9213855502612,47.75,80,0.0991372799624368
80,23.5,4.71087033329408e-05,0.000895065363325874,0.000824402308326463,0.000447532681662937,0,2003.45554298904,4895.03484623777,1161.13946761542,31.641226356993,9792.92555008886,0.163638065413991,0.721526237129693,1103.5,2736,0.541535556954059,0,4.85615999444807,29.2159220724039,0.263190790358488,50.6498224454416,0.0861517917683888,0.288211046990932,0,0.0307855376280768,0.0534125862498961,3385.75,20.25,8.87638888888889,248.75,147812.869739921,171023.644686651,132.928423153331,263.75,39.6034403811404,81.75,71.75,0.120893531262774
83,30.25,0.000209380234505863,0.0036641541038526,0.000279173646007817,6.97934115019542e-05,0,9031.70996974661,12659.2149901861,6211.96612991295,31.6711203787052,9877.16468828679,0.125096711979192,0.549995694143895,675.5,2032.25,0.841877047600694,0,4.02167717681483,1.29501605669366,2.64310088039571,91.1590519603934,0.0784487153202198,0.116729480737018,0.000732830820770519,0.0298017867113344,0.431663401436701,1055,8.25,2.44722222222222,119.5,162324.938218635,236609.675057225,43.9195158038903,68.75,28.0359050116128,50,78.75,0.109230282887316
84,24.75,0.00014120304998588,0.00165913583733409,0.00162383507483762,7.06015249929399e-05,0,6221.01125039481,12110.8481589259,2772.10725368637,31.737735349485,9878.08854332492,0.158105279411125,0.507670119292221,845.25,1945.75,0.864180433277278,0,5.37062379831859,1.36976076765981,0.579081090414747,91.9698825609606,0.121711589662491,0.120446201637955,0.000458909912454109,0.028770121434623,0.599309484990889,1060,7.5,2.11180555555556,121,168150.666502152,233756.399787201,40.2956534996516,70.75,26.5440291027038,51,80.25,0.108002140460751
85,22.75,0.000173010380622837,0.0014878892733564,0.0014878892733564,0,0,3839.63755227745,9736.43752316084,2852.31850404445,31.6793588469999,9865.32100414482,0.159810624853723,0.476221683661044,842.25,1846.75,0.834163979282713,0,4.95830604384116,1.30731021361722,0.649713180713643,89.3897099072743,0.139604996304001,0.116920415224913,0.00055363321799308,0.0295847750865052,0.615002863141821,1062.5,10.75,2.67708333333333,121.5,138816.058341214,183852.548677424,42.845616061469,65.75,25.6207207063203,53.25,79.75,0.109682322465679
86,24.5,3.41215409287883e-05,0.00136486163715153,0.00180844166922578,0.000136486163715153,0,3600.50710678151,8261.4945161466,2739.72354465313,31.6347932997284,9880.24354645682,0.167685764395671,0.484216609172029,882,1856.5,0.839938732529198,0,2.21555734547917,0.832225153168902,0.594746114050052,92.0920218905499,0.0850794834437853,0.119937216364691,0.000341215409287883,0.0285256082164671,0.622960098103952,1090.25,8.5,2.39930555555556,109,137311.83854051,153120.808022077,36.2478098008009,54.75,23.0229963265274,48.25,80.25,0.110868457492154
87,24,6.8331681984352e-05,0.00184495541357751,0.00129830195770269,6.8331681984352e-05,0,4323.403296545,9858.84411033301,2689.14345276254,31.7088049601506,9858.9932079369,0.175802885234892,0.548966376863007,939.75,2038.25,0.838555735638394,0,4.69240408135904,1.35719328985209,0.648606795967957,85.042986913345,0.112544937364716,0.160647784345212,6.8331681984352e-05,0.0274693361577095,0.431981566820276,1377,11.75,3.34236111111111,135.5,155243.384228675,181015.69957332,48.1639511882642,78.5,27.1977700736216,52,79.75,0.105798265648617
88,24,6.77392040643522e-05,0.00169348010160881,0.00138865368331922,0.000101608806096528,0,7501.87573757036,10301.2600345861,2646.06329484359,31.7010920737433,9856.05654847852,0.17633170360873,0.592079729525906,935.25,2162.25,0.860539389638041,0,5.12218363408415,1.19626417310297,0.614768704098312,83.6655124242505,0.0898636494306127,0.160609652836579,0.000270956816257409,0.0279762912785775,0.451691959656895,1394,12.5,3.07152777777778,135.75,145480.815680782,217231.567294188,49.3812000504015,76.5,27.2965649030822,53.25,82.75,0.106797400439313
89,22.5,0,0.00124610591900312,0.00176531671858775,0.000103842159916926,0,6503.93649924146,13494.0285605516,1151.35308600142,31.6839592816961,9884.80591213334,0.186802701333149,0.571314631945294,993,2115,0.862245355828771,0,7.47070659642755,1.39139774765776,0.069540892889233,82.3798758352929,0.113314105325154,0.160055382485289,0,0.0281758393907927,0.289173789173789,1359.5,9.5,2.88402777777778,136.25,167351.194735055,201863.874928647,49.3274835962642,86.75,24.3595819553962,44.75,79,0.104012048882164
90,17.25,0.000152045005321575,0.000988292534590239,0.00148243880188536,0,0,3191.1537967932,5373.68578309994,1181.90057952362,31.6831809920718,9881.61827076648,0.174158469326779,0.467435664986831,929.25,1848.5,0.848291662516187,0,2.94576206652643,1.30295345790101,0.0618382934721972,75.0450483352729,0.0666691936391292,0.167059449597081,0,0.0317393948608788,0.284721479739121,1307.5,11.25,3.09375,120.5,140932.685084346,213362.031446268,39.2251461125586,70.25,22.0237307554863,38.25,84.25,0.0945795365074838
91,23,0.000110051357300073,0.00113719735876742,0.0020542920029347,7.33675715333822e-05,0,3830.36792257112,5663.3414007453,1106.61883780839,31.6576830822844,9888.36359348023,0.105042841428258,0.511420451965809,815.5,1947.25,0.842877977637336,0,3.24496838442285,1.65679622413646,0.0681099534668914,80.5568764644778,0.0725756168252717,0.167057960381511,0,0.0300073367571533,0.207531380753138,1343,9.75,2.49930555555556,126.5,166794.009306274,208247.644827718,47.4735978576369,78.75,24.7251156306911,46.25,81.25,0.0974596836161675
92,21.75,0,0.000978438122848342,0.00199311469469107,0.000181192244971915,0,1975.37469196333,3640.9007955948,1371.56400082887,31.6363034255034,9541.94223478871,0.0955624430198984,0.394570167494003,737,1666.75,0.837593481415337,0,1.51384314038156,1.03854098532875,0.145848427033727,79.2529929379175,0.0820395334780494,0.156731291900707,0,0.028954520746512,0.24548922569337,1281,11.25,3.31875,176,159696.867654673,213632.911379868,45.4044777450412,71.25,75.5194944166011,145.25,80.5,0.100135375866563
93,24.5,0.000107805088400172,0.00158114129653586,0.00183268650280293,0,0,8502.4355703282,5714.89196592039,1374.14083162925,31.5822898205844,9516.74678483925,0.0938828048472182,0.408604560884231,741.75,1660.5,0.818142266695671,0,2.74607439405299,0.883646095677777,0.133228771470666,76.5295159993524,0.0956309831060772,0.161168607158258,0,0.0286042834555124,0.235549278724907,1320.25,10.25,2.99652777777778,163.25,178660.468631517,203126.187733483,38.8095313890075,51.5,73.5762642650186,149.5,79.5,0.0993800767031493
94,22.75,0.000176934781839414,0.00162779999292261,0.00134470434197955,7.07739127357656e-05,0,7153.80617355559,7257.06425939869,1387.78404555245,31.6483461213917,9545.25461825597,0.0963901488270017,0.517308971400537,746.5,1888.25,0.873618857202988,0,3.31837346575247,1.05515866412161,0.162182369473246,83.2582141863208,0.0900181757810861,0.160515234084716,0,0.0282741781379384,0.236624915040295,1333.75,8,2.46319444444444,173.5,152961.987132824,230660.714563942,40.9497394048027,72,79.2191855013631,152.5,80.5,0.101847264413694
96,24.75,0.000146017376067752,0.00175220851281302,0.00160619113674527,0.000109513032050814,0,6010.244517511,6302.16824936181,1358.7464513296,31.6278294322132,9559.37615330533,0.0976269687418625,0.468540191067867,755.75,1821,0.854799449677215,0,2.04359113637525,1.06081287039522,0.147453066712151,80.4013736039173,0.108110713417553,0.161130174490764,0,0.0289479448054318,0.222515391380827,1301.75,9.75,3.22083333333333,169.75,158439.463696745,190349.838315139,42.8269222076125,64.75,74.6282002744493,147.75,60.75,0.0987741477752914
95,28,0.000205761316872428,0.00154320987654321,0.00202331961591221,6.85871056241427e-05,0,2694.33354936399,4564.25797176124,1366.98965016398,31.7054947936064,9544.85578910894,0.10240627257502,0.45223028390853,791,1802.75,0.821557245796637,0,2.15215313689201,0.938425519978031,0.172579459676212,85.4002337152427,0.11182693812635,0.155692729766804,0,0.0277777777777778,0.239483964749705,1337.5,14.75,3.61041666666667,173.5,145083.413815837,201427.579570369,45.0854478913402,65.75,77.6950536798468,154,80.5,0.10599261176037
98,36.5,0.000119944345823538,0.00237489804730605,0.000959554766588303,4.79777383294151e-05,0,15047.1616320378,36454.1427441142,1327.32645573526,31.6115754530567,9481.44113829974,0.127556071526792,0.738649935462045,975.75,2530.5,0.827652595550485,0,22.2118890291156,1.62712120788855,0.318985130927145,106.955254566758,0.264992940622111,0.111044475363431,0,0.0183514849110013,0.159308558694212,1348.5,12.25,3.67569444444444,219.5,189075.459607079,196175.874507938,48.8954064723062,81,117.984577199745,250.5,66.5,0.15914068301358
97,36.75,0.000164733014849505,0.0020003294660297,0.00127079754312475,2.35332878356435e-05,0,4518.25784145387,11467.5804845571,1308.36087119864,31.6660468354981,9482.20447668135,0.1282533365827,0.724428796261005,989.5,2509.25,0.79958940959932,0,10.1924449270819,1.87948010443285,0.316029632258305,108.794729210935,0.258726077182491,0.116772174240463,0,0.0177676323159109,0.151395376691819,1429.25,10.5,3.825,204.25,180491.198110436,226163.756341795,51.6972059015124,75.25,122.587331220102,243.75,59.5,0.160771654508982
99,40.25,9.52789290648373e-05,0.00207231670716021,0.00166738125863465,0,0,6189.58493689092,16529.2129723232,1297.27275995082,31.6864941369662,9494.81543646802,0.127036670831489,0.731763646901491,985.75,2491.5,0.802300148169054,0,12.581234591888,1.51616738281331,0.305293560183624,111.482573519532,0.253085995666865,0.116454671049497,0,0.0182220951836501,0.162541646834841,1413.5,12,3.225,217.75,138959.784905263,224854.096199755,48.4355467400771,84,121.004683643471,246.75,61.25,0.159134275163991
100,44.75,2.35216634520393e-05,0.00237568800865597,0.00181116808580703,0,0,5658.62550025715,10446.1352275469,1308.40457583197,31.6494510968022,9486.70054960435,0.128491654345487,0.695076750918784,1002.25,2458.75,0.808892689183412,0,10.4117877723097,1.21907125076592,0.311966226549984,110.73958716818,0.250556384207258,0.115961800818554,0,0.0180881591946182,0.171235380116959,1424.75,11,3.26805555555556,222.5,150800.236225457,218350.982649294,50.1587956402646,87.25,131.591775476641,250,61,0.160955912672876
101,44.75,0.000119645848289064,0.00265613783201723,0.00145967934912659,4.78583393156257e-05,0,6848.62050605778,14638.9775567919,1395.60898785256,31.6720808577889,9496.42847019143,0.120770311304481,0.757945835961114,931.5,2582.75,0.830991941809884,0,13.2315908221702,1.70652619642786,0.344189627950851,112.848015869272,0.253614847076404,0.116822206269442,0,0.018664752333094,0.173101555352242,1415.5,10.25,3.30763888888889,210.25,193625.745005028,188743.305342158,49.6661578725935,78.5,120.269036854096,242.25,65.5,0.15801753966214
102,39.75,0,0.00224541663582303,0.00162854393367385,4.93498161719348e-05,0,8787.54027353549,21601.6730959984,1358.10180483964,31.7532233048675,9497.55808745171,0.118182795490048,0.714888759380447,908.5,2442.25,0.830106883922565,0,13.5257829028086,1.22156962496132,0.309879848689688,105.981580331105,0.223295911044367,0.118044760283268,0,0.0193698028474844,0.167878092323387,1392.25,8.25,3.32430555555556,212.75,186513.094126706,246258.379875272,46.9319795000577,75,113.508242361567,226.25,61.75,0.153069516524524
103,41.5,0.000143112701252236,0.00221824686940966,0.00152653548002385,7.15563506261181e-05,0,9027.93092489443,27869.0055526428,1510.91227330604,31.627163050167,9500.54682629991,0.120345646312927,0.744416433419257,933.25,2586.5,0.816851877901252,0,22.1462539018937,2.22687020100992,0.382156805662904,113.3239268432,0.501115514134805,0.114609421586166,0,0.0187716159809183,0.166785714285714,1398,11.5,3.19305555555556,208.75,173516.631225584,219836.913990853,51.7738117700295,84.75,129.144462190394,245.75,64.25,0.15871537051567
104,41.75,4.65224470807164e-05,0.00248895091881833,0.00134915096534078,0,0,3970.76825335906,9718.21342386505,1377.45743878482,31.6551529071436,9474.33647205075,0.121912880883966,0.712745758139401,946,2469.25,0.788700880995665,0,8.00614685078474,1.29200602388746,0.354154088527801,108.398817392184,0.284960577967555,0.109141660851361,0,0.0178878809025355,0.145973843176353,1365.25,13.75,3.45138888888889,214,150851.656949997,198068.590873351,51.6717727000869,90.5,127.999332475541,257.25,64.75,0.163488748721579
106,37.75,6.5740456677039e-05,0.00212560809922426,0.00111758776350966,0,0,12786.7950313258,23362.2243730805,1331.79393184065,31.54004819167,9483.85061059985,0.12569061885914,0.806367766645737,970.25,2725.75,0.811596125779488,0,22.5824006667102,2.02240538654012,0.359110105329617,116.504928500877,0.332771761924195,0.105644913880002,0,0.016763816452645,0.136970432480141,1396.5,13.5,3.58680555555556,212,164041.999724197,205397.885738201,44.0099894727714,78.5,137.742749065923,264.5,65.25,0.17440965554492
105,40.5,0.0001327051954084,0.00216751819167054,0.00128281688894787,0,0,11990.0819277773,23863.2877550668,1428.89533268058,31.6538885923239,9460.35303309869,0.129617983561057,0.769232271110664,1004,2629,0.792958486600105,0,22.2401592555834,1.52728900073666,0.404780332358491,115.293838813822,0.536551619157177,0.109526021277066,0,0.0168756773494349,0.146352118829183,1428.75,9,3.67569444444444,222.75,167405.669716791,228984.546277888,49.9776812342111,84,141.828280216684,279.25,64.75,0.172403795944961
107,44.75,0,0.00248985228271331,0.00125538770556974,0,0,7751.01655917236,17858.1251704822,1393.29300918869,31.6272490449353,9457.99966144317,0.133087172748113,0.860465681718525,1025,2869.75,0.807601098352471,0,20.4373294732436,1.5207225060966,0.426347247594022,122.651730060826,0.37004787873855,0.106917186257689,0,0.0161317320165711,0.149063515814457,1470.25,12.5,4.19930555555556,233,158790.211890151,232837.81136441,44.0948501146318,75.5,152.973867509043,300.75,62.5,0.183408035336967
108,49.75,0.000208315973668861,0.00264561286559453,0.00127072743938005,2.08315973668861e-05,0,12052.8673316333,26129.9820047401,1453.07958845031,31.6725068857254,9469.95681503143,0.136965825590539,0.879555799429864,1052.75,2920,0.802408617768095,0,31.4962239202173,1.71163092437982,0.444741573545885,121.334395536686,0.53254933116636,0.105178735105408,0,0.0158945087909341,0.138990526790637,1453,14.5,4.04444444444444,231.75,185474.789952774,219904.676035827,46.9084439447435,78.25,148.293983605531,295,60.25,0.184345754246037
110,43,0.000151364442330147,0.00237858409375946,0.00118929204687973,0,0,5950.5489120711,12128.3941144092,1338.74953040135,31.6208374274989,9484.17924143691,0.125669174933817,0.805371534165798,970.5,2721,0.78824215711693,0,12.384919425839,1.4477213146009,0.339679940468328,114.335354775435,0.290877379558144,0.126000086493967,0,0.0168879470656922,0.15204294008106,1652,11.25,4.39583333333333,215.75,165549.446236052,225260.846448821,57.8323283439761,96,127.459806156705,246.75,63.75,0.172763007379406
109,46,8.61604738826063e-05,0.00249865374259558,0.0013785675821217,0,0,5732.238517897,17049.8246724715,1327.51311227318,31.6276710943733,9446.66216703966,0.127447421843508,0.816304191879343,977.25,2770.25,0.791645310097386,0,16.4070702064841,1.65547992743677,0.336370464719834,117.721591680477,0.330675222350846,0.123252557889068,0,0.0167366720516963,0.149859792924935,1624.75,11.5,4.17083333333333,224.5,173758.486335397,220033.244836478,54.0479282608361,87.75,140.833275595222,274.5,64,0.174267434270689
111,40.5,0.000132634790105445,0.00229900302849437,0.00108318411919446,6.63173950527223e-05,0,5858.09116878231,14507.9193471514,1328.14640409292,31.6826781604917,9458.15517608126,0.126600416818401,0.775656598261139,976.5,2653.5,0.782312041068296,0,13.3623245847456,1.74660525281856,0.333465679513607,113.824128736111,0.307705828647538,0.123925105555187,0,0.0165572429648297,0.150542914825121,1588.75,11.75,4.12777777777778,217.5,188764.856559149,230252.853437321,53.4156549374668,87.25,139.247748580969,268.75,60,0.169398818307328
112,39.25,0.000111766809728183,0.00221298283261803,0.00114002145922747,4.47067238912732e-05,0,9300.92610518522,17970.1561020166,1304.09796273199,31.6506028412251,9503.55038524614,0.124106966889487,0.816947114801016,951.25,2714.25,0.788735204149488,0,18.2337585044277,2.23929098746555,0.304877579284424,64.1008674062824,0.28771386669302,0.12622943490701,0,0.0286123032904149,0.151678080253551,1731.75,16.5,5.73333333333333,232,136749.805381588,192459.091252701,63.2328550776607,125.5,111.944448836356,231.5,60.5,0.167036782469327
114,37,4.999500049995e-05,0.00204979502049795,0.00147485251474853,0.000124987501249875,0,6822.50779373562,11702.3887339329,1249.33381012611,31.7034981467553,9506.00119297975,0.119368488118954,0.731479272765951,917.5,2508.25,0.832588440269676,0,11.3367458016002,1.88299097714626,0.232400458927718,60.565926616221,0.152624095256926,0.129412058794121,0,0.0322217778222178,0.168671663412483,1616.5,17.25,5.87847222222222,233.5,153766.774911248,199866.175385673,66.0393144703701,126,109.772043720466,217,62.5,0.148927025248155
113,39.25,0.000181842978587989,0.00222757648770287,0.00109105787152794,6.8191116970496e-05,0,4591.48973299005,10673.7162184532,1303.09344225774,31.652176760917,9468.78483129946,0.122317190400856,0.7606455379675,949.5,2637,0.807703081232493,0,10.2211857940385,2.12485776145053,0.299041734811052,63.7080660875809,0.276398627614219,0.128926671818884,0,0.0290721462017548,0.154627990635528,1737.75,20.25,6.83611111111111,242.5,152374.705478811,214922.962309292,68.924442794759,134.5,119.144272457923,228.25,67,0.164083793257522
115,32.25,9.84034047578046e-05,0.00179586213682993,0.00123004255947256,4.92017023789023e-05,0,3710.98525412439,8935.62662634549,1285.97991139317,31.774108901905,9474.46411341874,0.119716301217827,0.74672212207511,915.5,2492.75,0.820841773576412,0,7.40499145462705,1.32297857696252,0.248656723979157,60.8794046698915,0.178806885786227,0.141454894339344,0,0.0323501193141283,0.169098391320614,1766.25,17.25,6.16319444444444,234.5,144458.35668923,203258.457019049,63.6103803919127,124,109.306048282418,221.25,65,0.149749525628112
116,28,0.000125508308650033,0.00163160801245042,0.000978964807470254,7.53049851900196e-05,0,3567.13570436095,8766.72943563125,1257.40882466151,31.7202105990982,9469.90790009873,0.113542430003706,0.686736992489911,879.5,2387.25,0.816296180338134,0,6.21254533535063,1.31333660534277,0.23067987801577,58.3843116909364,0.145883771363135,0.136151413223555,0,0.0325568552638185,0.171767725376965,1680.25,16.75,5.62638888888889,230.25,151166.50058062,217261.123917525,61.2014666023687,115,106.105806196075,215.75,61.75,0.147513434449056
117,30.75,2.61396905060644e-05,0.00196047678795483,0.00120242576327896,2.61396905060644e-05,0,2934.31694136002,5388.21771921939,1289.89581846596,31.6128696389491,9499.30704881165,0.1128498928083,0.624258210346801,867.75,2261.25,0.807916937053861,0,4.35814376979358,1.77745198638191,0.228930454455995,55.3387788087858,0.124028671322914,0.136030949393559,0,0.0330667084901715,0.162949445796161,1617.25,19.25,6.55972222222222,233,152092.748785588,187616.024703665,65.3038174621903,121.75,96.01962923021,189,62.75,0.141534951132265
118,29.5,0.000104528706195939,0.0015417984163901,0.00133274100399822,0.000104528706195939,0,1337.189590456,3423.55778489485,1274.2414905346,31.6113161279954,9489.77850884483,0.111957556959207,0.496759610258676,865.75,1882.25,0.790641387656313,0,1.61571480907048,1.9843827912609,0.225056306543994,53.7081501852103,0.129841303342968,0.137821099119346,0,0.0332662607468576,0.174164092923325,1636.75,20.5,6.60833333333333,252.5,160494.971527319,201845.591388966,91.7891714924215,180.75,89.2606104680882,198.25,64.75,0.1408128944051
119,34,5.13571116760393e-05,0.00200292735536553,0.00141232057109108,2.56785558380197e-05,0,1823.29232203337,3636.59341579186,1297.25939266667,31.5926119180107,9445.70158719547,0.111374474087566,0.526534865893804,855.5,1964.25,0.812601099967648,0,1.89870128399269,2.52680455399279,0.241189669100547,56.0218195006964,0.132326154332513,0.133143312020132,0,0.0327658372493131,0.169160264186548,1615.25,22,6.95,251.75,160797.45754995,199615.435440145,100.866188982023,188.25,101.120980770392,204.25,63.25,0.144261029163838
120,32.25,2.6083781104909e-05,0.00182586467734363,0.0014606917418749,5.21675622098179e-05,0,3586.09385449835,4342.88259133191,1345.25616961311,31.6528226940596,9471.49575713752,0.117173368000079,0.511973497001004,896,1956.75,0.819438861644827,0,2.63698379200251,2.00180788584912,0.237749911191684,57.1122812283469,0.130063748558653,0.136783348114143,0,0.0328916479732902,0.174417046368266,1626.25,19.25,7.3625,246,159563.973974036,185451.909558131,94.9639469478156,177.5,98.8363580016025,196.5,64.25,0.142033045678947
121,35,0.000131161302169408,0.00194118727210724,0.00152147110516513,7.86967813016448e-05,0,1869.63694031582,3758.71516775022,1332.24576329295,31.7371556686508,9464.01921808693,0.112752536189401,0.494363398986878,855.75,1920.5,0.799015652735194,0,1.97029261283524,1.99146594500145,0.22606951616667,54.961391762138,0.129525554816523,0.136329057474883,0,0.0328427900632197,0.16857027680731,1612.25,21.75,7.27777777777778,249.25,137233.30303385,199317.753607779,88.5678199485205,183,94.8104767566588,188.5,57.75,0.141093242039256
123,30,0.000129483361388062,0.00170918037032241,0.00121714359704778,5.17933445552247e-05,0,1463.22354267163,2957.06002461264,1297.67208079202,31.6449722639835,9439.93726606769,0.100793931065881,0.380457402737785,780,1575.25,0.672566371681416,0,0.982181952439218,1.69184451328299,0.147837630912892,46.7514242469023,0.105366074540375,0.208701281885278,0,0.0330182571539557,0.128083812098682,2333.5,20.5,7.43472222222222,239.5,151043.305034999,202041.029741892,91.5139390743966,164.75,81.7168603243463,158,24.25,0.13015280393346
122,35.25,2.57393632081542e-05,0.00218784587269311,0.00136418625003217,5.14787264163085e-05,0,1948.17676032185,3754.94140848793,1331.34572595431,31.5925845877011,9510.95224805862,0.114295944741969,0.512869201609635,873.5,1939.75,0.800815282551355,0,2.13024603002708,2.07865448655541,0.227657095408351,56.5858655371275,0.131127004565894,0.140897274201436,0,0.0330750817224782,0.176207632772885,1689.75,16.75,6.49791666666667,247,152758.820320625,203211.646973854,87.4309770111212,179.5,97.3416241239754,193.5,23.75,0.143318589692854
124,29.25,5.04808299048436e-05,0.00131250157752593,0.00159014614200257,0,0,1528.74364904395,3149.19317977043,1330.28836234514,31.6478131443605,9484.44239497436,0.09944023321765,0.378105814209628,769.75,1581.25,0.672794412779963,0,0.948262207054642,2.75346246738213,0.17064308404092,47.7450600494424,0.111981674004792,0.205608420202428,0,0.0314495570307176,0.134628220531304,2348,24.75,7.30555555555556,245,134977.088500681,192975.704690711,94.6475635294811,184.25,83.4063339164599,160,23.5,0.134380816545643
125,35.75,0.000127339870113332,0.00180822615560932,0.00165541831147332,5.0935948045333e-05,0,1314.80623695251,2975.09514155297,1307.83998292817,25.0019693544257,9430.89866627606,0.0972391862933615,0.398398821955905,757,1607.75,0.667563503996202,0,0.934970884762196,1.84974381015841,0.170726070233799,47.4313616607197,0.11692081875987,0.199592512415637,0,0.0328282185152171,0.128977458346945,2281.5,23.25,7.27708333333333,233.75,158776.119488754,193020.523364621,78.259168553908,147.25,87.1181822532119,175.25,24.25,0.134231034596085
126,26.75,0.000208779163839449,0.00122657758755676,0.00127877237851662,7.82921864397933e-05,0,833.632303501283,2417.59074101228,1294.74376271532,25.0387010037628,9536.50337939399,0.0972794775371455,0.36992291772595,755.25,1520,0.656512177241997,0,0.611019769982856,6.70427338930408,0.151694269480139,46.0535202545065,0.100697033766484,0.206273813873375,0,0.0333002766323921,0.142857142857143,2295,17.25,5.50138888888889,237.5,156931.501844178,208964.742857718,82.3623486928873,173.25,79.7806679343238,159.75,24,0.129862001628377
127,36,0.00012051677593521,0.00180775163902815,0.00151851137678365,2.4103355187042e-05,0,1175.56267906816,2991.1294904087,1280.3625281679,24.9441559891102,9534.23199568137,0.116701944864637,0.422646769062763,908.75,1774.25,0.64803974952355,0,1.08789470955209,9.37031786001654,0.224841776264767,51.517171936466,0.140936154008262,0.211121288083301,0,0.0302256074045507,0.114405609850367,2503.25,18.5,6.32708333333333,257.25,182179.849177051,185612.554761343,103.44852661268,209,88.7464809951955,185.25,19.75,0.139991486571235
128,27.75,2.43599425105357e-05,0.00124235706803732,0.00141287666561107,2.43599425105357e-05,0,833.426339864759,2520.29662333585,1027.87108585162,24.8847342881857,9593.53600526999,0.123892665068521,0.436480449037102,953.25,1747.5,0.625662847790507,0,0.952188394230153,10.3284659901697,0.108246749130504,49.1226987353901,0.10229482642178,0.210908382256218,0,0.0303524883681275,0.103260561383612,2476,20.25,6.91875,258.75,174798.893028073,183890.290918141,119.913217400305,240,76.4969483279992,156.5,22,0.138997806333162
129,30.75,7.20772668300418e-05,0.00134544231416078,0.00148959684782086,4.80515112200279e-05,0,830.914233073824,2392.93577048985,1045.73739667988,24.9683126684333,9605.10685735253,0.126343951820394,0.433509359388013,968.25,1777.5,0.630684013912147,0,0.920712914939608,9.5972719618236,0.121753598640521,50.0526783070002,0.117892113902043,0.207774734515401,0,0.0301523232905675,0.103650292924741,2475.75,20.25,6.43611111111111,262.5,153057.184635747,203130.344571944,109.626684145625,239.5,79.0923603189524,151.75,23.25,0.140555672311918
130,33.5,7.37155072855493e-05,0.00149888198147284,0.00162174116028208,9.82873430473991e-05,0,851.187319024861,2641.62423092856,1104.19285099196,24.9628306182408,9763.96654674399,0.124040733328402,0.421591938817371,948.25,1762.5,0.626649248856956,0,0.963925941975237,6.34262112832942,0.138346651598163,49.1284883018465,0.112041950475069,0.208467454603533,0,0.0351377251394452,0.113314609961598,2478.5,15.75,5.47638888888889,228.75,171902.572506025,187325.318531923,93.2679809479372,200,49.4326079219938,98.75,23.25,0.137955214025605
131,28.25,2.46962362935889e-05,0.000938456979156377,0.00140768546873456,0.000419836016991011,0,757.382040254179,2086.52541001129,1077.37805549661,24.9825447484769,9732.99955690648,0.120435205428356,0.41014152703595,934.75,1680.75,0.630798401841945,0,0.743156497431309,7.16889329961288,0.119562574747367,46.8719496795224,0.100464588983916,0.206361750469228,0,0.0358342388619974,0.115779422296491,2451.75,19.5,5.82569444444444,223.5,163900.744696642,185534.831636966,91.4482433190479,187,50.0156886163757,104.75,23.25,0.137177181747938
132,23,0,0.000774124876019063,0.0011128045092774,0.00033867963325834,0,957.601078076491,2622.41770480966,1061.20755014605,24.9715208315556,9752.05661299832,0.126276473337889,0.446786061307912,958,1810.25,0.624060629219208,0,1.01580944435065,7.85785397930294,0.129599020478926,49.1434223540479,0.102853230449681,0.210416817862932,0,0.034884002225609,0.107376594564615,2535,15.5,6.18611111111111,228.25,169386.009097045,188938.106457129,93.9206577604133,196.5,51.8301602060126,102.25,24,0.139422560901003
133,28.75,2.51281535832747e-05,0.000979997989747713,0.00158307367574631,0.000301537842999296,0,882.09748847267,2465.73466535395,1117.13355045071,25.010879052703,9756.78401289635,0.119999621097518,0.42516952872305,923.25,1753.5,0.633064784606166,0,0.814090848891897,6.58681923927017,0.152286119841045,47.894839367565,0.0959480485468793,0.212307769625088,0,0.0357071062418333,0.106131938390003,2467.5,15.5,5.89444444444444,224.25,157935.025928719,184380.214908586,89.989267294562,191.5,50.6273433103531,98.25,23.5,0.133862847676213
134,11.25,2.47286035757561e-05,0.00056875788224239,0.000420386260787853,9.89144143030243e-05,0,801.577998761002,2302.67490667079,1092.73546462725,24.9553389591946,9720.76888076317,0.123563881192315,0.416571267579226,948.25,1743.5,0.632291735482592,0,0.747335385683718,7.72785485553874,0.147863830702262,49.0453923702967,0.1019329829414,0.20819011350429,0,0.0354360889240585,0.109219531834129,2463,14.25,6.06458333333333,235.25,163715.811498265,185372.429873224,91.9810728463712,189,56.4246246490902,111,22.75,0.13673115925975
135,13.25,0,0.000553097345132743,0.000601192766448634,0.000120238553289727,0,774.143437479704,2144.81764111745,1086.99254407222,24.9830862129079,9739.23623891594,0.113469534207247,0.361771431501247,994,1787.5,0.628144553696846,0,0.690886194863302,7.42394385275555,0.144307738853544,51.0469136489932,0.10840322460214,0.210417468257022,0,0.0340275105809927,0.110483469014787,2541.25,14,5.51875,230.25,164677.742642051,194741.724402732,97.903710182466,200.5,55.0817998847621,110.25,21,0.140192912889264
136,16.75,2.39303149229444e-05,0.000957212596917775,0.000550397243227721,7.17909447688332e-05,0,812.818093142893,2618.27634141591,1158.95359855819,25.0112511615222,9736.14225186982,0.111783750910944,0.361811207707916,988.75,1765.5,0.625643335048893,0,0.715117613272892,6.40736149181698,0.181352471750231,50.1598716333218,0.121752793026835,0.212812290609744,0,0.0349143294725759,0.114566467533918,2588,17.75,5.76875,229.75,174663.409945632,177589.906648,91.4246023047441,190.5,55.7836788899573,109.25,24,0.140984827846214
137,11.75,0,0.0004912855304714,0.000467890981401334,0.0001403672944204,0,763.944049531373,2283.36569521436,1100.16000754476,25.1108094510477,9745.47693346241,0.113849745231698,0.375751199215636,1017.75,1858.25,0.632716240480466,0,0.663240982293976,6.5382593157812,0.17454312779672,53.3784279591608,0.120824129786531,0.205778453620306,0,0.0335711779155457,0.113028565303607,2557.75,14.5,5.30208333333333,226,178406.457367101,200847.694621421,99.7203358764061,204.75,59.1693699884303,110.25,23.5,0.144696305319091
139,14.25,2.43433384454344e-05,0.00060858346113586,0.000730300153363032,2.43433384454344e-05,0,1215.59120288318,3295.48150230015,1067.41835095615,25.0011645399058,9744.09290598498,0.131808998529377,0.501044447624463,1161.5,2262.75,0.628940779725103,0,1.82205184362903,9.00601703372226,0.24005709913342,60.8812199771805,0.126868142905637,0.248229022128095,0,0.0342510771927262,0.110376242827734,2901,14,5.6,247.5,165759.567907411,203313.740104463,99.4632936233362,200.25,71.0149774085466,139.75,24.5,0.13298655453023
138,24.25,0,0.00141292829388909,0.000777110561638997,9.41952195926057e-05,0,1376.75862118034,3555.83968486465,1087.35973113096,25.018271691053,9713.49127448318,0.133135899102043,0.576907313846408,1178,2348.25,0.618537974372821,0,2.49725144682299,12.3043374954222,0.261123911519204,62.8836472078858,0.11731549179986,0.248251501236312,0,0.0330625220770046,0.10191992605974,2986.5,16,6.025,256.25,180905.91953464,193274.781858929,113.664262062318,233,78.8109385309344,158.75,27,0.137235055122778
140,17.25,0,0.00127793986449015,0.000361681093723627,2.41120729149085e-05,0,1373.28188886549,3446.09099551855,1138.13716447662,24.963869106489,9719.25389972099,0.128725142521569,0.471048322875318,1136.5,2253.25,0.621965614575314,0,2.16011552718828,9.89003602069496,0.278569432833337,62.3056424801381,0.113989604743666,0.248330238950643,0,0.0338292382996166,0.109138495092694,2925.5,16,6.25347222222222,246.5,185749.241259826,209229.169792817,111.626563273502,223.75,77.7504349156483,143,21.5,0.134174053364659
141,20.75,0,0.00125953563535255,0.000665415052639084,4.75296466170774e-05,0,1194.94957256031,3084.18543042787,1088.98658536171,24.993585676567,9712.38435628239,0.130764250588867,0.499120300608959,1166.25,2353.75,0.630201308756681,0,1.54409766955424,8.5384883311394,0.257194248805269,62.4893421026075,0.120281495040771,0.251764538130659,0,0.0337222842748164,0.10331540839226,3003.25,21,6.07986111111111,244.25,162081.528520826,187783.60705857,104.467239557192,216,76.785328105398,152.25,23.5,0.135602286816347
142,25.25,2.43528237099092e-05,0.00143681659888464,0.000852348829846821,0.000146116942259455,0,1244.46715832298,3227.30399142296,1106.55586615674,24.9820372977287,9732.63137702974,0.131574423969478,0.489497652843279,1144.5,2263.25,0.630404463040446,0,1.74911427493686,10.876027240305,0.255260568987882,60.3545761923765,0.10946485781227,0.24659669288654,0,0.0348975963762998,0.104826612547428,2889.75,19,5.94652777777778,244,149236.862559715,203718.790605823,99.1075852680203,216,67.7120561094276,136.5,24.25,0.133082884022268
143,19,0,0.00100390152638664,0.000661662369663921,6.84478313445436e-05,0,1291.00181621938,3484.34124208649,1072.8427244139,24.9600131160964,9725.38279825414,0.14279950532844,0.540692533778548,1254,2439.75,0.625366499574388,0,2.30065927498221,12.0357175284737,0.278417976840389,65.0701526289402,0.117006401234426,0.249720504688676,0,0.0325583517762212,0.100934354573525,3093,19,6.63333333333333,259,157724.708082121,194691.548704018,121.516291018256,249,74.9149179406607,146,23,0.141577280360864
144,24.25,0,0.00111696186373065,0.00100298616334997,9.11805603045431e-05,0,1240.98608372404,3378.2296836861,1134.61275648326,24.9906116149766,9719.34707426876,0.137821156270112,0.535079339522905,1214.25,2448,0.616523042337954,0,1.91888057156758,21.2980068410078,0.339005418166934,65.6458917453588,0.117057861797273,0.252934874284802,0,0.0313205224646105,0.0996951340222513,3117.5,17,5.20763888888889,258.5,170694.542710803,205612.238300292,117.11608141945,238.25,78.14038824071,163.25,24.25,0.141256002105578
145,25.75,4.47697714503167e-05,0.00125355360060887,0.000940165200456652,6.71546571754751e-05,0,1335.69974303743,3537.7782170827,1106.50953839291,25.0238185946023,9737.09306794834,0.144673816550151,0.543822655927711,1275,2504.5,0.614731778161024,0,2.41120916290845,21.4520496244951,0.327896809883682,65.0657789592724,0.12877145335647,0.252882054037114,0,0.0317193830725494,0.0978759492694962,3178.5,16.5,5.74027777777778,262.25,189352.212739924,204108.297731551,127.47886759234,255.75,74.3978559162461,157.75,23.5,0.143937414338484
147,23.75,0,0.00118589456726036,0.000895014767743668,4.47507383871834e-05,0,1969.76634049359,5108.13859575596,1156.87635576211,24.9773251581752,9718.28723249427,0.153074855234661,0.6956283324655,1344.75,2850.5,0.667679704016913,0,4.93341109897171,31.0063602062545,0.400476010634429,74.1262119257961,0.176287993534859,0.215407679226707,0,0.0311017631790925,0.109269203829092,2754.25,17.75,5.61458333333333,270.75,161295.068648106,194697.926173668,151.050379610993,308,86.1722354951422,175.75,24.5,0.151397663870006
148,24,2.24456814508889e-05,0.00143652361285689,0.000650924762075777,4.48913629017777e-05,0,1770.37819339616,4615.70476062291,1172.81169592068,24.9557442256247,9710.47311157375,0.150919664557526,0.672723826919165,1332,2856.75,0.663732006867104,0,4.03256730487038,30.1243872666422,0.41534766816266,75.8013043387648,0.167142954871124,0.218149578021189,0,0.0307730292691686,0.112642879209144,2772.5,15.25,5.84027777777778,276,180460.132061726,216851.51306199,152.011846287191,324.75,92.8630801718971,176,21.75,0.150107004883912
149,25.5,0,0.00144345006773112,0.000710621571806089,0.000111034620594701,0,1995.86371272272,4954.83699837395,1132.44838873184,24.9624627376559,9683.74246826942,0.152711955209508,0.711598576999594,1353.5,2969.75,0.675792196594094,0,5.13899159212013,31.0764059168907,0.400342841488714,75.9357257681092,0.165955842258332,0.210499433723435,0,0.0308898314494459,0.10437394405857,2717.5,16,5.89722222222222,281,172014.183289777,185597.97744308,153.966165482193,312.25,94.4743817695885,196.25,21.5,0.153607340031474
150,23.5,0,0.00156795986022758,0.000515186811217633,2.23994265746797e-05,0,2201.6345344327,5509.8723395088,1157.18134225725,25.0008692912314,9678.96768341085,0.14902763504955,0.729177359720927,1301,2949.5,0.67324140338628,0,5.8170462746905,34.2594300570874,0.415618263373382,74.8698245143364,0.170612762426334,0.209524236179554,0,0.0310008063793567,0.0992628992628993,2684.5,19.75,6.28055555555556,277.75,156849.332536071,204203.450894774,158.469590158726,322.5,97.3003778461446,184.5,20.25,0.152582030814054
152,27,0,0.00130091300439945,0.00111168929466862,0.000141917782298122,0,1822.09394488091,4837.95905824071,1114.16203293683,25.171105797162,9717.34938182624,0.148740033918542,0.672629770752814,1317,2804,0.672225234996385,0,4.47259423083472,28.8809927554199,0.3571023522672,72.6434458880994,0.102087023104219,0.215644070201996,0,0.0326174369648517,0.105367714251659,2624,15.75,6.19722222222222,273.25,187081.75448401,188814.678306834,150.641671054059,288.5,84.3966851450551,169.25,24.25,0.120230533722028
151,26.5,0,0.0015809205474502,0.000722706535977235,9.03383169971543e-05,0,1934.41954665064,4810.69146230318,1104.35289036278,24.9873663556534,9674.65335004026,0.152443178445297,0.712273651896476,1342,2928.75,0.672444502367609,0,5.07915575297385,32.1782829619003,0.365149333652819,74.2957305642683,0.11306777150838,0.207416775825466,0,0.0297213062920638,0.097648570996522,2625,20.75,6.75208333333333,279.5,192879.583008402,187719.665181701,157.491190159999,298,97.1024566513193,194.25,21.75,0.127788607707906
153,20.75,0,0.00103233072122378,0.000891558350147811,2.3462061845995e-05,0,1492.65474944315,3929.35033513435,1045.50068611564,24.9888024607635,9747.48228039566,0.1490527881914,0.562662494849829,1308.75,2420.5,0.608727010457988,0,2.73018754259318,23.1462818043155,0.307844798231777,65.7315535441339,0.10766652692637,0.221880718877575,0,0.0315330111210173,0.0973702914001422,2700.25,18.75,5.30416666666667,250,180690.09759103,168673.213076367,125.056194523815,247.25,74.3599682398454,154.75,23.75,0.120907358538447
154,22,2.33203516709032e-05,0.00132926004524148,0.000606329143443483,9.32814066836128e-05,0,1623.92887197099,4432.69419850827,1059.89820625039,25.0091428828644,9683.4727984948,0.136863158970117,0.594729932503376,1200.75,2470.25,0.616991448198514,0,3.41862033662046,28.4510048498941,0.286892263326376,61.6483315919192,0.0913248819373222,0.270632681140832,0,0.0319022410857956,0.0745522534934068,3243.25,16.75,6.35972222222222,271.5,180716.845282594,192531.982834829,142.595141253344,299.25,81.1862067458608,161,24.25,0.114653229798558
155,22.25,2.33765019402497e-05,0.00123895460283323,0.000748048062087989,7.0129505820749e-05,0,1500.00691801415,3910.0271458047,1051.37955858189,24.9839951658006,9706.72414572302,0.140271540916025,0.604677862392625,1236.5,2490.5,0.621478873239437,0,3.05253383547557,23.3046596313651,0.272369170730756,62.2359231858177,0.0919686330850318,0.27619337042405,0,0.0328206087241105,0.0789380946787267,3304.75,19,7.84027777777778,268,182324.148555005,175956.823526907,130.076829716996,261.5,75.7233240074598,155.5,23.75,0.113348377557357
156,18.5,0,0.00104461674172431,0.000626770045034588,4.64274107433028e-05,0,1508.59438489969,4171.0238490533,1059.00613751304,25.0106603069704,9711.77084289726,0.137332763624674,0.590164968821141,1212.25,2500.75,0.623015504595674,0,3.05628525434961,22.6980895807046,0.286642146595434,64.3997920033095,0.0986168620759416,0.269673615302475,0,0.0307349459120665,0.0862956125535174,3235.25,14.25,6.70902777777778,262,166280.673956982,196338.858935442,125.899371546543,265.25,79.8351633101209,156.5,22.5,0.115231605362438
157,19.25,2.26228988982648e-05,0.000995407551523652,0.000633441169151415,9.04915955930593e-05,0,1877.72423537393,5122.6257174393,1075.57959853844,25.0380927865777,9691.77702711435,0.134915380872424,0.620111910128175,1201,2536,0.608947130591957,0,4.39021244849817,30.931463138772,0.275616171292932,63.5277126023718,0.0980415778622671,0.296721941949641,0,0.0298848494446078,0.0814383720033917,3609.25,15.75,7.0375,277.5,193339.020251527,177645.433678649,155.68503329508,308,78.2070272573555,157.75,24,0.113755915136951
161,47.25,0.000228407348190688,0.00584070218944758,9.78888635102946e-05,0,0,31213.8355368796,64835.4126276332,8771.7922156898,31.7384842027321,9451.78918238998,0.0574331059146481,0.347050928187709,562.75,1740.75,0.686977622000539,0,1.2087059234734,13.9766522184523,18.5385356316087,35.535302706492,0.0752434947615649,0.181094397494045,0.0128560707410187,0.0521421346298169,0.272985849392022,1885.5,16,6.30138888888889,214.25,135587.418035719,178882.783349908,77.7830903433051,172.75,82.419988594123,163,81,0.0939134142807323
158,15.75,7.09421112372304e-05,0.000591184260310254,0.000685773741959894,0.000141884222474461,0,1265.44794961573,3412.08702897558,674.007564084558,24.9468119881337,8535.28193180385,0.130481013537739,0.621978933995718,1146.75,2577.75,0.60043400320785,0,2.84098748616678,98.4229040664348,0.0948595718153559,39.7455540555846,0.0840663725390101,0.302473514945138,0,0.0440077563374953,0.0466905692301495,3663,98,63.0611111111111,356.25,110235.859887196,107235.515560805,382.49689806936,773.5,184.957310671444,360.75,25.25,0.107812474802806
159,21,4.46627958910228e-05,0.000736936132201876,0.000893255917820456,0.000200982581509603,0,1669.2211525024,4659.96580743405,652.283087309094,25.0066432168946,8538.99981435481,0.137666337142436,0.687421936160108,1206.25,2819.75,0.608541392904074,0,4.55938859251197,116.453853623989,0.0997121347513769,45.2823054514884,0.089505597205372,0.297744528807503,0,0.0405984814649397,0.0432715344071357,3787.75,96.25,65.31875,357.5,115445.798033938,116672.536086092,446.280221232363,889.25,207.396815088607,398,23,0.114887351456846
160,17.25,0,0.00087773402286853,0.000640508611282441,0.000118612705793045,0,1372.50701231774,3624.23217351378,668.387217637512,24.9615409351959,8494.03729202797,0.128315102011893,0.63217286769612,1147,2622,0.587065584237891,0,3.21257194393237,100.800821313094,0.0975140662018818,41.3127072821256,0.0846632271980089,0.320586421217441,0,0.0434359728614129,0.0441199136868064,3836.25,104,63.2840277777778,357,111443.758413424,112173.601261635,392.31284206493,813.25,192.299242563459,377.75,20.75,0.103949903312417
162,37.5,0.000169468546637744,0.00471122559652928,0.000101681127982646,6.77874186550976e-05,3.38937093275488e-05,30014.2093752788,62134.3293730943,8871.11637193437,31.6394977987093,9483.66113710859,0.0530221749966646,0.312840257150878,522.25,1676.25,0.700364823348694,0,1.08388713010824,10.7518575954864,16.7923529040702,33.4531839578137,0.0832071712640279,0.172993492407809,0.0135574837310195,0.0532470173535792,0.291730474732006,1768.75,14,5.62361111111111,200.75,138006.037822825,179141.710097864,63.796757757802,146.25,72.8501191043279,150.25,81.5,0.0907196241654983
163,37.25,0.000169761993684854,0.00475333582317591,6.79047974739415e-05,6.79047974739415e-05,0,30956.9255585958,62253.9313843869,8768.71145358655,31.7692275878874,9430.90437949961,0.0538416307408324,0.346750963195438,526.25,1723.25,0.695469013293391,0,1.18566654102578,11.8241527736689,17.3463490328418,34.1393802892348,0.0651077376570336,0.177027807014566,0.0138525786846841,0.054595457169049,0.263387251643401,1807.5,14,5.99097222222222,206.75,131599.717389546,169677.633781068,68.9309315317377,157.5,79.6772616484072,164,81.25,0.0901310110602147
164,42,0.000275795497638501,0.00534353776674596,0.000137897748819251,3.44744372048126e-05,0,32280.9279978122,66021.1063110895,8879.0524400094,31.5908697601851,9421.84846378716,0.0539499570749596,0.322752024352887,532.5,1686,0.7017493547462,0,1.01071314157306,10.9871624488432,18.1094042494308,31.4266706807635,0.091082361412446,0.170958734098666,0.0133760816354673,0.0550556762160858,0.243289591410677,1736,15,6.38611111111111,211.75,148383.992603619,170445.120571712,68.1386573329573,157.25,73.207033719332,159.75,79,0.0905277706746094
165,38.5,0.000166494622223702,0.00479504512004262,6.65978488894809e-05,9.98967733342213e-05,0,30979.5547347309,61632.7128420804,8866.65142831412,31.731339787588,9498.05401308899,0.0513763313793913,0.311590062872027,509,1594.25,0.70193740685544,0,0.906084121252012,8.9588840371989,16.6940947102635,35.301389983146,0.0656043839113674,0.185508308081649,0.0134527654756751,0.0557091005960507,0.38716065681987,1912,11.5,4.7375,187.75,146736.226278098,172599.203457327,55.4913449300818,115.25,75.9102383678089,160.25,80,0.091083864754684
166,42.25,0.000255338163480259,0.00497909418786505,9.57518113050972e-05,6.38345408700648e-05,0,31156.3076145424,62328.3140967779,8934.14087385571,31.6227854085887,9549.04927854219,0.0546915113175322,0.344643185682595,530,1696.75,0.698556124825338,0,1.32814636974179,7.75815193627928,17.8250034896942,37.3059848652746,0.0705049957374207,0.192333471641505,0.012830742714883,0.052216654431713,0.376818322500774,2016,10,4.54305555555556,193.75,152348.830668765,186810.698775711,54.0748733020364,123.25,72.7202994442014,152,79.25,0.0938547773927563
167,42.25,9.86550034529251e-05,0.00516294518070308,0.000164425005754875,0.0001315400046039,0,29154.9666937138,61375.8740010465,8555.57319508419,31.5906560780355,9513.3401131734,0.0548541598047586,0.323174215080743,537,1687.5,0.698605782726677,0,0.767542720875212,9.1596657243238,16.7925855292652,37.9706972527338,0.0578665123799502,0.198197901936927,0.0133513104672959,0.0532079318622776,0.369933219444013,2012.75,15,4.95833333333333,200.5,110755.2216422,192398.298027343,58.8784565712017,133.5,80.9391564556737,161.5,80.75,0.0901793182282462
168,47,6.30040322580645e-05,0.00570186491935484,0.000126008064516129,3.15020161290323e-05,0,29064.5503888131,59813.0075063765,8523.30907867699,31.666797344484,9525.44925185744,0.0552355737776962,0.316564175013221,551.75,1705.5,0.685608120355266,0,0.691896294785183,6.50532573372092,17.1465699432982,38.6055142602047,0.0613270367076499,0.196761592741935,0.0124747983870968,0.0528603830645161,0.380410363935899,2080,10.25,4.00277777777778,186.25,156271.931789573,208747.462507604,44.6382139620338,105,83.9017791381401,172,80.5,0.094349475335489
169,47.5,0.000121230489468101,0.00545537202606456,0.000181845734202152,0,0,29917.4401800825,61443.2639826238,8542.61672133414,31.6853870251132,9527.46731703727,0.0595233119778493,0.360610004531887,593.25,1845.25,0.702215832205683,0,1.32509795521399,9.33383408926172,18.8248584731431,40.682909635208,0.0773145941129108,0.191453250492499,0.0118199727231399,0.051492650401576,0.347384636930187,2101.5,13,4.42291666666667,198.75,139264.761910708,211614.725707826,56.3457783027886,125.25,87.4739116103142,176,81.25,0.0988716967303019
170,44.5,0.000118948495301534,0.00511478529796598,0,5.94742476507672e-05,0,28797.6088162893,59743.2865747935,8398.33016835681,31.650809156082,9441.60943820269,0.0611881567796967,0.385018309493012,617,1931,0.711661541019034,0,1.46771770797399,3.62301334520154,18.6763211136236,41.7072356025848,0.0763304143491463,0.187433091471393,0.0116569525395504,0.0489473058165814,0.323230295731299,2085.25,13.25,5.86388888888889,214.75,138618.940064119,211434.447444027,60.9206323540823,135,98.8990997160994,196.75,81.5,0.101165233918441
171,43.25,0.000271272266931911,0.00482261807878952,9.04240889773036e-05,3.01413629924345e-05,0,29721.5677718133,62358.6930315894,8421.68582600514,31.5873772561039,9473.04117363232,0.0622193098082811,0.403763239028866,619,1902.25,0.693452870537917,0,1.44045429848595,4.34915997030119,19.0513765773671,41.2676959752483,0.0687264229335896,0.194743346294119,0.0116044247520873,0.0486783012327817,0.327073972235263,2115.25,15.75,5.40694444444444,210,127972.822501054,179745.102543532,64.2646939398805,134,89.7355724360146,195.5,80,0.0987874280717923
172,40.5,0.000436096314986138,0.004516711833785,6.22994735694483e-05,3.11497367847242e-05,0,28871.5943152185,60676.3962846342,8443.0025957313,31.5863197595874,9486.80513057553,0.0585911659421805,0.365835849161268,581.5,1820.5,0.704215558452847,0,1.46875348231603,4.26683471950746,17.4835555264201,40.1844769458716,0.0605719623898626,0.195184250693082,0.0123352957667508,0.0519889106937046,0.366375545851528,2082.75,14,5.59930555555556,200.25,130632.907983559,199066.931666573,54.4166286992493,130,90.6952681944096,182.25,80,0.0954461060674383
173,43.75,0.000147427392009435,0.00486510393631137,0.000117941913607548,2.94854784018871e-05,0,27755.2142411817,58931.001767975,8304.47342030144,31.6432827731373,9477.31200342843,0.0619924431943119,0.398111942370681,608.25,1931.25,0.705742411812961,0,2.07456953862695,3.39789867447047,18.2971387636215,43.598164252601,0.0806112817267263,0.187881468376824,0.0115288220551378,0.0488869231903288,0.33245521601686,2105.25,11.75,4.74861111111111,207,140342.887408699,224441.927805504,55.7229084985374,135.75,103.072702641709,205.25,81,0.102227816614336
174,38.75,0.000546215937367239,0.00406627420040056,6.0690659707471e-05,3.03453298537355e-05,0,30030.9173911798,63563.4976706579,8415.73051140862,31.6174583943008,9439.73988881697,0.0625773587874304,0.384092416519645,610.5,1872.75,0.701309603760913,0,1.72899476928543,3.16684341648056,19.4802562141319,42.2802720891011,0.0686544804877695,0.194452873702737,0.0111670813861747,0.0494325423317351,0.336498677338398,2101.25,15.25,5.90694444444444,196.25,111356.544122483,207988.401984211,54.4850614847156,122.75,102.936804094761,202.75,81.25,0.0980430639487535
175,40.25,0.000374683860492709,0.00449620632591251,6.24473100821182e-05,6.24473100821182e-05,3.12236550410591e-05,28343.748623101,61521.80758645,8164.54527154508,31.6973114036467,9468.77577652074,0.064118953058875,0.380044327067642,625.25,1883,0.720464761258587,0,1.48952040969975,4.36920500319077,18.3163482578634,43.2468807468239,0.0627456091830896,0.176132638086614,0.0124270147063415,0.0499890717207356,0.35286349735891,1910,13.5,6.54652777777778,209.25,134837.820013724,194621.242410884,60.1222925458711,136,98.3371486482886,194,79.5,0.0971427924212471
176,44,0.000498939753024822,0.00477111138829986,0.00021828614194836,0,0,28644.9405771331,60079.4724988433,8254.85235098723,31.7470151491347,9447.08185759446,0.0675312768776615,0.407564633509512,658.75,1999,0.722425127830533,0,1.48316596598334,4.86862693779415,19.3224196783064,38.5252525205668,0.0634620141195436,0.210770861918423,0.0123487588873644,0.0500187102407384,0.216659713530802,2189.75,17.25,7.02152777777778,221.75,131137.355722259,175855.203681339,66.0312606677499,149,90.2640342937385,189,81.5,0.093717409310616
177,37.25,0.000542937290742919,0.00392121376647664,0,3.01631828190511e-05,0,29196.0176298526,61247.3546084224,8297.02614863019,31.5665974426342,9488.5381534051,0.0640672735687324,0.389436076413082,621,1896.75,0.705695142378559,0,1.56710577228769,3.84896981221075,19.0925954090968,36.1740601417304,0.0648102216635793,0.19992157572467,0.0115826622025156,0.0473561970259102,0.22595980695815,2145.5,13.5,6.15,212,123035.54429779,192133.100197546,59.9112757728454,142.75,79.8819949648894,173,82.25,0.0986827969749216
178,42.75,0.000383933845245127,0.0045481393975192,5.90667454223272e-05,5.90667454223272e-05,0,28935.9584056042,61419.4708404596,8273.68980937996,31.6305633425242,9448.76792244818,0.0678049835948718,0.413670124826886,669.75,1977.25,0.716804047988248,0,1.74620238182642,3.96200682954439,20.1322648638962,38.9735335411166,0.0720034184900918,0.198021264028352,0.0112817483756645,0.046751329001772,0.214438983872084,2167.5,14,6.81458333333333,222,155913.750071761,201349.895612499,70.2131267527631,162.75,97.8344455364466,181.25,80.5,0.100965120958065
179,44.5,0.000408639813193228,0.00464098073555166,0.000116754232340922,2.91885580852306e-05,0,28706.9105763066,60960.4457337527,8211.84365244279,31.6410391216851,9463.84834466513,0.0673183661758608,0.417121123491699,669,2001.25,0.70748675784647,0,1.9313332364078,4.44541810445286,19.8431173202371,38.0503142410454,0.0755460610262318,0.198394629305312,0.0112375948628138,0.0464681844716871,0.210972166196047,2193.5,15,7.22916666666667,228.5,131508.968503199,182120.934180835,68.886722027372,167,87.7121400826874,185,77.75,0.101964763757629
180,45.75,0.000458912072446919,0.00486446796793734,0.000214158967141896,6.11882763262559e-05,0,27525.4894104655,59394.9828537373,8230.44454276754,31.7260906721775,9480.69584022559,0.0653832301165207,0.406214866174479,654.5,1909.75,0.704815817540405,0,1.7092611778225,3.937918756595,18.7092678026406,37.9118690803641,0.0683462800029961,0.205378449489078,0.0121152787125987,0.0480327969161109,0.22711743772242,2169.75,13.5,5.3625,212.25,130506.220273891,184148.447948711,64.7879778637474,145.5,83.5836783229845,178.5,81,0.0964758401206898
181,46.25,0.000478211489031024,0.00493155598063243,0.000119552872257756,0,0,29730.6918206106,62116.061363696,8264.60003754798,31.6765977189675,9431.10800611703,0.0628529027929589,0.394085079692471,623,1867.25,0.72275417827298,0,1.55596892644127,4.74645176181247,18.9459832833078,34.2217647519872,0.0686067756890099,0.235847928746488,0.0112678582102935,0.0466256201805248,0.193017628759074,2457,16.25,7.31805555555556,213.75,125436.709241599,181799.237221743,71.5666544625937,155,80.8070421345638,170.5,79,0.0955092759459686
182,38.25,0.000372960372960373,0.0041958041958042,6.21600621600622e-05,0.000124320124320124,0,30783.7193602823,65044.9179122638,8497.29433214592,31.7132232866335,9402.37227146712,0.0587954161052576,0.343322241731575,581,1735.75,0.729445234708393,0,1.0955329403238,3.75387114099348,19.0258662137069,34.4123779598195,0.0579234986903026,0.246433566433566,0.0115306915306915,0.0477078477078477,0.217570201400419,2458.75,13.75,6.60069444444444,207.25,134375.104791645,167695.396783464,62.8012457249387,135.75,83.7215355955278,173,79.5,0.0903990009737624
183,43,0.00034343607795999,0.00452190835980653,5.72393463266649e-05,0,0,28520.5227432064,61811.658087408,8148.65624524745,31.7353802039468,9360.63626223692,0.06441385740504,0.390895596963442,653.75,1948.5,0.743388500255929,0,1.57113441180531,4.65016019197722,19.674138210687,38.9449383430897,0.0686429419351245,0.235711628173206,0.0109613348215563,0.0445608311153087,0.193614962915189,2544,18.75,7.69791666666667,222,117429.837675325,192590.014184369,68.7342591311175,149.75,102.110815003488,208.5,79.5,0.0991751904780371
184,48.75,0.000495785820525533,0.00476505260838429,8.26309700875888e-05,2.75436566958629e-05,0,29203.8600607484,62564.6923400442,8249.68571651024,31.7347718186678,9371.33627344702,0.0664589500553502,0.39692349068397,656.75,1979.75,0.739611957698393,0,1.61447238701378,4.88536439759126,20.4755175632222,39.6314702787123,0.0789124520123982,0.234974935272407,0.0105216768578196,0.044014763399989,0.189174107142857,2627.75,15.5,6.56666666666667,228.5,129763.159631047,178889.144797587,71.2827804387306,160,101.202356385658,222.75,80.5,0.103601962419011
185,45.25,0.000437675070028011,0.00475606909430439,8.75350140056022e-05,0,0,29246.8249761993,62181.9410062884,8193.9308444778,31.6023208273813,9372.58307489403,0.0622849268414485,0.356445193671386,609,1823,0.741183994153115,0,1.41973501003482,3.06573904887415,18.6528138587277,38.0197921438047,0.0618205588070028,0.24702380952381,0.0113795518207283,0.0464810924369748,0.218764861743325,2612.25,14.75,6.09305555555556,219.25,130264.61728218,199290.743426309,62.369364536666,139.25,97.3924630395612,207,80.75,0.0960208069286977
186,38,0.000577999513263568,0.00392431248478949,0.000121684108055488,0,0,29941.1347178354,60741.9258033972,8453.3280298535,31.6139766416629,9381.09135385159,0.0609201662712637,0.325940706046865,606.5,1747,0.726055232289646,0,0.833724283515709,4.21089865646884,19.1316292008951,37.4404436465108,0.0306304742227616,0.256449257726941,0.0118642005354101,0.0471525918715016,0.216785616250343,2592.5,15.5,6.33125,216.75,130408.200875165,192990.359476778,68.7346583078236,154.25,93.9042774683146,188,82.75,0.0904298214183469
187,37,0.000329120589784097,0.0044102159031069,0.000131648235913639,0,0,29235.2239228811,60067.5705434828,8478.64917809239,31.6927356126398,9463.11518469467,0.0504738869968054,0.281920577549081,494,1522,0.736924452391596,0,0.464525192399498,3.44164402771191,15.2533719787339,30.5060789015821,0.0304720728001994,0.263691416535018,0.013493944181148,0.0525934702474987,0.264751552795031,2505,15,6.10138888888889,197.25,122914.812276303,173458.541165437,56.2991299718964,123.25,65.3466035130615,138.5,80.25,0.0834104905779339
188,29.75,0.000374315173375983,0.00360703712525947,6.80573042501787e-05,0,0,31559.863970321,64169.4430957746,8622.70614008419,31.7074310544106,9388.76037289463,0.0487593406125441,0.259077774812463,482.75,1436,0.758467451357194,0,0.501152395843222,2.52005722332537,15.9325671064113,30.7998185380972,0.02911337926569,0.263279681491816,0.013339231633035,0.0543097287916426,0.29430699898832,2431.25,15.25,6.61805555555556,188.25,135927.460628386,175080.356796596,45.4796587092885,95,74.3770389574215,151.5,79.25,0.0803859343825288
189,34.25,0.000429610046265697,0.00403172504957039,6.60938532716457e-05,0,0,30132.3206852615,63605.9509265369,8511.64302118591,31.55854173323,9409.50249769914,0.0533793839898217,0.291485123826798,532,1519,0.739472820737176,0,0.952592517334404,2.2977486900041,16.3859880956936,32.4042022662487,0.079930081425487,0.26526768010575,0.01305353602115,0.0527098479841375,0.267508417508418,2504.25,16.5,6.73333333333333,198.5,108841.059667796,180371.192542485,51.6540193304302,126,77.3464428360203,148.5,81.25,0.0822587166579662
190,35,0.000398313804892621,0.00418229495137252,6.63856341487702e-05,0,0,29440.2513156057,60545.2680765295,8498.97539672491,31.5498150995896,9425.19161107192,0.0468180127075291,0.303223466269354,468.25,1535.25,0.756833390041964,0,0.810502669875174,2.92182369738347,15.8182973599762,32.0390788533776,0.0309816586064953,0.262787532777907,0.0132439340126797,0.0529425432336442,0.277870362248926,2477.75,13.25,5.96597222222222,187.75,135848.980384582,157632.782345642,51.5438500306726,110.5,73.1265045589022,154.25,78.75,0.0823998190456303
191,38.75,0.000419341311570595,0.00451598335537563,3.22570239669688e-05,3.22570239669688e-05,0,31084.706622623,63637.2682290824,8574.04803676484,31.6054087189248,9434.74212679881,0.0505275937271321,0.317558997205458,495,1676,0.755403987408185,0,0.885075749747598,3.26665294542247,17.4383354742886,34.202060870272,0.07702599295452,0.256378826489468,0.0129028095867875,0.0522563788264895,0.250618960146953,2492,14.5,6.32291666666667,196.75,148935.690053101,192679.439578489,57.3408626573666,123.5,78.6005007361168,153,78.25,0.0858512828102266
192,32,0.000340541460922867,0.00398433509279755,3.40541460922867e-05,0,0,30214.225277342,61089.9464078978,8556.79004284055,31.4725922685008,9436.86544537508,0.0465633024147091,0.274520582062364,453.5,1468.75,0.757022471910112,0,0.675543801482935,2.11033050187307,15.2906451883965,49.4265633863259,0.0569598846966763,0.269776945343096,0.0137238208751916,0.0371530733866848,0.29073771977524,2354,8.75,3.86458333333333,166.75,137124.244474366,195013.91492166,41.5687197739692,84.75,75.2490513544641,157.5,80,0.079679018327152
193,31.5,0.000441171479960634,0.00376692571351003,6.78725353785591e-05,0,0,30247.971694106,60398.3024272915,8619.39507976003,31.5634061290512,9440.43005150127,0.0444393500943454,0.26686417061878,434.75,1431.5,0.743827160493827,0,0.576783160594017,1.70627680952214,14.9714052891465,48.2711427643192,0.0291919638279925,0.262632775647334,0.0138459972172261,0.0371262768520718,0.266775777414075,2310.25,12.25,4.12916666666667,170.25,111471.27345237,205294.34916992,38.3589314989747,88.75,73.6293658852664,145.25,79.75,0.0808110877413369
194,25,0.000272553829381303,0.00310029980921232,3.40692286726629e-05,0,0,31380.503493701,61823.6057426336,8557.03766961398,31.6042685592246,9463.36702151395,0.0442745844296218,0.286966935061067,419.75,1436.25,0.745924074735214,0,0.717313126706171,1.89394005674302,15.0962325152598,48.2096485602205,0.0261803888387394,0.268567729626601,0.0129463068956119,0.0380212591986917,0.296662315867984,2344.75,9,3.175,153.5,132094.454498841,208681.291560974,31.1853386463412,71,76.6896653305232,149.5,79.25,0.0799547369588424
195,28.75,0.000203486400325578,0.00366275520586041,3.3914400054263e-05,0,0,31520.5039689387,63540.9758687763,8654.49107090011,31.74956947066,9426.35907188102,0.0448422788646555,0.271019531923664,440.5,1431.5,0.74861975801715,0,0.559025433097314,2.10018613159343,15.6677411229305,48.7391982306105,0.0227488968355252,0.262836600420539,0.0133961880214339,0.0372040968595266,0.305570927873086,2310.5,10.25,3.875,171.25,152810.530451694,200983.692930508,39.1072359573204,83.75,78.140862254323,164.25,80.5,0.0807524813271537
196,31.75,0.000306424704640632,0.0039494739709237,6.80943788090293e-05,0,0,30750.0966911772,63634.4680656232,8587.77802654099,31.537916995008,9410.7482045928,0.0435676774962988,0.263430014637962,433,1410.75,0.747998566136934,0,0.643497597917413,2.00640431966442,15.045150848137,47.3887714058813,0.0282382503340826,0.262469783119403,0.0133805454359743,0.0374519083449661,0.290982850820579,2300.5,7.75,3.54166666666667,161.5,136263.419115825,217650.96010066,34.4599237253996,71.25,80.0119839539151,165.75,80.25,0.0808723799226686
197,29.75,0.000493548614538532,0.0035253472467038,0.00017626736233519,0,0,31147.8753841846,62481.7757997664,8719.82079881682,31.6124427932196,9401.8183066986,0.0438916690085938,0.28802441258306,425.75,1438.75,0.751803751803752,0,0.737305173398063,2.32355469606643,15.0107376974315,45.996113556454,0.0170519787546994,0.272967637312275,0.0141013889868152,0.0394133822181485,0.282156133828996,2315.25,13.5,4.31805555555556,167,114658.799795811,212776.675062392,38.8213380080603,87.25,73.1283783109432,155.5,79.75,0.0761605627509603
198,30,0.000491555774024788,0.00340577929145746,0.000245777887012394,3.51111267160563e-05,3.51111267160563e-05,16736.3001212805,34914.574945444,7331.49986875246,31.5151574731597,6837.24568901238,0.0468496915498438,0.308794891724225,464.25,1658.5,0.760432766615147,0,0.557392140909066,12.4803373463095,8.32312251485387,25.7439629356758,0.0295344827658727,0.273656121624943,0.0223657877181279,0.0523155788069239,0.227565874332043,2480.25,90.5,51.1965277777778,346.5,78788.969377789,83457.2482841737,145.522611011574,329,165.621624721469,364.5,82.5,0.0765233650845667
199,30.75,0.00048360910566859,0.00366161180006218,0.000103630522643269,0,0,16686.1933695121,35024.0517200975,7298.74900312439,31.6874864973254,6947.6631975137,0.04970375364242,0.285068077307416,493.5,1666,0.762341325811001,0,0.56303821856156,15.0684577101443,8.40490894598435,26.2736992611811,0.029641712209397,0.275829907768835,0.021416974679609,0.0518498048291824,0.233809001097695,2526.5,88.5,53.1722222222222,348.5,80965.0936438585,81544.6660086582,167.594566300767,357.25,167.718956286384,357,29.75,0.0774741375460082
200,28.25,0.000455580865603645,0.00329420010513405,0.000210268091817067,0,0,16793.1186332217,35207.4329010112,7350.32044823397,31.7024864769203,6769.96435468177,0.0460799768676461,0.282575358144564,460,1607,0.75958485958486,0,0.365760920199848,14.0185439042514,8.29855882476466,24.3019471057895,0.0185154293784724,0.272227089539162,0.0219730155948835,0.0528123357280533,0.235760090531875,2475.5,91.75,55.1284722222222,350.25,77192.5710517309,80317.5283740013,154.434672479138,345,164.777840058604,347.5,29,0.0768991047460956
201,31.25,0.000564792262346006,0.00356525115605916,0.000211797098379752,3.52995163966254e-05,3.52995163966254e-05,16642.593317316,34739.4249536694,7346.10076444917,31.6913338784235,6867.87077985923,0.0490699190313148,0.325263356245658,498.5,1754.25,0.750611790878754,0,0.758063235878321,15.1401281443482,8.76762655261494,29.0056471286705,0.0281949561951807,0.289420734935931,0.022238695329874,0.0512195982915034,0.217145790554415,2570,91.25,55.55,349,86671.0300514902,92039.6645501487,173.501117559427,405,189.430355392024,362.5,28.75,0.0735616914110244
202,35,0.000552314543132314,0.00407331975560081,0.000172598294728848,3.45196589457696e-05,0,16627.2746597293,34648.7239526158,7381.24907990982,31.6575961047684,6915.87757202414,0.0523032862603152,0.336819109965583,519.5,1789.25,0.738687061822817,0,0.850191623804647,17.7146493156454,9.11070133927605,30.0271341272365,0.0262654606725084,0.278159411785012,0.0214367082053229,0.0516759294418171,0.197774041156217,2544,98.75,57.9361111111111,349.75,91502.259992727,93685.1238197803,191.450154237741,399.5,197.361827455396,379,29.75,0.0764860393883179
203,33.25,0.000540560020180907,0.00400014414933871,0.00025226134275109,0,0,16279.5691749044,34373.2662303767,7235.74279550401,31.6943432034406,6830.48729280575,0.0508719019193523,0.331741446799068,512,1740.5,0.752939871311294,0,0.638665848655806,16.0706203205728,8.92388516568537,27.247700925546,0.01896645051416,0.284118346607085,0.0226314461782407,0.0532631806551587,0.197057102248976,2497.5,96.5,55.1652777777778,350.5,76853.2079574859,82063.9925921376,164.163691421409,371.5,182.709701272577,383,31,0.0725404626550039
204,30.5,0.000516511139423574,0.00354670982404187,0.000103302227884715,3.44340759615716e-05,0,16230.8800114782,34359.5967620252,7233.84633952125,31.6504149688708,6955.74505018886,0.05279262830684,0.347425747825564,527.25,1841,0.757253994953743,0,0.907619320653635,16.8522493627838,8.97967109445604,30.0147720308514,0.057507787894964,0.281395268757963,0.0215901656279054,0.0509279983471644,0.204106280193237,2569.5,107,59.6944444444444,352.5,84853.6800399007,88869.6884040111,186.825541188109,395.5,191.979669294446,380,30,0.0760234982014763
205,51.5,0.00066664888936295,0.00466654222554065,0.000159995733447108,0,0,16367.9111433622,35223.833030131,7020.95991918329,31.668616530573,7111.80061516481,0.0763200505642228,0.568092574404626,751.25,2606.25,0.764573828662466,0,2.89729422207086,24.5875812338761,12.7726603533275,48.4691219064499,0.0625918787198513,0.235060398389376,0.0160795712114344,0.0376523292712194,0.121657684056303,2707.5,102,62.7972222222222,355.5,105053.006136489,116094.756570849,267.56220643446,607.75,314.50182767268,634,30.25,0.105416394659372
206,50.75,0.000701849102442975,0.00458901336212714,0.00016196517748684,2.69941962478067e-05,0,17210.6839645915,36075.5132715734,7246.85576220341,31.6866750584203,7110.76821267503,0.107594469915773,0.523715032796689,795,2445,0.765189825647219,0,2.5615614217371,23.9098284723719,12.924875106763,45.9033542833659,0.0619006767847458,0.242893777837765,0.016196517748684,0.0386556890268592,0.143893990212789,2757.5,96.75,61.8881944444444,353.5,105536.810486471,106662.070101226,260.77991590073,562,289.080526542108,610.5,29,0.103137414235841
207,45.25,0.000793868053654531,0.00388721598686012,0.000273747604708459,0,0,15823.8427107743,34147.1017512597,6973.00855637705,31.6100948715141,7097.70213438733,0.109050502239261,0.505575887489295,799.75,2470,0.771571677923655,0,2.61090264051216,26.9205209498015,11.7613245502157,45.5750715630753,0.0755583125792454,0.243826991513824,0.0168628524500411,0.0387900355871886,0.148612652608213,2735,102.75,63.4069444444444,356.5,103460.615892867,106185.206652871,274.830624054442,598.25,291.300791402506,596.5,30.5,0.101300245986181
208,45.25,0.000589543639628052,0.00396602084840689,0.000267974381649114,2.67974381649114e-05,0,16720.2409656771,35201.6701657004,7128.48279934146,31.6436876570554,7055.37820524243,0.109812638176246,0.518673405354713,800.25,2496.5,0.776658144081817,0,2.35672347625042,26.8022945262889,12.6455219890287,46.2279272869503,0.0613305438374984,0.240292628024761,0.0163196398424311,0.0385883109574725,0.143283906360328,2754,101.5,62.3972222222222,355.75,102037.781260619,107314.340243548,276.320617541359,586.5,296.946280387323,621.75,29.5,0.104202589738274
209,50.5,0.000760691947934862,0.00464867301515749,0.000281737758494393,0,0,17678.0800702511,36477.8852599366,7292.04989344064,31.6647103483574,7062.83919378601,0.112615997063404,0.59371392397614,712,2379.25,0.764807677180839,0,3.88880601611155,29.7442823160023,12.3266792933642,42.7118338738813,0.0587423124495509,0.245027328562574,0.0167633966304164,0.0395278075167634,0.149561126728243,2673.75,103.25,62.4888888888889,354.25,100492.894102335,103073.367175333,289.023802141974,636,271.792957932223,555.25,29,0.0985596106262516
210,44.75,0.000565519470027468,0.00395863629019228,0.000269294985727366,0,2.69294985727366e-05,16561.2742162632,35021.1828416977,7211.14208192634,31.7226816219785,7087.73063953076,0.0990893323355663,0.523679720879544,623.25,2140.25,0.610162099294904,0,2.14668258967975,26.8449223934343,10.4182438654241,29.8087995674877,0.0410336180478635,0.346259492648247,0.0168040071093876,0.0382129584747132,0.104882459312839,3725.25,116.75,70.51875,354.25,83711.6318084823,82346.78566947,249.405549535462,540.75,178.025293109198,365.25,30,0.0896263235169872
211,45,0.000686237133053755,0.00358368280594739,0.000279578091244122,2.5416190113102e-05,0,17203.7855250766,35784.8818852157,7331.6883580056,31.6091537873567,7035.23202408443,0.103394485928944,0.52513089222928,668.25,2159.5,0.612119932432432,0,2.27977645859433,22.4917462504628,11.3036272359885,33.1480700104445,0.0388180584165181,0.340704028466133,0.0151480493074088,0.0356334985385691,0.109043504933286,3850.75,99.25,65.0215277777778,353.75,82390.8149961631,87987.3471396801,224.668249232291,529.5,208.420160074225,432,30,0.09634552407538
212,38.75,0.000589369909987141,0.00340227175310759,0.000160737248178311,0,0,16763.5514472104,35202.1453529932,7194.5960427857,31.542625249876,7015.67389634528,0.0987046892612265,0.522272055155966,617.5,2107.25,0.610429673154609,0,2.6576029434808,23.3491630915685,10.3628846109353,30.108813395647,0.0777467696679419,0.337280325760823,0.0164219888555508,0.0382554650664381,0.114336302178345,3657.75,109.5,65.8354166666667,352.5,73379.2299327162,78493.0999472573,217.739802001875,494.25,187.728475401277,405,30,0.106715426165483
213,38,0.00066462847268377,0.00316363152997474,0.000186095972351456,2.65851389073508e-05,0,16970.1367890324,34958.4861916087,7276.46927214631,31.6682100105264,6987.62979170581,0.0974893698487379,0.489669397914108,620.75,2106.25,0.612478871169251,0,1.6965721186872,11.2835844106862,10.5412491727137,33.4992812240324,0.0789944798778827,0.339013691346537,0.0163764455669281,0.0378040675262528,0.109990883251998,3697.5,117.25,72.725,355.5,89804.1425349195,90533.1253690048,197.451456006529,434,207.514098693856,404.5,30.25,0.106730004047474
214,41.75,0.000669585372134947,0.00339943342776204,0.000206026268349215,2.57532835436518e-05,0,16531.4478530971,35903.5930904529,6656.02870247477,31.5750929130885,8122.55738931664,0.112350201094942,0.727005177751332,727,2669.25,0.621064186261483,0,6.65158412361965,27.9618173456535,9.76231323965459,29.2106592654487,0.0583038680737766,0.33716198815349,0.0158125160958022,0.0331702292042235,0.102874510611993,3748.5,126,84.1097222222222,355.25,70231.0952253789,69773.8295286727,287.760078294856,661.5,104.034356665121,227.75,30,0.110895430810005
215,38,0.000630219001102883,0.00312483588046846,0.000236332125413581,0,0,16872.3854242739,36023.0497274992,6789.44885309803,31.75828519163,8036.42382003555,0.109574792329745,0.689255296074881,702.5,2595.75,0.616609372172969,0,6.15263173968665,26.9548589416129,9.76309765081105,29.7601833521099,0.0483227536918019,0.34549130822961,0.0162543984034452,0.0343469355601071,0.113518478495786,3771,128.25,83.2340277777778,356.75,72666.9102699603,72824.6655963282,289.842802680532,642.75,108.384837244817,213.75,30.75,0.107188044411787
216,46.5,0.000454363223306161,0.00408926900975545,0.000400908726446612,2.67272484297742e-05,0,16999.4893035753,36122.4728745,6833.23474537332,31.6370481851695,8067.22426326869,0.107749397583403,0.701952712018395,680.25,2572.5,0.620403176542456,0,4.93693488581348,24.5147764671485,9.85939182420444,29.4200401363858,0.050017088954368,0.339355873312842,0.0160630763062943,0.0350661499398637,0.107975326164092,3652.5,118.25,81.5,355.5,74754.5415966998,74902.3371878989,278.508851941232,598.75,109.311745449067,227,28.25,0.106359144202142
217,38.75,0.00089809155544468,0.00246975177747287,0.000424098790071099,7.48409629537233e-05,0,10441.4479653552,31557.4323291475,4616.43999962877,31.7599643675398,8131.71887346746,0.135962934585611,0.744263826502499,874,2734.25,0.633603578417668,0,5.08306441545038,28.8333503328851,6.26032812765598,37.7894635215548,0.0571961873485043,0.345415991019084,0.0136460022452289,0.0320818261194961,0.146778934781526,3919.75,112.75,76.9486111111111,357,88666.552172692,89792.2727257272,331.721249793343,684.25,138.890212844406,276.25,27.75,0.1125577080463
218,19.5,0.00049369884370534,0.0011952708847603,0.000337793945693127,0,0,10421.0469525956,31452.7422245947,4468.29255608893,31.6429406294701,8162.91202095167,0.131833650309799,0.704625393218382,844,2671.75,0.631591240875912,0,5.66475214189693,26.4595058690557,5.67610530452302,33.5365155544777,0.202310865621509,0.344393919708978,0.0145251396648045,0.0328959334805769,0.143423385834985,3769.75,126.25,80.4631944444444,357,80395.5167090088,81064.6161749971,302.808548144968,648,118.117323139254,231.75,30,0.108270623020163
219,15.25,0.000308031932643684,0.000924095797931052,0.000282362604923377,5.1338655440614e-05,0,7427.28408376114,26607.3054820213,3074.46298181592,31.7221502975517,7732.75509959369,0.14423526346897,0.741093197001794,916.5,2725.75,0.645387220850795,0,5.44123741007963,32.6836930341937,3.93071437514928,27.9723478868124,0.0544716490895089,0.336653233051826,0.0130656878096363,0.0232050722591575,0.14050898663526,3632,167.75,110.511111111111,355.75,64431.8530267661,64319.7386451236,336.785099637553,732.25,121.109951188692,225.5,29.25,0.1107611236678
220,13.75,0.000283914928763163,0.00085174478628949,0.000232294032624406,5.1620896138757e-05,0,6937.97439704499,25162.3486424503,3069.89638222145,31.5451370980122,7600.83616154893,0.141872318463722,0.711833394308476,905.75,2690.25,0.617369308600337,0,5.02679020479385,34.2127331719492,3.74437745299438,26.5239364486471,0.0535642020256989,0.339510633904605,0.0130600867231055,0.0217323972744167,0.12679450369155,3625.5,165.25,113.520833333333,356,61325.1515474433,61240.2570060301,332.442827746262,692.25,117.011864318872,237.75,30.5,0.109671804475866
221,15.5,0.000382721404332406,0.000841987089531294,0.000331691883754752,2.55147602888271e-05,0,9592.01216306719,29531.3118086129,3206.13642861401,31.8275167609652,7661.00370910832,0.138926954693309,0.812516817015785,889.75,2878,0.624155405405405,0,14.7054990984041,15.1901999776175,4.00358548097578,30.4475077776203,0.0595702015847744,0.339882121807466,0.0132166458296124,0.0220192381292578,0.139697619777301,3675.5,159.25,109.967361111111,356.5,69480.146956751,65572.415893485,259.657499859869,556.75,126.313892116889,242.75,29,0.110742642181092
222,12.75,0.000313782914520304,0.000784457286300761,0.000209188609680203,2.61485762100254e-05,0,8211.62524144151,28446.8637436623,3530.63003405263,31.6010308438855,7616.23133877979,0.137787090271747,0.742150330449291,883.25,2764,0.621367720854242,0,6.47693127539808,15.0971632489344,4.41754093989805,29.1093904285833,0.0570332573812228,0.337055147347227,0.013414219595743,0.0231676385220825,0.139625460171797,3572.25,163.25,107.272916666667,355.75,66394.3138129454,66412.3412893117,249.399176155778,537,127.775304698206,241.75,28.25,0.108366341290865
223,15.25,0.000261869222510278,0.00104747689004111,0.000261869222510278,2.61869222510278e-05,0,16406.2609462896,40052.7494937703,3380.55487985627,31.6600388172669,7617.64293254624,0.140989698011026,0.966226484821826,902,3379.25,0.619064306991414,0,52.4232267799687,12.2243110385182,4.24407879004689,26.368997319456,0.0578335060617984,0.334459370990128,0.0129887134365098,0.0241181553931966,0.136640695394074,3547.25,167.5,109.225,357.25,56193.5826986518,52730.8715383278,197.893837918309,425,109.49465859243,229.75,28,0.109147890897579
224,16.25,0.000316130561922074,0.00102742432624674,0.000368818988909086,0,0,17466.1692961468,39933.3606513334,3317.72383608448,31.6226014986906,7658.82870655943,0.141552889347065,0.977672549400051,900.25,3293.25,0.612744235169864,0,58.8676832929165,12.1307012145544,4.0262970349601,24.4577924677955,0.0538460383017184,0.331410205748307,0.0131457625332596,0.0227614004583893,0.133415457126024,3485.75,164.75,110.284027777778,356,53070.6094968836,50634.6710752564,187.849687969556,397.25,103.312582669687,220.25,28.75,0.108913531474798
225,18,0.000233729808341557,0.00109073910559393,0.000415519659273879,0.000129849893523087,0,22933.9622468672,53341.4858431109,3425.15220153887,31.7855805908012,7649.8900297509,0.142915875328134,0.97834063384396,904.25,3285.5,0.601186362589265,0,93.2120106371833,12.7022808664258,4.10178744400324,24.3239223060661,0.0592817217767022,0.336882563756298,0.0132446891393549,0.024983119513842,0.138050496036953,3611,168,116.375,355.75,53728.8552429338,50318.0117739287,195.731293285216,411.5,104.139465866586,187.5,29.75,0.109883881551553
226,13.5,0.000453575240128068,0.000453575240128068,0.000506937033084312,2.66808964781217e-05,0,14007.799667249,37789.8590093434,1044.12582170039,31.7019640635101,7743.32502284919,0.156330718224035,0.980614890070579,982.25,3203.5,0.623669342848647,0,71.4234559763108,13.6894768141599,0.123504792229523,27.5490214802524,0.0560054923314784,0.338127001067236,0.000106723585912487,0.0357257203842049,0.0658051905744381,3504,148,105.632638888889,359,58759.6010839581,56283.2605949071,204.862348685151,447.5,113.491109527097,214.75,29,0.106260376368066
227,15,0.000339461040317527,0.000678922080635053,0.000470022978901191,7.83371631501984e-05,0,11784.3527230593,34562.5769024931,998.194903787564,31.6036039571585,7786.75143934083,0.157494184199927,0.970053140048808,1001.5,3226.75,0.604310294884422,0,64.6681026438708,13.2641868448782,0.109200858876177,24.2566375757895,0.0584488642370398,0.347399206183413,0.00018278671401713,0.0329277209108001,0.0596254840592011,3643,167.75,114.008333333333,356.75,51288.2475660222,50773.3931693683,193.048188719444,427,97.3081900302337,191,31,0.10711904337528
228,16.75,0.000251781353072991,0.000755344059218974,0.000553918976760581,0.000125890676536496,0,15413.3714524624,39352.3480258146,1056.67875782797,31.7240275695008,7847.58053416923,0.160158292232318,0.994412387337753,1004.75,3330.75,0.602009489254814,0,84.4081194261404,13.6235354283589,0.131121787168629,26.9790422730758,0.0644070685854106,0.346778457587431,0.000176246947151094,0.0314978472694312,0.0560329485940916,3757.75,155.75,110.906944444444,357,54846.9808334185,53494.385342644,207.10118298753,442.75,104.073938795652,214.25,30.25,0.111459227736126
229,17,0.000328481908227208,0.000606428138265616,0.000707499494643218,7.58035172832019e-05,0,19334.4534983643,54893.7083561817,1027.76522852464,31.6521755312489,7801.85349989613,0.161769194863483,0.990205237881704,1021.75,3301.25,0.604486616937253,0,105.48476996756,12.4663593936608,0.145701334717608,31.7968562282785,0.0651425570304819,0.344552253891247,5.05356781888013e-05,0.0296644430968264,0.0545292457035313,3703,146.25,100.470833333333,357,69172.8302099149,63458.3518157352,221.535028348379,466.5,129.633868131424,256.5,25.75,0.111361313988856
230,15.5,0.000185499258002968,0.000821496714013144,0.00052999788000848,0.000105999576001696,0,3844.22843603961,10613.6961985274,1030.52923727733,31.7443722535707,7649.65932113081,0.141405677597222,0.895974496838082,903,2973,0.589046153846154,0,15.658084179402,10.5695093565583,0.116801939456269,28.5781881000191,0.0532216018105244,0.369885520457918,2.6499894000424e-05,0.0323828704685181,0.0419618233926351,3795.25,152,93.1180555555556,356.5,68878.865996923,65601.0877088037,191.531564416574,405,125.397005055493,236.5,23.5,0.102082297531262
231,14.75,0.000207318337306935,0.000881102933554473,0.00041463667461387,2.59147921633669e-05,0,6904.98931622612,18785.2742204246,1053.9105763805,25.0188877613703,7606.92765501704,0.144313727713336,0.949978676437969,912,3111.5,0.594541445682617,0,30.5584118196727,11.0109844645475,0.147295853374166,28.7361957180092,0.0605019915443956,0.366797968280294,2.59147921633669e-05,0.0322898310355551,0.0551417339126836,3850.25,146.5,97.4944444444444,357.25,64574.7880461392,60293.2900402001,193.569500516363,421.25,126.985333044692,255.25,25,0.104914306678022
232,13.5,0.00028655534425717,0.000625211660197463,0.000442858259306536,5.21009716831219e-05,0,5008.57425817521,13684.1934602044,1012.36141153567,25.0432208680522,7674.10682849209,0.145857315975565,0.907822737966398,925.75,3009,0.591910004786979,0,21.2617414936025,11.1053728879106,0.122223399296663,30.2777563755969,0.0608387543089629,0.372391695105114,0.000182353400890927,0.0281605751947274,0.0466834328827413,3845.75,144,88.5472222222222,353.5,63625.8133029732,60312.4960428153,202.022895316269,426.75,126.892637764072,293.25,21.25,0.103509922426851
233,10.75,0.000192275998461792,0.000604295995165632,0.000384551996923584,0,0,1718.24570510445,4765.72416582537,1065.8914604889,25.1215122374201,7373.54807132014,0.135079649724425,0.738782611611012,868.5,2543.75,0.568985408890397,0,4.52895877271334,9.54185228487481,0.110690871599598,22.237338751707,0.0440038412985632,0.380679008954568,8.2403999340768e-05,0.0374388837004889,0.0471670980730515,3806.25,150.5,97.6923611111111,358.25,56003.8477949999,52375.9350667085,159.486189609861,338,110.344025241935,202,23.75,0.0969467839474258
234,12,0.000185155795376395,0.0005819182140401,0.000449664074485531,5.29016558218272e-05,0,2244.68546678682,6175.10550486009,1027.20501301846,25.0019734316936,7443.10897660782,0.139208187307613,0.818820544163371,874,2728.5,0.566067686837259,0,7.10467038175085,10.4260605462345,0.115846679165405,26.3888788554194,0.0538254804771796,0.374332116595249,7.93524837327408e-05,0.0346505845632968,0.048916274795957,3866.25,153.5,93.6472222222222,357.5,63649.4264660606,63312.4489328399,175.117887699592,385.25,135.182125334963,238,24.5,0.100960009527993
235,15,0.000157824131309677,0.000868032722203225,0.000473472393929032,7.89120656548386e-05,0,2449.3673686083,6868.25202300271,1032.04131244227,25.0199218136782,7388.49457859835,0.140182726273579,0.79565942278135,895.25,2720.75,0.56545523138833,0,7.52492434313109,9.67978912408126,0.117237749443713,27.9994789711478,0.053204335355046,0.377883578399137,5.26080437698924e-05,0.0324591630060236,0.0441270178419711,3900.5,156.5,95.0638888888889,357,65585.5634363294,64412.8873610151,178.888096366944,393.75,143.527874078923,245.5,23.75,0.101550863634409
236,15.25,0.000183881475254807,0.000814332247557003,0.000525375643585163,7.88063465377745e-05,0,4122.38294511803,10379.2977913452,1044.63825855884,25.0017423235941,7489.27520550376,0.1395853960894,0.800021113721418,877.75,2735.75,0.562316852671613,0,14.6213487771512,9.72073556085154,0.131611163060939,27.4429413217229,0.0574522693507846,0.369601765262162,5.25375643585163e-05,0.0314700010507513,0.047378395451674,3817.5,154,91.8576388888889,355.5,65603.1109233874,61639.3499246406,179.177479537467,368.5,136.718226461363,267.75,22.75,0.102784953792102
237,10.5,0.000234387207667066,0.000468774415334132,0.000390645346111777,0,0,2400.01461845266,6790.95891990654,1015.49316453861,24.9942292936302,7432.3376864157,0.14032195339608,0.791392319196746,895.5,2729.75,0.565440761857027,0,7.56891765320835,9.37106710176056,0.123122548809251,26.6828032714735,0.0586797082895601,0.369810927652482,5.20860461482369e-05,0.0319547893119433,0.0417282127031019,3857.25,151,93.8986111111111,353.75,64858.950690501,60237.9941976309,174.507585729211,369.75,133.22780331868,234,23.5,0.103774052036389
238,11.25,0.000156392545288675,0.000495243060080803,0.000521308484295582,0,0,2064.18368351758,5954.16416604059,1036.27477180076,25.0045170204947,7451.17506397635,0.146068192517192,0.795952109846703,930.5,2743.75,0.567201820754137,0,6.63424723081893,9.80658879703037,0.133556993066549,26.6565637922401,0.059821825175272,0.370259350970937,0.000130327121073895,0.0307050697250098,0.046756463848893,3847,163,93.7958333333333,353.5,62179.2378474084,58219.2678022423,175.363686016852,376.5,133.480511357149,276.5,22.75,0.103319784404487
239,11.75,0.00023706669476346,0.000526814877252134,0.000421451901801707,2.63407438626067e-05,2.63407438626067e-05,2599.86306852259,7277.0459618468,1062.70512298192,25.1042467116626,7499.37380922021,0.141326461831383,0.811820354639917,899.75,2772.5,0.577061839356921,0,7.80442087786836,9.47993673239695,0.129830022262579,27.9686801310759,0.053228142265148,0.372589821936571,0,0.0336898114002739,0.0450053134962805,3856,145.75,93.6201388888889,354,66161.0841066372,64915.7645818441,175.858095983625,373.5,139.475904822167,236.5,23.75,0.102207390908858
240,12.75,0.000134361647811249,0.000618063579931744,0.000591191250369495,2.68723295622497e-05,0,2220.40908516799,7134.72136037545,1058.66745287529,25.0223255302233,7375.17614923948,0.138073927014014,0.730094003474811,870,2592.75,0.575122988964234,0,6.51442100998881,8.97265940295191,0.110454435163132,26.0350740743971,0.0471987874488305,0.375218337677693,2.68723295622497e-05,0.0353639857039207,0.0498282754349417,3820,152,92.6256944444444,357.25,63276.5272638563,61240.4520880912,170.957332227127,361.75,136.175895952441,247.25,22.25,0.0995400553313692
241,22.25,0,0.000832254484926947,0.00171074533012761,0.0012021453671167,0.000369890882189754,1260.44175632347,2569.1102458826,1091.10642863023,24.9253200076402,5402.76405698034,0.0673685775800168,0.29433512497835,619.75,1458,0.686662492172824,0,0.441715170661218,7.62604762219897,0.345371865125939,26.9812330487652,0.00518980982250439,0.230950619567228,0.0277880525245053,0.00439245422600333,0.0167104571728849,1422.75,101,57.69375,349,72756.1710324492,73399.9614451843,105.762160444005,245,227.922549010946,426,22.75,0.118434995043319
242,21.5,0,0.000518183531185227,0.00136612021857923,0.00150744299981157,0.000659506312417562,1401.02095686692,3397.51379006346,1198.52400812208,24.9354145823227,5393.10827107846,0.0668236675419996,0.266914684533571,617.5,1444.5,0.694320357370772,0,0.341303059370296,6.6913451036535,0.446394455255734,27.5162490035963,0.00692968262294346,0.224232146221971,0.0291596005276051,0.00452232899943471,0.0198009204752221,1368.75,115.5,57.4034722222222,350.25,66063.1683471051,75691.5558296474,98.4184888558704,227.25,240.366700973242,442.25,22.25,0.0775545028274214
243,23.75,0,0.000924898261191269,0.00152608213096559,0.00115612282648909,0.000786163522012579,1473.71593728487,3955.47055144221,1121.65253608978,24.961116970313,5490.59361663311,0.0698023514630791,0.29335218038964,648.25,1508.25,0.689768574908648,0,0.472188042565804,7.41643560986515,0.391116058652242,31.7448641433815,0.00719646573702083,0.228218645948946,0.0283018867924528,0.00536440991490936,0.0198123044838373,1415.75,101.75,55.64375,347.75,86044.741026913,84980.5697682704,114.457083472427,250.5,264.426319630579,450.75,22.5,0.0802135663577162
244,25.25,0,0.00103184653627879,0.00150086768913278,0.00117255288213498,0.00103184653627879,1450.30125037124,3396.89153186642,1195.98559865561,25.0202370862471,5397.07780761717,0.0688141917859203,0.295446866529818,635,1490.5,0.683587553386211,0,0.424290063812702,7.06486736720009,0.469374791849756,36.4899988979047,0.0430349960188912,0.232353079123868,0.0285633882088082,0.00356456076169035,0.0119963088280529,1409.75,96.75,50.8152777777778,350.25,94997.5457191245,101930.603460371,110.35166127871,269.5,317.364545706691,503.75,22,0.113070257826213
245,27.5,4.73619399450601e-05,0.000994600738846263,0.00217864923747277,0.00137349625840674,0.000615705219285782,1142.85627970645,1957.58407958869,1038.12470830865,24.912931355587,5425.03152006466,0.068689593897965,0.278834400190035,636,1490.75,0.687775600195982,0,0.316194889135019,7.54623506434193,0.329564990565457,27.9439212417975,0.00555362004871562,0.235625651226674,0.0278961826276404,0.00478355593445107,0.0102997219075085,1416.25,102,58.0166666666667,349,76754.086576755,73986.4034920151,110.622000183907,236.75,234.862762913476,446.75,22.75,0.0859174808460334
247,18,0,0.000347670606933545,0.0018376874937916,0.00119201350948644,0.00019866891824774,1829.1967523775,4082.83441149279,1070.73807846347,25.0395161972125,5315.03493903724,0.0665051245670531,0.253770106146493,617.25,1399.75,0.711797826371612,0,0.414743773110035,6.49383757617658,0.329022477538658,32.5634546938545,0.00486111316630512,0.241929075196186,0.0299493394258468,0.00392371113539287,0.0107418596844579,1388.25,93.75,49.475,352,86667.5055357949,90764.44942275,100.436105392504,225.25,288.870802639684,541,20.75,0.0806886761851781
246,21,0,0.000344014153725182,0.00167092588952231,0.00147434637310792,0.000638883428346766,1693.35953819468,2863.92545742103,1015.02446526638,25.1356839307338,5468.47710713626,0.0673864747810769,0.278289254597709,626.25,1441.75,0.698727735368957,0,0.519919899902957,8.34639048245213,0.277975726592009,30.3806210760131,0.0143757164302753,0.23456850796147,0.0293394928248477,0.00530764694318852,0.0109141992651826,1369.5,99.75,54.3659722222222,351.25,83160.7788614317,82544.9094329747,114.275849579565,223.75,259.14438756052,472.5,21.5,0.0782747174685681
248,29,0,0.000643341416340872,0.00272182906913446,0.00183104864650864,0.000544365813826892,971.614982496407,1742.60648101295,800.498054523709,24.9700730621652,6162.09001892993,0.0745460548502765,0.299435747073574,686.5,1483.75,0.648866213151927,0,0.549156383791182,8.43128753332366,0.150912498334436,20.6596191108563,0.00795741261881803,0.233087543920424,0.02499133963478,0.00489929232444202,0.00509987250318742,1328.5,127.75,60.3368055555556,346.5,53486.3740785764,56703.2162517374,97.6099189112368,211.25,161.885028436074,315.5,21.25,0.113157063302777
249,23.25,4.97983168168916e-05,0.000995966336337832,0.00144415118768986,0.00194213435585877,0.000199193267267566,1329.94379468816,2678.34248402094,996.947494318815,25.0747588316873,6023.46735439396,0.0718594065171712,0.273507591828665,666.75,1451.5,0.669433080070134,0,0.407885203157111,7.39118974787372,0.281338850323225,26.3579802526334,0.0146267035933829,0.234500273890742,0.0276878641501917,0.00522882326577362,0.0104922424377721,1342.5,110.5,56.94375,347.75,73551.7151727892,74834.5728449502,106.651755694982,233,210.09345147002,331.5,22.25,0.0727986184540164
250,19.25,4.87020893196318e-05,0.000438318803876686,0.00185067939414601,0.00116885014367116,0.000243510446598159,2493.74537001821,2488.4489491324,1016.46027030516,24.9922793286412,6055.87588607011,0.0669506502050045,0.241961559940199,620,1296.75,0.570541948354206,0,0.436277971294916,5.45635642361088,0.273570642981918,16.3980581013748,0.0127919106043281,0.307553694053475,0.0249354697316515,0.00633127161155214,0.00716585315193686,1739.25,128,63.7229166666667,347,48224.9273620247,49664.8619187956,72.663544170482,155.25,136.819419202963,229.25,22.25,0.0812552641234644
251,17.25,0.00019248351859872,0.00101053847264328,0.00139550550984072,0.0004812087964968,0.0002406043982484,863.66829618446,1700.69468710017,865.50912068752,25.0229307216933,6165.40586306328,0.0706416660567084,0.242434567448399,657.5,1333.25,0.583680631717482,0,0.264080627005695,7.91572110909087,0.159603358957273,16.1838533512381,0.0131936631182329,0.303883354987729,0.023916077185891,0.0076993407439488,0.00378632828489562,1743,124,67.1305555555556,346,52646.5623939758,49217.3270028395,90.170144535551,172,130.609908010742,196.5,23.5,0.0682555883151305
252,13.75,0.000498653635185,0.000698115089259001,0.0011469033609255,0.000199461454074,0.000199461454074,4445.35272765323,3688.65790035923,941.04373642145,25.0593377192828,5977.85807678177,0.0661099362218771,0.224513229816714,618.75,1247.75,0.588955610502767,0,0.58487336988857,5.12631865240727,0.189000713462692,12.6975939950503,0.0114523374735609,0.31315448289618,0.025331604667398,0.00837738107110801,0.00749776186213071,1739,124,68.2034722222222,346.25,38885.161011256,40524.4280949032,62.662820484506,124,108.194256578924,178.75,23.25,0.100866108919071
253,18,0.000294189752390292,0.000980632507967639,0.00171610688894337,0.00049031625398382,4.9031625398382e-05,3289.87887800571,2295.13357776913,839.102224361471,24.9692316809059,6037.30025326331,0.071215574124549,0.22408910685958,654,1239.75,0.566896705253785,0,0.795569027956692,25.0958517324871,0.150805801459723,10.7157220189405,0.00793249480564957,0.309977935768571,0.023240990438833,0.00588379504780583,0.00660031430068098,1729,126.5,64.8083333333333,346.75,36885.8240364291,35528.4643455018,80.5307962124903,152.5,94.1733194927454,180.75,22.25,0.0716245981988533
254,13.75,0.00019133263178035,0.000765330527121401,0.00157849421218789,4.78331579450875e-05,4.78331579450875e-05,752.702121580603,1095.44242330894,792.500406969654,25.0413756370422,6305.94590179884,0.0678337637602353,0.20087078544558,623,1224.75,0.536329914902902,0,0.190143048661159,27.8814815063513,0.130097885895103,16.9730261415034,0.00849144884734955,0.307902037692528,0.0238687458145987,0.00511814790012437,0.00722499236796581,1760.75,117.5,55.6513888888889,339,53289.2997740521,54451.4464820728,106.831505224964,216.5,137.182184987634,252.75,20,0.0683315591590698
255,17.25,0.000519014815513825,0.000754930640747381,0.00136831178635463,0.000377465320373691,0.000235915825233557,941.228977141127,1447.45112641328,782.469118967628,24.9709114153525,6258.84624610455,0.0710122245366705,0.227777084772453,666.5,1230.75,0.554389721627409,0,0.318542295075619,25.6232629229271,0.136537566297758,20.043412394317,0.00935208393013198,0.307303953949231,0.0226951023874682,0.00377465320373691,0.00555780113177041,1768.5,113.25,49.3291666666667,340.25,52403.8593200734,58804.6705889085,98.9020275505847,198.5,166.659323637085,367.75,18.5,0.0693099297402619
256,17,0.000337235631353278,0.000819000819000819,0.00173435467553115,0.000289059112588524,9.63530375295081e-05,1651.5754757773,2447.53682157163,853.035500446784,25.039559943171,6199.59289681258,0.069838517764626,0.218081164643421,646,1197,0.569106590004423,0,0.367975418954549,17.6689287436379,0.180527451812743,28.7712187911586,0.004884362769911,0.308859661800838,0.0234619646384352,0.00375776846365082,0.00375822110867523,1744,107.25,41.2826388888889,336.75,85935.3373160397,97785.1436044379,89.3845244530582,201,242.266099879386,408.5,17.75,0.0692132243428941
257,14.25,0.000425190154485756,0.00122832711295885,0.00089762365946993,0.000141730051495252,0,649.524830179677,1064.20753959385,798.508454785027,24.9278299816776,6099.18224666232,0.0690304452692399,0.203183456054349,646.5,1182.75,0.538469909674611,0,0.167735034271218,18.8151106083291,0.139056184780421,25.6027779029376,0.00491544739286873,0.302593659942363,0.0225823215382435,0.0043463882458544,0.00595727198027938,1743.75,104.75,44.8388888888889,344.75,73705.728327763,82377.4417933135,94.2737784793728,196.25,218.287950179322,403.75,18.25,0.112469742791056
258,12.25,0.000241114915368665,0.000578675796884795,0.00135024352606452,0.000144668949221199,4.82229830737329e-05,2971.10996415069,1708.17645390855,861.061661537015,25.0153348135887,6031.69149142316,0.0675691464699524,0.210888756588976,627,1193.75,0.561787608622052,0,0.43327583147608,16.0043646727035,0.191245055417959,18.4410363260994,0.0056625060403333,0.308385976756522,0.0238221536384241,0.0043882914597097,0.00311359244148594,1745,113,49.71875,335.5,45318.9822001069,56568.6139297147,73.9189698740349,174.75,159.928719489562,334.25,19,0.067758020241007
259,15.25,0.000432525951557093,0.000720876585928489,0.00158592848904268,9.61168781237985e-05,9.61168781237985e-05,1137.72500068965,1486.14444046358,883.778295397307,25.0215945256488,6164.00933017498,0.0768397513910458,0.226812583135024,621.5,1131.75,0.538572698977323,0,0.304766978035438,17.6926131830527,0.198766026851588,26.8036271563622,0.00343487746203336,0.310457516339869,0.0234525182622068,0.00326797385620915,0.00974060349391212,1754,97.75,39.5527777777778,338,80748.8717224638,92164.7958814394,90.9048801856789,212,225.756919629618,407.75,17,0.0678619936140878
260,18.5,0.000472032098182676,0.00136889308472976,0.00151050271418456,0,0.000141609629454803,1072.40839663883,2634.87055563839,949.754346072499,24.9213465470302,6177.45587192716,0.0779141241669896,0.258596769834202,626.75,1221,0.540705781400837,0,0.448248810501745,24.1510190419669,0.250423670869941,20.1819453540165,0.0144521600625079,0.304932735426009,0.0240736370073165,0.00330422468727873,0.00803374171520386,1760,112.25,48.2826388888889,341,56933.3703707281,64633.2510562361,95.2401358584665,183.25,171.611533461304,359.75,18.25,0.0698135562768375
261,14,0.000436723602484472,0.00101902173913043,0.00121312111801242,4.85248447204969e-05,0,1106.13701389659,1387.45572718236,896.639675303879,24.985930054268,6109.64371256096,0.0731301258631706,0.222921255042145,591.5,1100.75,0.5422733677783,0,0.291399998461448,20.442445906026,0.173520062440514,26.1228595458472,0.00207460593937613,0.300708462732919,0.0252814440993789,0.00359083850931677,0.00927167113494191,1698,98.5,40.0444444444444,339.25,89995.5287306135,93738.9063501678,97.4633901955806,216,223.874322319391,385,17.25,0.0679549888753412
263,14,0.000241522558206937,0.000869481209544972,0.00130422181431746,0.000144913534924162,0.000144913534924162,757.483063986097,1169.72601216308,856.741158075767,24.992201007776,5911.0935758095,0.0644841788943078,0.241189223841408,525.75,1165.25,0.545328980411853,0,0.242798504406041,24.7047666145337,0.111107308798689,13.7034766445666,0.000462597475398696,0.404501980484977,0.0222200753550382,0.00338131581489711,0.00251751313485114,2226,123.25,51.2791666666667,331.5,45490.0792214251,52010.1277271754,88.3788017326751,171.25,113.304688940531,212,17.25,0.124200223731935
262,13.75,0.000241943288493177,0.000919384496274073,0.00140327107326043,4.83886576986354e-05,4.83886576986354e-05,1025.9409957808,1698.64339682041,880.059468963319,25.0701798042928,6240.47633801694,0.0777971598756304,0.266088656610365,628,1250.5,0.556385945343001,0,0.395560148984112,21.5046253454123,0.161797628574071,18.447013151689,0.00430701964452087,0.30780025162102,0.0248717700570986,0.00508080905835672,0.00438549577494919,1745,115,52.0916666666667,338,53156.8326073753,60946.5918906577,89.0771062963853,200,151.424580291192,267.5,19.75,0.0609713812330226
264,17,0.00041060267347963,0.000821205346959259,0.00168803321319403,0.000136867557826543,4.56225192755144e-05,869.692137564062,1392.52703910668,820.134176050238,24.9476510518504,5714.26235289867,0.0673304346127233,0.250203907992049,537.75,1193.75,0.550075301204819,0,0.32503269195366,21.2198224007491,0.0856048259122102,9.53196859193346,0.00277215532005797,0.383229161914321,0.0194808157306446,0.0047447420046535,0.00230794592812397,2232.75,139.5,59.5243055555556,336,37150.2448636846,34324.1178068726,71.7565418195504,149,78.3288042413032,177,18.25,0.0538142645164593
265,17.75,0.000180750112968821,0.000903750564844103,0.00162675101671939,0.000361500225937641,0.000135562584726615,721.862949120651,1451.35527458176,797.248024480215,25.0429737205509,5961.35387897603,0.0643216057441045,0.236120901108381,518.5,1185.75,0.544475068905036,0,0.326135449508868,25.1622503960539,0.078718138142896,14.4620237238804,0.00440866087860777,0.382150926344329,0.019159511974695,0.00316312697695436,0.00517352877775383,2237.75,123.25,50.6013888888889,336,48279.7057034627,54777.1955061629,95.2980942517107,207.25,112.57555697059,208.75,17,0.0545929723402356
266,22.25,0.000504350018913126,0.00088261253309797,0.00197537090740974,0.000168116672971042,0.000210145841213802,1167.45319509137,1294.46544737205,812.97307376076,25.0252070925419,6350.56114160815,0.0761740547663066,0.27164603897916,610.25,1354.5,0.543933054393305,0,0.350216548856726,25.3811351558202,0.112676704513287,19.316955132233,0.000425586550084023,0.385239356113143,0.0190392132139705,0.00407682931954777,0.00339076246334311,2429,132.75,52.6416666666667,337.5,52160.6619242499,65327.8759701189,104.648151873867,238.25,139.486481203245,250.25,17.25,0.0582523891250648
267,20,0.000452228251932248,0.000863344844597928,0.00185002466699556,0.000123334977799704,0,1148.21094851249,1564.70973003407,841.598122221224,24.9050878313346,6336.92298206043,0.0776388920155654,0.306526094978817,622.25,1409.25,0.545872038409352,0,0.450403548925545,29.2102750722611,0.153506303735021,17.4579855904714,0.000719548780775952,0.38176286794935,0.0182535767143562,0.00349449103765828,0.00334890279368996,2453.75,140,54.7534722222222,340.75,50511.9642735085,55709.3373488405,110.080339380705,228.75,125.371256386739,237.75,17.75,0.0597325849367572
268,20.25,0.000498815313630128,0.000789790913247703,0.00174585359770545,0.000124703828407532,0.000207839714012554,686.339400818369,1505.81343183594,736.914338824549,24.885796595512,6209.65149114058,0.0787647124931313,0.311932228111365,629.5,1407,0.490399925072586,0,0.507128484335996,28.6852674186237,0.0959275460567744,17.4565736734789,0.000964002630675194,0.389657895830735,0.0163362015213867,0.00320073159579332,0.00138913005730161,2461,138,54.79375,340.75,44387.129529246,54167.8729170289,101.696503027312,211,129.505953512613,254.5,17.25,0.0587708369655632
269,19.5,0.000292556526100222,0.000626906841643332,0.00192251431437288,0.000208968947214444,0.000208968947214444,677.400313805915,1487.67455865984,726.238036151855,24.8007544565533,6417.33641471376,0.0766467387386239,0.313098104752967,617.5,1405.75,0.492160030409579,0,0.530584070927658,31.0237532302482,0.0954947710810177,14.9868007417706,0.00305647427730779,0.389559911397166,0.016550340619384,0.00405399757596021,0.00395222202705076,2453.5,139.25,58.6138888888889,333.25,45958.5196734258,49010.2469613741,113.166278322624,221,104.318460216548,203.25,17.5,0.0670247630637151
270,18.75,0.000297164204448973,0.000551876379690949,0.00203769740193581,0.000254712175241977,4.24520292069961e-05,998.840694606499,1292.36249832594,833.105070633838,25.100227236558,6295.08568785955,0.075393706386466,0.275890560835795,602,1381.75,0.487303741035084,0,0.347705572837297,29.790516983429,0.104404210081661,15.4751790553695,0.00123793237457009,0.388181355068772,0.0196977415520462,0.00377823059942265,0.00307358524679082,2424.25,123.25,57.3173611111111,334,48450.2310444396,50905.2770043513,112.193559432044,243.5,106.634628880415,186.5,18,0.0574952619899063
271,20.5,0.000346290364470609,0.000649294433382391,0.0021643147779413,0.000173145182235304,0.00021643147779413,643.880795461869,1272.88553809016,699.941174890047,25.0756175230191,6157.19463011171,0.0726352535105744,0.281803631253897,586.75,1392.25,0.489950738916256,0,0.326923526213928,24.9845963319182,0.0792773996683305,13.2605483572212,0.000947488232722705,0.395463596225435,0.0168383689723833,0.00376590771361787,0.00119211370930766,2403,127.75,54.7402777777778,339.75,39064.5163022433,45099.4407806433,92.1132150527044,230.5,96.3923134729136,187,18.5,0.0555562681950799
272,19.5,0.000381663203426487,0.000636105339044146,0.00186590899452949,0.000339256180823544,8.48140452058861e-05,736.311064987191,1470.11993691759,787.837589517032,24.8461475150486,6456.21606214457,0.0742708778544504,0.275584189499328,601,1328.75,0.487451737451737,0,0.401663047227384,30.6081674805514,0.110766953637609,20.5279860460197,0.00148687307586912,0.392773843348458,0.0179805775836479,0.00356218989864722,0.00269929818247256,2442.5,121.75,43.7368055555556,329.75,63940.9829826729,70354.7385029539,121.358698363359,222.5,147.836729833761,262.75,15.75,0.0924537097289198
273,16.5,0.00050840994788798,0.000550777443545312,0.00139812735669195,0.000127102486971995,0.000211837478286658,734.452501107705,1456.98063335677,745.211996508056,25.1132008898211,5997.74434162261,0.0738498417043314,0.299174370041512,593,1431.5,0.488762419214816,0,0.473562118946227,23.5513240260351,0.0831868262141068,7.66593634066019,0.00174493136656013,0.385290005507774,0.0174554082108207,0.00466042452230649,0.00348618932689729,2404,143,67.0354166666667,342.5,29425.7990723914,25240.2258753351,81.2530779663968,174.25,53.9670142865797,122.75,20,0.063568459522744
274,16.75,0.000210110518132538,0.000672353658024121,0.00151279573055427,0.000210110518132538,0.000210110518132538,610.466903031153,450.720653242686,638.734637524723,25.0924401791007,6153.924842164,0.0746569740832609,0.24617985450265,603.25,1280.75,0.495469481230708,0,0.340321118818366,22.3208315420637,0.00357485047533945,19.7715560321691,0.000528139774036772,0.380468126234399,0.0177333277303862,0.00495860822792789,0.0370335200835628,2398.5,127.75,43.7743055555556,337.5,51820.984059474,62377.4213269916,92.5978913720081,190.75,153.640264459138,323.25,15.5,0.0584493170886461
275,15,0.000206466531775199,0.000619399595325598,0.00152785233513647,4.12933063550398e-05,8.25866127100797e-05,553.901435151946,1245.24814658539,636.556655612311,25.1182032458678,6310.22737249893,0.0737174420926059,0.286314036292647,598,1350,0.48032708032708,0,0.357982059056018,21.8630701752535,0.0211193418107997,17.5679013486972,0.00432405058903412,0.410827104926291,0.0156914564149151,0.00363381095924351,0.0250886754909594,2604.25,130.5,49.3666666666667,335,47342.4791016586,61900.4460460225,92.3378101926959,228,127.809545816194,236.5,17,0.0566316641656652
276,17,0.000167378023265545,0.000836890116327726,0.00163193572683907,4.18445058163863e-05,0.000167378023265545,358.224550864003,472.262072199201,623.697989766007,24.9350057985717,6341.56110515666,0.0717882675443243,0.251669937561252,577.75,1334.25,0.484537101076969,0,0.281528733807733,23.2966535248728,0.0106862331336568,15.5674872645517,0.000745479719529361,0.395974558540464,0.0155661561636957,0.00401707255837309,0.0287981455064194,2482.75,135,49.65,334.5,50449.8905707951,52776.0395683675,98.9180243061377,195.25,109.575861755644,236.75,15.75,0.0931156378389854
277,18.5,0.000393253517434239,0.000568032858516123,0.00205365725771214,0.000174779341081884,4.3694835270471e-05,1641.41028323196,1397.98930440613,630.563015632404,24.9651420771575,6155.00076794945,0.0714378534620886,0.266982469548423,578.25,1334.25,0.508532423208191,0,0.496941131864084,28.4565943877067,0.0153875053593492,11.4239444066345,0.0145635967909095,0.402910076029013,0.0156864458620991,0.00476273704448134,0.0223292875011582,2422.25,137.5,55.2430555555556,336,34953.0476588607,39898.6319379483,93.3261465965575,225.25,83.2969964624529,179.75,18,0.0561393768158145
278,20.5,0.000415144470275656,0.000415144470275656,0.00228329458651611,0.000124543341082697,0.000166057788110262,1040.63937342982,1700.67739086057,622.879388901066,25.0838638896617,6418.34797127276,0.0745287250865964,0.309472670902651,597.75,1427.5,0.515531545437006,0,0.688026424043222,12.4319324036177,0.015867654290981,21.6494525741873,0.00294678616458232,0.399244437064098,0.0155264031883095,0.005064762537363,0.0318526922069989,2528.25,125,52.2388888888889,338.25,63961.0151189652,70915.8896784302,95.2419677051095,192.25,152.109198724071,265.5,17.5,0.0575688140838699
279,12.5,8.48644290745534e-05,0.000424322145372767,0.00135783086519285,0.00012729664361183,0.00012729664361183,561.639014000196,1474.70409440779,637.157061038811,25.0420674512025,6539.54561881653,0.0752802435644715,0.302214511054164,606.75,1379.5,0.501342281879195,0,0.517785852787725,8.57194525808186,0.01569305981706,11.7446266953695,0.000854075378496679,0.402511987100607,0.0162091059532397,0.00428565366826495,0.0304392943618125,2492.25,133.75,50.2527777777778,337.5,54602.1336088983,65878.7550278459,89.4434600917466,201.75,136.842479548381,242.5,15.5,0.0917171938264547
280,19.25,0.000324451474226386,0.000567790079896175,0.00182503954252342,0.000162225737113193,0.00024333860566979,2250.5324084515,2082.74883892002,647.023072268421,24.861833433846,6466.82301977533,0.0743971894307113,0.314128994249562,602,1398.5,0.508605285432145,0,1.37959105312493,10.6495145039082,0.0270106617837134,13.3726502440047,0.00392481306974361,0.402319828040719,0.0157358964999797,0.0045828770734477,0.0293304282242521,2605.25,142.25,47.6368055555556,331.5,61696.0293547644,77850.5984318874,89.9896475478256,192.5,164.009522280341,294.25,15.5,0.0635999542003112
281,16,0.000422119037568594,0.000548754748839173,0.0013507809202195,0.000168847615027438,0.000211059518784297,806.299256787535,1261.70955712866,586.375450230041,24.9453993891765,6119.11808732136,0.0727266691533974,0.218291527385322,584.25,1136.75,0.518858511275195,0,0.263302678097978,5.83700360955649,0.016772519275132,9.58861594797991,0.00137369393423239,0.394976783452934,0.0163782186576615,0.00531869987336429,0.0273775216138329,2467.75,132.75,59.1965277777778,334,46823.8256036124,59952.8208647164,72.9580287423324,159.75,133.81642724129,241.5,18.25,0.0569815937257197
284,15.25,0.000285646274696501,0.000333253987145918,0.00166626993572959,0.000380861699595334,0.000238038562247084,5586.0243997835,3228.68544481237,532.973550773121,25.0360550966258,5190.40226604697,0.0596404354340132,0.211580004177914,478.5,1030,0.592927108510368,0,0.587828079109385,1.94765348289642,0.0041690782308596,4.84397529690014,0.000398271698000436,0.441942394667936,0.0125208283741966,0.00656986431801952,0.00656056372251245,2421,120.75,53.3701388888889,321.25,25686.2177807523,32378.5352492459,36.694905996303,83,68.9041448217261,150.25,16,0.0485826550353344
282,16,0.000246578720256442,0.000575350347265031,0.0015616652282908,0.000164385813504295,8.21929067521473e-05,1027.57642322397,1372.30436336216,585.054200267211,25.2139240129368,6209.83336823592,0.0740867158124165,0.228546301610119,596.25,1147.5,0.514933359276194,0,0.367370961085626,8.00689634478892,0.00458491180506715,7.15379923390528,0.0173728871806483,0.397197221879752,0.0161098097234209,0.00480828504500062,0.0322127622224173,2543.5,141.25,62.6423611111111,332.5,36965.7207127732,38829.5012306529,73.0127078750624,136.75,93.0021706201932,209.25,18.25,0.0586195220574837
283,14.5,0.000146778218112432,0.000342482508929008,0.00181026469005333,0.000195704290816576,0.000342482508929008,3101.43038409457,1623.05148459403,649.663748922107,24.9508403364604,5312.21408966007,0.0582993547224095,0.169095628396125,468.5,915.25,0.56562291805463,0,0.318247874643332,2.80756749606531,0.00314004650579793,7.82067848147769,0.00041203618362064,0.39953030970204,0.019032242281912,0.00626253730613044,0.0395508421709295,2170.75,125.75,49.3722222222222,328.5,39610.3720546895,57348.1713539874,48.3844665344581,110.75,128.284899367893,252.25,17,0.0496567545702497
287,11.5,0.000236686390532544,0.000414201183431953,0.00189349112426036,0.000177514792899408,0,1736.32693428431,2415.49474466242,491.888409056061,25.0276622518215,3687.36826059847,0.0535590508489937,0.222771135698434,428,1039.25,0.644425434844596,0,0.552081290618058,0.351011350039755,0.0401696462218248,0.767904122095228,0.00332765111165462,0.39491124260355,0.0102366863905325,0.0085207100591716,0.00247234873129473,1747.75,138.75,69.5284722222222,331.25,11969.5451556346,5849.99194438893,15.710215238109,56.25,9.16662003679056,57,19,0.0410939162908803
288,16,0.000601829561868079,0.000782378430428503,0.00192585459797785,0.000541646605681271,0,1687.50856591852,2236.24373808505,524.786299595433,24.871701787139,3590.72098768532,0.055656604219072,0.214174132922457,443.25,1052.5,0.646083077780875,0,0.566179420714193,0.335448556316842,0.195697798970025,0.56828990067546,0.0176358603038264,0.39913336543091,0.0105922002888782,0.00842561386615311,0.00288835865879694,1737,147.25,72.80625,335.5,12380.4879885088,4810.48276758476,17.0670057089139,48.5,8.39619664236967,53.75,18,0.0401094813053368
286,15,0.000243914337284746,0.000682960144397288,0.00170740036099322,9.75657349138982e-05,0.000195131469827796,5761.18045372788,3716.92638487249,625.751314424624,25.088481361081,4588.33556496388,0.0579765830437778,0.214677340723742,471.25,1039.5,0.631528575334974,0,0.87000983893266,1.28240267279445,0.00629939811698692,2.89400859121455,0.00124971573041757,0.44499731694229,0.0152202546465681,0.00736621298599932,0.0170342004489634,2396.25,147,68.4611111111111,329,17680.3061560762,19984.8195467778,23.6977999767708,67,44.738856598538,142,18,0.0813875904455703
285,15.75,0.00028328611898017,0.000755429650613787,0.00174693106704438,0.000141643059490085,4.72143531633617e-05,1940.40489026839,1737.84446918764,602.288457401079,24.8964625158429,5543.6495403208,0.0618729703833684,0.196483117412546,496.25,936.75,0.559494962377248,0,0.585309422609993,2.56789516435262,0.0101271759735964,4.4677071569681,0.00103122073815956,0.436732766761095,0.0141643059490085,0.00613786591123702,0.00817372209344882,2420,148.25,58.2743055555556,322.5,25830.4767952425,32519.895811186,38.3683332768037,98.75,63.2732902080657,156,15.75,0.0476981286142352
290,12.5,0.000416666666666667,0.000714285714285714,0.00160714285714286,5.95238095238095e-05,0.000178571428571429,1233.24752826176,1681.23391960899,486.85631788115,24.9990540853025,3915.43011977172,0.0492711360895618,0.172696525288679,393.5,863.25,0.615964802011314,0,0.211997554280725,0.42220162174761,0.00302139149194276,1.59224683949729,0.000260657107109077,0.403392857142857,0.0108928571428571,0.00922619047619048,0.00190572989454961,1778.75,138.75,63.6194444444444,329,8083.83208997806,21097.4463719288,8.43617350229222,35.75,37.6775354670464,101.5,16.5,0.0757891178447816
289,14.5,0.000176584849019954,0.000470892930719878,0.0022956030372594,0.000470892930719878,0,5166.35323500482,2423.34483291186,476.571017053531,25.0658008119734,3522.23686334158,0.0558568638905787,0.210094259696196,453.5,1035.75,0.635923002354245,0,0.51562671428384,0.884328859802306,0.122513532442711,0.711466504062276,0.0060091580976458,0.395255753722997,0.00941785861439755,0.00841721113661781,0.00405206286836935,1754.5,145,72.78125,329.5,10436.2026909455,4589.4200337735,13.7235881590381,43.25,7.30554733703935,34.5,19,0.0412366669113111
291,12,0.000239880059970015,0.000779610194902549,0.00149925037481259,0.000119940029985007,0.000239880059970015,1355.06080839873,1796.01604970696,429.398826471808,24.884245007571,3494.23469951971,0.0480173078430409,0.164070619088846,386.75,863,0.60621521335807,0,0.236691658860737,0.437045762816694,0.0044752692478443,1.52442934296939,0.000470740919299363,0.39904047976012,0.0101949025487256,0.00833583208395802,0.00432525951557093,1740.75,146.25,66.2270833333333,328.5,9545.10276128086,17369.0235498083,10.2610910818437,36,32.1089367966662,89.75,18,0.040305320046423
