"i","r2b_ot_q","r2e_ot_q","system_ot_q","transport_q","transport_util"
1,0,18.0902149068145,18.0902149068145,0.104979802101084,0.117642999995341
2,0,11.0768359341549,11.0768359341549,0.0909739374465489,0.104527063282213
3,0,9.95945493001142,9.95945493001142,0.249343494502219,0.133759157270692
4,0,12.2609965246522,12.2609965246522,0.0944066665955851,0.109188378601824
5,0,4.73908538342519,4.73908538342519,0.0724829263777738,0.131796562147696
6,0,2.91312609047539,2.91312609047539,0.0517785663561938,0.0998472385944282
7,0,29.6205091199277,29.6205091199277,0.397488744770476,0.163226903922662
8,0,0.952922392533188,0.952922392533188,0.0584474272308147,0.102748248777609
9,0,1.14994362992921,1.14994362992921,0.0286279473400017,0.122945813324366
10,0,5.53609690519517,5.53609690519517,0.0531245191659306,0.134148092066342
11,0,2.09438755709086,2.09438755709086,0.0608270592096372,0.0966853420568482
12,0,19.5259072661079,19.5259072661079,0.16203193064013,0.11390633032751
13,0,10.0996367183825,10.0996367183825,0.0622734840861039,0.17069680756647
14,0,0.972813443957498,0.972813443957498,0.0286757891243481,0.108005726083104
15,0,8.95071532899952,8.95071532899952,0.0465508458641023,0.100818473312208
16,0,21.7869892629993,21.7869892629993,0.167886323549901,0.12113546991725
17,0,19.6895819085338,19.6895819085338,0.0555621229715723,0.101710594514228
18,0,1.48164682136908,1.48164682136908,0.117819879005918,0.138422561213861
19,0,4.25713464352043,4.25713464352043,0.0794298825293908,0.105249625605884
20,0,9.84388844306696,9.84388844306696,0.102370346392614,0.120846036612319
21,0,3.30959082923852,3.30959082923852,0.0394079611758935,0.0865172999323088
22,0,3.37837693318616,3.37837693318616,0.0677948297805327,0.190906751534556
23,0,11.5161874000742,11.5161874000742,0.144939274967304,0.112660106431998
24,0,21.2994132615747,21.2994132615747,0.284847423697708,0.147447583473464
25,0,0.96097038483332,0.96097038483332,0.0758803490332796,0.161501176253003
26,0,20.5339076635046,20.5339076635046,0.118256007266458,0.117421209818156
27,0,5.49995973232452,5.49995973232452,0.0909565050948796,0.111669107698881
28,0,3.36728758862743,3.36728758862743,0.0790081270990991,0.234867763410379
29,0,0.149453469733643,0.149453469733643,0.0158760424234545,0.0862861956807161
30,0,3.47172238816231,3.47172238816231,0.0560105913261787,0.124336510178447
31,0,4.99245678163493,4.99245678163493,0.0698686523153913,0.126757944184262
32,0,1.90755066061468,1.90755066061468,0.0377231719734661,0.160046163220069
33,0,3.20206328787001,3.20206328787001,0.0696473063187681,0.163012488513348
34,0,3.29592438411075,3.29592438411075,0.00139333127728018,0.203672715832917
35,0,10.7816349041017,10.7816349041017,0.312256388380109,0.152409324363476
36,0,16.9739923957731,16.9739923957731,0.10227923333969,0.114615162874793
37,0,0.193275385738936,0.193275385738936,0.00649450327435134,0.128778910938786
38,0,9.80516211807652,9.80516211807652,0.150536091346318,0.122114013652786
39,0,16.7206288604102,16.7206288604102,0.0680673990898946,0.101408217655869
40,0,6.19438652646475,6.19438652646475,0.105389328975365,0.10298064685706
41,0,0.696651619578814,0.696651619578814,0.0560322169075076,0.237084200862102
42,0,9.7999786466726,9.7999786466726,0.12349376687467,0.109083859663183
43,0,0.208738864498962,0.208738864498962,0.00718029513184354,0.230621454179069
44,0,10.873382790303,10.873382790303,0.112855756206583,0.167665106818805
45,0,14.2921578706921,14.2921578706921,0.10439541529195,0.110282248962347
46,0,7.95318732179978,7.95318732179978,0.102082144036921,0.0975467303980396
47,0,2.38076511406525,2.38076511406525,0.0213852340070645,0.156589955093129
48,0,2.00054768473482,2.00054768473482,0.0565603438403688,0.198536708451544
49,0,13.9412718914607,13.9412718914607,0.130332701276657,0.116939647113794
50,0,14.5416802077706,14.5416802077706,0.155672863512878,0.138095216302932
51,0,3.53696634095218,3.53696634095218,0.0650361906554943,0.13651796594482
52,0,2.33341565494329,2.33341565494329,0.0517966554378295,0.162003655276603
53,0,1.57189306011205,1.57189306011205,0.0964633964096423,0.154805388469823
54,0,15.8997932297715,15.8997932297715,0.120953527829192,0.116410350913575
55,0,0.342046080802582,0.342046080802582,0.000724332901512393,0.193564214263844
56,0,16.9322666314134,16.9322666314134,0.213688445727798,0.131363361569393
57,0,1.13973340910067,1.13973340910067,0.0172130604746045,0.160507537679954
58,0,16.9561308650318,16.9561308650318,0.263184291755892,0.10327689566067
59,0,4.37529726637361,4.37529726637361,0.146283025139812,0.110002599096971
60,0,14.9657673527493,14.9657673527493,0.174596196958674,0.113523636684762
61,0,20.8855625419772,20.8855625419772,0.18100369591906,0.116546780647329
62,0,4.13255421318611,4.13255421318611,0.023645844808861,0.153669295790857
63,0,10.2045140245391,10.2045140245391,0.119153094357182,0.139217046475976
64,0,17.210111453094,17.210111453094,0.167637304586563,0.126797050901733
65,0,11.2435837323786,11.2435837323786,0.0568316310265898,0.0973289939687548
66,0,0.969509951241985,0.969509951241985,0.080732780935557,0.182765043985679
67,0,4.93133814052216,4.93133814052216,0.174475076149662,0.123364705977142
68,0,1.50523250985075,1.50523250985075,0.039756247946765,0.223469923875837
69,0,21.8621073735201,21.8621073735201,0.221437466026331,0.135943148230135
70,0,12.052573574545,12.052573574545,0.397602445172011,0.151122743153892
71,0,1.85097544718672,1.85097544718672,0.0480942693804966,0.12662474097641
72,0,6.08829765873481,6.08829765873481,0.099375659508172,0.108230899805924
73,0,0.663201776357997,0.663201776357997,0.110519492129822,0.0997563602842077
74,0,1.81457512873149,1.81457512873149,0.0560155313810228,0.129380779102212
75,0,6.08918785810056,6.08918785810056,0.189882671278588,0.125709314091913
76,0,11.8201575758758,11.8201575758758,0.0746824856977595,0.154669335770894
77,0,0.89078619196532,0.89078619196532,0.0672473315743332,0.131928532883731
78,0,7.77345681248162,7.77345681248162,0.15938711364268,0.106809331630866
79,0,7.03887095962373,7.03887095962373,0.0553996190687808,0.0918778499403741
80,0,4.16245170700004,4.16245170700004,0.117069721376659,0.154597119269343
81,0,13.9696856352799,13.9696856352799,0.0644462739722612,0.098339229390992
82,0,2.39920033755756,2.39920033755756,0.00865839573256822,0.238137988714923
83,0,3.9325197450773,3.9325197450773,0.0876678368002567,0.13130148511411
84,0,22.9111840585104,22.9111840585104,0.168780830747597,0.136922976819398
85,0,9.89880985127919,9.89880985127919,0.107607275303952,0.157216374915547
86,0,0.907581254501874,0.907581254501874,0.0426583238405067,0.122706687367839
87,0,4.82639920028275,4.82639920028275,0.10260523115246,0.103176643642102
88,0,0.111159348320554,0.111159348320554,0.000447724485165272,0.167693962962249
89,0,8.37797155182646,8.37797155182646,0.0583729192312043,0.131865675636032
90,0,0.724112485592614,0.724112485592614,0.0017588095287266,0.176013367721879
91,0,17.7368224768253,17.7368224768253,0.473887993944988,0.166101146209837
92,0,1.81558441001822,1.81558441001822,0.0725003891816244,0.105439568200924
93,0,3.81657091299132,3.81657091299132,0.142812906197232,0.125336431986851
94,0,7.44900234470578,7.44900234470578,0.0976976368312133,0.127750526691564
95,0,8.81034941726768,8.81034941726768,0.0578286873329346,0.129224224530015
96,0,3.57503868449815,3.57503868449815,0.00528610819731836,0.206652600746091
97,0,10.5742797739385,10.5742797739385,0.204416792222718,0.12875207031626
98,0,9.75777038544582,9.75777038544582,0.339129739455633,0.117926611370546
99,0,2.37026343107096,2.37026343107096,0.0452630472013918,0.104861860719464
100,0,0.619313581994375,0.619313581994375,0.000612269770086811,0.237388088483598
101,0,3.06641116530426,3.06641116530426,0.0582432690409927,0.096535126800697
102,0,0.568295186907711,0.568295186907711,0.0433780781497702,0.0907805497781866
103,0,0.486994153166222,0.486994153166222,0.0508224628763897,0.152336919533107
104,0,3.01806315537541,3.01806315537541,0.1138319524424,0.154029433652148
105,0,21.5643205000459,21.5643205000459,0.141765055122232,0.124261384372193
106,0,44.3611068124582,44.3611068124582,0.376416910321682,0.165370917864808
107,0,7.10079690851939,7.10079690851939,0.108514112242828,0.102202519926739
108,0,3.72154288752471,3.72154288752471,0.0274354947755513,0.158471282742836
109,0,7.9496597662851,7.9496597662851,0.147369244032376,0.114721970870587
110,0,2.0981652677219,2.0981652677219,0.0657873718736421,0.130381782755441
111,0,1.49951332269971,1.49951332269971,0.0325654885051993,0.203107487194693
112,0,33.1075745196168,33.1075745196168,0.414450136825745,0.172233713548431
113,0,8.84283437083328,8.84283437083328,0.0567201391604372,0.0973144977637996
114,0,1.50439071130995,1.50439071130995,0.0244197776558722,0.175167270693026
115,0,4.14906714261748,4.14906714261748,0.0495664576489765,0.121032538428458
116,0,17.6005366010434,17.6005366010434,0.233553264125074,0.140202319560676
117,0,1.67645733867591,1.67645733867591,0.0389047984937526,0.125910253890225
118,0,1.47141947648032,1.47141947648032,0.089106764582301,0.10142978335206
119,0,11.5134881364835,11.5134881364835,0.132063555932922,0.128112219504215
120,0,18.1021366555398,18.1021366555398,0.25701833985051,0.150168729562034
121,0,6.38022369734632,6.38022369734632,0.124608716906493,0.105126110275642
122,0,15.3819925954831,15.3819925954831,0.18142628832072,0.108862718990397
123,0,4.87101682313686,4.87101682313686,0.0478683615006691,0.174555968258791
124,0,3.26931389953247,3.26931389953247,0.0383519699867147,0.156457314109505
125,0,13.986940964082,13.986940964082,0.104802224621887,0.109948981250881
126,0,28.4738904378192,28.4738904378192,0.230851018956018,0.15026038331901
127,0,5.56556168482607,5.56556168482607,0.102306481313592,0.0937432738686117
128,0,22.94514077841,22.94514077841,0.336241752754901,0.144122351081993
129,0,8.28688654439515,8.28688654439515,0.151664154758543,0.120288429274111
130,0,12.2549225686931,12.2549225686931,0.133511949377786,0.124067198976194
131,0,34.6810051807778,34.6810051807778,0.281795571640463,0.147646421915949
132,0,3.18128010965038,3.18128010965038,0.00128718486064526,0.170773748401861
133,0,6.70066736580503,6.70066736580503,0.0421601333312429,0.129458173308036
134,0,16.8883682850994,16.8883682850994,0.159488618256676,0.1128547193873
135,0,12.8713154054717,12.8713154054717,0.0870299689284097,0.106005008458845
136,0,3.15740034575916,3.15740034575916,0.0515998517816632,0.0979874769469554
137,0,2.14952248958353,2.14952248958353,0.0516724611441573,0.0876815571891802
138,0,3.0900936683674,3.0900936683674,0.106446296657241,0.0981749095471619
139,0,9.45931577906769,9.45931577906769,0.143384411985356,0.123144009639958
140,0,5.11649543293379,5.11649543293379,0.0632357749329253,0.152029345242607
141,0,2.39413262250644,2.39413262250644,0.129487165551112,0.106214540475378
142,0,1.93161035979627,1.93161035979627,0.0271518888960468,0.141814220844279
143,0,11.1835669192973,11.1835669192973,0.233092226281023,0.1303482824778
144,0,5.91082108042984,5.91082108042984,0.0633500982720664,0.111949349427004
145,0,2.03784510950674,2.03784510950674,0.00306288269404218,0.272313507164576
146,0,1.52955907095254,1.52955907095254,0.00192752093868021,0.207402368812841
147,0,3.94792809643332,3.94792809643332,0.191352242220881,0.132329981716682
148,0,14.3040311745851,14.3040311745851,0.0751304228171776,0.168598495399911
149,0,15.2728658159651,15.2728658159651,0.18414722587392,0.125017625979854
150,0,8.13652103676654,8.13652103676654,0.211057155550003,0.130372637176729
151,0,9.16441181157067,9.16441181157067,0.143559507331213,0.106245301206138
152,0,5.24238086270919,5.24238086270919,0.0502056569420898,0.0970804704657321
153,0,1.37314163084611,1.37314163084611,0.0342107284684281,0.148756112905438
154,0,2.35994076986174,2.35994076986174,0.0225078022684064,0.117711671844056
155,0,6.30308395462935,6.30308395462935,0.0796950880786583,0.108620293133516
156,0,4.17703659013525,4.17703659013525,0.0491495805902802,0.0865162321410341
157,0,12.5603698803496,12.5603698803496,0.196011119391984,0.129785141081843
158,0,6.22845099865489,6.22845099865489,0.115026627357777,0.119785052174513
159,0,15.6635918519835,15.6635918519835,0.291613041317045,0.132646195625182
160,0,18.2197645639333,18.2197645639333,0.140539734110233,0.12105625133456
161,0,15.9629841300222,15.9629841300222,0.174385845256212,0.112229210288949
162,0,11.1105122729879,11.1105122729879,0.0910260016048286,0.105396103439281
163,0,1.3641000130709,1.3641000130709,0.024204735098471,0.153590239846341
164,0,8.82095528817648,8.82095528817648,0.0740963896093397,0.119983680846463
165,0,7.521676288513,7.521676288513,0.12026365696159,0.108944462514835
166,0,6.16478692936164,6.16478692936164,0.0938573350750038,0.107375395220904
167,0,6.57487506812475,6.57487506812475,0.215661875021389,0.12198595602531
168,0,4.46566946018384,4.46566946018384,0.171210671902772,0.12739083938667
169,0,5.11645918882862,5.11645918882862,0.0938564553091806,0.0977103635144831
170,0,5.54279294042538,5.54279294042538,0.123813963725011,0.152812795637363
171,0,0.959392736666813,0.959392736666813,0.0271074893161512,0.182277224977453
172,0,7.1205846779402,7.1205846779402,0.0871513897728685,0.0999444966478313
173,0,24.0743183160032,24.0743183160032,0.259284240504805,0.135698644872122
174,0,0.815997228284337,0.815997228284337,0.00305302117380214,0.0913813561491176
175,0,5.67085088350274,5.67085088350274,0.178685403324882,0.11792932807384
176,0,5.59825121880473,5.59825121880473,0.195753434721727,0.138225096525233
177,0,4.63744331797427,4.63744331797427,0.033078803306506,0.0965308199233287
178,0,1.22561208967697,1.22561208967697,0.0171831807607442,0.135966175748581
179,0,1.14584766739471,1.14584766739471,0.0475559008736081,0.145560802435714
180,0,16.0999876124389,16.0999876124389,0.384721391350195,0.145539459546456
181,0,10.0046518334018,10.0046518334018,0.0859040090411069,0.102692539004388
182,0,13.5253203187576,13.5253203187576,0.149421897773906,0.113251997056165
183,0,5.11663713048132,5.11663713048132,0.0963416568211672,0.139172227015206
184,0,3.21407698156144,3.21407698156144,0.0425641323233086,0.0883715864680576
185,0,9.48307551352317,9.48307551352317,0.0797687341462137,0.099910630840164
186,0,20.9021434928734,20.9021434928734,0.208710876459548,0.131674671302865
187,0,3.99699580604159,3.99699580604159,0.0447773676071155,0.165631791828904
188,0,20.9041155823522,20.9041155823522,0.393250906376842,0.158804011396793
189,0,2.37026966915032,2.37026966915032,0.0519171114588128,0.134085646260669
190,0,1.08347247283953,1.08347247283953,0.0308308271183464,0.199881402019784
191,0,14.0179843243781,14.0179843243781,0.198462145838632,0.134941997976328
192,0,10.6582587708158,10.6582587708158,0.13390214977978,0.115262416762852
193,0,5.30919716797562,5.30919716797562,0.130440982553405,0.108401439313581
194,0,3.21532964168692,3.21532964168692,0.0599229703044586,0.122279909293484
195,0,7.13788586428116,7.13788586428116,0.205826864743564,0.126646047952057
196,0,2.14430334804651,2.14430334804651,0.0566655888986867,0.100551124552638
197,0,11.9841707729545,11.9841707729545,0.224596701089645,0.142673844680161
198,0,2.0393144330708,2.0393144330708,0.105777975230419,0.123127182638418
199,0,6.81234218109776,6.81234218109776,0.0719845392976692,0.0989943324195319
200,0,0.623826583853992,0.623826583853992,0.0171984738643996,0.189877274087594
201,0,12.3354094773951,12.3354094773951,0.104611943113179,0.100795972454001
202,0,2.24422650262077,2.24422650262077,0.0747613448769332,0.0992257437014401
203,0,18.6843013633229,18.6843013633229,0.210442357017202,0.133330270248574
204,0,5.05973105765864,5.05973105765864,0.0381462165517714,0.196770650150676
205,0,13.1697419584592,13.1697419584592,0.131998740384667,0.128693762408963
206,0,12.1835477825869,12.1835477825869,0.163469484805603,0.139502046742523
207,0,11.6502842600362,11.6502842600362,0.155567158129267,0.12091410057595
208,0,9.12919603439017,9.12919603439017,0.152971583908511,0.113378501624501
209,0,1.33667274703798,1.33667274703798,0.0442990419006776,0.144618257880587
210,0,14.4811565239592,14.4811565239592,0.12940681803049,0.123699056298168
211,0,5.37359418375812,5.37359418375812,0.136266592720937,0.127484498272528
212,0,15.2495808186592,15.2495808186592,0.152467804233491,0.136176846460238
213,0,0.733197002926858,0.733197002926858,0.013009529257736,0.105238242601663
214,0,4.53937271766176,4.53937271766176,0.0714818659122686,0.164006933510985
215,0,7.61389350602512,7.61389350602512,0.132808041946914,0.120555557774209
216,0,8.00592531601506,8.00592531601506,0.0963740677654346,0.108111246841696
217,0,3.02558242388463,3.02558242388463,0.113501340301044,0.128468108864457
218,0,7.57274064496657,7.57274064496657,0.296354043360525,0.13889473401504
219,0,0.431358551107622,0.431358551107622,0.00166686073755051,0.16737264342439
220,0,28.8487144880057,28.8487144880057,0.400564478381731,0.164905458312472
221,0,1.27939820623588,1.27939820623588,0.000929998469274465,0.130752777558655
222,0,9.14349733334345,9.14349733334345,0.197408249276458,0.125979721824314
223,0,10.0587645293345,10.0587645293345,0.172424611187284,0.120870411406793
224,0,8.6845159705443,8.6845159705443,0.165806967099963,0.167358832781195
225,0,12.0444922938927,12.0444922938927,0.248548296538522,0.141602874944331
226,0,10.3887870345767,10.3887870345767,0.362887277471046,0.140538644336632
227,0,9.35581105317796,9.35581105317796,0.0873633627190103,0.103964038601939
228,0,0.677952538032416,0.677952538032416,0.0179229855297045,0.224297534827304
229,0,13.3234483163985,13.3234483163985,0.191623610432415,0.122203114746627
230,0,7.57256081081337,7.57256081081337,0.0994290973892835,0.108100881631882
231,0,6.43222312725691,6.43222312725691,0.111050164481272,0.108437608527502
232,0,0.32151069154988,0.32151069154988,0.000981963900741507,0.128131538726479
233,0,3.39936493307994,3.39936493307994,0.089992168515221,0.153217972178072
234,0,2.62734221794648,2.62734221794648,0.16298337850801,0.121474010375232
235,0,8.15873834432383,8.15873834432383,0.215404352928859,0.128489826077435
236,0,9.12611147033514,9.12611147033514,0.120420832318133,0.115692157117829
237,0,11.6949021396316,11.6949021396316,0.0675653476537916,0.10119888282735
238,0,12.0695672183762,12.0695672183762,0.146283733005333,0.112458417242407
239,0,4.45581433804626,4.45581433804626,0.0708494511213746,0.100140242090691
240,0,2.80631266097014,2.80631266097014,0.0214801390644665,0.167456201487665
241,0,30.0125948749469,30.0125948749469,0.247679247641278,0.139222206769939
242,0,5.45092627649678,5.45092627649678,0.0880639031066828,0.0962386504283502
243,0,9.58307465684904,9.58307465684904,0.209550167664073,0.123241994375055
244,0,15.3689712798209,15.3689712798209,0.153948112895688,0.134775544784307
245,0,3.73151280757894,3.73151280757894,0.0591811487868098,0.138475224617424
246,0,16.3701262083277,16.3701262083277,0.2388457250194,0.134858192352144
247,0,15.2099103938212,15.2099103938212,0.168638750423821,0.118451621698231
248,0,33.276741048444,33.276741048444,0.313451319809461,0.144073151020449
249,0,8.85117613731158,8.85117613731158,0.146541285197639,0.200725747286615
250,0,13.5167580496664,13.5167580496664,0.248091067342333,0.131581241331938
251,0,31.9693279616134,31.9693279616134,0.225035832689911,0.130117625981964
252,0,4.38415825111875,4.38415825111875,0.096091314242262,0.10698728450906
253,0,2.62373685684801,2.62373685684801,0.137994248407111,0.113178730691822
254,0,1.6769016436905,1.6769016436905,0.00980125873125472,0.125180699783499
255,0,2.03346968572679,2.03346968572679,0.0933753129027691,0.109811808054662
256,0,1.11727710597037,1.11727710597037,0.000524473478020658,0.187074854017482
257,0,6.74896213386416,6.74896213386416,0.108649622008208,0.10603230435569
258,0,6.10772120970299,6.10772120970299,0.0353598214443873,0.156653988693977
259,0,2.74315540508825,2.74315540508825,0.0741563247946683,0.106474666800292
260,0,14.257597362816,14.257597362816,0.199993678808715,0.136991962041178
261,0,10.5474742736004,10.5474742736004,0.172210415885242,0.113708210192797
262,0,30.413900370506,30.413900370506,0.231773261907986,0.129908019698491
263,0,6.69319104568787,6.69319104568787,0.154008561486225,0.119002906799095
264,0,1.00075979453398,1.00075979453398,0.0388107497510798,0.149043589592466
265,0,2.82639153595611,2.82639153595611,0.103931418252976,0.107634908668551
266,0,10.3621315858821,10.3621315858821,0.0884801916078686,0.0995281497291082
267,0,16.0396776936154,16.0396776936154,0.182601385640242,0.130966340084136
268,0,6.24739643723981,6.24739643723981,0.0588772145434939,0.131685450273568
269,0,11.2770548923897,11.2770548923897,0.202345589387816,0.126445989418994
270,0,2.7327593452142,2.7327593452142,0.0588844003388345,0.158712979134111
271,0,2.44564794896387,2.44564794896387,0.0765280092470189,0.104239706021322
272,0,4.3445629789281,4.3445629789281,0.0808700837133833,0.116933653112056
273,0,5.05182193074842,5.05182193074842,0.0695537723680268,0.141038295198748
274,0,20.6613398037933,20.6613398037933,0.158140298671357,0.113967540046568
275,0,10.1443288692717,10.1443288692717,0.102073168516077,0.118939286189258
276,0,5.84688390183915,5.84688390183915,0.10613211244408,0.116262520013488
277,0,3.31170521515685,3.31170521515685,0.0532683746151451,0.128729295094262
278,0,8.24291196644034,8.24291196644034,0.15375979305972,0.121987075846966
279,0,1.76076775983802,1.76076775983802,0.0825609594464047,0.163467771978228
280,0,2.87527435042355,2.87527435042355,0.137450566428115,0.106263287770412
281,0,9.98904691220075,9.98904691220075,0.152121612284412,0.119232103445101
282,0,12.900521364117,12.900521364117,0.143605527047757,0.127236610268173
283,0,3.71638340347006,3.71638340347006,0.0837453343031453,0.149501762451919
284,0,6.3341068663051,6.3341068663051,0.112663295821215,0.134913572829376
285,0,3.4207790814658,3.4207790814658,0.00258571135313594,0.21406142485602
286,0,5.52474033623808,5.52474033623808,0.102299913597996,0.105746293006377
287,0,12.7263912335848,12.7263912335848,0.0859135332456403,0.0996531603492742
288,0,17.0823531031622,17.0823531031622,0.234550431969303,0.128991364862922
289,0,0.439249196127812,0.439249196127812,0.00509240922936127,0.171272710333364
290,0,12.8318447538847,12.8318447538847,0.120314537949869,0.11352880762902
291,0,0.892946075634546,0.892946075634546,0.0591126072488267,0.126878265090976
292,0,1.53867675978074,1.53867675978074,0.0299083965565122,0.0964365915216973
293,0,0.305107814157275,0.305107814157275,0.00450385821345942,0.258080576276241
294,0,4.29379466028091,4.29379466028091,0.125178264156199,0.108696043961171
295,0,2.99750787699277,2.99750787699277,0.095963566923105,0.112822323334592
296,0,1.32453789061419,1.32453789061419,0.0472511257111931,0.126928907312161
297,0,17.8103058519233,17.8103058519233,0.132341241467607,0.112568097950765
298,0,4.40909349829312,4.40909349829312,0.101784965507197,0.106114167727042
299,0,10.2725727305819,10.2725727305819,0.138609662781834,0.111836197709922
300,0,0.932190657453147,0.932190657453147,0.0426929299860658,0.138112108841438
301,0,4.32727645181089,4.32727645181089,0.097582977558845,0.11140755680954
302,0,34.8425287241385,34.8425287241385,0.35629144193108,0.157418530767503
303,0,5.26768115429115,5.26768115429115,0.051184954983557,0.0895245846186636
304,0,0.645139338012541,0.645139338012541,0.0231688035849374,0.14483902510367
305,0,1.60056375277665,1.60056375277665,0.027138121411141,0.0932061286935485
306,0,29.2083957698868,29.2083957698868,0.241390914619869,0.146003872805186
307,0,5.63485626693954,5.63485626693954,0.0828848544492619,0.0981840663341315
308,0,7.69009655096182,7.69009655096182,0.11821538985369,0.118223080624963
309,0,15.6846105392589,15.6846105392589,0.0957415973504828,0.122659356966728
310,0,11.4245434552924,11.4245434552924,0.103325911003625,0.10457039954716
311,0,3.0595654936708,3.0595654936708,0.0994460046515632,0.256708447190136
312,0,6.6376508543711,6.6376508543711,0.0864582253524444,0.109032183590419
313,0,6.82632593214567,6.82632593214567,0.0968536759115301,0.0992211583065037
314,0,6.01473060860087,6.01473060860087,0.0640040836481557,0.125205558292977
315,0,7.10042716246418,7.10042716246418,0.152811314221649,0.106513308078804
316,0,0.698996542168629,0.698996542168629,0.0350208206997873,0.127242715124857
317,0,4.24519706662274,4.24519706662274,0.0529490871558483,0.14776651689513
318,0,15.9771124047407,15.9771124047407,0.0674972982974146,0.102144304147048
319,0,15.1513917092484,15.1513917092484,0.191927460346767,0.127513829275737
320,0,36.5100003201807,36.5100003201807,0.384831377042968,0.122496629362857
321,0,11.0386994684671,11.0386994684671,0.100675754884579,0.137335380179351
322,0,21.4277738942427,21.4277738942427,0.135719297214806,0.110522552015434
323,0,18.3411933602475,18.3411933602475,0.224248667734146,0.144724187731729
324,0,15.781824461757,15.781824461757,0.233439627813193,0.142920356958011
325,0,14.8215539100227,14.8215539100227,0.138782607261834,0.109163951556312
326,0,12.9844648490177,12.9844648490177,0.117848986858191,0.114716802110721
327,0,13.0794817620604,13.0794817620604,0.178106404471769,0.12608381389346
328,0,34.734870028284,34.734870028284,0.285796732244032,0.136437651277835
329,0,16.7911809677941,16.7911809677941,0.257608090445747,0.155046609196347
330,0,3.14012140923106,3.14012140923106,0.129412199481028,0.13007148303143
331,0,7.8580870267578,7.8580870267578,0.0803876648877947,0.0971787214656323
332,0,2.11279446018184,2.11279446018184,0.0669512190249834,0.130627008317762
333,0,24.2111073293521,24.2111073293521,0.259335225366892,0.134256745723872
334,0,10.7757933693574,10.7757933693574,0.226094979260576,0.141758454911886
335,0,4.74336756717462,4.74336756717462,0.0674546358044603,0.105995785722542
336,0,6.67469785241184,6.67469785241184,0.172690406009872,0.113142863926388
337,0,1.04546997445743,1.04546997445743,0.00778655481418867,0.152469632323591
338,0,1.6552009804362,1.6552009804362,0.0340402385031607,0.109077226945983
339,0,7.71368820683925,7.71368820683925,0.122530818577605,0.110385881074832
340,0,5.73132214060334,5.73132214060334,0.100855625457549,0.10599372917824
341,0,8.8388300161477,8.8388300161477,0.244212356553555,0.138143009785281
342,0,5.39521500794924,5.39521500794924,0.0817118064840141,0.131161690562818
343,0,5.14757243648542,5.14757243648542,0.0787472722869317,0.117362650538356
344,0,8.98368027122423,8.98368027122423,0.0884573689136902,0.106050512888274
345,0,7.56414088403375,7.56414088403375,0.0906315896894807,0.0963419022166571
346,0,11.6081236410288,11.6081236410288,0.225104161786738,0.134446604206081
347,0,0.438841959179531,0.438841959179531,0.0334430208935335,0.236163079263472
348,0,0.788898220091858,0.788898220091858,0.0712788640985523,0.121399555845258
349,0,20.2027884543229,20.2027884543229,0.290144429526156,0.132559077438034
350,0,4.81848507061159,4.81848507061159,0.0857690223320678,0.10490885460353
351,0,3.64215318827563,3.64215318827563,0.0367762157565317,0.124375826567365
352,0,9.90338640823471,9.90338640823471,0.196747759283092,0.125985265216983
353,0,2.35914956915883,2.35914956915883,0.0284926881181952,0.141856524848728
354,0,8.54194346509908,8.54194346509908,0.0773320384800226,0.126022019071701
355,0,20.3918201360435,20.3918201360435,0.233492273578469,0.134693612187931
356,0,1.36059111668811,1.36059111668811,0.00201464040434494,0.197192295952057
357,0,0.850192431304639,0.850192431304639,0.0161247944733284,0.174311664093995
358,0,5.5645287461021,5.5645287461021,0.0638378977510194,0.0936522855124705
359,0,6.0940281463909,6.0940281463909,0.0850283962184095,0.0995021613477537
360,0,1.80808770335947,1.80808770335947,0.067847605931232,0.249282487316133
361,0,10.4965486848701,10.4965486848701,0.0867637504995135,0.104354569819654
362,0,13.3773092941851,13.3773092941851,0.40728786627352,0.147877898872466
363,0,0.726826544130761,0.726826544130761,0.016301664320472,0.122803833553442
364,0,3.73165169632974,3.73165169632974,0.0548247155806649,0.0947411944803775
365,0,17.524788958069,17.524788958069,0.175147422801746,0.139024516043054
366,0,4.14665920174611,4.14665920174611,0.125667540285138,0.10552299727937
367,0,0.937516163477996,0.937516163477996,0.0265129929409922,0.120799571947429
368,0,0.569737681362533,0.569737681362533,0.0328866556871949,0.28187063552937
369,0,10.9144457912978,10.9144457912978,0.239030091737271,0.134821997908084
370,0,1.6731561104778,1.6731561104778,0.0434237311940551,0.161130978303179
371,0,6.53278819359407,6.53278819359407,0.158699438219336,0.119490987739314
372,0,13.5371010847265,13.5371010847265,0.239731754467342,0.124089269791861
373,0,5.05796782621813,5.05796782621813,0.0704849818994547,0.131976113513274
374,0,7.63739350225037,7.63739350225037,0.0767613390492335,0.158860614827174
375,0,4.62741458225122,4.62741458225122,0.107445729616312,0.10009490878518
376,0,0.862777935388619,0.862777935388619,0.0623073161979783,0.124360213458091
377,0,4.70466044587669,4.70466044587669,0.181491050906585,0.131914427179104
378,0,4.21200217075921,4.21200217075921,0.00741444285693238,0.175422668334697
379,0,16.2060064059845,16.2060064059845,0.172893823443307,0.184717369161076
380,0,24.1414373378478,24.1414373378478,0.121288817379718,0.127887876365996
381,0,4.62545946285634,4.62545946285634,0.0899271112589231,0.196281983074907
382,0,4.16520140948814,4.16520140948814,0.132965555803777,0.117259904909213
383,0,3.98466076307855,3.98466076307855,0.0388598023831138,0.157953558233355
384,0,0.650469017279981,0.650469017279981,0.0212549983245187,0.144371275231117
385,0,16.1914074454546,16.1914074454546,0.195934856408821,0.123600806249427
386,0,2.68848983985659,2.68848983985659,0.029932757905458,0.106164169264482
387,0,4.61804199322603,4.61804199322603,0.0668396927186451,0.13034422028627
388,0,9.13744641082576,9.13744641082576,0.0749343066938835,0.106689294279346
389,0,3.20469465733867,3.20469465733867,0.0745969014378032,0.146678290965493
390,0,12.6053746306754,12.6053746306754,0.0952684879318819,0.107449477311294
391,0,4.58791804289278,4.58791804289278,0.0510622641993595,0.0960124393754221
392,0,32.172785770907,32.172785770907,0.391616532958618,0.151210311235035
393,0,1.72146142295182,1.72146142295182,0.0333560782210379,0.0908602238569536
394,0,4.30748653218906,4.30748653218906,0.0717713078865977,0.10054128741252
395,0,5.39894563470149,5.39894563470149,0.00773354767349526,0.15905891305725
396,0,5.3290976572476,5.3290976572476,0.0916367747198201,0.0996864437636159
397,0,1.72750271617905,1.72750271617905,0.0908802212715151,0.170154534081957
398,0,0.130037737698404,0.130037737698404,0.000466444059349074,0.17937388521851
399,0,10.0619397150988,10.0619397150988,0.0949873551414905,0.104959953197294
400,0,6.53497608793994,6.53497608793994,0.0494931561915488,0.101020372988828
401,0,15.8743946570722,15.8743946570722,0.111447221589377,0.119694175046623
402,0,2.00479572054878,2.00479572054878,0.0904386001573758,0.102483986365003
403,0,15.6586503632756,15.6586503632756,0.265708278292688,0.130349635136741
404,0,5.26064919320133,5.26064919320133,0.0883445033385174,0.101794264376447
405,0,3.02730756357424,3.02730756357424,0.0853229252296988,0.15835375640055
406,0,3.70475504666443,3.70475504666443,0.0519429622613952,0.106649828804798
407,0,25.3663953021409,25.3663953021409,0.478001520157972,0.172517858199336
408,0,3.7025021920418,3.7025021920418,0.0600385761999103,0.0979031096891828
409,0,0.891097800005749,0.891097800005749,0.0343496591168994,0.159520266323692
410,0,4.87830611936713,4.87830611936713,0.0661371751477451,0.131102020134118
411,0,1.1603517718103,1.1603517718103,0.0562475567170275,0.0925078458474937
412,0,15.27018257102,15.27018257102,0.161511736551509,0.121616477652657
413,0,5.54746695144951,5.54746695144951,0.0834682724881524,0.106683216741559
414,0,0.556408528621284,0.556408528621284,0.0123610685345287,0.111367749274757
415,0,2.5679096693479,2.5679096693479,0.0458127733980318,0.0989035254298403
416,0,25.4158516326747,25.4158516326747,0.168400852366162,0.125886657726255
417,0,4.77928614362884,4.77928614362884,0.0540754861895696,0.105046108379664
418,0,3.5275278468181,3.5275278468181,0.123621015195377,0.134927850626397
419,0,7.9539147856443,7.9539147856443,0.0804634656884106,0.107351231547718
420,0,11.443073518274,11.443073518274,0.100143263505145,0.120433811824122
421,0,3.22401492053001,3.22401492053001,0.0505538975260814,0.0968960509750567
422,0,2.95649809325826,2.95649809325826,0.0635559993378653,0.168226516563368
423,0,5.8829462920178,5.8829462920178,0.153343854757622,0.112357996847634
424,0,14.8576928475114,14.8576928475114,0.317472468076704,0.155077143485715
425,0,3.16014006068909,3.16014006068909,0.0773760879321873,0.165443355514588
426,0,11.4720816399207,11.4720816399207,0.117690366320167,0.1171054423685
427,0,3.61830667834661,3.61830667834661,0.0792084074246544,0.139513084538411
428,0,1.19599658700545,1.19599658700545,0.0386133731563935,0.155253765484325
429,0,0.843428980601906,0.843428980601906,0.0112800236593215,0.113997283770528
430,0,4.40331171185715,4.40331171185715,0.0569527714403111,0.146171154610237
431,0,9.92377307734131,9.92377307734131,0.0741523912854519,0.134579299008033
432,0,2.16408120413967,2.16408120413967,0.0943503364369596,0.170629099538468
433,0,0.722160755568559,0.722160755568559,0.0697045900355045,0.132754520700316
434,0,0.476654755029804,0.476654755029804,0.00286807564617148,0.139531320138198
435,0,23.7430341766515,23.7430341766515,0.325997930501536,0.152520671210245
436,0,11.4139942874482,11.4139942874482,0.10404623413673,0.111540155377487
437,0,1.04276665864769,1.04276665864769,0.00864698318449916,0.0995343417205294
438,0,10.5030583013112,10.5030583013112,0.124947403973255,0.119369454217195
439,0,11.8407629515046,11.8407629515046,0.31271726247888,0.111340539022215
440,0,2.16871296274339,2.16871296274339,0.101578324964218,0.10291234223848
441,0,2.62698737677635,2.62698737677635,0.0357226225853124,0.18994314005978
442,0,7.95046875617292,7.95046875617292,0.11747217556175,0.100690514079047
443,0,0.161977333906794,0.161977333906794,0.00799748775282165,0.161006340641365
444,0,7.07429552274178,7.07429552274178,0.089710881018764,0.156765389611019
445,0,19.8504015041603,19.8504015041603,0.102445731437145,0.113741788126565
446,0,2.31238834087449,2.31238834087449,0.109470407140257,0.108035864072191
447,0,2.09869949559794,2.09869949559794,0.022085859634598,0.146380556380673
448,0,2.14382179979481,2.14382179979481,0.0347613106811103,0.135489686119113
449,0,11.8359304142657,11.8359304142657,0.115437213558776,0.108280465398405
450,0,5.45577929704476,5.45577929704476,0.131990855876486,0.126366137663812
451,0,8.17591499876682,8.17591499876682,0.0571673364053292,0.131155754168513
452,0,3.50067925519061,3.50067925519061,0.0498591458428529,0.125258635491587
453,0,1.47279244832421,1.47279244832421,0.092225839453604,0.129733301776745
454,0,13.3196193541826,13.3196193541826,0.130536688995989,0.119431617056998
455,0,0.289216192623433,0.289216192623433,0.000800955353358679,0.175869916728019
456,0,5.12301149740088,5.12301149740088,0.128683760706321,0.119091293446508
457,0,1.0573855447207,1.0573855447207,0.0173572603127798,0.138386547878349
458,0,16.2256271076451,16.2256271076451,0.228070038982605,0.112116888183945
459,0,4.05337823316602,4.05337823316602,0.1540490128074,0.119930515124209
460,0,17.7395612455968,17.7395612455968,0.180463118986225,0.11975692581818
461,0,8.92533810585097,8.92533810585097,0.157481215356406,0.118113776709319
462,0,3.06580156065164,3.06580156065164,0.0242803278375761,0.11946894221295
463,0,3.81864038763826,3.81864038763826,0.105977766074678,0.123330630616202
464,0,4.52836320787358,4.52836320787358,0.146417434034597,0.130295948491288
465,0,2.84591435864158,2.84591435864158,0.0464593824384786,0.0874174520048571
466,0,4.6514189783313,4.6514189783313,0.0815185161613259,0.187200648376616
467,0,20.1058652484628,20.1058652484628,0.198363207768033,0.136068523641667
468,0,0.645185530160868,0.645185530160868,0.0228478091614164,0.213904676616882
469,0,15.5601758050486,15.5601758050486,0.206342935427863,0.138124691589312
470,0,16.3754516331011,16.3754516331011,0.318314099954144,0.144802403349656
471,0,6.24196108595509,6.24196108595509,0.0354784106922245,0.147851981962868
472,0,9.1089530342181,9.1089530342181,0.103784847072089,0.111186125600115
473,0,4.24693006356982,4.24693006356982,0.0957687119260645,0.101732425952201
474,0,8.2252214312554,8.2252214312554,0.0749083526169667,0.131846043563998
475,0,9.86107079593928,9.86107079593928,0.215123890928638,0.132500565513697
476,0,9.13148325517103,9.13148325517103,0.0774795787065709,0.156373991382904
477,0,4.87943330870421,4.87943330870421,0.0683613456524982,0.155318301203656
478,0,3.95849024930815,3.95849024930815,0.127772245417148,0.106965168803183
479,0,4.3620217545332,4.3620217545332,0.0630438400980125,0.0997267937220349
480,0,5.88620968434025,5.88620968434025,0.11666997950741,0.105209720447812
481,0,11.3778016230561,11.3778016230561,0.106085155729048,0.109624080288104
482,0,0.615390312384394,0.615390312384394,0.00780345208180869,0.10788981309828
483,0,3.9325197450773,3.9325197450773,0.0876678368002567,0.13130148511411
484,0,28.8641080468866,28.8641080468866,0.188086940537824,0.139859873083355
485,0,8.44616368234187,8.44616368234187,0.129892979646371,0.10311791528155
486,0,0.473764432983562,0.473764432983562,0.0465872174214797,0.126596057011224
487,0,5.29242900684392,5.29242900684392,0.0900390020728346,0.0984113923545078
488,0,0.391072744052845,0.391072744052845,0.000739802114956311,0.13896110253044
489,0,7.98478232487946,7.98478232487946,0.0598055381314788,0.164418589601122
490,0,0.267914060515846,0.267914060515846,0.00208837583095907,0.0944368225787792
491,0,23.5508354245991,23.5508354245991,0.492662360083204,0.153834615731964
492,0,2.48123095375989,2.48123095375989,0.0727403241947939,0.0998814347026808
493,0,7.4566010220019,7.4566010220019,0.147676367249364,0.13467645035552
494,0,2.72037021183459,2.72037021183459,0.0833390900129902,0.136435273561617
495,0,1.88431104301101,1.88431104301101,0.059574290291026,0.141459452259492
496,0,4.30697536634543,4.30697536634543,0.0085174830574735,0.16956535776141
497,0,19.9898292909036,19.9898292909036,0.217054719198989,0.130361691939349
498,0,2.03831652473935,2.03831652473935,0.0935813280594942,0.105510781551108
499,0,2.23049445321376,2.23049445321376,0.0195361246847159,0.147155621269264
500,0,0.925717367153031,0.925717367153031,0.00388728411396528,0.212379014602668
501,0,2.76313774340069,2.76313774340069,0.0713847290289563,0.106609318460536
502,0,1.90935090581846,1.90935090581846,0.0406558861263223,0.0892965312395029
503,0,0.849608622853828,0.849608622853828,0.053697045072849,0.157166922490281
504,0,3.39633178846799,3.39633178846799,0.229947270017659,0.150292199500277
505,0,12.5797876018937,12.5797876018937,0.174934905093343,0.132382814846683
506,0,35.0563758852809,35.0563758852809,0.38819754727069,0.16640608553694
507,0,6.02724889374252,6.02724889374252,0.0999605575749306,0.0939596563316543
508,0,0.665063766183101,0.665063766183101,0.0151670567552104,0.140977642341293
509,0,10.9033766468974,10.9033766468974,0.141844659335105,0.125720796313788
510,0,3.95306198748777,3.95306198748777,0.0597770377526165,0.141416919509344
511,0,1.22190040209397,1.22190040209397,0.0293649007519983,0.162100300347482
512,0,22.750109324493,22.750109324493,0.41245001267781,0.165399877839189
513,0,13.0348363757776,13.0348363757776,0.0558161325269856,0.0980688602320973
514,0,4.7775391241424,4.7775391241424,0.0140907001198396,0.246353036330348
515,0,2.03018985333183,2.03018985333183,0.0627100552089146,0.22599526001911
516,0,7.40977694918803,7.40977694918803,0.197481237035035,0.136870438467589
517,0,4.4453646281634,4.4453646281634,0.0385098203932044,0.123160462070696
518,0,12.1612824560451,12.1612824560451,0.100520978981352,0.111057782051566
519,0,2.76503539355998,2.76503539355998,0.134084923776978,0.123002636444691
520,0,25.3085404417561,25.3085404417561,0.243184231739699,0.146455288077863
521,0,8.09951804773403,8.09951804773403,0.113109589452952,0.10584190980216
522,0,21.4374010393624,21.4374010393624,0.189472528263456,0.110636242395146
523,0,4.98420327625867,4.98420327625867,0.0634079245889338,0.24801843835385
524,0,0.659029757768893,0.659029757768893,0.0289701744907924,0.155578112317997
525,0,11.2349519302588,11.2349519302588,0.086169353518362,0.0957412854482665
526,0,29.8364979235836,29.8364979235836,0.250262201256366,0.149631941428206
527,0,3.46441297165466,3.46441297165466,0.0309262459212608,0.0909695452584962
528,0,21.7459704133917,21.7459704133917,0.341748858434159,0.144885400086037
529,0,5.04754705165095,5.04754705165095,0.157949119021621,0.117167556426477
530,0,7.13601349893708,7.13601349893708,0.1178406595117,0.1264811451335
531,0,11.0750536362658,11.0750536362658,0.318954601592106,0.15164297352921
532,0,4.45685846004936,4.45685846004936,0.00320697625253718,0.184021958845862
533,0,4.54129137133689,4.54129137133689,0.0515006065721634,0.157415259022272
534,0,4.9610359715622,4.9610359715622,0.164693991760935,0.117063290234585
535,0,8.89053645840279,8.89053645840279,0.0908320802246118,0.103394840194148
536,0,3.69623081707457,3.69623081707457,0.0561593131493103,0.0990116045078305
537,0,1.62509792599406,1.62509792599406,0.0747247347716715,0.105621241768333
538,0,2.72360706554971,2.72360706554971,0.0882635847311166,0.0914233531615075
539,0,8.82753542331834,8.82753542331834,0.146459963908995,0.127554692962952
540,0,6.53823036608663,6.53823036608663,0.0671272341133945,0.157373499859291
541,0,10.5309975646055,10.5309975646055,0.166846777588277,0.118991173923014
542,0,3.28223709432749,3.28223709432749,0.0270984489976084,0.135955540647428
543,0,11.0683505778056,11.0683505778056,0.188377712891597,0.130164110972373
544,0,3.63873941889303,3.63873941889303,0.0657564828606194,0.101057655000928
545,0,0.629725329704479,0.629725329704479,0.00120143860765848,0.0866211793805832
546,0,0.195385525497986,0.195385525497986,0.00363448770101744,0.133262137320274
547,0,5.59934650993091,5.59934650993091,0.24689345381889,0.154182758484308
548,0,1.79941130754199,1.79941130754199,0.0506126138025852,0.151258320181563
549,0,14.7322323224801,14.7322323224801,0.194108554532531,0.131085435321814
550,0,6.03646376654421,6.03646376654421,0.15509908029498,0.137136734221088
551,0,9.5633834616723,9.5633834616723,0.142182106085419,0.113146431551873
552,0,0.849860228401872,0.849860228401872,0.0465767136372943,0.0917057713060336
553,0,2.19500192376071,2.19500192376071,0.0350192890176245,0.202090334059462
554,0,3.71531453500016,3.71531453500016,0.0160636876684164,0.115754642778346
555,0,3.97404444377482,3.97404444377482,0.0845206559259824,0.106956523935232
556,0,8.39298059453307,8.39298059453307,0.0611146653868374,0.102236311737397
557,0,11.2068977246173,11.2068977246173,0.206517389616217,0.126173651511642
558,0,16.0192737732011,16.0192737732011,0.136509742732471,0.126657454914503
559,0,21.3408439386617,21.3408439386617,0.208560973653127,0.125784831709403
560,0,8.09726523131892,8.09726523131892,0.172867221030778,0.111411449362783
561,0,12.729026186031,12.729026186031,0.202176099420257,0.119619897193042
562,0,7.41043447231956,7.41043447231956,0.095838922783249,0.111678033466985
563,0,1.45346173257158,1.45346173257158,0.0197415052743171,0.127807457059001
564,0,9.97703279102516,9.97703279102516,0.0701592923433036,0.113317339969811
565,0,4.39247516163277,4.39247516163277,0.137221110304503,0.111005118576703
566,0,4.64533473116183,4.64533473116183,0.0947011652271693,0.105670328835025
567,0,6.20819159008432,6.20819159008432,0.220594420302378,0.133616671432933
568,0,7.83541980392382,7.83541980392382,0.270720146353621,0.136652914991629
569,0,12.1174879107355,12.1174879107355,0.0976099346276692,0.101433966701786
570,0,5.08496403175131,5.08496403175131,0.0930344033019913,0.0993073083831383
571,0,1.28662219971613,1.28662219971613,0.0374227303539983,0.234252424813799
572,0,10.2765536059189,10.2765536059189,0.0981381642702474,0.160002324600834
573,0,17.3041564696897,17.3041564696897,0.271142729981892,0.126749070567849
574,0,3.68092650611787,3.68092650611787,0.00764898943362581,0.180145292120144
575,0,2.11445260118351,2.11445260118351,0.110297801195202,0.107795320270452
576,0,5.08136322432371,5.08136322432371,0.202639489563795,0.137927749074517
577,0,2.61177034491507,2.61177034491507,0.0283448929344887,0.0980003480601877
578,0,5.42947258908074,5.42947258908074,0.0154981019773774,0.153676513376852
579,0,1.13388473351822,1.13388473351822,0.0292666967803028,0.265523576289167
580,0,17.6781043417442,17.6781043417442,0.253283536214447,0.135946343619485
581,0,5.62339317297317,5.62339317297317,0.076254755244716,0.101128449460054
582,0,5.86898323682492,5.86898323682492,0.178636025040409,0.114489456425718
583,0,7.5651867410864,7.5651867410864,0.0942377034278504,0.0980262150334309
584,0,3.16685745797649,3.16685745797649,0.0419109523624526,0.121790604133813
585,0,10.5397244793003,10.5397244793003,0.0991580851842074,0.10692637010865
586,0,20.1094151433857,20.1094151433857,0.237916976092408,0.136042334568243
587,0,3.94050331340301,3.94050331340301,0.214423464938639,0.213456828994011
588,0,18.3584594940833,18.3584594940833,0.45468559686618,0.162162263165962
589,0,1.72328911382843,1.72328911382843,0.0518777865237979,0.160719661973734
590,0,4.64060828568279,4.64060828568279,0.0730015888924863,0.20750904741373
591,0,17.3536524468209,17.3536524468209,0.192551565298972,0.124263437825914
592,0,5.04959718129146,5.04959718129146,0.143410252255556,0.11596193881439
593,0,6.11133005415707,6.11133005415707,0.134471805654852,0.119650786020355
594,0,1.84019145460204,1.84019145460204,0.056833144760315,0.118819821062997
595,0,14.9644986828327,14.9644986828327,0.215311552446515,0.131899230393428
596,0,2.04678988784314,2.04678988784314,0.079195380306176,0.102837080154372
597,0,10.772380406413,10.772380406413,0.233210894140334,0.148713184917802
598,0,2.0393144330708,2.0393144330708,0.105777975230419,0.123127182638418
599,0,8.74418663009261,8.74418663009261,0.0628433971197075,0.0989816258984947
600,0,0.224447510063557,0.224447510063557,0.0118285510685792,0.0816107729599465
601,0,6.66394835234711,6.66394835234711,0.0418922446142428,0.0954119447727953
602,0,13.0701237687903,13.0701237687903,0.103969133243354,0.0997546131724836
603,0,9.09368260167036,9.09368260167036,0.164183080145705,0.120829893621119
604,0,2.2928127960612,2.2928127960612,0.0616521174421293,0.186500347246762
605,0,14.3339977857237,14.3339977857237,0.341672293657985,0.134531627315597
606,0,7.36242516259942,7.36242516259942,0.106292569687316,0.127676372222904
607,0,18.8192858757899,18.8192858757899,0.309139467126629,0.133089524734196
608,0,1.57422475441936,1.57422475441936,0.070645881205532,0.0963502383363414
609,0,3.97535126321001,3.97535126321001,0.0335408103564879,0.153967291849492
610,0,11.3753657243173,11.3753657243173,0.122853044417222,0.112216930784224
611,0,7.46446101836784,7.46446101836784,0.119428731411394,0.124807896648138
612,0,30.0461709130031,30.0461709130031,0.256208923088854,0.145177829849913
613,0,2.9091818544463,2.9091818544463,0.00832415573744807,0.139852244779892
614,0,6.58625470703985,6.58625470703985,0.100458521149073,0.133143500271219
615,0,13.2097627717878,13.2097627717878,0.140936587834413,0.120428046711142
616,0,14.1956495751191,14.1956495751191,0.0844424579727154,0.101102479141986
617,0,7.35956744621433,7.35956744621433,0.0460120507900837,0.0824151083275356
618,0,1.67050016703092,1.67050016703092,0.129823713157484,0.10057153499699
619,0,1.60600637494626,1.60600637494626,0.00387627122054371,0.126411853881468
620,0,8.66334800492592,8.66334800492592,0.0899322475278689,0.110992234994771
621,0,1.03794245455205,1.03794245455205,0.00134664821072939,0.169050794563638
622,0,8.1808769491311,8.1808769491311,0.161439088534279,0.121636303282404
623,0,15.607607395607,15.607607395607,0.152439930385962,0.111355329469713
624,0,6.67420670601596,6.67420670601596,0.109400064789746,0.107335062769545
625,0,7.2525725658149,7.2525725658149,0.1955504631417,0.142535071704955
626,0,14.3661790457743,14.3661790457743,0.135247969954586,0.12073896732871
627,0,4.49604226731455,4.49604226731455,0.0864636291254037,0.104680199821506
628,0,2.11571607368953,2.11571607368953,0.0349344884598909,0.153309669642927
629,0,20.5735617398375,20.5735617398375,0.383504988071166,0.1511595208576
630,0,4.74312819902734,4.74312819902734,0.0890898192389157,0.105968115493893
631,0,14.7217055492496,14.7217055492496,0.217953391288368,0.121559068284875
632,0,1.30311951273125,1.30311951273125,0.00142008203390622,0.145100703881731
633,0,2.36105703905808,2.36105703905808,0.0436670043677461,0.126272052235945
634,0,8.8454456779318,8.8454456779318,0.0869005449940285,0.110614775660773
635,0,19.4106551689267,19.4106551689267,0.34469100792782,0.146807582024136
636,0,11.6501897021049,11.6501897021049,0.0598881629677681,0.0999313161516178
637,0,5.46009082748046,5.46009082748046,0.115477337768559,0.10928643172761
638,0,2.7573303100082,2.7573303100082,0.0673869930475556,0.0979564303097292
639,0,16.6889265395026,16.6889265395026,0.0655070019755654,0.102541863110611
640,0,1.18797736278456,1.18797736278456,0.0168706508562207,0.12237623424099
641,0,22.8066348180966,22.8066348180966,0.283632460818002,0.137751888948028
642,0,5.34302156117724,5.34302156117724,0.121282141360494,0.10494840040503
643,0,8.70122167142455,8.70122167142455,0.174721258401135,0.122367485242634
644,0,31.0216412837517,31.0216412837517,0.404322011863573,0.154870066031087
645,0,3.77487887112654,3.77487887112654,0.0852110251057193,0.15620620498422
646,0,20.1094464977341,20.1094464977341,0.485241163245224,0.141125268497858
647,0,13.9837042484108,13.9837042484108,0.108887293710817,0.121579624147045
648,0,12.3463166453556,12.3463166453556,0.197100251884068,0.124722041946488
649,0,8.7470947903074,8.7470947903074,0.0983320255487704,0.162775349434501
650,0,6.71265308299303,6.71265308299303,0.102132722536721,0.104057273557961
651,0,6.6359855374487,6.6359855374487,0.126058210175408,0.112138850349668
652,0,9.13962017427773,9.13962017427773,0.168061714611193,0.124418754929065
653,0,5.16185654299375,5.16185654299375,0.135653478144509,0.15664790118795
654,0,1.10763912017056,1.10763912017056,0.0422611860843763,0.173845144571476
655,0,6.07052552193542,6.07052552193542,0.160647432608489,0.122379413322112
656,0,0.228193770911922,0.228193770911922,0.000527579772802048,0.190589156708468
657,0,7.7697461392521,7.7697461392521,0.0846192730665243,0.102584372258426
658,0,7.51734456620364,7.51734456620364,0.107161902902321,0.133790061050692
659,0,4.968163868008,4.968163868008,0.127937697009374,0.0997480588368347
660,0,15.9771401785748,15.9771401785748,0.220147339171851,0.14433771820935
661,0,16.3326979379173,16.3326979379173,0.162710386075323,0.119018665574127
662,0,22.2039096110949,22.2039096110949,0.183920957381108,0.122820544747527
663,0,17.9242384642199,17.9242384642199,0.24888934754627,0.128458435828875
664,0,1.71867489624927,1.71867489624927,0.0345633390166214,0.126837621609118
665,0,9.50589661595614,9.50589661595614,0.0725396408277688,0.165731857261367
666,0,7.59381903872019,7.59381903872019,0.130163260695417,0.106196773419479
667,0,5.26026586049576,5.26026586049576,0.18563765297462,0.125943515415932
668,0,7.86649516382253,7.86649516382253,0.0820633257703076,0.102980120516268
669,0,35.9555588622283,35.9555588622283,0.234665482126492,0.146905011812145
670,0,5.84998147165464,5.84998147165464,0.130711165857967,0.140348918063176
671,0,2.29760023588437,2.29760023588437,0.0455557186671868,0.0921407914914436
672,0,6.2473470836879,6.2473470836879,0.08172642357806,0.105905920611446
673,0,2.61798205703209,2.61798205703209,0.111566851804312,0.137994173414277
674,0,18.44919494869,18.44919494869,0.181848911183326,0.118204753973172
675,0,3.22012738891659,3.22012738891659,0.11751011353193,0.115724352222258
676,0,11.8209835542625,11.8209835542625,0.109179753695707,0.109837997898624
677,0,0.793182612718289,0.793182612718289,0.0455701899342289,0.223723747863911
678,0,12.7602272548539,12.7602272548539,0.242018917548049,0.129621273803258
679,0,5.19362551258037,5.19362551258037,0.0452746388917624,0.123677994949937
680,0,4.21122675572326,4.21122675572326,0.0973024011332023,0.135888849517008
681,0,15.8585800412266,15.8585800412266,0.443768706992682,0.125742134369927
682,0,2.67010247589275,2.67010247589275,0.101919374071051,0.130580644092821
683,0,2.43590447387117,2.43590447387117,0.0671099334783761,0.0928632445549562
684,0,16.4430921846517,16.4430921846517,0.145152196678848,0.163352782890679
685,0,2.61776132021657,2.61776132021657,0.000937099547771268,0.136457125500758
686,0,4.25512470881464,4.25512470881464,0.103311344778942,0.106603205603598
687,0,9.64114803051895,9.64114803051895,0.212847734099177,0.126912558563167
688,0,3.65687188844664,3.65687188844664,0.0782606309303293,0.0979081879354484
689,0,0.256356291824765,0.256356291824765,0.00399528156033135,0.12272415691649
690,0,7.36858721294543,7.36858721294543,0.0588186088217794,0.105906506264126
691,0,0.670809765060848,0.670809765060848,0.0139922045711989,0.124500131769856
692,0,2.36016469682066,2.36016469682066,0.0412191383381939,0.129701361704654
693,0,0.525903995334247,0.525903995334247,0.000895658836464101,0.118693441364528
694,0,18.2137265237437,18.2137265237437,0.122639505886227,0.117908430381739
695,0,25.2307802427438,25.2307802427438,0.175685837815166,0.121752584526126
696,0,5.29165332810605,5.29165332810605,0.0225133399456029,0.134452216323783
697,0,9.71803807731352,9.71803807731352,0.181848005457674,0.133564315110404
698,0,1.26233515620404,1.26233515620404,0.0769475509394391,0.0996554325454677
699,0,14.1181111133582,14.1181111133582,0.114566450936061,0.103826702538145
700,0,5.42056788468491,5.42056788468491,0.026799725500523,0.119890363928962
701,0,5.54951001525104,5.54951001525104,0.113957340600647,0.11274978987443
702,0,6.45951348698855,6.45951348698855,0.13687912434919,0.128185261354036
703,0,3.14509664194884,3.14509664194884,0.0888000129198016,0.106380575357959
704,0,0.352018521546275,0.352018521546275,0.0449299491770273,0.281459442328594
705,0,3.07410340152443,3.07410340152443,0.0191421958506045,0.201027610324122
706,0,38.6781151827348,38.6781151827348,0.344561739308684,0.154613452915972
707,0,11.0357522660811,11.0357522660811,0.110699159886386,0.118236845020154
708,0,11.7527140566929,11.7527140566929,0.107349487256244,0.119339287113079
709,0,17.2381664295734,17.2381664295734,0.313614806433317,0.149691091497527
710,0,1.54857457362113,1.54857457362113,0.0619488707382405,0.0929446612598268
711,0,0.979830366797672,0.979830366797672,0.0124915398619875,0.125253551389349
712,0,13.7214944017287,13.7214944017287,0.177627536343952,0.12873558245162
713,0,3.71733025196355,3.71733025196355,0.0269074707012518,0.0862495276642641
714,0,3.2135737086625,3.2135737086625,0.0560527475695438,0.155631198262234
715,0,8.47560893038083,8.47560893038083,0.101827282529305,0.138858326983926
716,0,6.07482556293831,6.07482556293831,0.0735143888752236,0.159231083844339
717,0,0.973445450371918,0.973445450371918,0.00852739736708818,0.222195308288003
718,0,3.42598192540663,3.42598192540663,0.0715036880370312,0.101740334635399
719,0,4.11218639108959,4.11218639108959,0.10861410517493,0.106930978249812
720,0,6.20808683267983,6.20808683267983,0.102411035562262,0.102813373971155
721,0,4.66936243464691,4.66936243464691,0.0987454218216106,0.158051326195159
722,0,9.35140555020507,9.35140555020507,0.140198746410573,0.105858310693894
723,0,28.7891333225151,28.7891333225151,0.260852204643306,0.149658659355047
724,0,6.24023070775361,6.24023070775361,0.112165339976726,0.127679101856986
725,0,7.4613440728724,7.4613440728724,0.090400147434342,0.104035279579325
726,0,13.8912131844108,13.8912131844108,0.192604718117378,0.132702154397969
727,0,6.91689940135127,6.91689940135127,0.0979489539453387,0.108116696947099
728,0,24.3010545368789,24.3010545368789,0.302858860858342,0.145035722888955
729,0,11.0292697408312,11.0292697408312,0.200242229579351,0.142944221176338
730,0,10.8939850089068,10.8939850089068,0.0941478280423065,0.104908715575814
731,0,12.8549274072086,12.8549274072086,0.145524920537992,0.106996958986148
732,0,6.64929323873974,6.64929323873974,0.0456672103435344,0.123972010004373
733,0,31.5056740585189,31.5056740585189,0.525163031985631,0.156999628040924
734,0,32.6269104013631,32.6269104013631,0.319424056933222,0.153653561821517
735,0,8.3010166478703,8.3010166478703,0.0660108670625211,0.101616593624894
736,0,6.58964835238481,6.58964835238481,0.0708902725902126,0.10630073192875
737,0,0.980612289217322,0.980612289217322,0.00984993624130768,0.129728090702427
738,0,0.957935096036221,0.957935096036221,0.0652823841806074,0.0942143120861986
739,0,8.27285285341415,8.27285285341415,0.121128266109164,0.114488063360163
740,0,14.6399197712735,14.6399197712735,0.112969514242249,0.116679341631152
741,0,16.4920115094684,16.4920115094684,0.308161744992108,0.144576757908128
742,0,2.08316887345116,2.08316887345116,0.102972382221169,0.1400538659609
743,0,6.47353765476841,6.47353765476841,0.129577181780082,0.116317466961026
744,0,3.1345940904324,3.1345940904324,0.0835381475791051,0.0951375827345877
745,0,12.0536875198157,12.0536875198157,0.11123366650264,0.110598736224308
746,0,15.0402541586261,15.0402541586261,0.253843713260937,0.141034704283256
747,0,1.51365840242657,1.51365840242657,0.0547387619095459,0.193144897639524
748,0,8.95501960519849,8.95501960519849,0.0684971407918896,0.154168979712712
749,0,13.4768959244112,13.4768959244112,0.160583848545051,0.123947750733888
750,0,2.41068141987126,2.41068141987126,0.084696876431173,0.105325300392502
751,0,4.19404731172904,4.19404731172904,0.072946323764973,0.201923548790028
752,0,3.86745347223997,3.86745347223997,0.073830097472205,0.112879766522772
753,0,4.00501667964977,4.00501667964977,0.0333119125283127,0.0954899244094872
754,0,2.02319207830009,2.02319207830009,0.0344653704911087,0.122027562994063
755,0,4.82420642869556,4.82420642869556,0.0850265924189039,0.106099976856154
756,0,1.14647780994016,1.14647780994016,0.000582630291580248,0.182857302317149
757,0,1.65009723342283,1.65009723342283,0.0504910000291478,0.204714087878263
758,0,2.99037912429361,2.99037912429361,0.0758201552830461,0.103940339549805
759,0,16.1913197179981,16.1913197179981,0.205226378611913,0.128736418345313
760,0,5.91294278451911,5.91294278451911,0.0575768768646446,0.0947608365871775
761,0,14.1874955134336,14.1874955134336,0.162591605451947,0.117320158652779
762,0,13.565625181205,13.565625181205,0.149280457029488,0.124600671660303
763,0,0.713269766321418,0.713269766321418,0.00249018508293113,0.214316688106472
764,0,1.54868237798912,1.54868237798912,0.0664904497462398,0.0916851242495569
765,0,13.5728806368641,13.5728806368641,0.198306356288072,0.134695838380414
766,0,7.98361188642942,7.98361188642942,0.0884620033319123,0.104872964869183
767,0,5.25210740606187,5.25210740606187,0.150101117816222,0.0971081417156183
768,0,1.53726899817052,1.53726899817052,0.0172965625340457,0.147051183088441
769,0,12.8315556711584,12.8315556711584,0.240636834967041,0.137765904558662
770,0,0.366480515219827,0.366480515219827,0.039468622997992,0.176824925952172
771,0,5.93452945767109,5.93452945767109,0.0682377894192786,0.164912000152434
772,0,4.49128614183736,4.49128614183736,0.0725989209227996,0.103151594133891
773,0,6.5495856337595,6.5495856337595,0.100124708203882,0.133544551315218
774,0,4.13394060489175,4.13394060489175,0.0513701230993905,0.0922656226533643
775,0,4.72331141408872,4.72331141408872,0.116036004852744,0.105623358952322
776,0,1.64694473362702,1.64694473362702,0.0362799653996082,0.135245056443041
777,0,5.72880663711145,5.72880663711145,0.0513672206695912,0.126882850303269
778,0,0.773288595961191,0.773288595961191,0.00389527235391193,0.123099081247218
779,0,9.5544972739279,9.5544972739279,0.109098952460558,0.140504923949004
780,0,19.5539163303716,19.5539163303716,0.303559205121383,0.157958097436276
781,0,4.59643858087292,4.59643858087292,0.0392276595921563,0.155089320937642
782,0,23.8185951143549,23.8185951143549,0.374738322391719,0.15179562168885
783,0,3.00637995311994,3.00637995311994,0.0310855318736232,0.161177013081905
784,0,3.70287273847473,3.70287273847473,0.0582968772412485,0.162451707664281
785,0,15.8703036087716,15.8703036087716,0.160794457993548,0.119914358303855
786,0,1.33760744070428,1.33760744070428,0.0286241245435305,0.145723352257617
787,0,9.11634908756803,9.11634908756803,0.119990810232336,0.130448848821464
788,0,10.2370953925904,10.2370953925904,0.179279737977955,0.115000610891969
789,0,0.480167984443571,0.480167984443571,0.0126666356408825,0.138068047835282
790,0,10.7183443977707,10.7183443977707,0.0767508257616911,0.107479580825361
791,0,3.24454186092479,3.24454186092479,0.0651390218172999,0.1261818769018
792,0,13.0367630092317,13.0367630092317,0.283712047836569,0.146107862810016
793,0,5.15206815100698,5.15206815100698,0.0414923291938597,0.132839834800578
794,0,7.80950181110942,7.80950181110942,0.170370453808984,0.113604307028582
795,0,0.616760711733987,0.616760711733987,0.163262265316342,0.180839502907659
796,0,3.67173090231045,3.67173090231045,0.12914341939824,0.108935812621855
797,0,5.19806662815777,5.19806662815777,0.0961877696771313,0.128031255202304
798,0,0.139668670622457,0.139668670622457,0.000465347018650862,0.166139278469938
799,0,7.71219046507851,7.71219046507851,0.0673257377736712,0.103519675222047
800,0,2.07748386688452,2.07748386688452,0.04729411958687,0.0982872379243723
801,0,35.5343175388888,35.5343175388888,0.302953533148056,0.140586491718983
802,0,8.68394379419802,8.68394379419802,0.0561171107638276,0.0993918673427122
803,0,7.19785752517164,7.19785752517164,0.232082941765508,0.137199510732592
804,0,7.52454715315849,7.52454715315849,0.0647337060099363,0.0962433392098956
805,0,2.79009873148982,2.79009873148982,0.0379965324207127,0.166790083021995
806,0,1.64723159671681,1.64723159671681,0.0479874233073818,0.0928641168520524
807,0,32.0258440699992,32.0258440699992,0.211748672829187,0.143124604815771
808,0,2.55738034017262,2.55738034017262,0.100173898757491,0.104100779087529
809,0,1.35148846307384,1.35148846307384,0.0211466693285806,0.158539606162409
810,0,4.59392597419402,4.59392597419402,0.047295365895723,0.129658532900765
811,0,4.68604503267095,4.68604503267095,0.0753535421848427,0.100278450274744
812,0,16.3207718464513,16.3207718464513,0.10616128134743,0.109917841117959
813,0,8.27584263186179,8.27584263186179,0.0899387092622967,0.105203355633411
814,0,0.599015182457805,0.599015182457805,0.0454323400988927,0.137877316072327
815,0,4.85219475521005,4.85219475521005,0.0732675216159265,0.0951095328335649
816,0,27.7873020279547,27.7873020279547,0.189738534885461,0.13502760171847
817,0,17.0436654606391,17.0436654606391,0.108004084185167,0.110061248121783
818,0,1.43363028960307,1.43363028960307,0.0365604501772207,0.130397462659669
819,0,5.24038658605944,5.24038658605944,0.12829786649812,0.0971445928119597
820,0,16.486894894748,16.486894894748,0.238760716818108,0.146045630265521
821,0,13.2902207310737,13.2902207310737,0.0845581129126015,0.105209328145274
822,0,2.91122503194911,2.91122503194911,0.0716937672167069,0.249226675287436
823,0,13.9877062093651,13.9877062093651,0.14727978092061,0.106121979556916
824,0,30.6281221770402,30.6281221770402,0.342644491139742,0.157069222096834
825,0,0.847558694071219,0.847558694071219,0.0718195291047871,0.133432471197481
826,0,29.3444106910876,29.3444106910876,0.467084762597614,0.1464146692709
827,0,3.55489739318178,3.55489739318178,0.0778819447831777,0.158503593246751
828,0,2.73448018162288,2.73448018162288,0.0308298671956485,0.225170871641792
829,0,0.363564182228885,0.363564182228885,0.0139107920417951,0.08554409680154
830,0,5.23863948017444,5.23863948017444,0.103932377884405,0.12054416689849
831,0,4.44922061940259,4.44922061940259,0.0619171655279989,0.167355257463002
832,0,4.52101443867962,4.52101443867962,0.0449971381080407,0.101449022199667
833,0,5.39644411232604,5.39644411232604,0.133900780135186,0.101840484214619
834,0,3.29592438411075,3.29592438411075,0.00139333127728018,0.203672715832917
835,0,10.7486707832642,10.7486707832642,0.158577287400399,0.130954934187225
836,0,24.8684900735469,24.8684900735469,0.265902039089415,0.146527090676505
837,0,0.153071894911973,0.153071894911973,0.00586332554627108,0.127761000400719
838,0,15.8265014253259,15.8265014253259,0.396360254684887,0.149669696618959
839,0,18.8985112200731,18.8985112200731,0.0791879651782079,0.105122624560346
840,0,3.05753729205084,3.05753729205084,0.0801633335354216,0.109169196827116
841,0,1.6289828758018,1.6289828758018,0.0461854456068747,0.239729550913897
842,0,7.27804139403426,7.27804139403426,0.0621721577059018,0.0984580507804141
843,0,0.162744980217319,0.162744980217319,0.0564999101874186,0.230755993259405
844,0,7.29768055281661,7.29768055281661,0.0737741281664099,0.167618938502955
845,0,6.66978297648583,6.66978297648583,0.0865547128662942,0.101236659195153
846,0,15.8791108337278,15.8791108337278,0.111402192642896,0.11812732448167
847,0,2.34802157412062,2.34802157412062,0.0373558202081014,0.158963293255737
848,0,4.15164427877299,4.15164427877299,0.0873289540252075,0.196889945691738
849,0,18.0606189957858,18.0606189957858,0.160137965481451,0.114874396213923
850,0,26.5202857281491,26.5202857281491,0.373378058537543,0.162066131122766
851,0,7.70805982292025,7.70805982292025,0.115354417477271,0.105075093877081
852,0,2.70483766656538,2.70483766656538,0.0664054471691813,0.13538336880223
853,0,4.80011826313977,4.80011826313977,0.101988251282591,0.0990568425467892
854,0,12.1961832000422,12.1961832000422,0.0948029373330564,0.108053975747827
855,0,0.342046080802582,0.342046080802582,0.000724332901512393,0.193564214263844
856,0,10.5662795508156,10.5662795508156,0.291888879975824,0.138914450197987
857,0,1.20192028409132,1.20192028409132,0.0118527044730839,0.161010692422373
858,0,2.44491581059644,2.44491581059644,0.0403453468585271,0.0966845318122254
859,0,3.62146201710212,3.62146201710212,0.0546060503155061,0.0979809467506549
860,0,5.46873843474354,5.46873843474354,0.0766840309091087,0.0960140245855464
861,0,22.2843127946896,22.2843127946896,0.155364644044859,0.118369126251583
862,0,5.37028791247453,5.37028791247453,0.0436076471333946,0.0986817472576575
863,0,5.67814185814419,5.67814185814419,0.074018375609721,0.13406817469757
864,0,9.93645885487175,9.93645885487175,0.146581582509673,0.127351074241069
865,0,5.3665148860734,5.3665148860734,0.0903945441851193,0.109053468879399
866,0,1.42148506712304,1.42148506712304,0.0686933483320906,0.183287181132044
867,0,8.42415890698855,8.42415890698855,0.186566668471311,0.129126805095302
868,0,0.973220618876542,0.973220618876542,0.0376169962973993,0.156668722799807
869,0,20.1449960959699,20.1449960959699,0.210851132401902,0.140280676273908
870,0,8.83666891345737,8.83666891345737,0.170675313689955,0.137254141617297
871,0,2.02115505550635,2.02115505550635,0.063302764233,0.153958714426538
872,0,9.55455505204127,9.55455505204127,0.122279007746283,0.120188768931255
873,0,0.617179278888565,0.617179278888565,0.0407274133792737,0.0898994925621272
874,0,1.51676217594601,1.51676217594601,0.040961529443545,0.173522018450472
875,0,6.7057767447505,6.7057767447505,0.222421578828846,0.125318629498856
876,0,5.22939668581748,5.22939668581748,0.0615385844794616,0.153388047720946
877,0,2.53830246625471,2.53830246625471,0.0903491987123005,0.092605978593824
878,0,3.56166063077756,3.56166063077756,0.199992126524947,0.134529231205319
879,0,11.5978439126186,11.5978439126186,0.104269207187248,0.114895727575059
880,0,2.49838120177978,2.49838120177978,0.102124855458603,0.150035511945441
881,0,5.36368924539563,5.36368924539563,0.0442121547063483,0.0928045251451585
882,0,0.877078163278779,0.877078163278779,0.0295037046953742,0.198708477443059
883,0,2.01784027578829,2.01784027578829,0.0844534029236412,0.174912770734992
884,0,29.2124818707434,29.2124818707434,0.298422528758703,0.152970327443373
885,0,6.43765902244858,6.43765902244858,0.0279852193836504,0.125010065069645
886,0,1.43217472655643,1.43217472655643,0.0676338592509296,0.160691431672397
887,0,3.81398633950332,3.81398633950332,0.0374963006975118,0.127235122174209
888,0,0.111159348320554,0.111159348320554,0.000447724485165272,0.167693962962249
889,0,5.38461408574694,5.38461408574694,0.0477578710628893,0.16974264726604
890,0,0.724112485592614,0.724112485592614,0.0017588095287266,0.176013367721879
891,0,22.0636031617885,22.0636031617885,0.372862083374035,0.148517934233619
892,0,5.18194967039556,5.18194967039556,0.0762104500308459,0.106487857312604
893,0,8.73526357837545,8.73526357837545,0.0731666357121184,0.0973922842467082
894,0,9.56809609275027,9.56809609275027,0.0809643738385013,0.130934046730197
895,0,10.456179521047,10.456179521047,0.0885017696747078,0.20067444187138
896,0,3.63051385551398,3.63051385551398,0.0154640015085858,0.212120290997356
897,0,11.0903784513659,11.0903784513659,0.20805888449578,0.126505935258061
898,0,4.17068984432104,4.17068984432104,0.14731947147237,0.102180748426055
899,0,2.38033919404932,2.38033919404932,0.0345523258958479,0.142535029278378
900,0,0.619313581994375,0.619313581994375,0.000612269770086811,0.237388088483598
901,0,3.17969029047459,3.17969029047459,0.0520652801296894,0.0972066921338677
902,0,1.58043825749388,1.58043825749388,0.11013072000756,0.109859055278892
903,0,0.248275915762735,0.248275915762735,0.0106745426928816,0.139004847001501
904,0,5.13472236335698,5.13472236335698,0.143662566706645,0.133880876339475
905,0,21.9892712249827,21.9892712249827,0.233495185068168,0.136647737137782
906,0,43.7904675159256,43.7904675159256,0.283376865100146,0.147851501494239
907,0,5.19371596327447,5.19371596327447,0.117534371556877,0.101770954906181
908,0,2.20631068309665,2.20631068309665,0.0207687973732654,0.103555386041424
909,0,2.64792570404416,2.64792570404416,0.0373932200067249,0.120626850411043
910,0,1.44261645895255,1.44261645895255,0.0742527013968957,0.124853072368841
911,0,0.903952915409681,0.903952915409681,0.0562424931386964,0.193050170509467
912,0,13.4736954088386,13.4736954088386,0.142911892852321,0.13248841442791
913,0,10.094290158377,10.094290158377,0.0910053299461272,0.107393326818737
914,0,1.50210335360459,1.50210335360459,0.00500801969177048,0.208542074021251
915,0,3.13690294273495,3.13690294273495,0.0847600415004956,0.132349281507123
916,0,17.0760383948112,17.0760383948112,0.140231117044353,0.129429883480588
917,0,3.52626728444843,3.52626728444843,0.0927498419136651,0.129706130079451
918,0,5.31757059879845,5.31757059879845,0.0901894732775367,0.10018074334821
919,0,8.70990322731543,8.70990322731543,0.313994271486112,0.131366178043701
920,0,29.0078803637682,29.0078803637682,0.349434997736263,0.164178055765922
921,0,11.5020401538927,11.5020401538927,0.151628850549375,0.113010069985776
922,0,7.91465030658869,7.91465030658869,0.0932302318940141,0.105529649824622
923,0,5.76956899012769,5.76956899012769,0.0314554004493837,0.17242510526533
924,0,3.53723087741857,3.53723087741857,0.0799802183926855,0.126768556155951
925,0,7.79142646865048,7.79142646865048,0.059286254381038,0.0953616433558469
926,0,24.2807624729703,24.2807624729703,0.190155335499232,0.146591847141172
927,0,4.55108254403527,4.55108254403527,0.0783074929721341,0.0953360898435023
928,0,29.9669539653721,29.9669539653721,0.319424415725008,0.145838428653707
929,0,7.44993952869289,7.44993952869289,0.240566929094863,0.130215171512361
930,0,20.9983379723742,20.9983379723742,0.257749161941254,0.142056180548784
931,0,26.5336757760223,26.5336757760223,0.17429879931445,0.132301091322052
932,0,3.18128010965038,3.18128010965038,0.00128718486064526,0.170773748401861
933,0,7.63910961454891,7.63910961454891,0.0430378699112409,0.23945303996239
934,0,18.1741923437925,18.1741923437925,0.140306415224661,0.110474038057281
935,0,11.2631013030471,11.2631013030471,0.0754443212372549,0.106430377169088
936,0,7.39713824022781,7.39713824022781,0.143828652030623,0.108707886379029
937,0,8.52935659413201,8.52935659413201,0.0581651541211051,0.101076323706549
938,0,1.92296579636462,1.92296579636462,0.0565724322374654,0.12571021717864
939,0,15.7140685252861,15.7140685252861,0.252411266514843,0.135037153543593
940,0,10.5663759235271,10.5663759235271,0.128152539408434,0.0994177385424001
941,0,10.8588727320395,10.8588727320395,0.18085044397911,0.116763536565168
942,0,0.674935488266478,0.674935488266478,0.0761968447821678,0.219971839305055
943,0,4.81373112290691,4.81373112290691,0.105957992806321,0.113742906501691
944,0,7.5879000240164,7.5879000240164,0.0630286161582438,0.13465268930767
945,0,2.03784510950674,2.03784510950674,0.00306288269404218,0.272313507164576
946,0,1.52955907095254,1.52955907095254,0.00192752093868021,0.207402368812841
947,0,4.17446217207854,4.17446217207854,0.104707716181146,0.118126667864533
948,0,16.3412896189529,16.3412896189529,0.111643333930999,0.107822705644095
949,0,16.0882469760553,16.0882469760553,0.317197620046037,0.140122416279997
950,0,9.38893825595119,9.38893825595119,0.29170347854394,0.151355918843428
951,0,7.75091846746393,7.75091846746393,0.0733522357572013,0.100758896840273
952,0,4.29742428804079,4.29742428804079,0.151634171396429,0.117809351997718
953,0,1.51977930254104,1.51977930254104,0.0464453500578527,0.191564291568354
954,0,2.95980295867427,2.95980295867427,0.0576294982004018,0.290279441271177
955,0,10.0533553926221,10.0533553926221,0.154598661536268,0.121015157011772
956,0,14.7986985951216,14.7986985951216,0.159717586884723,0.110950080177705
957,0,9.28902808944255,9.28902808944255,0.11771279193438,0.112558019003112
958,0,7.91001865710239,7.91001865710239,0.13889431995183,0.125566225523278
959,0,8.27057326661041,8.27057326661041,0.125356436354907,0.112069175843215
960,0,9.31150730220191,9.31150730220191,0.0993401291583591,0.104841078002903
961,0,11.8957179810982,11.8957179810982,0.127286947642991,0.104495671471033
962,0,28.7379296462231,28.7379296462231,0.354705014289853,0.140065339571729
963,0,3.95678440199565,3.95678440199565,0.100648269210455,0.137430236049227
964,0,19.6143728745907,19.6143728745907,0.207664221345193,0.136494654391043
965,0,3.58297764730303,3.58297764730303,0.0898126523018152,0.108359143065263
966,0,12.0218090865067,12.0218090865067,0.175242243750799,0.117935710156768
967,0,3.57280370636328,3.57280370636328,0.0838251489915845,0.106942961023614
968,0,11.6377821393309,11.6377821393309,0.351435277685369,0.15326718485303
969,0,8.79728435210486,8.79728435210486,0.131983088733678,0.102729285603237
970,0,2.69614006767492,2.69614006767492,0.0724532320673195,0.0900927246224694
971,0,1.6746318413838,1.6746318413838,0.0106738001294722,0.180504406114679
972,0,7.38955616200874,7.38955616200874,0.103498392728382,0.132965474192903
973,0,10.5719499078958,10.5719499078958,0.13382182195384,0.116103200213432
974,0,4.39130266958634,4.39130266958634,0.0109288239686568,0.096625086947906
975,0,14.4467083665903,14.4467083665903,0.33050192263122,0.140074463828532
976,0,8.94933948198404,8.94933948198404,0.198344721424501,0.142484315102849
977,0,4.72729648110352,4.72729648110352,0.0543911063452797,0.133260785173972
978,0,2.13534526477414,2.13534526477414,0.0192859122625632,0.200113488698269
979,0,0.649229292271374,0.649229292271374,0.025418601046028,0.143185593684781
980,0,14.7489116129909,14.7489116129909,0.135320194186507,0.121744813593152
981,0,10.5037646498432,10.5037646498432,0.123535991671697,0.105375098925839
982,0,6.95155600155369,6.95155600155369,0.0791476199418242,0.103583639195213
983,0,5.45299876530555,5.45299876530555,0.105314103326485,0.130260319304903
984,0,5.64635564865689,5.64635564865689,0.0507326544089931,0.159427508685054
985,0,11.0706035724182,11.0706035724182,0.150084397533432,0.115254178407583
986,0,12.5659258888691,12.5659258888691,0.0984795340241805,0.123828838842578
987,0,4.79156481046413,4.79156481046413,0.0167982644430743,0.141145423798348
988,0,19.9072086516501,19.9072086516501,0.203455275036489,0.140483052912516
989,0,2.99877556338744,2.99877556338744,0.0753021584399791,0.19132996427557
990,0,1.52975807029624,1.52975807029624,0.0151402402814134,0.201864736194953
991,0,8.49910159064359,8.49910159064359,0.155616004142903,0.12507261554451
992,0,7.91937334737064,7.91937334737064,0.151245603689005,0.117219736286859
993,0,7.49088644385898,7.49088644385898,0.0547523168459947,0.0998818022142446
994,0,0.710596003105199,0.710596003105199,0.0371479461496707,0.114381354824908
995,0,1.91373206401488,1.91373206401488,0.0940607091955867,0.102640382438543
996,0,2.37647348655726,2.37647348655726,0.123924573618537,0.0966972804672782
997,0,13.0240212848976,13.0240212848976,0.221627237363488,0.144110372434142
998,0,3.61070787352648,3.61070787352648,0.084289367097675,0.11121959359362
999,0,5.72273664914322,5.72273664914322,0.0683993640179855,0.0992825154749548
1000,0,0.947642753645406,0.947642753645406,0.0380009808960219,0.226632640831742
1001,0,34.8832163221287,34.8832163221287,0.152256999425478,0.136608398579612
1002,0,14.2275348607192,14.2275348607192,0.106528124516774,0.103813913753233
1003,0,10.1832661871397,10.1832661871397,0.319862461773543,0.145501850974725
1004,0,6.66008973943376,6.66008973943376,0.0708481023381567,0.100922335572833
1005,0,4.12985538342497,4.12985538342497,0.05409807568479,0.159831593547843
1006,0,2.05838407638571,2.05838407638571,0.049570135447115,0.0912480754543504
1007,0,28.6696110315334,28.6696110315334,0.378857169628163,0.160860942057841
1008,0,2.54590951766269,2.54590951766269,0.0913611035002752,0.107760853762928
1009,0,2.2938719431008,2.2938719431008,0.0203978872707524,0.0911291201001812
1010,0,3.5781051837918,3.5781051837918,0.0478607120654132,0.12857004237021
1011,0,1.83821360960906,1.83821360960906,0.055072045933419,0.089260088974137
1012,0,13.6593649345204,13.6593649345204,0.116343050602205,0.109949237029801
1013,0,8.25432526709765,8.25432526709765,0.0629515662019905,0.132804812679905
1014,0,0.639311950366441,0.639311950366441,0.060099502675648,0.14379400040788
1015,0,9.07209764581039,9.07209764581039,0.0694922146276187,0.102477615464833
1016,0,17.2239811301959,17.2239811301959,0.136110852727848,0.122176288856109
1017,0,19.7959396016264,19.7959396016264,0.100739138656405,0.102819188347112
1018,0,2.92916952207213,2.92916952207213,0.123385882906829,0.104084182028399
1019,0,3.44111499791769,3.44111499791769,0.0916064285801855,0.108204194918128
1020,0,18.4369615764505,18.4369615764505,0.165853772797486,0.132631647275831
1021,0,2.92832746997715,2.92832746997715,0.0514866001570495,0.130630677556727
1022,0,1.42276054331667,1.42276054331667,0.0732678271559781,0.188417242275376
1023,0,18.0312442883797,18.0312442883797,0.176789222905622,0.11378158056073
1024,0,15.3956500751341,15.3956500751341,0.239533376020599,0.152303927608551
1025,0,1.94897105660836,1.94897105660836,0.105775152328932,0.0961650223013194
1026,0,20.8134750152431,20.8134750152431,0.140657972923838,0.125129187308563
1027,0,2.09870677098174,2.09870677098174,0.0876665460512085,0.15725632417539
1028,0,3.97940980857048,3.97940980857048,0.0469763917361156,0.130396602289573
1029,0,0.164567856915738,0.164567856915738,0.0370006893445892,0.12320316690991
1030,0,2.26370683778741,2.26370683778741,0.0447358686182859,0.128062454939924
1031,0,6.76682929999298,6.76682929999298,0.0764681256479326,0.110834209848632
1032,0,1.71454979902759,1.71454979902759,0.0393561391327099,0.161253133418199
1033,0,2.86531336258279,2.86531336258279,0.0790627127955188,0.0972211016458731
1034,0,3.29592438411075,3.29592438411075,0.00139333127728018,0.203672715832917
1035,0,14.9160005548823,14.9160005548823,0.309553721768006,0.156103052251766
1036,0,15.670489721731,15.670489721731,0.113906159460478,0.108202292645286
1037,0,0.193275385738936,0.193275385738936,0.00649450327435134,0.128778910938786
1038,0,10.0872714397626,10.0872714397626,0.125524521703276,0.120097366877433
1039,0,13.232755328595,13.232755328595,0.0786068845760378,0.101205767509547
1040,0,4.06290269673286,4.06290269673286,0.0842802880581892,0.0979974473404587
1041,0,1.6289828758018,1.6289828758018,0.0461854456068747,0.239729550913897
1042,0,10.0846582326786,10.0846582326786,0.144394458745447,0.109866178384437
1043,0,0.184664318928823,0.184664318928823,0.0108162091630173,0.195935138645021
1044,0,7.53622240663209,7.53622240663209,0.10412226592565,0.1565748194637
1045,0,13.347470141721,13.347470141721,0.119988906805517,0.114124745936992
1046,0,13.8016336575143,13.8016336575143,0.0963894751220695,0.139516445003156
1047,0,2.61396256948759,2.61396256948759,0.0196846470420993,0.153380752494367
1048,0,5.30422723747315,5.30422723747315,0.05852706299365,0.161195579304773
1049,0,13.0480082480041,13.0480082480041,0.101380689774065,0.10037426704014
1050,0,9.7537754391106,9.7537754391106,0.0891151387106525,0.12639591850369
1051,0,1.78151924256804,1.78151924256804,0.0539601189396438,0.0916424783489368
1052,0,0.991590012633083,0.991590012633083,0.0229732890695188,0.224551579730205
1053,0,2.65592019392736,2.65592019392736,0.0508382333115571,0.115626298573677
1054,0,15.8569101531302,15.8569101531302,0.463961561795143,0.124786846226737
1055,0,0.342046080802582,0.342046080802582,0.000724332901512393,0.193564214263844
1056,0,9.85438523825638,9.85438523825638,0.157699348007832,0.122515305422767
1057,0,4.07710895318345,4.07710895318345,0.0447013450787975,0.140553271970332
1058,0,19.8076604272365,19.8076604272365,0.308348107689371,0.120555540849134
1059,0,4.22663107480702,4.22663107480702,0.121046164009614,0.10817776773391
1060,0,22.9769305172904,22.9769305172904,0.320515574724595,0.128757376852063
1061,0,14.8306504307328,14.8306504307328,0.168205935129602,0.120023879681106
1062,0,1.42015130800885,1.42015130800885,0.0179739827711602,0.218240398690379
1063,0,9.19523825946387,9.19523825946387,0.12942110183136,0.112786664051072
1064,0,6.69885005541644,6.69885005541644,0.119772581608557,0.128714474676531
1065,0,3.09603095818644,3.09603095818644,0.0525982390889911,0.091891711012606
1066,0,4.07402606131973,4.07402606131973,0.0596837320430468,0.158228000443448
1067,0,8.80584955605278,8.80584955605278,0.173625628239997,0.121910078128979
1068,0,5.14947653895324,5.14947653895324,0.0658396748849142,0.188984462148328
1069,0,15.2479509275183,15.2479509275183,0.141570443493374,0.129364135917224
1070,0,17.0989189721218,17.0989189721218,0.338655057514291,0.15259931985267
1071,0,0.589644252551917,0.589644252551917,0.0370700511644149,0.197837541792644
1072,0,5.21150229385836,5.21150229385836,0.0562137934095932,0.0907446697557733
1073,0,5.97397204409353,5.97397204409353,0.128405277107,0.11478214071406
1074,0,2.03162642200851,2.03162642200851,0.0584365660986715,0.154585662476172
1075,0,9.00624031217436,9.00624031217436,0.203127507152923,0.12584039869408
1076,0,11.4490151217398,11.4490151217398,0.0795492091438524,0.13788571646577
1077,0,1.51904996756946,1.51904996756946,0.100220060623563,0.127797603027227
1078,0,5.50344690514719,5.50344690514719,0.108541555237471,0.10219363130129
1079,0,5.69612117121941,5.69612117121941,0.0545951034780043,0.0994831874705797
1080,0,6.30665814658037,6.30665814658037,0.121508378714021,0.100724862447443
1081,0,10.8374955690603,10.8374955690603,0.0855727410114673,0.101327842110154
1082,0,2.39920033755756,2.39920033755756,0.00865839573256822,0.238137988714923
1083,0,3.31189303250068,3.31189303250068,0.0869446542134173,0.158210645714992
1084,0,13.8586109496239,13.8586109496239,0.100572639634842,0.124717016314778
1085,0,9.75537240348737,9.75537240348737,0.091240291305761,0.126273040849929
1086,0,2.47525637133683,2.47525637133683,0.0478813643326238,0.156329265128947
1087,0,13.6584553441096,13.6584553441096,0.288980890812076,0.112953611075935
1088,0,0.111159348320554,0.111159348320554,0.000447724485165272,0.167693962962249
1089,0,5.79163729116275,5.79163729116275,0.055769603959311,0.134627756571791
1090,0,0.724112485592614,0.724112485592614,0.0017588095287266,0.176013367721879
1091,0,19.4777727299065,19.4777727299065,0.497741105091408,0.153957144231159
1092,0,3.4326521426829,3.4326521426829,0.12908506959553,0.120568729828222
1093,0,2.62852889259936,2.62852889259936,0.0785343605509685,0.125899578562079
1094,0,11.2556953299142,11.2556953299142,0.0897358713199344,0.171647099607857
1095,0,8.57400109738122,8.57400109738122,0.0532557424919219,0.127093729387978
1096,0,5.34978832634162,5.34978832634162,0.00902039008827738,0.212757074364735
1097,0,20.5172971175274,20.5172971175274,0.249128452309006,0.137389154206098
1098,0,4.40999661498578,4.40999661498578,0.0841758211106302,0.108888316103325
1099,0,1.91368988707244,1.91368988707244,0.0218646933022353,0.136763021486259
1100,0,0.619313581994375,0.619313581994375,0.000612269770086811,0.237388088483598
1101,0,1.92328478155753,1.92328478155753,0.0391711125510933,0.0918891699116225
1102,0,1.79606033735054,1.79606033735054,0.113759887392911,0.0936563821317321
1103,0,0.293882611342442,0.293882611342442,0.0258593935723707,0.175436921954504
1104,0,2.19242048355399,2.19242048355399,0.120259897067201,0.0998659241036865
1105,0,17.0148590516415,17.0148590516415,0.165049393311556,0.128370296856274
1106,0,43.7225543989243,43.7225543989243,0.345656070660561,0.169702243425232
1107,0,6.14174971254151,6.14174971254151,0.0863708424597083,0.0998008255718723
1108,0,3.68703577087601,3.68703577087601,0.0184401963794507,0.124057212081297
1109,0,9.47713740118834,9.47713740118834,0.112911846459417,0.100118501005474
1110,0,2.15175158636224,2.15175158636224,0.0790096486569702,0.128284199609
1111,0,3.28620562477932,3.28620562477932,0.0168262141485656,0.129334983730402
1112,0,29.382674455853,29.382674455853,0.285828490266676,0.160415377207201
1113,0,5.5261843981037,5.5261843981037,0.0844883229704928,0.102324568881186
1114,0,1.50439071130995,1.50439071130995,0.0244197776558722,0.175167270693026
1115,0,3.59147450352634,3.59147450352634,0.0773428630813455,0.21426619902948
1116,0,15.8476308750502,15.8476308750502,0.150217861811941,0.138834787638945
1117,0,4.43948782575654,4.43948782575654,0.0446566608907039,0.133633907386942
1118,0,3.15218768541255,3.15218768541255,0.0665863888406945,0.0985453854174191
1119,0,12.5097190438469,12.5097190438469,0.167726679999899,0.136108813140253
1120,0,19.541404178391,19.541404178391,0.274238616855077,0.149704268558246
1121,0,6.91585593798052,6.91585593798052,0.160811993495902,0.104295972033808
1122,0,14.9065801689835,14.9065801689835,0.193004689510152,0.121601263560037
1123,0,4.30832809499818,4.30832809499818,0.0452900590464903,0.258527491693083
1124,0,5.42730665577887,5.42730665577887,0.0307609250922356,0.151525903445655
1125,0,15.5796714322415,15.5796714322415,0.115033941319905,0.103895957750858
1126,0,23.9268368825741,23.9268368825741,0.312359944458912,0.153569295120732
1127,0,2.06459464108231,2.06459464108231,0.0337887495216812,0.158252526629038
1128,0,31.3996377877599,31.3996377877599,0.383246408163879,0.159182318259643
1129,0,8.60720635711041,8.60720635711041,0.151467159737122,0.121597672485844
1130,0,8.87286147381791,8.87286147381791,0.0907257642208012,0.102001387157272
1131,0,36.3503593969453,36.3503593969453,0.519273527777672,0.160826070660391
1132,0,3.18128010965038,3.18128010965038,0.00128718486064526,0.170773748401861
1133,0,6.23720892169761,6.23720892169761,0.0529450989439667,0.142900785305318
1134,0,15.9737814402763,15.9737814402763,0.102379916286176,0.137714651477437
1135,0,19.2461611163077,19.2461611163077,0.137789346176649,0.126405796024126
1136,0,2.49717576329343,2.49717576329343,0.0430095308102095,0.101147315108376
1137,0,4.87255746681849,4.87255746681849,0.0418125803132584,0.0938013702561043
1138,0,2.70241686488537,2.70241686488537,0.116940621116998,0.115252024199662
1139,0,13.877349086239,13.877349086239,0.26471467065739,0.131697575627582
1140,0,11.0582893796853,11.0582893796853,0.115599963503104,0.164661414589575
1141,0,9.19101974008259,9.19101974008259,0.142853785441485,0.10745504610491
1142,0,0.653849073629406,0.653849073629406,0.0315582013108513,0.14180593788214
1143,0,10.7266240534598,10.7266240534598,0.146553815057545,0.117604561224833
1144,0,4.97438392552751,4.97438392552751,0.0569405118272182,0.132462112361428
1145,0,2.03784510950674,2.03784510950674,0.00306288269404218,0.272313507164576
1146,0,1.52955907095254,1.52955907095254,0.00192752093868021,0.207402368812841
1147,0,7.8336049392793,7.8336049392793,0.251001391423528,0.140493459516779
1148,0,3.99375635417342,3.99375635417342,0.0577488535009346,0.13221482464245
1149,0,7.52480310602277,7.52480310602277,0.208531460048752,0.126122747137079
1150,0,5.84886816867286,5.84886816867286,0.141874262562262,0.130159580979863
1151,0,6.84427444557451,6.84427444557451,0.137174755825875,0.105246148902593
1152,0,3.05108810736295,3.05108810736295,0.065493946036071,0.0991854969471487
1153,0,1.37314163084611,1.37314163084611,0.0342107284684281,0.148756112905438
1154,0,3.89611454510491,3.89611454510491,0.0392744820433578,0.148284334677621
1155,0,9.44103662909604,9.44103662909604,0.15230335610725,0.116281452703751
1156,0,5.69763244551947,5.69763244551947,0.0429365037831376,0.0916711057619801
1157,0,15.4231724288969,15.4231724288969,0.29067094177992,0.131908811744673
1158,0,9.84684542991117,9.84684542991117,0.153109253102449,0.131696937861404
1159,0,4.05457228236973,4.05457228236973,0.130832341280431,0.108175237371484
1160,0,12.8007820188766,12.8007820188766,0.120765946150467,0.107565477485422
1161,0,11.4316828390186,11.4316828390186,0.102278986801167,0.111829898799888
1162,0,11.9248636861869,11.9248636861869,0.0841443195154308,0.104993377230196
1163,0,1.45002040442089,1.45002040442089,0.0346923917343997,0.121121813376073
1164,0,5.18167687954918,5.18167687954918,0.0855243569004147,0.120295034513448
1165,0,9.00847358406284,9.00847358406284,0.113458119880407,0.119662450863634
1166,0,12.1305588485921,12.1305588485921,0.153453929830408,0.121989114666705
1167,0,3.58803966108602,3.58803966108602,0.123386062308552,0.101124207008749
1168,0,7.20471536766325,7.20471536766325,0.141913757474145,0.128022853880237
1169,0,6.75919970063661,6.75919970063661,0.0905278394239479,0.0996737413228444
1170,0,4.58096936313507,4.58096936313507,0.0952254319918509,0.0993473412834737
1171,0,1.25947226033466,1.25947226033466,0.0140345473065605,0.155702553973071
1172,0,2.06178841500417,2.06178841500417,0.0391918397611499,0.0923904227218722
1173,0,14.4325057246917,14.4325057246917,0.277244952714874,0.138508610777926
1174,0,0.939660822978121,0.939660822978121,0.0108508234029353,0.134115540057681
1175,0,3.31800146157477,3.31800146157477,0.08463657669591,0.101041602259022
1176,0,8.01171787972605,8.01171787972605,0.25878531763738,0.142370697918729
1177,0,0.506229284120771,0.506229284120771,0.0266425486537412,0.149519656424702
1178,0,0.383168737767333,0.383168737767333,0.0227130698708088,0.144580066393944
1179,0,1.14584766739471,1.14584766739471,0.0475559008736081,0.145560802435714
1180,0,17.0519833549899,17.0519833549899,0.183021528666599,0.129875264361179
1181,0,7.92350103259726,7.92350103259726,0.526023574387302,0.108170894490459
1182,0,7.53654249202353,7.53654249202353,0.104667317784987,0.106827423354836
1183,0,5.12191679125165,5.12191679125165,0.103689493188305,0.16889565873971
1184,0,1.64990567864136,1.64990567864136,0.0652921978318147,0.151769476741537
1185,0,14.9158078375212,14.9158078375212,0.126780903600966,0.109802160735591
1186,0,10.2535750161414,10.2535750161414,0.187280925456941,0.121780386140006
1187,0,3.82313855770913,3.82313855770913,0.0572633619239822,0.135481877557915
1188,0,21.1987091902495,21.1987091902495,0.377842345526605,0.15837715707081
1189,0,0.965039496918393,0.965039496918393,0.0300787814577493,0.111903796587789
1190,0,1.08347247283953,1.08347247283953,0.0308308271183464,0.199881402019784
1191,0,8.65865915705551,8.65865915705551,0.164253809284034,0.121862976294975
1192,0,5.98671932815809,5.98671932815809,0.139964401373223,0.11488068613855
1193,0,12.3628561408099,12.3628561408099,0.160164869393799,0.11721735965177
1194,0,6.92001915695755,6.92001915695755,0.141739239998296,0.1725302241899
1195,0,4.07752587383035,4.07752587383035,0.191385821867577,0.117201505565744
1196,0,3.79953101243884,3.79953101243884,0.124656580690523,0.110360813532223
1197,0,22.2076808274012,22.2076808274012,0.21681573103512,0.145844566243329
1198,0,4.02032524429975,4.02032524429975,0.14305085333936,0.129021248539334
1199,0,7.078070855478,7.078070855478,0.0784049533661117,0.105543813772102
1200,0,0.623826583853992,0.623826583853992,0.0171984738643996,0.189877274087594
1201,0,18.2379120545264,18.2379120545264,0.10895239532987,0.121029062432459
1202,0,8.328793045743,8.328793045743,0.0838313789716184,0.102113222211817
1203,0,9.3945218611898,9.3945218611898,0.234870141254326,0.137863524349472
1204,0,13.1370690291272,13.1370690291272,0.094834905417217,0.100847668848891
1205,0,4.70864149161712,4.70864149161712,0.0698151942085866,0.139733339570574
1206,0,5.69364152749958,5.69364152749958,0.0510747767577604,0.0954212772869685
1207,0,28.3385069447845,28.3385069447845,0.446339242545094,0.163106046889355
1208,0,1.03160399161171,1.03160399161171,0.0514561733843424,0.0906023475053506
1209,0,7.25443988436486,7.25443988436486,0.0239642220860584,0.123579516812441
1210,0,7.18635387998856,7.18635387998856,0.0530396792455304,0.0999731905720075
1211,0,3.51304555675966,3.51304555675966,0.0699006649272701,0.103086281004395
1212,0,7.7448321316863,7.7448321316863,0.137033946761823,0.10525564333741
1213,0,9.38899311785439,9.38899311785439,0.0689355850031804,0.0991705920009278
1214,0,1.81375654778224,1.81375654778224,0.0551836829815435,0.11442397829025
1215,0,4.99253406053185,4.99253406053185,0.0482045920216512,0.103620958871938
1216,0,28.1138376064651,28.1138376064651,0.155898570037762,0.12106305794426
1217,0,8.79000568846608,8.79000568846608,0.043486039480857,0.0971710039601908
1218,0,1.99735056077968,1.99735056077968,0.119300146491409,0.141177307127797
1219,0,4.18201238524374,4.18201238524374,0.0756254927486417,0.104215776219505
1220,0,19.4476855404049,19.4476855404049,0.119083005486018,0.124255552272736
1221,0,9.60686519391612,9.60686519391612,0.0494540566125402,0.093428561927844
1222,0,2.24410082808767,2.24410082808767,0.0577028198759765,0.164450008863833
1223,0,19.4840718036821,19.4840718036821,0.150183803148319,0.117103079298161
1224,0,27.376365245172,27.376365245172,0.338162370194076,0.157501916540207
1225,0,9.60886881514676,9.60886881514676,0.0945004203833351,0.168865451310557
1226,0,3.60693357847516,3.60693357847516,0.122079222277536,0.117617910432651
1227,0,2.40193290723117,2.40193290723117,0.0667004807447521,0.0973385977225994
1228,0,4.12973009540017,4.12973009540017,0.0746481377099678,0.243020625555335
1229,0,1.1286988751782,1.1286988751782,0.0545752060819538,0.128640371576871
1230,0,7.01373672091552,7.01373672091552,0.0585323291943313,0.122278477254967
1231,0,4.99733633623446,4.99733633623446,0.101050992152679,0.142675372044572
1232,0,4.79543415675,4.79543415675,0.0268164548822868,0.140746747890863
1233,0,5.53123205334906,5.53123205334906,0.0663890874528622,0.136217329225384
1234,0,0.594807634643019,0.594807634643019,0.00134035672922853,0.132724942085818
1235,0,10.6818756270439,10.6818756270439,0.312284374083898,0.150904681903917
1236,0,16.7940868019962,16.7940868019962,0.105327232516962,0.115267607928858
1237,0,0.254979099378861,0.254979099378861,0.00967346535294102,0.155443904603735
1238,0,9.96829442528285,9.96829442528285,0.148627013810546,0.121026940505366
1239,0,5.75704580288355,5.75704580288355,0.0708277890318404,0.101161935057568
1240,0,12.2073589476396,12.2073589476396,0.104124429356301,0.108330280821116
1241,0,2.37668133717777,2.37668133717777,0.0164889474355884,0.0963390169321658
1242,0,10.8699127908221,10.8699127908221,0.112119246809777,0.10149390664072
1243,0,0.215679495548777,0.215679495548777,0.00962834618894291,0.167272939991012
1244,0,15.2667495603673,15.2667495603673,0.116047948330864,0.179941333570485
1245,0,6.9835564792325,6.9835564792325,0.104161798358142,0.107445083936045
1246,0,10.4311235718748,10.4311235718748,0.0918224816464522,0.103819283935862
1247,0,5.64194915774508,5.64194915774508,0.018952695770002,0.12381433201611
1248,0,5.36272377059484,5.36272377059484,0.0505070396714263,0.133907717647373
1249,0,11.5666537216143,11.5666537216143,0.115806030511613,0.10448432186855
1250,0,20.4213580535457,20.4213580535457,0.153277564707253,0.136677484848495
1251,0,5.2940269627294,5.2940269627294,0.0641302615477298,0.155566281524193
1252,0,3.04952708257728,3.04952708257728,0.0473986173457402,0.155467679101318
1253,0,3.8318478308544,3.8318478308544,0.101342044713212,0.160142689891875
1254,0,12.8290722887858,12.8290722887858,0.126226606459335,0.110002317554596
1255,0,0.259155646581016,0.259155646581016,0.00253975444742516,0.192357547462554
1256,0,20.9218026214581,20.9218026214581,0.123122610837632,0.119055667934071
1257,0,0.991605064230034,0.991605064230034,0.026791721360688,0.258026351055928
1258,0,14.5111552654474,14.5111552654474,0.276983336475943,0.107636453439243
1259,0,13.4347533722299,13.4347533722299,0.137728868297241,0.109740231615313
1260,0,14.1638383803023,14.1638383803023,0.16814329965588,0.109840954026435
1261,0,11.4958819776523,11.4958819776523,0.164009833109829,0.117373352759393
1262,0,7.04694968665586,7.04694968665586,0.0190534970295527,0.151436872861958
1263,0,18.1222816599685,18.1222816599685,0.133237070264133,0.133533265499825
1264,0,21.3935705559515,21.3935705559515,0.189514595307791,0.137383187736729
1265,0,8.13615846277641,8.13615846277641,0.0381588840715849,0.0892491830118411
1266,0,0.765491909665889,0.765491909665889,0.0542511666278127,0.219497476639886
1267,0,6.16602531141193,6.16602531141193,0.201132478805696,0.133248642657842
1268,0,1.59018479374017,1.59018479374017,0.0238884893386188,0.0890838679881065
1269,0,25.1873050485632,25.1873050485632,0.227949690151799,0.140301726489574
1270,0,22.0505604976079,22.0505604976079,0.361210795929187,0.145874435692832
1271,0,1.15669045460913,1.15669045460913,0.0855176368081423,0.129643862889706
1272,0,10.1867856208952,10.1867856208952,0.0992703798260111,0.115251582137459
1273,0,9.40818806157816,9.40818806157816,0.138069749647027,0.114717836955671
1274,0,3.51653091622233,3.51653091622233,0.157087884919213,0.10779602118459
1275,0,7.45474059740113,7.45474059740113,0.276729685448867,0.140679112599963
1276,0,4.99242163182297,4.99242163182297,0.0755405196724034,0.129286520497437
1277,0,1.37052043727807,1.37052043727807,0.0663894269273552,0.0904665289517683
1278,0,2.58524516995395,2.58524516995395,0.130529346334764,0.106961735311029
1279,0,3.77435376893475,3.77435376893475,0.0611286237532546,0.100325415163131
1280,0,4.73600616129183,4.73600616129183,0.127697652691712,0.14732595879244
1281,0,1.88762723839671,1.88762723839671,0.0688230675568749,0.108031315803313
1282,0,0.446045786042765,0.446045786042765,0.03771505640356,0.171468890786727
1283,0,2.28019597003941,2.28019597003941,0.110709454054913,0.197937584923126
1284,0,14.0614020194561,14.0614020194561,0.189220304760582,0.139132851901661
1285,0,10.0729142143863,10.0729142143863,0.108649529183754,0.125563106913815
1286,0,2.3625834104705,2.3625834104705,0.0390193132005813,0.130438438233157
1287,0,5.8319871241546,5.8319871241546,0.0981313964435855,0.104189809943344
1288,0,0.600918207868154,0.600918207868154,0.00789762819310674,0.107451489556307
1289,0,1.46495795128789,1.46495795128789,0.0638207734639231,0.155053823826105
1290,0,0.479051468637372,0.479051468637372,0.000893710474825169,0.168547042107778
1291,0,30.11928640709,30.11928640709,0.421914827880643,0.156870633754752
1292,0,2.56810717628271,2.56810717628271,0.0701784725927346,0.0993430819771854
1293,0,3.0978312236344,3.0978312236344,0.142042841853313,0.130747191521106
1294,0,4.97438515793251,4.97438515793251,0.0741716652078681,0.129611330661916
1295,0,7.60655612625638,7.60655612625638,0.0600337691428055,0.0901912500195329
1296,0,1.99184823716576,1.99184823716576,0.00699405298235178,0.184142929310475
1297,0,15.995900390662,15.995900390662,0.195972681555763,0.123946689651719
1298,0,7.23177582864894,7.23177582864894,0.0912132195444577,0.10771861155311
1299,0,5.17192421509355,5.17192421509355,0.0281968482811124,0.195395442427475
1300,0,0.616430022706597,0.616430022706597,0.00167679791395081,0.21693141441016
1301,0,6.62316355794911,6.62316355794911,0.0641719886134498,0.0973585102120995
1302,0,2.84105640684274,2.84105640684274,0.0386259020006433,0.128488213571003
1303,0,0.874071712559056,0.874071712559056,0.00881514914297242,0.137411427570595
1304,0,3.68170682899913,3.68170682899913,0.122682700718043,0.130358052415445
1305,0,10.5339031909281,10.5339031909281,0.156509728134673,0.12551240125048
1306,0,46.2613101098689,46.2613101098689,0.387477172047757,0.166011244466316
1307,0,7.17263705895504,7.17263705895504,0.11199397527093,0.106691998712261
1308,0,6.97031586853772,6.97031586853772,0.0270721657728811,0.173684042091388
1309,0,4.98692622292903,4.98692622292903,0.136088476286787,0.136833792762815
1310,0,3.057961678653,3.057961678653,0.0781731328427396,0.124732119065296
1311,0,1.05809838004501,1.05809838004501,0.0158949061865141,0.240091001966361
1312,0,37.7729020775022,37.7729020775022,0.380995772925985,0.173558868668338
1313,0,3.96228918103912,3.96228918103912,0.0508825121770187,0.0970734489201276
1314,0,1.14235366112884,1.14235366112884,0.0187547107109953,0.195901786039558
1315,0,5.54386348642127,5.54386348642127,0.0386230526874164,0.12422982027764
1316,0,9.22000759148981,9.22000759148981,0.220653276660823,0.141681647074799
1317,0,2.00698720342426,2.00698720342426,0.0375043478571505,0.12278835595895
1318,0,9.15685246151681,9.15685246151681,0.0962925510995204,0.100958864880877
1319,0,18.1234915937804,18.1234915937804,0.130244410095026,0.120628414339518
1320,0,27.5140033151083,27.5140033151083,0.234822880891142,0.145966099360875
1321,0,9.22484238351849,9.22484238351849,0.116023981648277,0.101303597573885
1322,0,13.42446035314,13.42446035314,0.179836727509485,0.112280958440323
1323,0,2.16998363545129,2.16998363545129,0.0427203628640598,0.160312233390847
1324,0,3.56141213532953,3.56141213532953,0.0320994749878198,0.0930207027137144
1325,0,6.44776602956606,6.44776602956606,0.0925211176040514,0.110667409631834
1326,0,25.6159875113062,25.6159875113062,0.238336402674442,0.146022112344399
1327,0,2.42834762775897,2.42834762775897,0.0320139073689387,0.130685756590915
1328,0,46.3135442915099,46.3135442915099,0.339426222104295,0.15294822448236
1329,0,7.91684863310068,7.91684863310068,0.135111641439958,0.119018538743276
1330,0,9.83699627386473,9.83699627386473,0.14481986465975,0.123776865136984
1331,0,46.5433455927416,46.5433455927416,0.539794011123819,0.154257257471477
1332,0,0.650510479935398,0.650510479935398,0.000506807843795578,0.217075513162892
1333,0,7.08608529401121,7.08608529401121,0.0646053583710308,0.162691322948088
1334,0,16.1817002242162,16.1817002242162,0.137874108789326,0.1130407708197
1335,0,9.56925972641068,9.56925972641068,0.0857488454349807,0.107666096528092
1336,0,2.85096379764771,2.85096379764771,0.059931011980588,0.10029108534315
1337,0,2.79576913035945,2.79576913035945,0.0556226580549337,0.0952199102611131
1338,0,2.55572806496294,2.55572806496294,0.0776422916599566,0.100073735102293
1339,0,19.6751484412069,19.6751484412069,0.15392709451541,0.128807977422219
1340,0,4.99974983554692,4.99974983554692,0.0634098948192452,0.162147729432756
1341,0,6.94236119004395,6.94236119004395,0.202861003276466,0.113503162591968
1342,0,1.64036693188505,1.64036693188505,0.0620070309966965,0.20315437165886
1343,0,8.49186426203621,8.49186426203621,0.181608187323378,0.122814785676035
1344,0,2.60053938360079,2.60053938360079,0.0650051454765792,0.13046673242541
1345,0,1.77773937018789,1.77773937018789,0.00445605515757262,0.254987616484901
1346,0,1.61122286715977,1.61122286715977,0.00186537695616083,0.131228754476153
1347,0,16.6339018658941,16.6339018658941,0.2490976611631,0.142305050583175
1348,0,4.7967849309637,4.7967849309637,0.0588626556676923,0.128641680757681
1349,0,19.3970234323154,19.3970234323154,0.172984312486799,0.124343954686397
1350,0,7.25860917696479,7.25860917696479,0.158574184847719,0.125040167820847
1351,0,11.7842535712144,11.7842535712144,0.142234416582324,0.103275938008009
1352,0,5.80129550679135,5.80129550679135,0.0568246692123402,0.098588159873459
1353,0,0.560047447985886,0.560047447985886,0.0238808219704,0.219496198412287
1354,0,2.35987531406471,2.35987531406471,0.0162312073500652,0.15371269798081
1355,0,6.83531572709439,6.83531572709439,0.081599896924148,0.133564034757673
1356,0,5.56531997727917,5.56531997727917,0.0478139965051526,0.0958112853926177
1357,0,10.3237337092619,10.3237337092619,0.220781757250967,0.135579841217982
1358,0,9.02724085018444,9.02724085018444,0.135003992760221,0.126409018208988
1359,0,6.65824967521496,6.65824967521496,0.216695243189604,0.128275805901346
1360,0,5.63110072320092,5.63110072320092,0.147737043658496,0.115542151281966
1361,0,27.4733850225819,27.4733850225819,0.246593186892123,0.123376889441099
1362,0,7.69156451118212,7.69156451118212,0.0942637992253477,0.120300666540051
1363,0,3.09323921579244,3.09323921579244,0.0252030534172173,0.193599954697289
1364,0,5.74613809401577,5.74613809401577,0.0762691746901453,0.118147051579805
1365,0,12.2614007200027,12.2614007200027,0.109667273729881,0.10839848185997
1366,0,3.71751807082348,3.71751807082348,0.0772162256612439,0.103447798443467
1367,0,7.84262220288294,7.84262220288294,0.192072459060415,0.12171269927538
1368,0,12.2791344513362,12.2791344513362,0.161281805427571,0.130887847997226
1369,0,2.94452238723152,2.94452238723152,0.0796190187281208,0.0919380612548513
1370,0,4.32721571839213,4.32721571839213,0.0914704964830231,0.152716794587874
1371,0,4.22341103889226,4.22341103889226,0.0491900357312897,0.254564333907359
1372,0,7.23693010309941,7.23693010309941,0.116264132207155,0.0939760537424263
1373,0,22.3426726729672,22.3426726729672,0.296269275316432,0.142486563770618
1374,0,0.670983579292934,0.670983579292934,0.00581968600246984,0.12341551501293
1375,0,20.6036378429189,20.6036378429189,0.12210300758996,0.116295696205115
1376,0,13.4655286101847,13.4655286101847,0.212992769573009,0.140106687532484
1377,0,3.60604228760286,3.60604228760286,0.030407904204728,0.0880707544238566
1378,0,0.858323043206601,0.858323043206601,0.0137822847576514,0.186732595452645
1379,0,3.59427686371886,3.59427686371886,0.0351838070984221,0.167887663136616
1380,0,26.8498925375712,26.8498925375712,0.267405899045311,0.146573192144133
1381,0,17.7474837027529,17.7474837027529,0.0922952005556774,0.102584710423919
1382,0,8.87457444909505,8.87457444909505,0.173658185853406,0.111411036319258
1383,0,6.07475943395969,6.07475943395969,0.170815871990185,0.173933960913791
1384,0,2.42881503399542,2.42881503399542,0.0401353377006694,0.121972456705773
1385,0,5.93314606510787,5.93314606510787,0.0744515508850663,0.100215512746367
1386,0,21.2155239598504,21.2155239598504,0.202061154358467,0.126822303689295
1387,0,5.68149485653985,5.68149485653985,0.0520929574483439,0.197752300867519
1388,0,33.5205769194472,33.5205769194472,0.391466297010602,0.163614245304044
1389,0,2.27276062714205,2.27276062714205,0.0501353163818446,0.11893360973731
1390,0,0.469820304682779,0.469820304682779,0.0101194958172622,0.16133097971936
1391,0,11.1514717401585,11.1514717401585,0.183406529936301,0.125223840121407
1392,0,13.9211969000422,13.9211969000422,0.124851383676925,0.104119924347349
1393,0,5.50645705786036,5.50645705786036,0.205303021867877,0.127761194825104
1394,0,1.43546048172759,1.43546048172759,0.0657556005903974,0.131159194135828
1395,0,7.10801400139665,7.10801400139665,0.201235183850864,0.12637468187069
1396,0,2.72945811521434,2.72945811521434,0.0644070690313946,0.100272499771425
1397,0,10.8069602035996,10.8069602035996,0.232575935702411,0.143982005709524
1398,0,2.82969446610148,2.82969446610148,0.111172985873123,0.130486706237849
1399,0,3.06928015481393,3.06928015481393,0.0693759034936803,0.0990298385334402
1400,0,4.48369479384533,4.48369479384533,0.0107184401652982,0.12904139913221
