"i","dow_count","dow_rate_r1","dow_rate_r2b","dow_rate_r2e","dow_rate_r2e_postop","dow_rate_ame_wait","time_to_surgery_mean","time_to_surgery_p90","r2b_dwell_mean","r2b_r2e_transit_mean","r2e_dwell_mean","ot_util_r2b","ot_util_r2e","r2b_surgery_count","r2e_surgery_count","r2b_ot_q","r2e_ot_q","r2e_icu_q","transport_q","rtd_rate_r1","rtd_rate_r2b","rtd_rate_r2e","r2b_bypass_rate","total_rtd","role4_peak_occupancy","role4_mean_occupancy","ame_sortie_demand","ame_wait_critical_mean","ame_wait_standard_mean","ame_backlog_critical_mean","ame_backlog_critical_peak","ame_backlog_standard_mean","ame_backlog_standard_peak","ame_sorties_flown","system_ot_q","transport_util"
1,1.8,0.000483325277912035,0.00289995166747221,0.000483325277912035,0.000483325277912035,0,2828.07275378948,9316.95769746574,2629.88995248584,28.3230120326935,3168.59588785798,0.0852939112875074,0.456412421216259,51.2,158.2,0,1.26091160452792,0.062712635724559,0.0025390116270205,0.188980183663606,0.0845819236346061,0.0164330594490092,0.177777777777778,120,88.6,45.1133333333333,27.8,2473.79982895532,1231.95245981634,6.59117053526936,24,2.12689918428231,11.6,2.6,1.26091160452792,0.150971728302618
2,3.4,0,0.00557880055788006,0.000929800092980009,0.000929800092980009,0.000464900046490005,3350.66401928645,8871.22388584499,3176.0229509,28.0740387705232,2966.68725406509,0.0829749333715507,0.4853699297635,52.6,168.2,0,0.937671220471995,0.0836183955176054,0.00171667190178773,0.172942817294282,0.0897257089725709,0.0139470013947001,0.162849872773537,119,102.6,50.3,28.4,2626.16030491846,742.764712552715,6.25663665685793,20.8,1.25571399531359,10,3.4,0.937671220471995,0.161778922104872
3,3,0,0.004182156133829,0.00139405204460967,0.000929368029739777,0.000464684014869888,3542.61350173071,9048.12214604495,3204.93726392025,28.4019495870043,3232.21231801702,0.083491555453858,0.548988119747981,52.2,174.6,0,1.4011212764094,0.0887128503901474,0.00139607082065725,0.177509293680297,0.0882899628252788,0.0139405204460967,0.125723738626964,120.4,106.6,53.8733333333333,28.4,1591.14963202814,711.79095553576,3.84432842375828,17,1.12704061249962,9,4,1.4011212764094,0.158698846582596
4,1.8,0,0.00333492139113864,0,0.000476417341591234,0.000476417341591234,3625.71767643944,9486.7518798725,3158.12866157778,28.1692167489681,3652.55381148099,0.0787855257328054,0.601618823796209,48.8,181.6,0,1.95906333509338,0.086557035082136,0.00155231979187698,0.188661267270129,0.0933777989518818,0.0171510242972844,0.154241645244216,125.6,100.2,53.12,28.2,1440.49916261591,840.097948839891,3.70540615679088,17.6,1.34290991911966,12,4,1.95906333509338,0.166552926128867
5,1.8,0,0.00333492139113864,0,0.000476417341591234,0.000476417341591234,3625.71767643944,9486.7518798725,3158.12866157778,28.1692167489681,3652.55381148099,0.0787855257328054,0.601618823796209,48.8,181.6,0,1.95906333509338,0.086557035082136,0.00155231979187698,0.188661267270129,0.0933777989518818,0.0171510242972844,0.154241645244216,125.6,100.2,53.12,28.2,1440.49916261591,840.097948839891,3.70540615679088,17.6,1.34290991911966,12,4,1.95906333509338,0.166552926128867
6,2,0,0.00330344502123643,0.00047192071731949,0.00047192071731949,0.00047192071731949,3554.6344839261,9642.96742317296,3358.40824771717,28.3508196204831,3641.84336465189,0.0789860492477256,0.522050485811271,48.2,173.2,0,1.39444845636534,0.0815544207521519,0.0137529787812382,0.218971212836244,0.0896649362907032,0.0207645115620576,0.192414431082331,139.6,106.2,57.38,28.2,1476.02928669108,1406.21894441659,3.7816266326958,17.8,2.41974159780156,14.6,4,1.39444845636534,0.182983492979698
7,2,0,0.00330344502123643,0.00047192071731949,0.00047192071731949,0.00047192071731949,3554.6344839261,9642.96742317296,3358.40824771717,28.3508196204831,3641.84336465189,0.0789860492477256,0.522050485811271,48.2,173.2,0,1.39444845636534,0.0815544207521519,0.0137529787812382,0.218971212836244,0.0896649362907032,0.0207645115620576,0.192414431082331,139.6,106.2,57.38,28.2,1476.02928669108,1406.21894441659,3.7816266326958,17.8,2.41974159780156,14.6,4,1.39444845636534,0.182983492979698
8,2.6,0,0.00516189582355702,0.000469263256687001,0.000469263256687001,0,4578.65639747548,10772.4977714025,4048.57280504061,28.0853099898119,3401.66759036888,0.0769130296206524,0.57101430274938,48.8,180.2,0,2.16463313062221,0.075890722702373,0.00970741566297483,0.183481933364618,0.0929141248240263,0.0173627404974191,0.106224066390041,125.2,111.4,57.3,28.4,1226.66863334264,760.768625021952,3.04055981940856,15.2,1.12055249866158,9.2,4,2.16463313062221,0.162320561953818
9,2.6,0,0.00516189582355702,0.000469263256687001,0.000469263256687001,0,4578.65639747548,10772.4977714025,4048.57280504061,28.0853099898119,3401.66759036888,0.0769130296206524,0.57101430274938,48.8,180.2,0,2.16463313062221,0.075890722702373,0.00970741566297483,0.183481933364618,0.0929141248240263,0.0173627404974191,0.106224066390041,125.2,111.4,57.3,28.4,1226.66863334264,760.768625021952,3.04055981940856,15.2,1.12055249866158,9.2,4,2.16463313062221,0.162320561953818
10,3.8,0,0.00500395048722676,0,0,0,7135.36264672093,15558.1007941636,4260.15154642994,28.3209881577994,5335.52086274016,0.119872970849016,0.85670589149651,71,251.6,0,17.7543347837759,0.154147452167076,0.190886637885633,0.138793784566763,0.0497761390571504,0.0105346326046879,0.06784140969163,151.2,156,81.0533333333333,28.6,2262.81531655425,990.41395511636,7.4189219298473,22.8,2.95212466426608,14.8,4,17.7543347837759,0.142071254618149
11,3.8,0,0.00500395048722676,0,0,0,7135.36264672093,15558.1007941636,4260.15154642994,28.3209881577994,5335.52086274016,0.119872970849016,0.85670589149651,71,251.6,0,17.7543347837759,0.154147452167076,0.190886637885633,0.138793784566763,0.0497761390571504,0.0105346326046879,0.06784140969163,151.2,156,81.0533333333333,28.6,2262.81531655425,990.41395511636,7.4189219298473,22.8,2.95212466426608,14.8,4,17.7543347837759,0.142071254618149
12,4.8,0,0.006609749380336,0,0,0,6544.27998814436,13693.8909486768,4210.93242353908,35.1278986641365,5115.32435028618,0.118971390402488,0.864487417181076,71.4,238.8,0,14.0379641536063,0.144723184393031,0.21538450669685,0.135499862296888,0.0526025888185073,0.0143211236573947,0.0488222698072805,147,160.4,78.6,29,2015.28032680675,704.248909390686,6.13810636930572,21.4,1.81298493840644,14,4,14.0379641536063,0.139089904687843
13,5.8,0,0.00813008130081301,0,0,0,6440.99032158477,13497.9421871714,4277.64589365925,35.2498115343403,4784.86814031586,0.111344130964737,0.860720422105528,68.4,244.6,0,11.3783851099008,0.146228683472055,0.208157730175213,0.131202691337258,0.0527053546397533,0.0142977291841884,0.0599909788001804,141.4,159.2,79.78,29,2178.64160656231,708.418665446075,6.78820518783817,21,1.81051003984217,13.4,4,11.3783851099008,0.137842791265702
14,8.4,0,0.011830985915493,0,0,0,6156.00581840747,13377.5301553612,4342.78238818171,35.0502001849816,4619.87687541241,0.117794293177745,0.836404580390532,72,236.6,0,11.6679415263438,0.135832602078518,0.193998625028893,0.14056338028169,0.052112676056338,0.0138028169014085,0.066003616636528,146.6,154.2,79.1666666666667,29,2392.75679677774,1051.97274372531,7.52452847998909,21.6,3.26270335494633,14.6,4,11.6679415263438,0.132364487248808
15,8.4,0,0.011830985915493,0,0,0,6156.00581840747,13377.5301553612,4342.78238818171,35.0502001849816,4619.87687541241,0.117794293177745,0.836404580390532,72,236.6,0,11.6679415263438,0.135832602078518,0.193998625028893,0.14056338028169,0.052112676056338,0.0138028169014085,0.066003616636528,146.6,154.2,79.1666666666667,29,2392.75679677774,1051.97274372531,7.52452847998909,21.6,3.26270335494633,14.6,4,11.6679415263438,0.132364487248808
16,8.4,0,0.011830985915493,0,0,0,6156.00581840747,13377.5301553612,4342.78238818171,35.0502001849816,4619.87687541241,0.117794293177745,0.836404580390532,72,236.6,0,11.6679415263438,0.135832602078518,0.193998625028893,0.14056338028169,0.052112676056338,0.0138028169014085,0.066003616636528,146.6,154.2,79.1666666666667,29,2392.75679677774,1051.97274372531,7.52452847998909,21.6,3.26270335494633,14.6,4,11.6679415263438,0.132364487248808
17,7.2,0,0.00916030534351145,0,0,0,6944.43402395158,14270.6473771453,4087.74266046726,35.0275158179974,4927.38766145667,0.109937365520625,0.821702019087344,64.8,240,0,17.6130948358028,0.140443972387549,0.200010706012421,0.143002544529262,0.0513994910941476,0.0099236641221374,0.0752598752598753,160.6,158.8,81.2066666666667,28.6,1513.96728119778,1205.043034477,4.23857982177255,16.6,3.80221212466767,21.2,4,17.6130948358028,0.143102446012473
18,7.2,0,0.00868834080717489,0.00112107623318386,0.000280269058295964,0,6006.90538486031,12435.9094345908,4153.06393459422,35.091324862924,4894.05917408036,0.113148735382753,0.839207100815801,69.4,242,0,10.8322003667598,0.12425815384472,0.181708236050383,0.141816143497758,0.0568946188340807,0.0131726457399103,0.0606626224918339,151.2,157,78.6333333333333,29,1913.04299860864,793.777278099267,6.17688409669931,19.4,1.88069091846323,12.8,4,10.8322003667598,0.131124682390006
19,4.2,0.000520291363163372,0.00442247658688866,0.000260145681581686,0.000260145681581686,0,7025.35873299045,15258.2365689752,4033.37070349289,35.2230457732743,5144.19640042499,0.117093698330292,0.824361711406582,72.8,247,0,17.6929363611311,0.130363780005034,0.213438092164852,0.149583766909469,0.0517689906347555,0.0104058272632674,0.0809298321136461,162.8,166.4,81.8533333333333,28.8,1881.52903394408,743.999263300908,5.97863806080289,17.4,2.16116719705428,15.8,4,17.6929363611311,0.137818315146283
20,4.6,0.000253228665484933,0.00531780197518359,0,0.000253228665484933,0,7727.72122973338,17400.738106977,3956.38376184512,35.1515991677748,5508.55355240379,0.124068701967731,0.850932155233758,76.4,234,0,24.1009471221466,0.118782133450136,0.224763614385272,0.145100025322867,0.0503925044315016,0.0108888326158521,0.0720032180209171,163,167,85.1266666666667,28.8,1864.68327844416,694.443729491887,5.56909626892014,18,2.13527842299022,14.6,4,24.1009471221466,0.141742295179126
21,5.8,0,0.0074329705335811,0.000265463233342182,0,0,6849.67832312744,15328.4916629604,4020.18349398799,34.9696522948015,4502.8508898227,0.110191029292218,0.813467514946332,65.6,223,0,15.8800883811245,0.137215732041052,0.218866194486545,0.136979028404566,0.0501725511016724,0.011680382267056,0.0776656428258008,149.8,152.6,79.1733333333333,28.6,1458.45617100756,713.791426639146,3.84819129228502,17.2,2.04465742881144,14.4,4,15.8800883811245,0.13831927705855
22,7,0,0.00890751899397433,0.000261985852763951,0,0,6638.90464220787,15048.8839456317,3914.99125049424,34.976271389921,4466.94385879628,0.109063143992047,0.779015737846147,66.4,217.2,0,14.8993189747242,0.12914655845497,0.227482077747583,0.136494629290018,0.047943411055803,0.010741419963322,0.0755287009063444,149,151.2,75.8133333333333,28.8,1376.77325584854,704.250373479457,3.51828471726712,16.6,1.96826475488002,13.8,4,14.8993189747242,0.14013806046362
23,5.6,0.000260688216892596,0.00677789363920751,0,0.000260688216892596,0,6607.39756010147,14625.8597044731,4111.13628574837,35.1764785869725,4973.94800791848,0.114109026477924,0.808676497211704,69.4,229.4,0,16.4251307510245,0.170533722881166,0.221966909731229,0.14754953076121,0.0521376433785193,0.0101668404588113,0.0813356164383562,161,151,75.3466666666667,28.8,1557.07581403493,793.571092397905,4.58711165174251,16,2.26941701608954,14.4,4,16.4251307510245,0.137277130736123
24,6.2,0.000245398773006135,0.00736196319018405,0,0,0,8348.14226651119,17391.4446253157,4955.4507138317,35.1594499891482,5336.32658491574,0.108653306197155,0.79641846539493,67.6,228.8,0,21.0735338584101,0.166485740172742,0.202122145949887,0.166625766871166,0.0483435582822086,0.0184049079754601,0.16208663251048,190.2,154.4,79.5333333333333,28.4,1177.96208405085,1195.40998590736,3.29730803736005,13.4,4.44423091615267,27.6,4,21.0735338584101,0.148380851089526
25,6.2,0.000245398773006135,0.00736196319018405,0,0,0,8348.14226651119,17391.4446253157,4955.4507138317,35.1594499891482,5336.32658491574,0.108653306197155,0.79641846539493,67.6,228.8,0,21.0735338584101,0.166485740172742,0.202122145949887,0.166625766871166,0.0483435582822086,0.0184049079754601,0.16208663251048,190.2,154.4,79.5333333333333,28.4,1177.96208405085,1195.40998590736,3.29730803736005,13.4,4.44423091615267,27.6,4,21.0735338584101,0.148380851089526
26,8,0,0.00929584011155008,0,0,0,8494.25739185706,17909.2710205924,4378.75901308438,35.2422473635457,5388.07923008603,0.126789368477436,0.859326525591585,74,237,0,27.5912427227001,0.17226190627645,0.307128788363672,0.15826167789914,0.0453172205438066,0.0123169881478039,0.0951463790446841,185.8,164.4,83.8933333333333,28.4,1268.15576726226,1641.15611693368,3.88915165360171,12,6.71822327687614,26.2,4,27.5912427227001,0.155081504928164
27,5,0,0.00575287643821911,0.000500250125062531,0,0,7428.32459921336,14857.4986664491,4197.67497253821,34.6752379804148,5114.0033770292,0.121238480555648,0.873919047720312,71.8,236.4,0,18.6877727396892,0.23900810603451,0.246338667959933,0.16408204102051,0.0515257628814407,0.0145072536268134,0.132058692752334,184,157.2,83.6666666666667,28.4,1455.0963704271,1771.4709462652,4.46425577314904,14.6,6.98703341701281,29.8,4,18.6877727396892,0.143926724536986
28,5,0,0.00575287643821911,0.000500250125062531,0,0,7428.32459921336,14857.4986664491,4197.67497253821,34.6752379804148,5114.0033770292,0.121238480555648,0.873919047720312,71.8,236.4,0,18.6877727396892,0.23900810603451,0.246338667959933,0.16408204102051,0.0515257628814407,0.0145072536268134,0.132058692752334,184,157.2,83.6666666666667,28.4,1455.0963704271,1771.4709462652,4.46425577314904,14.6,6.98703341701281,29.8,4,18.6877727396892,0.143926724536986
29,5,0,0.00575287643821911,0.000500250125062531,0,0,7428.32459921336,14857.4986664491,4197.67497253821,34.6752379804148,5114.0033770292,0.121238480555648,0.873919047720312,71.8,236.4,0,18.6877727396892,0.23900810603451,0.246338667959933,0.16408204102051,0.0515257628814407,0.0145072536268134,0.132058692752334,184,157.2,83.6666666666667,28.4,1455.0963704271,1771.4709462652,4.46425577314904,14.6,6.98703341701281,29.8,4,18.6877727396892,0.143926724536986
30,5,0,0.00575287643821911,0.000500250125062531,0,0,7428.32459921336,14857.4986664491,4197.67497253821,34.6752379804148,5114.0033770292,0.121238480555648,0.873919047720312,71.8,236.4,0,18.6877727396892,0.23900810603451,0.246338667959933,0.16408204102051,0.0515257628814407,0.0145072536268134,0.132058692752334,184,157.2,83.6666666666667,28.4,1455.0963704271,1771.4709462652,4.46425577314904,14.6,6.98703341701281,29.8,4,18.6877727396892,0.143926724536986
31,7,0.000234962406015038,0.0075187969924812,0.000469924812030075,0,0,8336.22565074427,16609.6751143656,4569.0459062398,34.917563282919,5382.81098227092,0.118746150715465,0.868006431409606,70,237.4,0,23.6193001287126,0.209065480592751,0.268885236807583,0.167293233082707,0.0462875939849624,0.0133928571428571,0.111468812877264,193.2,166,82.5733333333333,28.4,1232.74823613819,1470.18373380471,3.47413775697603,13,5.79011262016702,25,4,23.6193001287126,0.153623762208235
32,4.2,0.000232612235403582,0.00465224470807164,0,0,0,7768.78970260555,16091.5414353815,4815.76764360916,35.0097532622262,5014.31606827762,0.111586852186205,0.859001828547619,65,231.4,0,17.4088049239735,0.178142400094088,0.266607386281043,0.198650849034659,0.0444289369620842,0.0188415910676902,0.127422680412371,225.2,165.4,84.3466666666667,28.4,985.140890325037,1610.02420683527,2.60727083545073,11.4,6.70264397807308,25.4,4,17.4088049239735,0.149277543386503
33,7.6,0,0.008,0.000228571428571429,0.000228571428571429,0.000228571428571429,8190.46344535732,16958.7464918538,4528.8622660755,35.0413658824817,5697.10520560552,0.116808944294587,0.827324735434556,70,225.4,0,21.3967634659611,0.168775943036546,0.273755620266249,0.191542857142857,0.0468571428571429,0.0141714285714286,0.0898921294446664,221,154.4,80.0133333333333,28.8,821.513581321866,1079.98652380313,2.04796878851842,11.4,4.66702375897283,23.8,4,21.3967634659611,0.152014605696149
34,4.4,0.000243605359317905,0.005115712545676,0,0,0,6545.68455628685,13334.2496012761,4517.75506302242,35.1861884125647,4774.6247810285,0.101994375315363,0.806073921695553,61.4,229.2,0,10.7082013011153,0.164863736143426,0.209449377863008,0.241169305724726,0.0484774665042631,0.0121802679658952,0.0779857397504456,247.8,146.4,74.3733333333333,28.4,1019.76236968258,809.629681144005,2.9176611749661,13.4,2.64580488193807,17.8,4,10.7082013011153,0.13068459352843
35,5,0.00023089355806973,0.00554144539367352,0,0,0,8162.62524328594,17873.3911724171,4331.81844515787,35.1297756054074,6173.48030647011,0.109376694259688,0.865421657516787,66,224.6,0,20.6707739673823,0.180797605184624,0.24932470430205,0.242900023089356,0.0475640729623643,0.012006465019626,0.0740740740740741,262,153.4,77.68,27.6,948.071137239649,900.746360098189,2.38040354237174,9.2,2.95117386029984,19.2,4,20.6707739673823,0.139398898071638
36,5,0.00023089355806973,0.00554144539367352,0,0,0,8162.62524328594,17873.3911724171,4331.81844515787,35.1297756054074,6173.48030647011,0.109376694259688,0.865421657516787,66,224.6,0,20.6707739673823,0.180797605184624,0.24932470430205,0.242900023089356,0.0475640729623643,0.012006465019626,0.0740740740740741,262,153.4,77.68,27.6,948.071137239649,900.746360098189,2.38040354237174,9.2,2.95117386029984,19.2,4,20.6707739673823,0.139398898071638
37,7.2,0.000448129061169617,0.00694600044812906,0.000448129061169617,0,0.000224064530584808,7285.72302967668,14524.7699025837,4509.86319291663,34.9415448497882,5436.30838176627,0.119574562041772,0.804809478238223,72,227.2,0,20.2019492845302,0.166216840523671,0.247296549741902,0.235715886175218,0.0439166479946225,0.0125476137127493,0.0984416571645762,260.8,158.2,77.9466666666667,27.8,1028.76674048943,767.562518230563,3.13768987358884,13.6,2.60192260343185,13.8,4,20.2019492845302,0.145811148975932
38,6.2,0.000958543014617781,0.00599089384136113,0.000239635753654445,0,0.000239635753654445,7034.20214083298,15526.5782096619,4244.66652698228,35.063577920026,4686.06507416168,0.117804573483864,0.798571707391241,70.4,226,0,20.1381066249324,0.18408938369809,0.249902588448561,0.215911814042655,0.0491253294991613,0.00647016534867002,0.0968137254901961,226.6,153.8,79.9666666666667,28.2,1087.77176433922,860.791014797222,3.25913236853773,15,3.07491746093092,18,4,20.1381066249324,0.142219663527595
39,4.2,0,0.0046138902379796,0.000485672656629432,0,0,7194.43251803948,14830.8841506921,4312.63955487913,34.9060371103812,5428.12587055786,0.106158894558949,0.81359770056777,64.2,223,0,13.8926516465091,0.282309317298206,0.245520874939845,0.229480330257406,0.0475959203496843,0.00825643516270034,0.0820016820857864,235,33.6,20.2333333333333,22.8,2404.07614123649,3973.26553773723,5.75318199362582,12.6,9.99109514525242,27.2,4,13.8926516465091,0.133922001480387
40,5.8,0,0.00652331481034066,0.000483208504469679,0,0,5668.13775698519,12534.5139755619,3912.18431606338,34.9100249991241,4300.35524526585,0.0962026639677506,0.72207604896879,58,203.6,0,6.56435794214663,0.170512674878455,0.181382313084005,0.297414834501087,0.0488040589514375,0.00652331481034066,0.0684426229508197,292,41.6,23.7133333333333,24,2138.30856333276,3069.71640402337,6.24495770413457,14.2,8.48423620863408,21.8,4,6.56435794214663,0.122110764873096
41,3.8,0.000238208670795617,0.00404954740352549,0.000238208670795617,0,0,5797.48290559993,12561.8110111052,3917.9964885671,34.957630942572,5545.6160706005,0.0964565325065213,0.721915157518054,57.8,198.6,0,6.74238420330312,0.310360931945108,0.14455885989004,0.284659361600762,0.0464506908051453,0.00595521676989042,0.0718711276332094,283,36.4,17.22,25.4,8177.64869187517,8281.07176535656,10.8217690588219,19.6,10.454508311165,21.2,2,6.74238420330312,0.121350540737355
42,4.2,0.00072463768115942,0.00434782608695652,0,0,0,5573.57995085477,11213.3653321287,3934.46947035304,35.0317880657646,5888.55254421592,0.0894990951744564,0.649360439737465,52,190.4,0,5.41443366850816,0.159284804343189,0.135392728437181,0.334299516908213,0.0466183574879227,0.00652173913043478,0.0627090301003344,320.8,35.2,16.3466666666667,22.8,6845.95085402134,7309.3837450938,9.40679176607491,16.8,7.33378201104591,17.2,2,5.41443366850816,0.117670924034701
43,5.2,0.000457351932311914,0.00503087125543105,0.000457351932311914,0,0,5299.30160864737,11664.0031630787,3841.18417011378,35.2936592106827,6358.66567792222,0.0979853976893415,0.730590259790436,58,214.8,0,5.74565476018208,0.260138406336129,0.10807744676586,0.345072032929339,0.0468785730619712,0.00503087125543105,0.0579029733959311,347.2,38.4,17.42,24.4,7601.8544263851,8850.66558060398,11.4023008213097,19.8,8.8306716404521,21.8,2,5.74565476018208,0.105416401023843
44,3,0.000454442172233583,0.00249943194728471,0.000454442172233583,0,0,5792.91613810237,12449.3899079557,4276.22855546562,35.1303738181644,4640.92362156766,0.0996491900296053,0.740721571584525,56.8,204.6,0,6.23961593346342,0.309018126855025,0.101826613518713,0.336514428538968,0.0463531015678255,0.00249943194728471,0.0845015576323987,339.2,30.2,13.7533333333333,24.2,9026.15981341638,7966.77934507463,11.0064137775349,19.6,12.5519085106572,27,2,6.23961593346342,0.107596115120404
45,4.6,0,0.00493716337522442,0.000224416517055655,0,0,6004.78564466557,12921.9059453967,3539.6919516203,34.8851143516907,8897.2700207552,0.102926991490164,0.81963177953498,59.6,222,0,12.4580125225382,0.260721385582122,0.0997616827461382,0.342010771992819,0.0448833034111311,0.00471274685816876,0.0748062015503876,349,34,14.8733333333333,23,7903.80073325772,6513.60493507134,11.0039663303796,19.2,4.30258534837637,10.2,2,12.4580125225382,0.106800929528829
46,4.2,0.000463606861381548,0.00417246175243394,0.000231803430690774,0,0,6099.70738666328,13170.8400806406,4150.83016836125,34.5179740934005,8055.42561350096,0.107199095771313,0.748592879431623,63.6,204,0,8.30304730990464,0.216102556683624,0.0922582928855512,0.335883171070932,0.0445062586926286,0.00649049605934168,0.070602313522138,333.8,45.6,18.68,23.2,8561.2824523717,9169.82390592968,15.1296728310315,25.4,4.79232503006593,8.6,2,8.30304730990464,0.103201816533177
47,4.4,0.00046029919447641,0.00414269275028769,0.00046029919447641,0,0,6167.32653905401,13502.051003224,4204.716457953,34.4657433505007,8080.14428649585,0.104702639542795,0.742105167173878,63,201.6,0,8.31042515786925,0.225891952504358,0.0914297520081168,0.33210586881473,0.0437284234752589,0.00644418872266974,0.0731225296442688,332.2,45.6,18.6533333333333,23.2,8564.55799313398,9218.02000474509,15.127208661647,25.4,4.71035706852035,8.4,2,8.31042515786925,0.1035768810174
48,4.4,0.000451467268623025,0.00316027088036117,0.00135440180586907,0,0,5110.51698940207,11882.547214183,2553.50784110965,34.8391566304453,9127.64309937243,0.116480775114075,0.809055326465948,69.8,218,0,10.9565001188091,0.282586648176433,0.0901143224028988,0.32979683972912,0.0575620767494357,0.00744920993227991,0.0651162790697674,349.8,37.8,15.26,24,10308.4871486818,9024.40265646201,16.9712709707324,27.6,4.7094924281523,9.2,2,10.9565001188091,0.107776470003102
49,3.2,0,0.00301904319554111,0.000696702275894101,0,0,4830.09463782237,11386.7467087069,2315.25477598815,34.7293145010733,7909.81555279357,0.171042325406578,0.749124314244343,73,207.6,0,10.2676634120736,0.333280480685568,0.0955489158873197,0.326753367394333,0.057361820715281,0.00371574547143521,0.0984,334,44.6,19.4866666666667,22.4,9257.67871031169,8787.50324070372,15.7850820789896,25.4,5.10179667890281,8.6,2,10.2676634120736,0.106932933694336
50,3.2,0,0.00301904319554111,0.000696702275894101,0,0,4830.09463782237,11386.7467087069,2315.25477598815,34.7293145010733,7909.81555279357,0.171042325406578,0.749124314244343,73,207.6,0,10.2676634120736,0.333280480685568,0.0955489158873197,0.326753367394333,0.057361820715281,0.00371574547143521,0.0984,334,44.6,19.4866666666667,22.4,9257.67871031169,8787.50324070372,15.7850820789896,25.4,5.10179667890281,8.6,2,10.2676634120736,0.106932933694336
51,4.6,0.000226142017186793,0.00407055630936228,0.000904568068747173,0,0,4697.45592630216,10921.3503793618,2858.37875011123,35.1059577610208,7646.53728113789,0.171701983579907,0.733865123153295,74.4,206.6,0,7.28855526461934,0.340319845465424,0.164608701442929,0.322478516508367,0.0585707824513795,0.00565355042966983,0.0951585976627713,342,38.2,17.34,22.6,8332.03888037803,8559.34443907909,14.4815682799658,22,4.14663134878904,7.8,2,7.28855526461934,0.112218403633002
52,5,0,0.00497727764553127,0.000432806751785328,0,0,4842.67417884988,11728.431945438,2839.03543120641,35.0063444876217,7221.41973073362,0.161077479579768,0.740972811395494,72,209.4,0,8.58264738675365,0.168441860675046,0.0940059741833606,0.33715645964077,0.0592945249945899,0.00411166414196061,0.0839346752753513,370.2,42.4,19.34,23.8,8812.71140789692,9325.72349270579,14.7709289866461,25.6,4.89546814281521,9.8,2,8.58264738675365,0.109371845300053
53,4.6,0,0.00386979285226497,0.00136580924197587,0,0,3554.53248437101,8167.48658877306,2694.02813036747,35.1193720102146,8357.66047983311,0.163806683623713,0.708751056672252,74.4,202.8,0,4.54303259317033,0.137415824274512,0.0885341434904627,0.358980195765991,0.0607785112679262,0.007056681083542,0.088339222614841,375,45.8,18.6066666666667,23.8,8929.32225326357,7110.75574849456,17.1867685330887,29.8,4.60255387812346,8.8,2,4.54303259317033,0.102019758326012
54,4,0,0.00261437908496732,0.00174291938997821,0,0,4965.42978476087,11747.9980177499,2599.90047316548,35.2233319819257,8253.18899946222,0.164984823073341,0.725426517975426,76.8,201.4,0,12.9596536307362,0.174367299299883,0.134428519647794,0.365141612200436,0.0583877995642702,0.00697167755991285,0.0988455988455988,395.2,40.2,17.0333333333333,23.6,9308.06087537397,7374.03019287894,16.068007831443,27.4,5.21675283504884,10.4,2,12.9596536307362,0.108876771019813
55,3.4,0,0.00392830837220722,0.000245519273262951,0,0,3813.88310054546,8986.88304309961,2734.47680202768,35.1419219491603,8175.76529134183,0.172648510814127,0.697386942938902,74.6,197,0,3.45681889208289,0.161979862943366,0.054172014515622,0.347900810213602,0.0660446845077339,0.00712005892462558,0.0966331438565807,343,37.2,16.3,24.8,9818.85804127198,9826.24627464392,16.2341514685826,26.2,5.70385888679562,11,2,3.45681889208289,0.0973919984449003
56,3.4,0,0.00387489620813728,0.000830334901743703,0,0,3517.50895421307,8231.99481930306,2245.86126906922,34.5195590595154,6744.71514165724,0.153977636991269,0.638055301087515,65.2,175.6,0,3.94714320246946,0.214675738083179,0.0528752124620903,0.331303625795738,0.0725159147522834,0.00553556601162469,0.103043246129204,295.8,47,20.5133333333333,24.2,9107.7959708456,7089.44889285438,14.6211705391863,24.8,3.13773521491758,7,2,3.94714320246946,0.0884391563725263
57,2,0,0.00196408529741863,0.000841750841750842,0,0,3441.36705446434,8251.11782808403,2246.77506822574,34.7080600880597,6538.77816325236,0.160116564155728,0.640453742301204,68.6,177.6,0,4.02164707362546,0.180130224878047,0.0531900273645556,0.32996632996633,0.074635241301908,0.00561167227833894,0.0987328405491024,292.4,50,21.4333333333333,24.4,9588.24694683535,6565.60324401572,15.2059248036114,25,3.05978038269996,7,2,4.02164707362546,0.0870748928028289
58,2,0,0.00196408529741863,0.000841750841750842,0,0,3441.36705446434,8251.11782808403,2246.77506822574,34.7080600880597,6538.77816325236,0.160116564155728,0.640453742301204,68.6,177.6,0,4.02164707362546,0.180130224878047,0.0531900273645556,0.32996632996633,0.074635241301908,0.00561167227833894,0.0987328405491024,292.4,50,21.4333333333333,24.4,9588.24694683535,6565.60324401572,15.2059248036114,25,3.05978038269996,7,2,4.02164707362546,0.0870748928028289
59,3,0,0.00272479564032698,0.00136239782016349,0,0,3250.15024378283,7945.11623243077,2068.11172317012,35.0553710777461,7201.89366044753,0.163183411831053,0.607172021136282,71.2,178.2,0,3.74942867281937,0.175568267550974,0.046458317714299,0.344141689373297,0.0656675749318801,0.00435967302452316,0.0975232198142415,304,37.2,16.58,22.6,8767.72623384591,9774.50248819872,11.8801140231358,21,3.72014491065267,7.6,2,3.74942867281937,0.0878891742119726
60,3.4,0,0.00418300653594771,0.000261437908496732,0,0,3710.21642396022,8813.78826157598,2316.12805333634,34.9791595259893,6861.12037618581,0.158680196435748,0.62813811725321,66,181,0,4.37412846824539,0.17820913440946,0.0482387467312432,0.352679738562092,0.0666666666666667,0.00470588235294118,0.102719033232628,324.4,36.6,16.6666666666667,22,7949.98480577334,8060.81988946387,13.3082584984939,21,4.03842819862423,8.2,2,4.37412846824539,0.0899066027594942
61,3.8,0,0.00344827586206897,0.0013262599469496,0.00026525198938992,0,3524.89545115741,8747.12842694128,1822.63466500519,35.0664070887501,7199.0784651653,0.164725637383829,0.650846736769186,70.6,186.4,0,6.23699608566703,0.132119493653233,0.0447410739321032,0.343501326259947,0.0655172413793104,0.00689655172413793,0.0814500941619586,313.6,49,21.56,23.8,8169.52090135263,7101.18286724395,13.4210242502908,24,2.69720785588025,6.2,2,6.23699608566703,0.0886839283665566
62,3.6,0,0.00395361096468108,0.000790722192936215,0,0,3059.19746695732,7967.95999592089,2145.98715268717,34.6888133712768,7500.14330946327,0.152440396822724,0.583058027830917,74,189.4,0,2.71402483694088,0.189646613575894,0.0491470614084091,0.347127042698998,0.0611491829204006,0.00395361096468108,0.0741279069767442,312.8,44,18.0866666666667,21.2,8754.56449945214,8423.96620960774,14.4472440565718,23.4,3.89977507495184,6.8,2,2.71402483694088,0.0889735710508461
63,3.4,0,0.00366396231353049,0.000785134781470819,0,0,3072.61114197074,7990.53338439317,2160.19393902542,34.7036781785279,7523.77411500478,0.150505897395703,0.582807921838386,72.6,189.6,0,2.700673167698,0.189646613575894,0.0485108986913618,0.345721015440984,0.0607170897670767,0.0039256739073541,0.0729468599033816,313.6,44,18.0866666666667,21.4,8754.56449945214,8423.96620960774,14.4472440565718,23.4,3.91182997403157,7,2,2.700673167698,0.0889878408134009
64,2.8,0.000272257010618023,0.00163354206370814,0.00190579907432616,0,0,2698.29570718893,7544.99932979728,1809.55305490478,35.0686966817388,8650.03094082964,0.152424057319725,0.553665173245625,72.6,194.2,0,3.48449233024421,0.149682879042023,0.043991830109495,0.357473454941465,0.0677919956438878,0.00598965423359652,0.102993404363267,316.8,38.2,16.4066666666667,21.6,8692.08664665157,10041.0403141537,15.014616428775,25.2,4.83071577339961,7.8,2,3.48449233024421,0.0877714304959838
65,4.2,0.00104139546992971,0.0039052330122364,0.000520697734964853,0,0,3090.35853961142,7846.55280183714,2308.70871195648,35.1437020623363,8032.25176592343,0.154265922408358,0.561491397975549,72.4,193.6,0,3.06113049060123,0.292751164614364,0.041539286698183,0.347565738089039,0.0658682634730539,0.00624837281957823,0.0986590038314176,322.4,37,16.48,22.2,8029.62965247766,10443.0043845272,14.9565104124739,23.2,4.80922226519218,8.2,2,3.06113049060123,0.0905814975458422
66,2,0.000262536098713573,0.00157521659228144,0.000787608296140719,0,0,2980.93167182663,7581.76237600373,2310.55668197523,35.2263414520133,7561.78722898868,0.147888730167043,0.54939599307362,69.2,188.4,0,2.4355231662577,0.288754702775985,0.0478434216298634,0.356524022053032,0.0679968495668154,0.00525072197427146,0.0764331210191083,327.4,38.6,17.8266666666667,23.4,9326.56279693643,8117.37112812853,15.2025295527076,26.2,3.31223461453082,6.8,2,2.4355231662577,0.0876483897317632
67,2,0,0.00285248573757131,0.000407497962510187,0.000407497962510187,0.000407497962510187,2693.81319876433,8208.97417507037,3027.85658506776,25.6129034234661,2864.98959267729,0.130466595056167,0.236401782237962,62.8,126.4,0,0.213349934274004,0.17737791126657,0.00472231357459504,0.262836185819071,0.071719641401793,0.00570497147514262,0.488168273444347,167,98.6,29.2666666666667,28,12238.7698468443,10795.7370357052,18.5331407095775,28.8,30.9735557448369,66,1.6,0.213349934274004,0.154825212802622
68,2,0,0.00277008310249307,0.000346260387811634,0,0.000346260387811634,2676.91235251424,7826.94317923871,2999.43140315757,25.0756644154353,2154.41807628402,0.14318327068191,0.326305407137064,65.2,147.2,0,0.356250914536827,0.121020777093429,0.00659115763017281,0.256232686980609,0.0609418282548476,0.00831024930747922,0.420868347338936,188,127.8,58.3866666666667,29,4092.23119595163,3582.21143762671,10.5510254156284,20.6,12.9211837842012,39.8,3,0.356250914536827,0.139882404717673
69,1.2,0,0.00103163686382393,0,0,0.00103163686382393,3282.4756827565,9242.02070588679,3265.38502033574,24.982861921198,2326.65344994155,0.138384101951472,0.404266506814801,66.2,170.8,0,0.85761455828213,0.114000312261102,0.00345583291304886,0.299862448418157,0.0605226960110041,0.00928473177441541,0.361150070126227,215,126,69.22,29,1342.77967159384,1824.11240780665,3.48698174188997,14.8,8.61525409641556,30.2,3.6,0.85761455828213,0.180282952615385
70,0.6,0,0.000725689404934688,0,0,0.000362844702467344,3395.5471742999,8945.5467723315,3457.32237740705,25.00921911264,2222.11846759459,0.127146742812658,0.331863498182601,63.4,154.8,0,0.674910547515522,0.113420178419238,0.00335406735341942,0.301161103047896,0.0638606676342525,0.0090711175616836,0.382198952879581,206.2,115.4,64.36,29,1392.29629147691,1867.37602665082,3.25738930344739,14.8,8.23021056142864,30.2,3.6,0.674910547515522,0.148123517533178
71,0.6,0,0.000725689404934688,0,0,0.000362844702467344,3395.5471742999,8945.5467723315,3457.32237740705,25.00921911264,2222.11846759459,0.127146742812658,0.331863498182601,63.4,154.8,0,0.674910547515522,0.113420178419238,0.00335406735341942,0.301161103047896,0.0638606676342525,0.0090711175616836,0.382198952879581,206.2,115.4,64.36,29,1392.29629147691,1867.37602665082,3.25738930344739,14.8,8.23021056142864,30.2,3.6,0.674910547515522,0.148123517533178
72,0.6,0,0.000725689404934688,0,0,0.000362844702467344,3395.5471742999,8945.5467723315,3457.32237740705,25.00921911264,2222.11846759459,0.127146742812658,0.331863498182601,63.4,154.8,0,0.674910547515522,0.113420178419238,0.00335406735341942,0.301161103047896,0.0638606676342525,0.0090711175616836,0.382198952879581,206.2,115.4,64.36,29,1392.29629147691,1867.37602665082,3.25738930344739,14.8,8.23021056142864,30.2,3.6,0.674910547515522,0.148123517533178
73,0.4,0,0.000395569620253165,0,0,0.000395569620253165,2579.11648353569,8191.76937607365,2292.23805744095,25.1734467432033,2786.10706522771,0.0806556429062062,0.336790648575364,54.6,147,0,0.585252842420015,0.181369682893832,0.00106627773637956,0.32001582278481,0.0688291139240506,0.00514240506329114,0.368055555555556,199.2,100,46.9466666666667,29,4235.36451218767,6149.71540724285,7.60488362538844,16.4,20.3480436625052,44.6,2.8,0.585252842420015,0.175061324025572
74,1.6,0,0.00217470097861544,0,0.000724900326205147,0,3072.88561441334,9245.87650214416,2979.09917867657,24.8871768006537,2224.31732891471,0.091139962027222,0.335017771165352,64.8,159.2,0,0.820253839605734,0.101667431304173,0.01063458506987,0.281261326567597,0.0645161290322581,0.00942370424066691,0.350188679245283,196,126.2,58.2533333333333,29.2,2075.62153026666,3775.61643112034,4.14530752683124,14.2,14.4327050907566,37.2,3,0.820253839605734,0.180731905310607
75,1.4,0,0.00259163272861903,0,0,0,4229.56237589419,10434.6731855203,3903.90677573544,25.4791967691523,2271.05398724982,0.0695326186507209,0.364834177699789,51.2,156.6,0,1.20438030610196,0.0962068936900274,0.0225059633784631,0.313957793409848,0.0744168826360607,0.00703443169196594,0.237089201877934,213.6,115,55.98,28.8,1752.06665462742,2896.79357355781,3.29206593854398,10.6,9.03293801857514,31.4,3.2,1.20438030610196,0.222438382799903
76,1.8,0,0.002997002997003,0,0,0,5212.82266833061,11055.200397658,4650.44393389701,25.0966118263335,3030.17490660847,0.0823945082043958,0.445348956382878,55,171.6,0,2.07473315871224,0.120780959503781,0.0135073616340881,0.302697302697303,0.0666000666000666,0.00699300699300699,0.16998191681736,226,125.6,51.4066666666667,28.4,2318.91253780053,3281.1609993509,6.03145649033964,15.2,14.8432858450046,35.6,2.4,2.07473315871224,0.136044190313551
77,3.6,0,0.00396085740913327,0,0,0.000232991612301957,5515.48105513813,11379.7075779608,4384.39130182874,25.1474298381609,4186.2464066792,0.105070580382579,0.660883878506859,69.4,221,0,4.56545436450063,0.364219051792459,0.1636952729824,0.244408201304753,0.0461323392357875,0.00396085740913327,0.171963430561602,252.8,137.2,54.84,29.2,5686.11625134836,7655.35513815073,14.7614660484602,32,32.2293918129799,68.6,2.6,4.56545436450063,0.148640773601282
78,3.4,0,0.00327945654720075,0.000702740688685875,0,0,6171.93524353689,14050.7544524602,3654.89855957649,25.233507634712,4997.39605727736,0.121609349015195,0.737898420713244,82.8,239.8,0,14.2667348044885,0.31958494968499,0.157068964878095,0.247833216209885,0.0442726633872101,0.00421644413211525,0.112438220757825,253,127.6,59.54,28.4,5650.56344208568,3667.05806887277,17.5900187301349,39,12.8292325672557,32.8,3.2,14.2667348044885,0.147902871790006
79,4,0,0.00448933782267116,0,0,0,6371.65634863255,13503.2916134009,3466.25506453658,25.1045994080024,4818.99809823989,0.124828074559705,0.804519972722031,92.8,251,0,16.9139804624827,0.467385069355694,0.268485864045078,0.255218855218855,0.0439955106621773,0.00628507295173962,0.123076923076923,272.2,142,73.7133333333333,29.2,4559.15495700441,2398.14859089309,16.1169300969595,39.4,7.36079013910392,25,3.6,16.9139804624827,0.154821012220815
80,2.8,0,0.0032979976442874,0,0,0,5934.13834971628,12769.6035896815,3650.60800980491,24.8102904997365,5814.18718453143,0.124373645039288,0.854919580392816,89.4,253.6,0,11.7803001982076,0.569171288145761,0.171246764439065,0.241696113074205,0.0449941107184923,0.0032979976442874,0.100901674538429,246.2,146.4,68.98,28,6034.49019483348,3723.68393949621,20.8424845577933,43.8,10.6980099277325,28,3.4,11.7803001982076,0.144914888435555
81,3.2,0,0.00374356574637342,0,0,0,5830.7108154624,12729.2046298077,3648.95396110132,24.7320215739607,5833.56410211154,0.122372114530988,0.853682603084961,87.8,257.6,0,11.0452455292,0.585782187710404,0.172835167888632,0.242629854936827,0.0446888160973327,0.00327562002807674,0.0975094976783453,248.4,142.2,67.9266666666667,28,5802.36484479066,3773.87543337093,21.443911082166,46.4,10.7557209284419,28,3.2,11.0452455292,0.145352952578838
82,6.2,0,0.00722369371538647,0.000240789790512882,0,0,5620.06766021587,11919.2256486316,3426.21421233044,24.9979676811447,4977.86152392418,0.119091710562066,0.799700395195421,84,246,0,12.2449370767169,0.277153084211226,0.147049248900598,0.241512159884421,0.0455092704069347,0.00529737539128341,0.144833948339483,242.8,130.4,69.8,29,5185.90993082696,2332.21684698022,17.0475051997708,40.4,7.18974878311228,25,3.2,12.2449370767169,0.14117652965576
83,5.8,0.00024919013207077,0.00672813356591079,0.00024919013207077,0,0,5053.02744381113,10941.9172821612,3385.35234357383,24.7899109481684,6162.08096049243,0.101065496079182,0.774697023835255,73.8,223.8,0,8.58556652232622,0.303364644379132,0.129871994560199,0.250934462995265,0.0490904560179417,0.00398704211313232,0.12624584717608,244,136,53.1066666666667,28.8,6315.75102908126,4918.43674133808,18.3515060993131,41,12.5536309307182,29,2.8,8.58556652232622,0.136317844357493
84,5.4,0,0.00522128294380905,0.000745897563401293,0.000745897563401293,0,4675.93533760412,10687.122390275,3526.11582017676,25.0496842609844,4807.38741282608,0.101483362120579,0.683406441690502,69.4,229.8,0,4.33213908795539,0.367997476442737,0.142397069464515,0.266782695176529,0.0482347090999503,0.00546991546494281,0.106474820143885,257.8,128,63.7666666666667,28.2,4540.19385490733,2613.36524780586,17.5519090138839,41.8,5.78573451348076,20.4,3,4.33213908795539,0.133051414807574
85,5.4,0,0.00522128294380905,0.000745897563401293,0.000745897563401293,0,4675.93533760412,10687.122390275,3526.11582017676,25.0496842609844,4807.38741282608,0.101483362120579,0.683406441690502,69.4,229.8,0,4.33213908795539,0.367997476442737,0.142397069464515,0.266782695176529,0.0482347090999503,0.00546991546494281,0.106474820143885,257.8,128,63.7666666666667,28.2,4540.19385490733,2613.36524780586,17.5519090138839,41.8,5.78573451348076,20.4,3,4.33213908795539,0.133051414807574
86,8,0.000243013365735115,0.00923450789793439,0.000243013365735115,0,0,5446.551094758,12450.5291641973,3144.16256541087,24.8081263096333,4565.69687877622,0.098092295776557,0.681677744189236,69.8,224.2,0,9.45784760184537,0.306994870182899,0.173869925098834,0.260024301336574,0.0490886998784933,0.00388821385176185,0.12404214559387,257.6,111.8,55.26,28,6859.33508651326,3559.09134299464,20.3891891766034,40,8.48629502868527,25.4,3,9.45784760184537,0.140380323742226
87,8,0.000243013365735115,0.00923450789793439,0.000243013365735115,0,0,5446.551094758,12450.5291641973,3144.16256541087,24.8081263096333,4565.69687877622,0.098092295776557,0.681677744189236,69.8,224.2,0,9.45784760184537,0.306994870182899,0.173869925098834,0.260024301336574,0.0490886998784933,0.00388821385176185,0.12404214559387,257.6,111.8,55.26,28,6859.33508651326,3559.09134299464,20.3891891766034,40,8.48629502868527,25.4,3,9.45784760184537,0.140380323742226
88,6.2,0,0.00768277571251549,0,0,0,4888.88384799122,11325.1456676146,3257.49525318032,24.7539845131139,4158.29949600197,0.0928502968846662,0.689591368514186,66.6,221.6,0,6.2623529066986,0.362413165128644,0.160162953134747,0.259479553903346,0.0488228004956629,0.0047087980173482,0.126198889449773,252.6,112,52.8666666666667,27.4,6001.35912064359,2923.97868405633,19.746874308916,37.2,6.92567178939553,23,2.8,6.2623529066986,0.13602256014344
89,6.8,0,0.00811153358681876,0.000253485424588086,0.000253485424588086,0,5249.82390783168,12334.174928511,3509.4347360616,24.7757987570548,4931.45168981828,0.093086698967994,0.699784935233469,65.4,219,0,7.51976767168007,0.238318134153406,0.168589373444338,0.260583016476553,0.0476552598225602,0.0055766793409379,0.120085015940489,247.6,133.4,67.4733333333333,28.4,3443.08072694541,1363.30978401558,12.1432919463273,29.6,2.95266966397701,16.2,4,7.51976767168007,0.13495906943695
90,7.4,0.000535905680600214,0.007502679528403,0.000267952840300107,0.00133976420150054,0.000267952840300107,5144.26016253179,11863.3933593253,3273.43041378992,24.8777746266872,5330.76160982242,0.0953001509743912,0.811312193291804,67.6,250.4,0,10.0097232660839,0.260866048739192,0.160682482221002,0.27518756698821,0.0511789924973205,0.00509110396570204,0.134541460735859,247.4,134,69.3133333333333,28.6,1734.54975031258,734.623976683456,5.86795968228403,20.6,1.87741779034872,15,4,10.0097232660839,0.123249571530045
91,7.6,0.000255036980362153,0.00816118337158888,0.000765110941086458,0.000510073960724305,0,5114.91510561179,11839.3077286794,3767.65357976012,25.0741700588907,4653.74163072477,0.0986682772703724,0.688848266560823,71,236.2,0,7.4391458750557,0.170314049144944,0.133625337027376,0.284621270084162,0.0459066564651875,0.00255036980362153,0.0963325183374083,261.2,128.8,62.9333333333333,28.6,2013.43308055881,718.665056113071,7.06082708154999,25,1.36238947253529,9.4,4,7.4391458750557,0.125411849202156
92,6,0,0.0063323201621074,0.000759878419452888,0.000506585612968592,0,5331.06426154703,12176.8600720934,3545.68959429017,25.2399350915903,4853.66986318609,0.100564858365003,0.687005309684465,71.6,234.2,0,9.77997012080956,0.187089128204096,0.140685708336413,0.279128672745694,0.0450861195542047,0.00303951367781155,0.0846153846153846,258.4,126.6,62.3933333333333,28.6,1897.85077231623,705.475825978094,6.35059424207785,21.8,1.27035410226207,8.6,4,9.77997012080956,0.1282353208554
93,6,0,0.0063323201621074,0.000759878419452888,0.000506585612968592,0,5331.06426154703,12176.8600720934,3545.68959429017,25.2399350915903,4853.66986318609,0.100564858365003,0.687005309684465,71.6,234.2,0,9.77997012080956,0.187089128204096,0.140685708336413,0.279128672745694,0.0450861195542047,0.00303951367781155,0.0846153846153846,258.4,126.6,62.3933333333333,28.6,1897.85077231623,705.475825978094,6.35059424207785,21.8,1.27035410226207,8.6,4,9.77997012080956,0.1282353208554
94,4.8,0,0.0053248136315229,0.000798722044728434,0.000266240681576145,0,4948.93411378285,11466.7503849234,3575.58610459348,24.8625480689548,4932.97447293568,0.0940623388126424,0.727570819732282,67,237.6,0,8.99667824454013,0.19886918568548,0.131026332411514,0.292864749733759,0.0463258785942492,0.00159744408945687,0.094804499196572,256,122.4,62.5466666666667,28.6,2217.00840436927,721.795583436572,7.5646306349664,24.2,1.21694967642882,10.8,4,8.99667824454013,0.12201160851338
95,4.2,0,0.00499605574546411,0.000525900604785696,0,0,4972.9310312583,11635.510125346,3465.71113669478,24.9493602854361,4904.30947268087,0.0963383304231481,0.730990977563268,68.6,242,0,9.3515528579404,0.215354657224691,0.126723236877343,0.292400736260847,0.0460163029187484,0.00236655272153563,0.0880337374802319,259.2,124.8,62.58,28.6,2444.29779297813,748.663192829932,8.43374985950778,25.6,1.19528222304714,8.6,4,9.3515528579404,0.121218780073321
96,7.2,0.000251067034898318,0.00828521215164449,0.000502134069796636,0,0,4807.09746334945,10835.641724644,2940.64611015144,25.352114167924,5418.45121997985,0.0989637468808163,0.769519545025318,68,266.2,0,10.0656100854934,0.247175065382115,0.13557630828624,0.267637459201607,0.048204870700477,0.00251067034898318,0.0841439688715953,253.6,131,64.8666666666667,28.2,2285.12210084668,853.738503386992,8.52701817137087,29.2,1.54135237884586,10.6,4,10.0656100854934,0.132126635519832
97,4.6,0,0.00580075662042875,0,0,0,5090.7602467026,11450.5111213304,2996.24791062436,24.9827786570441,5466.32379698832,0.0991561600205726,0.781889500112357,70.6,249.8,0,11.6566807628228,0.229409918866012,0.141084925632954,0.283732660781841,0.049936948297604,0.00353089533417402,0.0844027640671274,267.4,128.2,64.1333333333333,28.2,2056.32801896065,813.263981883847,7.06121248525846,25.2,1.44379140960709,11,4,11.6566807628228,0.128886312879686
98,6.8,0.000496770988574267,0.00745156482861401,0,0.000496770988574267,0,5403.5941838153,12680.7658613112,3735.4609671849,24.9999695300813,5261.5318647746,0.104871611251728,0.778718793319671,75,242.6,0,10.984748224208,0.2212226771026,0.141210671926409,0.290859413810234,0.0444610034773969,0.00397416790859414,0.0993728895320791,273.2,131.2,66.0933333333333,28.4,2382.98736801477,697.143519544461,7.93455808775495,25.2,1.21899337861737,8.6,4,10.984748224208,0.125882323445777
99,6.8,0.000496770988574267,0.00745156482861401,0,0.000496770988574267,0,5403.5941838153,12680.7658613112,3735.4609671849,24.9999695300813,5261.5318647746,0.104871611251728,0.778718793319671,75,242.6,0,10.984748224208,0.2212226771026,0.141210671926409,0.290859413810234,0.0444610034773969,0.00397416790859414,0.0993728895320791,273.2,131.2,66.0933333333333,28.4,2382.98736801477,697.143519544461,7.93455808775495,25.2,1.21899337861737,8.6,4,10.984748224208,0.125882323445777
100,5.8,0.00024265954865324,0.00509585052171803,0.0012132977432662,0.00024265954865324,0.00024265954865324,5434.09035261842,11779.6654457125,3426.93936726783,24.9580366772854,5737.91867777917,0.0996852228716948,0.778034362249772,68.6,245.2,0,11.3830501710091,0.205949349437344,0.134730910178785,0.278087842756612,0.0468332928900752,0.00291191458383887,0.112836438923395,270.2,132.2,65.5866666666667,28.2,1972.73100186092,979.404606462808,6.57921719220016,21,2.14189846828195,15.4,4,11.3830501710091,0.133891505316429
101,5.8,0.00024265954865324,0.00509585052171803,0.0012132977432662,0.00024265954865324,0.00024265954865324,5434.09035261842,11779.6654457125,3426.93936726783,24.9580366772854,5737.91867777917,0.0996852228716948,0.778034362249772,68.6,245.2,0,11.3830501710091,0.205949349437344,0.134730910178785,0.278087842756612,0.0468332928900752,0.00291191458383887,0.112836438923395,270.2,132.2,65.5866666666667,28.2,1972.73100186092,979.404606462808,6.57921719220016,21,2.14189846828195,15.4,4,11.3830501710091,0.133891505316429
102,4.6,0.000266595574513463,0.0050653159157558,0.000533191149026926,0.000266595574513463,0,5390.26861930494,12383.4387828798,3262.0983002988,24.8478011723217,5090.01419625599,0.105473366528227,0.786017956700734,62.8,223.6,0,10.9984801987324,0.16255847495182,0.141317801477205,0.279125566515596,0.0509197547320714,0.00399893361770195,0.117980714690868,250.6,122.2,59.82,28.4,1569.84005176608,787.900142368721,4.68201180995891,18.2,1.29439611205942,11.4,4,10.9984801987324,0.119868207041807
103,3.4,0,0.00391338377250196,0.00026089225150013,0.00026089225150013,0,5180.48715623168,12601.4367736125,3500.60908053909,24.8701606715689,5481.17985397458,0.106644116607337,0.789260039719432,66.4,232.6,0,9.55497772629847,0.18753782660794,0.136919662394858,0.290633968171145,0.0495695277850248,0.00547873728150274,0.0906148867313916,265,122,61.1933333333333,28.4,1950.84206933775,848.050881997189,6.28103429240674,21.4,1.32964438630236,12.4,4,9.55497772629847,0.123233723695774
104,6.2,0.000579206487112656,0.00608166811468288,0.00231682594845062,0,0,5215.17114726718,11782.0727021376,2977.39807485057,24.968453725763,6090.61088767333,0.0945960631798158,0.756469343195869,56.4,220.8,0,10.5331399280748,0.174892950733842,0.139483121202251,0.257167680278019,0.0527077903272517,0.00492325514045757,0.0772701635645798,217.4,112.6,53.34,27.6,1618.98488701175,645.750390365297,4.88858119907141,19.8,0.731831925074841,6.6,4,10.5331399280748,0.116213636084425
105,4.8,0.00136948781155848,0.00438236099698713,0.000273897562311695,0.000273897562311695,0.000273897562311695,4616.53104062769,10850.8238642449,2665.31232810182,24.9349553193084,6336.98085280952,0.102447560638421,0.874933405764803,65,233,0,11.5095989357595,0.202676713931764,0.123386536704271,0.260476581758422,0.0495754587784169,0.00493015612161052,0.0646695197337137,230,121.6,59.1,27.4,1426.4882138758,569.185829679391,4.64726882366464,18.8,0.882260839613568,6,4,11.5095989357595,0.120078939328912
106,4.2,0.000624609618988132,0.00437226733291693,0.000936914428482199,0.000312304809494066,0.000312304809494066,4583.21549343266,11182.686879735,2744.97740028826,25.2245500257326,5673.80887762262,0.108557535900445,0.778755435011478,63.4,220.8,0,10.3813596291955,0.170969771095025,0.0646869389361711,0.298563397876327,0.0540287320424735,0.00624609618988132,0.0666666666666667,229.8,114.4,55.2,28.2,1200.06182396825,597.593765616621,3.71611238194743,16.8,0.833586932119985,9.2,4,10.3813596291955,0.101316388519136
107,3.8,0.000632911392405063,0.00316455696202532,0.00126582278481013,0.000632911392405063,0.000316455696202532,4354.64864299857,10733.0122964439,2587.75950928482,25.2525046045943,5581.44691682217,0.103448890080984,0.73887993980351,61.4,217,0,9.30222673775369,0.151474545170657,0.0662249555584141,0.306329113924051,0.0550632911392405,0.0069620253164557,0.0655367231638418,232.8,114.2,55.14,28,1171.02542057619,584.313904158474,3.47805632102559,16,0.833586932119985,9.2,4,9.30222673775369,0.100160416761566
108,4.6,0,0.00556134862704206,0.00208550573514077,0.000347584289190129,0,4565.619434338,10636.388001907,2948.60454418453,25.2825730473863,5553.83699131095,0.103395597971145,0.866760446261572,60,229.4,0,8.82875772492211,0.183983046468052,0.0983711149664978,0.21654501216545,0.0608272506082725,0.0104275286757039,0.11523178807947,165.6,117,57.24,28.4,1651.58306157753,559.139629789281,5.1826837306841,20.4,0.760115212369779,7.2,4,8.82875772492211,0.104312248046925
109,7,0.000611807892321811,0.00825940654634445,0.000917711838482716,0.000611807892321811,0.000305903946160905,5768.32997766431,14484.9968479382,2841.89899418282,24.8496776117293,6176.96375419573,0.112850911328964,0.801246975995713,66.6,224.4,0,21.8982780872763,0.222479451282808,0.14042012094548,0.203426124197002,0.0562863260936066,0.00703579076170083,0.114537444933921,174.4,128,60.8533333333333,28.4,1561.07567423425,909.213063465267,4.67360458029046,19,1.68102386638004,12.2,4,21.8982780872763,0.124661226029202
110,4.2,0,0.00604766986837424,0.000355745286374956,0.00106723585912487,0,4800.29419794104,11602.2889666335,3527.38707668959,25.0651289919529,4521.78608370088,0.0883032422862663,0.761172129134792,51.8,197,0,6.65223613408908,0.150439766329584,0.0560030025430734,0.246175738171469,0.0626111704019922,0.0064034151547492,0.0955284552845529,177.2,109.8,56.4533333333333,28,1129.43055633043,653.651877133106,2.78688081973267,14.8,0.976844521750246,8.6,4,6.65223613408908,0.0981817901112996
111,5,0.000335908632851864,0.00705408128988915,0,0.00100772589855559,0,4534.08474491822,10402.1455476648,3028.13695557937,24.7653967919872,5321.99149947169,0.0946815502069004,0.776870130144364,57.4,214.6,0,7.90632061842375,0.169660557226714,0.0460386413738302,0.240510581121935,0.0607994625461874,0.0094054417198522,0.0914359304571797,185,116.2,57.1666666666667,28,1298.98500221605,581.396299075053,3.70208841293698,15.6,0.837852519596955,7.6,4,7.90632061842375,0.0926268423915539
112,5.4,0.000326797385620915,0.00588235294117647,0.00196078431372549,0.00065359477124183,0,3961.80936679803,10295.0807690393,2497.96195818354,24.9082987371502,6274.2532311546,0.100463978482205,0.840538817576576,59.8,225.4,0,8.36291983198292,0.209094005576164,0.040276880701037,0.274183006535948,0.0549019607843137,0.00686274509803922,0.03743961352657,205.6,108,53.04,27.4,1322.11015948865,468.920867293289,3.97244745836565,19,0.459341976738731,4.4,4,8.36291983198292,0.0881806659944278
113,5.4,0.000326797385620915,0.00588235294117647,0.00196078431372549,0.00065359477124183,0,3961.80936679803,10295.0807690393,2497.96195818354,24.9082987371502,6274.2532311546,0.100463978482205,0.840538817576576,59.8,225.4,0,8.36291983198292,0.209094005576164,0.040276880701037,0.274183006535948,0.0549019607843137,0.00686274509803922,0.03743961352657,205.6,108,53.04,27.4,1322.11015948865,468.920867293289,3.97244745836565,19,0.459341976738731,4.4,4,8.36291983198292,0.0881806659944278
114,4,0,0.0043525571273123,0.000725426187885383,0.00217627856365615,0,3405.03025570846,9029.45884356816,1993.12690691163,25.0301815674498,5875.27023322374,0.0980280081443528,0.771380520560125,56.2,214,0,7.10937538075389,0.16986796806517,0.0405552218147623,0.249909321726514,0.0551323902792891,0.00544069640914037,0.0275352585627938,171.2,105.4,52.34,27.8,1272.3619484556,698.762149704831,3.50951133137548,17,0.678674146181098,6,4,7.10937538075389,0.0828670980867904
115,3.8,0,0.00353356890459364,0.00176678445229682,0.00141342756183746,0,4172.30073735526,9881.16199930186,2101.43712666122,24.7814437119132,6792.12032390785,0.0975330828879426,0.826791395297691,58.4,220.4,0,9.88420507507344,0.152215655723188,0.0408377948865473,0.232508833922261,0.0558303886925795,0.00636042402826855,0.0490956072351421,166.8,110,53.08,28.2,965.842494331114,626.086956521739,2.70799314286539,14.6,0.66116888654967,5,4,9.88420507507344,0.0844186193984508
116,3.4,0,0.00497689299680057,0.00106647707074298,0,0,3482.15023596844,9153.57501564895,2261.94925411334,31.4930294193535,5375.72638345592,0.0940058749786652,0.773991421266235,54.6,216.6,0,5.2763928723858,0.150522660599882,0.0439376623245022,0.2506221116246,0.0543903306078919,0.00746533949520085,0.0637535816618911,175.8,117.4,56.6466666666667,28.2,1215.33521847886,658.508142647609,3.41446733498837,16.8,0.791519306646736,8,4,5.2763928723858,0.0821681426505335
117,3.4,0,0.00497689299680057,0.00106647707074298,0,0,3482.15023596844,9153.57501564895,2261.94925411334,31.4930294193535,5375.72638345592,0.0940058749786652,0.773991421266235,54.6,216.6,0,5.2763928723858,0.150522660599882,0.0439376623245022,0.2506221116246,0.0543903306078919,0.00746533949520085,0.0637535816618911,175.8,117.4,56.6466666666667,28.2,1215.33521847886,658.508142647609,3.41446733498837,16.8,0.791519306646736,8,4,5.2763928723858,0.0821681426505335
118,3.4,0,0.00497689299680057,0.00106647707074298,0,0,3482.15023596844,9153.57501564895,2261.94925411334,31.4930294193535,5375.72638345592,0.0940058749786652,0.773991421266235,54.6,216.6,0,5.2763928723858,0.150522660599882,0.0439376623245022,0.2506221116246,0.0543903306078919,0.00746533949520085,0.0637535816618911,175.8,117.4,56.6466666666667,28.2,1215.33521847886,658.508142647609,3.41446733498837,16.8,0.791519306646736,8,4,5.2763928723858,0.0821681426505335
119,3.8,0,0.00536955148452306,0.000631711939355654,0,0,4824.16491653846,11998.6773043385,2986.78532040605,31.7438088772395,5983.31616724763,0.101679431661206,0.740679588893611,62.2,225.6,0,9.69311765196885,0.129931432273068,0.0429036343950839,0.237207833228048,0.0499052432090967,0.00694883133291219,0.0569782330345711,186.2,115,55.3,27.4,1689.79164880965,730.539380095204,5.07736454480897,19.2,0.864930141655137,7.6,4,9.69311765196885,0.0945119651790134
120,4,0.000322476620445018,0.00515962592712028,0.000644953240890035,0.000322476620445018,0,3979.1580186177,10253.0439217606,2480.74716336695,31.8056756260841,5607.15381085283,0.0922771089346365,0.78699508048383,56,220.8,0,5.37598727750183,0.176711451084228,0.0464610173671562,0.233795549822638,0.0567558851983231,0.00515962592712028,0.0346045197740113,183.4,110.6,54.6,28.2,930.355807012711,876.368430423555,2.87720146320651,17.2,0.974363134256686,10.4,4,5.37598727750183,0.0933900852920494
121,4,0.000322476620445018,0.00515962592712028,0.000644953240890035,0.000322476620445018,0,3979.1580186177,10253.0439217606,2480.74716336695,31.8056756260841,5607.15381085283,0.0922771089346365,0.78699508048383,56,220.8,0,5.37598727750183,0.176711451084228,0.0464610173671562,0.233795549822638,0.0567558851983231,0.00515962592712028,0.0346045197740113,183.4,110.6,54.6,28.2,930.355807012711,876.368430423555,2.87720146320651,17.2,0.974363134256686,10.4,4,5.37598727750183,0.0933900852920494
122,5.8,0.0013284623048821,0.00697442710063102,0.0013284623048821,0,0,4844.62701214766,11541.8844010217,2679.98821777271,31.7501052390978,6527.09258796399,0.0904796856679778,0.801512521944483,52.4,216,0,9.94259273542774,0.142948857188135,0.0474297201665745,0.241115908336101,0.0571238791099303,0.0053138492195284,0.0423728813559322,182.8,103.8,51.5,28.2,971.452725009833,872.23041133985,2.64154191983998,14.8,0.936193451199918,8.4,4,9.94259273542774,0.0922143154160405
123,5,0.00199942873464724,0.00428449014567267,0.000856898029134533,0,0,5309.09023614373,12604.206943925,2972.24458338084,31.7709096438256,5841.82923255983,0.100626472653824,0.798311058021987,60,224,0,13.372656368558,0.170952452623882,0.133861394799162,0.257926306769494,0.0477006569551557,0.00714081690945444,0.0595436839176405,219,114.2,57.8866666666667,28,1196.67890045541,851.757662131728,3.61157792192344,18.2,1.19789933331592,10.6,4,13.372656368558,0.102108863581287
124,3.6,0.000635525897680331,0.00254210359072132,0.00254210359072132,0,0,3782.59170390203,9984.53776580067,1866.03968260032,31.8149554094835,6225.08262262525,0.109461980254909,0.836351290882059,63.8,233,0,10.2998012917211,0.184839313756767,0.0376679716527916,0.262789958690817,0.0537019383539879,0.00699078487448364,0.0367601246105919,203.6,109.6,56.3,28.4,1721.63292956584,898.570695504868,5.34829896875115,18.2,0.933856494129499,7.2,4,10.2998012917211,0.0902925047171656
125,4.8,0.00159286396941701,0.00509716470213444,0.000637145587766805,0,0.000318572793883402,5013.31271815041,11436.6714359183,2979.02352046748,31.3598278478539,5813.75626054783,0.0978644327819631,0.774428916199674,57.4,214,0,9.75374133195298,0.114792107728079,0.0507183555749523,0.246893915259637,0.0573431028990124,0.00605288308378464,0.0461077844311377,194.8,107.8,53.32,27.4,1627.40912393558,798.230989435319,4.73487670926303,17.4,1.04007165365467,6.6,4,9.75374133195298,0.0923608855242202
126,3.6,0.0016202203499676,0.00356448476992871,0.000648088139987038,0,0,4357.60935960882,10846.1844683495,3208.97542681819,31.8368022599575,8053.9135104724,0.083983319476386,0.751390266167814,49.6,211.8,0,3.54645348242739,0.154576189096217,0.0405968042543612,0.260531432274789,0.059948152948801,0.0110174983797796,0.0620915032679739,204.6,33.2,20.6066666666667,22,2362.16574818603,4646.12487078729,5.02190248534758,11.8,2.31872711638906,5.4,4,3.54645348242739,0.0888106086860892
127,3.6,0.0016202203499676,0.00356448476992871,0.000648088139987038,0,0,4357.60935960882,10846.1844683495,3208.97542681819,31.8368022599575,8053.9135104724,0.083983319476386,0.751390266167814,49.6,211.8,0,3.54645348242739,0.154576189096217,0.0405968042543612,0.260531432274789,0.059948152948801,0.0110174983797796,0.0620915032679739,204.6,33.2,20.6066666666667,22,2362.16574818603,4646.12487078729,5.02190248534758,11.8,2.31872711638906,5.4,4,3.54645348242739,0.0888106086860892
128,4,0.00095389507154213,0.0041335453100159,0.00127186009538951,0,0,3865.64240686129,9902.66996036728,2854.86489592493,31.4790555393723,7436.08849731453,0.0974697654083454,0.691403424074651,56.6,207.6,0,3.18605949532965,0.174925541258936,0.0568406158852919,0.248648648648649,0.0559618441971383,0.0108108108108108,0.0599078341013825,198.4,33.4,20.5333333333333,21.4,2257.68022497802,3541.76971729305,5.56953695979802,12.2,3.01048504449978,7.8,4,3.18605949532965,0.0943332847811848
129,5.2,0.00199667221297837,0.00532445923460899,0.00133111480865225,0,0,3439.85312773954,8952.80864759245,2557.84254501864,31.9408831049452,6633.71872980418,0.0922052326901583,0.665165969291819,56.2,192,0,2.51476162705301,0.126572681791838,0.0596081085733998,0.251247920133111,0.0565723793677205,0.0103161397670549,0.045425048669695,191.2,41.4,24.8133333333333,24,1977.02204471028,3237.69700219138,4.46988847014103,11,2.02397873858273,6.2,4,2.51476162705301,0.0898207570173078
130,5.2,0.00199667221297837,0.00532445923460899,0.00133111480865225,0,0,3439.85312773954,8952.80864759245,2557.84254501864,31.9408831049452,6633.71872980418,0.0922052326901583,0.665165969291819,56.2,192,0,2.51476162705301,0.126572681791838,0.0596081085733998,0.251247920133111,0.0565723793677205,0.0103161397670549,0.045425048669695,191.2,41.4,24.8133333333333,24,1977.02204471028,3237.69700219138,4.46988847014103,11,2.02397873858273,6.2,4,2.51476162705301,0.0898207570173078
131,5.2,0.00199667221297837,0.00532445923460899,0.00133111480865225,0,0,3439.85312773954,8952.80864759245,2557.84254501864,31.9408831049452,6633.71872980418,0.0922052326901583,0.665165969291819,56.2,192,0,2.51476162705301,0.126572681791838,0.0596081085733998,0.251247920133111,0.0565723793677205,0.0103161397670549,0.045425048669695,191.2,41.4,24.8133333333333,24,1977.02204471028,3237.69700219138,4.46988847014103,11,2.02397873858273,6.2,4,2.51476162705301,0.0898207570173078
132,3.6,0.00126782884310618,0.00412044374009509,0.000316957210776545,0,0,3155.0729001864,8365.27974619451,2057.03171142173,31.8805552975795,6714.92167943561,0.108283238260541,0.6802266836902,66.2,195.4,0,3.76811159906442,0.130846973358632,0.0497813368817275,0.271632329635499,0.0760697305863708,0.00919175911251981,0.0366392924826279,225.2,36.6,22.2933333333333,22.4,2007.50674543113,1887.00557041343,5.83961117078253,13.2,1.52788270730176,4.2,4,3.76811159906442,0.0912045457378139
133,3.4,0,0.00464846019755956,0.000290528762347472,0,0,5280.61617876438,12419.5510294852,3202.19071516215,24.9680287981512,5467.57528792446,0.0724591283137473,0.694892684624074,55.4,223.2,0,8.73791685593656,0.150515226851763,0.20560226218977,0.227484020918071,0.0427077280650784,0.00929692039511912,0.0322239830956154,192.4,117.6,60.26,28.4,374.188092643215,146.938775510204,0.923152496699724,5.4,0.252816213882969,4.8,6.8,8.73791685593656,0.120656691166178
134,3.4,0,0.00464846019755956,0.000290528762347472,0,0,5280.61617876438,12419.5510294852,3202.19071516215,24.9680287981512,5467.57528792446,0.0724591283137473,0.694892684624074,55.4,223.2,0,8.73791685593656,0.150515226851763,0.20560226218977,0.227484020918071,0.0427077280650784,0.00929692039511912,0.0322239830956154,192.4,117.6,60.26,28.4,374.188092643215,146.938775510204,0.923152496699724,5.4,0.252816213882969,4.8,6.8,8.73791685593656,0.120656691166178
135,3.6,0,0.0047579065211307,0.000279876854184159,0,0,7195.82076327827,15973.9667805813,3646.39583686721,25.2610164161668,7079.18889411456,0.0777175406515522,0.81257147038752,57,243.2,0,17.1001032177859,0.156697722081169,0.279047695789862,0.24629163168206,0.0433809123985446,0.0109151973131822,0.0278959810874704,214.8,126.4,71.1133333333333,28.6,701.833893128714,250.993255922265,1.67024689156802,7.6,0.556345061522638,5.6,6.2,17.1001032177859,0.125562116278696
136,3.6,0,0.0047579065211307,0.000279876854184159,0,0,7195.82076327827,15973.9667805813,3646.39583686721,25.2610164161668,7079.18889411456,0.0777175406515522,0.81257147038752,57,243.2,0,17.1001032177859,0.156697722081169,0.279047695789862,0.24629163168206,0.0433809123985446,0.0109151973131822,0.0278959810874704,214.8,126.4,71.1133333333333,28.6,701.833893128714,250.993255922265,1.67024689156802,7.6,0.556345061522638,5.6,6.2,17.1001032177859,0.125562116278696
137,4,0.000290613193839,0.00552165068294101,0,0,0,6002.64443728417,13769.5282323115,2388.96760973864,25.1028858028417,9730.32153247627,0.0774486213018941,0.846676413369577,57.4,248.8,0,15.1770740325804,0.306772447519497,0.269051529019441,0.245277535600116,0.04359197907585,0.00697471665213601,0.0206445115810675,203.6,107.4,47.4066666666667,27.2,5650.96263164083,3881.27907416492,13.4733609006687,28.8,8.44811134587236,20.8,1.8,15.1770740325804,0.121566570940635
138,3.2,0.000284575981787137,0.00426863972680706,0,0,0,5971.74161954246,13554.4131611977,2714.0379839261,25.3546121420776,9196.39965549312,0.0731707313727768,0.846718568372168,55.8,248.6,0,14.3389377643744,0.327309801552322,0.270167917261958,0.235913488901537,0.0429709732498577,0.00682982356289129,0.0279441117764471,200.8,110,47.8,27.2,5666.93615233932,3788.43247898218,12.880780104492,27,8.75409132231532,22.8,1.8,14.3389377643744,0.124207595778304
139,3.2,0.000310848616723656,0.00466272925085483,0,0,0,5800.94985440351,13617.0580488711,3201.48728731673,24.8515021178263,6515.24930836713,0.0743617942960509,0.73461171743841,58.2,220.2,0,11.5871938393369,0.187351822926829,0.229020082042832,0.269816599316133,0.0463164438918247,0.0115013988187753,0.0476730987514188,210.8,108.6,51.2733333333333,28,3867.84118358745,2722.4716800517,8.86226753413904,20.4,5.78955991089594,22.8,2,11.5871938393369,0.11470536990147
140,3.2,0.000310848616723656,0.00466272925085483,0,0,0,5800.94985440351,13617.0580488711,3201.48728731673,24.8515021178263,6515.24930836713,0.0743617942960509,0.73461171743841,58.2,220.2,0,11.5871938393369,0.187351822926829,0.229020082042832,0.269816599316133,0.0463164438918247,0.0115013988187753,0.0476730987514188,210.8,108.6,51.2733333333333,28,3867.84118358745,2722.4716800517,8.86226753413904,20.4,5.78955991089594,22.8,2,11.5871938393369,0.11470536990147
141,3.4,0,0.00527950310559006,0,0,0,4869.4623061001,11708.791035093,2787.22532466204,24.8135487939508,6359.1002866768,0.0791083789910283,0.746312181988531,63.2,232.8,0,9.44933272933508,0.187969222099342,0.231008412979933,0.23416149068323,0.0434782608695652,0.0093167701863354,0.0379818594104308,184.8,103.2,49.2733333333333,28,5004.95570791718,2315.33447609311,13.7062741635244,30.6,5.23195791492661,21.4,1.8,9.44933272933508,0.11731798160814
142,2.6,0,0.00373715353472438,0.000311429461227032,0,0,5009.90699380512,12986.9874400019,2630.2743632666,25.2473165477878,5403.79081236693,0.114649940226088,0.619550322940074,62.2,211.8,0,10.1069479200687,0.190109406435558,0.219593807070562,0.247897851136718,0.0464029897228278,0.00685144814699471,0.069060773480663,193.4,91,45.4533333333333,26.2,4321.09526080036,2428.0993432048,12.871445332936,24.6,4.97054182760916,18.8,1.6,10.1069479200687,0.110864472705796
143,3.8,0,0.00642857142857143,0.000357142857142857,0,0,3942.95453267102,10841.1578209794,3038.76583521199,24.6244505301918,4502.16680239907,0.104256756859469,0.554226412746998,62,178,0,3.05742016566927,0.153395700651314,0.0981307808636619,0.246071428571429,0.0496428571428571,0.00428571428571429,0.035016835016835,168,86,29.8866666666667,26.4,5583.51100523827,3965.81624031958,12.2784574900624,23.2,10.444891663394,23,1.4,3.05742016566927,0.0980493448107082
144,3,0,0.00525394045534151,0,0,0,3410.89098164697,9330.64493132678,2531.77269007931,24.9408485845592,5737.1990545552,0.105583042817955,0.571517175809864,63.2,199.4,0,3.33986358351796,0.163010546872694,0.0875062111440169,0.27215411558669,0.0532399299474606,0.0108581436077058,0.0532915360501567,192,88.2,38.9266666666667,27.2,5123.89161436336,4112.1792553073,12.1196080473206,30,6.88820866684637,19.2,1.6,3.33986358351796,0.0963855702689672
145,2.2,0,0.00346140533056421,0.000346140533056421,0,0,3941.65942199126,10407.4810326965,2959.46511153891,24.9485540382387,5805.67430165308,0.105017448908344,0.599626377118395,62.2,195.6,0,4.05144197591557,0.164337478900076,0.0904383579450687,0.268258913118726,0.0529595015576324,0.0103842159916926,0.0552451893234016,191.6,89.2,38.7,27.2,5160.89111076236,3949.7203217733,12.0883796308572,30.4,6.55320834471722,18,1.6,4.05144197591557,0.0976710554487296
146,1.6,0,0.00249910746162085,0.000357015351660121,0,0,3540.47887576939,9739.22740358171,2832.32378609955,31.8005131202092,4500.19145338183,0.0978860926575161,0.584659181783746,54.2,188.6,0,2.37052354037419,0.127060450432777,0.096876344154805,0.249910746162085,0.0578364869689397,0.00928239914316316,0.0734341252699784,177.6,96.6,47.3533333333333,27.8,4293.45421158576,1921.04133282026,10.3448208782638,25,3.28507417076965,17.4,1.8,2.37052354037419,0.0959268630593216
147,2.4,0,0.00280603297088741,0.00105226236408278,0.000350754121360926,0,3958.67870999117,10904.2377492691,2839.27578390922,32.2395926032682,4580.05172117582,0.106267140509239,0.59181210816019,56.2,200.2,0,3.87544182789809,0.157140829085526,0.102116257098891,0.256401262714837,0.0501578393546124,0.00420904945633111,0.0440210249671485,177.2,100.8,49.2733333333333,27.6,4588.66991892705,2025.66327716933,10.4588166143459,25.6,3.49177943345785,17.4,2,3.87544182789809,0.097236937670839
148,4.8,0,0.00719942404607631,0.00143988480921526,0,0,4433.61027647867,11319.4742020717,3628.04994176067,31.5315696280312,5296.17881599966,0.0963528533943978,0.598003701881455,58,192.2,0,4.00534783045355,0.137244342157764,0.117759162579749,0.224622030237581,0.0579553635709143,0.00287976961843053,0.0586230402181322,158.6,94.8,41.08,28.2,6530.9532735858,4272.97503860106,15.2179877380173,34.2,6.68352749491024,21.4,1.8,4.00534783045355,0.0984897402200211
149,5,0,0.00840336134453781,0,0,0,4841.1547398,11917.6845927267,3085.5493852412,31.7316580734802,5415.6307129033,0.105944694286815,0.701752585148012,63,222.4,0,7.79699648150619,0.251714796845013,0.255789360938547,0.18453781512605,0.0484033613445378,0.0026890756302521,0.0564903846153846,140.2,99,46.7066666666667,27.2,5734.3754164115,1857.42906468629,15.7934053465278,30.4,3.5145535760135,13.4,2,7.79699648150619,0.114766628864003
150,3.8,0,0.00497048772910842,0.000621310966138552,0,0.000310655483069276,6099.5351508543,13211.4817120569,3478.03492456341,31.4758186468419,5503.8181685003,0.130355572537887,0.804778599810772,65.8,206.6,0,13.7997783985653,0.210651608023915,0.249178926469604,0.213420316868593,0.0453557005281143,0.00434917676296987,0.0604703247480403,169.4,106.4,48.7333333333333,26.8,5081.81567912693,1760.11776373412,13.9213674200427,28.4,3.15039143944587,11.2,2,13.7997783985653,0.119034938563363
151,4.8,0,0.00612959719789842,0.000583771161704612,0.000291885580852306,0,5492.00554629961,12949.6505873242,3363.26385737982,31.7899425413652,6503.66221709716,0.141746069075732,0.793146941296614,71,225.4,0,11.3573660690311,0.380514028844189,0.259955529458536,0.224460011675423,0.0440747227086982,0.00291885580852306,0.0396135265700483,186,105,46.16,26.8,7693.85769817486,3602.60617335602,18.7357585036875,37.2,6.54209751586849,22.4,1.8,11.3573660690311,0.127475771615895
152,2,0,0.00436046511627907,0.000484496124031008,0,0,3238.71301322735,9935.30088683028,2994.31285846994,31.2860576493423,2751.95318684791,0.0913061507835295,0.335715223073449,48.4,125.2,0,1.7023232156665,0.0669700812070169,0.094457454628358,0.332848837209302,0.060077519379845,0.00532945736434109,0.0442144873000941,164.4,80.4,35.36,27.2,2320.15711283701,1513.03976257601,3.59736836656824,15.8,1.79113106270167,9.8,2,1.7023232156665,0.146688347452709
153,1.2,0,0.00302663438256659,0.000605326876513317,0,0,1912.9167346014,7519.96425941459,1796.49969916471,32.2892738370839,2688.51447331257,0.0761170292816822,0.213656953493911,39.4,93.6,0,0.134874885639395,0.0252898055123459,0.000240820514688675,0.356537530266344,0.0792978208232445,0.00544794188861985,0.0480905233380481,145.8,57.6,26.5,26.8,2726.93350455135,1889.78089787498,3.72979378438683,15,1.33037498806029,7.4,1.8,0.134874885639395,0.143821407923982
154,0.6,0,0.00114810562571757,0.000574052812858783,0,0,1985.17356800244,7432.42410298782,1627.09643175529,32.130729208776,3052.67987157589,0.0905979220642084,0.282163017423858,45.4,115.4,0,0.649265049645716,0.0392747712085232,0.000465355208850481,0.349598163030999,0.0683122847301952,0.00459242250287026,0.0420792079207921,147.2,67,29.6733333333333,27.6,2815.38451337797,1761.5582856406,4.17393317443556,14.8,1.4121300515496,8.6,2,0.649265049645716,0.219070780853962
155,0.8,0,0.00167973124300112,0.000559910414333707,0,0,1936.43159068573,7318.69711859144,1559.50812743359,31.8475034079548,3098.31659498529,0.0955633029697691,0.31125133850227,46.6,119.8,0,0.737231599092753,0.0400118105964436,0.00044759665695001,0.34434490481523,0.0632698768197088,0.00447928331466965,0.0532544378698225,147.2,69.6,30.04,27.8,2681.04538082924,1677.67455775296,4.24844280651557,15,1.4121300515496,8.6,2,0.737231599092753,0.194312907332735
156,2,0,0.00391696043869957,0,0,0,3296.14309795725,10331.3130596405,3244.29372312641,31.4407693924023,2679.09020190036,0.0909799173049567,0.320973070857944,45.4,128.4,0,0.320723866955094,0.0582337916572237,0.00334085361352878,0.384645515080298,0.0626713670191931,0.00587544065804935,0.137044967880086,231.4,76.6,35.1866666666667,27.8,2638.63244710123,1722.54488053437,4.49476667822499,16,2.31048243355241,14.6,2,0.320723866955094,0.148497346269563
157,1.2,0,0.00165357585779248,0,0,0.000826787928896238,4380.27735905712,10233.1965758704,3893.95404199669,31.2807391450434,3114.11164543938,0.0934937095589954,0.426502464289974,45.2,144.2,0,1.26431033672956,0.0732587169040395,0.00052869063088896,0.366267052501033,0.0673832162050434,0.00578751550227367,0.144220572640509,212.6,83.6,40.74,27.4,2728.04590728609,1979.50127368252,5.35379719251525,18.2,3.48002807314123,16.2,2,1.26431033672956,0.0960457274007125
158,0.6,0,0.000823384108686702,0,0,0.000411692054343351,4417.70666307798,10238.8323022039,3815.96881664732,31.5082885607731,3234.38166657649,0.0963688891247196,0.430632276794005,46,148,0,1.6194649259355,0.0663722891482212,0.000688976572298577,0.370111156854673,0.0666941128036229,0.00535199670646357,0.144565217391304,214.8,80.4,40.1266666666667,27.4,2720.79490697153,2109.24867607713,5.23406335257558,17.6,3.3952889487798,16.8,2,1.6194649259355,0.0888756471689104
159,0.6,0,0.000823384108686702,0,0,0.000411692054343351,4417.70666307798,10238.8323022039,3815.96881664732,31.5082885607731,3234.38166657649,0.0963688891247196,0.430632276794005,46,148,0,1.6194649259355,0.0663722891482212,0.000688976572298577,0.370111156854673,0.0666941128036229,0.00535199670646357,0.144565217391304,214.8,80.4,40.1266666666667,27.4,2720.79490697153,2109.24867607713,5.23406335257558,17.6,3.3952889487798,16.8,2,1.6194649259355,0.0888756471689104
160,0.6,0,0.000823384108686702,0,0,0.000411692054343351,4417.70666307798,10238.8323022039,3815.96881664732,31.5082885607731,3234.38166657649,0.0963688891247196,0.430632276794005,46,148,0,1.6194649259355,0.0663722891482212,0.000688976572298577,0.370111156854673,0.0666941128036229,0.00535199670646357,0.144565217391304,214.8,80.4,40.1266666666667,27.4,2720.79490697153,2109.24867607713,5.23406335257558,17.6,3.3952889487798,16.8,2,1.6194649259355,0.0888756471689104
161,0.6,0,0.000796495420151334,0,0,0.000398247710075667,4385.6297517451,10425.1233673758,3861.95457074567,31.1625446716793,3207.84655421701,0.0998975662968512,0.460976840511325,48.4,149,0,1.75041457781692,0.0661969850135821,0.000772236466331092,0.382716049382716,0.0637196336121067,0.004778972520908,0.15495867768595,226.6,82,32.76,27.4,2989.58198689428,2560.15974084661,8.18974023611887,22,9.50783968619541,26.8,1.4,1.75041457781692,0.121730792766517
162,0.8,0,0.000813338755591704,0.000406669377795852,0,0.000406669377795852,4362.93423745452,10414.2305934558,3833.81037990831,31.1817933583202,3221.49703486278,0.10064055170431,0.461822573338712,49.2,149,0,1.76306388225327,0.0668976677797011,0.000782739521147849,0.389995933306222,0.0650671004473363,0.00488003253355022,0.150259067357513,226.2,82,32.76,27.4,2989.58198689428,2564.90552377293,8.21619707510028,22.4,9.48311755067099,26.8,1.4,1.76306388225327,0.0842356613281094
163,0.6,0,0.00045004500450045,0.00045004500450045,0.00045004500450045,0,2838.81760226024,9386.05902170426,2682.62605976617,31.5141924156917,2575.71882328874,0.078121141558835,0.274464070129356,39.4,113.6,0,0.277066746017813,0.0548224584543368,8.7422769219059e-05,0.434743474347435,0.0688568856885689,0.0054005400540054,0.107921928817451,226.2,61.8,29.3533333333333,27.4,2400.6050990615,1892.00853533869,4.98523630421041,16.2,2.26603781691472,12.8,1.8,0.277066746017813,0.137471489097473
164,0.6,0,0.00045004500450045,0.00045004500450045,0.00045004500450045,0,2838.81760226024,9386.05902170426,2682.62605976617,31.5141924156917,2575.71882328874,0.078121141558835,0.274464070129356,39.4,113.6,0,0.277066746017813,0.0548224584543368,8.7422769219059e-05,0.434743474347435,0.0688568856885689,0.0054005400540054,0.107921928817451,226.2,61.8,29.3533333333333,27.4,2400.6050990615,1892.00853533869,4.98523630421041,16.2,2.26603781691472,12.8,1.8,0.277066746017813,0.137471489097473
165,0.8,0,0.000847098686997035,0.000847098686997035,0,0,4674.01668643634,13369.7606513197,3394.92541580546,31.8750110954657,3469.20220353968,0.0917360270627792,0.273107877542991,47,106.2,0,3.41981748817495,0.0378559202931935,0.115696982143364,0.428208386277001,0.0626853028377806,0.00338839474798814,0.0624380574826561,233.4,69.6,34.14,27.6,3070.30317878782,1820.35470530788,4.17014232901653,15.2,2.30934441943865,12.4,1.8,3.41981748817495,0.178632607241474
166,0.6,0.000441891294741494,0.000441891294741494,0.000441891294741494,0,0,4501.5471658499,13294.6304988651,3244.450417228,31.7502405608877,3514.60233883127,0.0928719393910866,0.278008276251453,48.2,106.8,0,3.41915186712789,0.0407593984357663,0.115718094694305,0.437030490499337,0.0623066725585506,0.00353513035793195,0.0529931305201178,227.6,68.6,33.56,27.4,2993.12098945699,1908.43638459697,4.12806446543819,15.2,2.30934441943865,12.4,1.8,3.41915186712789,0.202478495142301
167,0.8,0.000436490615451768,0.000872981230903536,0.000436490615451768,0,0,4579.58688386035,13677.3095551793,3286.52461776722,31.7163331801463,2641.18549744353,0.0908997728696973,0.278409459892928,47.2,108.2,0,2.88079545369998,0.036723868116116,0.0982513415534621,0.430379746835443,0.0606721955477957,0.00349192492361414,0.058,226.6,61.4,30.52,27.4,3068.87754332331,2174.48240287243,5.31206518250666,17.2,3.69548881002084,16.8,1.6,2.88079545369998,0.206406590732877
168,0.8,0.000436490615451768,0.000872981230903536,0.000436490615451768,0,0,4579.58688386035,13677.3095551793,3286.52461776722,31.7163331801463,2641.18549744353,0.0908997728696973,0.278409459892928,47.2,108.2,0,2.88079545369998,0.036723868116116,0.0982513415534621,0.430379746835443,0.0606721955477957,0.00349192492361414,0.058,226.6,61.4,30.52,27.4,3068.87754332331,2174.48240287243,5.31206518250666,17.2,3.69548881002084,16.8,1.6,2.88079545369998,0.206406590732877
169,0.8,0.000416840350145894,0.00125052105043768,0,0,0,3984.40472145056,10690.030803118,3299.13953282866,31.6081686524045,3303.86165617976,0.07918133466033,0.310221281280528,40.4,110.8,0,1.80988492579333,0.035428904917172,0.00289704721634353,0.44060025010421,0.0721133805752397,0.00625260525218841,0.117043121149897,249,71,21.42,26.8,3149.17828989689,1217.70259362637,9.89546228385569,23.2,9.07145836222034,19.8,1,1.80988492579333,0.192646019637343
170,0.2,0,0.000407830342577488,0,0,0,3456.40491093034,9834.93557279735,3145.58822300341,31.8647873727172,3889.848997834,0.0742266583846643,0.244656596640807,38.6,96.4,0,0.299761810408983,0.0902217151080001,0.000500806097062481,0.401305057096248,0.0623980424143556,0.00203915171288744,0.0905027932960894,228.4,60.6,24.8,24.2,4323.75113973153,3575.26004174485,6.04588463494623,16.2,3.91890396929643,13.4,1.8,0.299761810408983,0.124309001975847
171,0.2,0,0.000407830342577488,0,0,0,3456.40491093034,9834.93557279735,3145.58822300341,31.8647873727172,3889.848997834,0.0742266583846643,0.244656596640807,38.6,96.4,0,0.299761810408983,0.0902217151080001,0.000500806097062481,0.401305057096248,0.0623980424143556,0.00203915171288744,0.0905027932960894,228.4,60.6,24.8,24.2,4323.75113973153,3575.26004174485,6.04588463494623,16.2,3.91890396929643,13.4,1.8,0.299761810408983,0.124309001975847
172,0.4,0,0.000803858520900322,0,0,0,3201.51378522196,9896.89498707744,2984.51853956365,31.6496826617403,3463.15725756707,0.0909305497899222,0.250292228284037,44.6,93.8,0,0.239225957579788,0.0368353608072071,0.000152203730680712,0.453778135048232,0.065112540192926,0.00361736334405145,0.100642398286938,260,58.6666666666667,14.8533333333333,23.8,5582.71362020359,3982.67840499427,10.1240468801845,17,12.408943707354,26,0.6,0.239225957579788,0.169902300030709
173,0.8,0,0.00165289256198347,0,0,0,3917.37653922567,10749.2450138622,3734.54461630251,31.7275846660119,5113.42062674498,0.0849459543322005,0.324656230883078,43.8,116.2,0,0.383661915260584,0.04292690610945,0.000182965163098223,0.427272727272727,0.0644628099173554,0.00909090909090909,0.0844660194174757,242.4,29.4,15.78,22,3772.95754687584,3322.35513704472,4.02967907287287,11,2.45551256456129,7.4,1.6,0.383661915260584,0.100155935095499
174,0.8,0,0.00165289256198347,0,0,0,3917.37653922567,10749.2450138622,3734.54461630251,31.7275846660119,5113.42062674498,0.0849459543322005,0.324656230883078,43.8,116.2,0,0.383661915260584,0.04292690610945,0.000182965163098223,0.427272727272727,0.0644628099173554,0.00909090909090909,0.0844660194174757,242.4,29.4,15.78,22,3772.95754687584,3322.35513704472,4.02967907287287,11,2.45551256456129,7.4,1.6,0.383661915260584,0.100155935095499
175,0.4,0,0.000816326530612245,0,0,0,3641.36854416933,9983.13377988571,3487.97411652916,31.4462305876767,5378.05432506071,0.0834452802724962,0.31490710488767,42.2,115.8,0,0.415953650366075,0.0483190135732532,9.34522579327793e-05,0.439183673469388,0.0640816326530612,0.00857142857142857,0.0699432892249527,250.8,30.5,13.1066666666667,21.2,3348.62145621939,2667.12930832088,5.13736445898271,12.4,3.75570042009207,9.2,1.2,0.415953650366075,0.148557948297847
176,1.2,0.000397456279809221,0.0019872813990461,0,0,0,3499.79876961468,10363.7746666042,3254.42656106502,31.6478152597154,6320.77335680796,0.102055215688031,0.295894274299429,50,118.6,0,0.338814575889066,0.0446753205437916,0.00654303214756356,0.383942766295707,0.0624006359300477,0.0119236883942766,0.1,230.6,23,8.15333333333333,20.2,5568.19759988006,4644.39617921466,5.47255023033236,11.8,4.13601529660366,9.8,1,0.338814575889066,0.109265454870835
177,0.2,0,0.000430292598967298,0,0,0,1936.85095355304,7727.88752969677,1796.48941652966,31.7339111255439,5948.42600789153,0.113449112886022,0.302691142275674,57.2,118.6,0,0.265400105173378,0.0241156472513901,0.000974225722991634,0.411790017211704,0.0555077452667814,0.0129087779690189,0.154291224686596,223.2,25.5,10.8733333333333,20.6,4545.0244122895,4579.67072160093,6.80405185794845,12.6,5.76546702214562,11.4,1.4,0.265400105173378,0.105769210793295
178,0.4,0,0.000799041150619257,0,0,0,1468.89526292078,5247.08570882924,1733.71694502817,31.3416329208287,6429.4349296269,0.114903324464153,0.310357768243859,58,123.6,0,0.214514621806981,0.0497228585693024,0.000304622960650848,0.423491809828206,0.0499400719137036,0.0135836995605274,0.199427480916031,243.8,18.4,9.03333333333333,21.2,8495.27557715755,6310.08058109117,7.99697838197167,13,4.54208253910421,8.6,1.4,0.214514621806981,0.170124402795447
179,0.8,0,0.00122649223221586,0.000408830744071954,0,0,1726.48073962783,7422.52409656853,2121.71176658244,31.1990831819228,6347.25156579743,0.107794177446309,0.245812147697591,53.2,111.2,0,0.0655527178656574,0.0266435038764506,0.000266659668520799,0.398609975470155,0.0576451349141455,0.0151267375306623,0.30379746835443,230.6,24,8.79333333333333,23.2,11500.8283082657,12973.3413844165,8.55096530447901,15.2,7.78500364595708,14.8,1.2,0.0655527178656574,0.161542405522634
180,0.8,0,0.00122649223221586,0.000408830744071954,0,0,1726.48073962783,7422.52409656853,2121.71176658244,31.1990831819228,6347.25156579743,0.107794177446309,0.245812147697591,53.2,111.2,0,0.0655527178656574,0.0266435038764506,0.000266659668520799,0.398609975470155,0.0576451349141455,0.0151267375306623,0.30379746835443,230.6,24,8.79333333333333,23.2,11500.8283082657,12973.3413844165,8.55096530447901,15.2,7.78500364595708,14.8,1.2,0.0655527178656574,0.161542405522634
181,0.8,0,0.00122649223221586,0.000408830744071954,0,0,1726.48073962783,7422.52409656853,2121.71176658244,31.1990831819228,6347.25156579743,0.107794177446309,0.245812147697591,53.2,111.2,0,0.0655527178656574,0.0266435038764506,0.000266659668520799,0.398609975470155,0.0576451349141455,0.0151267375306623,0.30379746835443,230.6,24,8.79333333333333,23.2,11500.8283082657,12973.3413844165,8.55096530447901,15.2,7.78500364595708,14.8,1.2,0.0655527178656574,0.161542405522634
182,0.6,0.000426985482493595,0.00085397096498719,0,0,0,1301.02477848619,4954.79818611372,1599.13868980679,31.7906563226966,5429.87395818982,0.105130936787361,0.241558648290857,55.8,110.8,0,0.146948426296845,0.0357749691520678,0.0011792557982128,0.389410760034159,0.0533731853116994,0.0111016225448335,0.287,212.6,20.2,8.7,21.8,8928.90307676228,10138.2064077851,6.64646849472902,11.6,5.78354716324016,11.2,1.6,0.146948426296845,0.202103292710093
183,0.6,0.000426985482493595,0.00085397096498719,0,0,0,1301.02477848619,4954.79818611372,1599.13868980679,31.7906563226966,5429.87395818982,0.105130936787361,0.241558648290857,55.8,110.8,0,0.146948426296845,0.0357749691520678,0.0011792557982128,0.389410760034159,0.0533731853116994,0.0111016225448335,0.287,212.6,20.2,8.7,21.8,8928.90307676228,10138.2064077851,6.64646849472902,11.6,5.78354716324016,11.2,1.6,0.146948426296845,0.202103292710093
184,0,0,0,0,0,0,1227.84991296056,3852.29489355384,1418.16178958671,31.9455731923568,5850.02099269646,0.0992283539719748,0.228186665300515,52.4,100.4,0,0.141476270196084,0.0626707608690784,0.000445269908964439,0.369299674267101,0.0480456026058632,0.012214983713355,0.26453488372093,211,20.2,10.84,20.4,5234.86673519326,5697.93247522609,5.20993151141931,12,3.42947864642447,8.2,1.6,0.141476270196084,0.10281779614999
185,0.8,0.000371057513914657,0.000371057513914657,0.000742115027829314,0,0,1428.18369420045,4916.35311870311,1607.84452385132,31.6780138287361,5806.59542423444,0.109069437204122,0.326610432064877,57.2,129.8,0,0.375438324898041,0.0547756002071537,0.000456927799503775,0.388126159554731,0.0489795918367347,0.0126159554730983,0.248735244519393,242.4,27.8,10.7333333333333,24.6,10357.8926549388,9145.69116681838,9.01393290591307,16.8,6.69741173070827,13.2,1.2,0.375438324898041,0.142630184981632
186,1,0,0.000418585182084554,0.00167434072833822,0,0,495.052499695815,1347.81092199351,731.935910756079,31.7829257219288,6301.54697997177,0.1191604639976,0.31314113783576,63.8,128.2,0,0.253529291139516,0.0867025017890665,0.00012233663025698,0.39430724152365,0.0410213478442863,0.011301799916283,0.197380729653882,213.4,28.75,10.0533333333333,22.4,6747.70368141484,6443.23089162512,8.7559634127937,16,6.03103336293633,10.8,1.2,0.253529291139516,0.118916966322188
187,0.2,0,0,0.000355492356914326,0,0,1206.1696181785,4167.59657892377,515.035818211525,31.5055266589778,6301.20123796803,0.14686162453929,0.443483930907074,75.8,135.6,0,2.51310636717294,0.0626651090396116,0.00164243140022342,0.387131176679701,0.0380376821898329,0.00924280127977248,0.17255163224517,244.4,33.2,16.8533333333333,22.6,8436.80126852092,6632.42539877714,11.1659115095447,19.2,4.69876495353971,9.2,1.4,2.51310636717294,0.16837037036629
188,0.6,0.00046189376443418,0.00092378752886836,0,0,0,523.206983514328,1466.31979625101,448.290809329598,32.0728748341704,5631.00378187423,0.115241186761294,0.228084747626856,60,101.6,0,0.401644306429113,0.0511073250883574,0.000144884197358101,0.393071593533487,0.0646651270207852,0.0092378752886836,0.155329949238579,202.2,38.6,18.6266666666667,21.8,7210.16946935626,6988.43625524459,10.202966000088,18.8,3.74922343579104,7.6,1.8,0.401644306429113,0.159575685897296
189,1.2,0.00125733445096396,0,0.00125733445096396,0,0,475.892780458065,1239.32605364842,434.349213704098,31.9037026743514,5630.9859542555,0.124302965321524,0.289011099202644,65.6,109,0,0.50876784826713,0.0253183356097708,0.000554998634823856,0.410310142497904,0.0553227158424141,0.0113160100586756,0.167253521126761,227.6,29.5,13.52,21.8,6472.02857153277,5128.39975381401,9.17395025141427,17.2,4.64210042853962,9,1.4,0.50876784826713,0.145910035966471
190,0,0,0,0,0,0,508.058030009842,1357.09431456661,563.88868077959,31.8374772268346,6300.75095985926,0.112855410182475,0.250879090653521,55,110.2,0,0.287519814645188,0.0542439690934639,0.000568156330602918,0.382277397260274,0.0654965753424658,0.0115582191780822,0.20703125,214.6,41.2,17.8666666666667,23.6,8054.8145710386,11211.7695813301,9.93231696933005,18.4,5.22182276473317,10,1.6,0.287519814645188,0.129228291416307
191,0,0,0,0,0,0,508.058030009842,1357.09431456661,563.88868077959,31.8374772268346,6300.75095985926,0.112855410182475,0.250879090653521,55,110.2,0,0.287519814645188,0.0542439690934639,0.000568156330602918,0.382277397260274,0.0654965753424658,0.0115582191780822,0.20703125,214.6,41.2,17.8666666666667,23.6,8054.8145710386,11211.7695813301,9.93231696933005,18.4,5.22182276473317,10,1.6,0.287519814645188,0.129228291416307
192,1,0.000416840350145894,0.00166736140058358,0,0,0,1577.76388761314,5977.92438077304,1089.06113356533,31.962026451515,4906.86574563265,0.133368967283123,0.359555858331943,70,138,0,2.07837215179287,0.057873733295816,0.0036997335914985,0.313047102959567,0.0658607753230513,0.0108378491037932,0.28511354079058,187,32.75,13.12,21.4,7081.66760351401,9165.70776636843,12.330473375183,22.2,4.81891349011128,9.6,1.4,2.07837215179287,0.18714549272121
193,0.2,0,0,0.000430848772081,0,0,975.548299232795,2811.25308799357,856.953097319948,31.790560076459,7327.56204875746,0.13914625195116,0.461968647529904,72.8,155,0,0.99346385021416,0.081117288125284,0.0011337202762958,0.273588970271435,0.0689358035329599,0.014648858250754,0.295008912655971,165.8,34,12.88,21.6,8683.6503425493,7347.84718614131,13.8504774309535,22.6,4.20624792662415,8.8,1.4,0.99346385021416,0.214934552147985
194,0.2,0,0,0.000430848772081,0,0,975.548299232795,2811.25308799357,856.953097319948,31.790560076459,7327.56204875746,0.13914625195116,0.461968647529904,72.8,155,0,0.99346385021416,0.081117288125284,0.0011337202762958,0.273588970271435,0.0689358035329599,0.014648858250754,0.295008912655971,165.8,34,12.88,21.6,8683.6503425493,7347.84718614131,13.8504774309535,22.6,4.20624792662415,8.8,1.4,0.99346385021416,0.214934552147985
195,0,0,0,0,0,0,747.763291520232,2570.51027773431,767.153724360012,31.5697525573017,7477.34916481745,0.139397073560844,0.307422050085893,69.6,131.8,0,0.567516561047459,0.070460968932861,0.000599698472508282,0.257892180670228,0.0796503156872268,0.0174842156386595,0.342523860021209,146.2,26.2,11.12,23.6,9975.31753169932,11252.2770065855,10.1933220268051,15.6,5.12880714288143,10,1.2,0.567516561047459,0.150347656253324
196,0.2,0,0,0.000458715596330275,0,0,777.823201527313,2664.23528119694,814.6727913441,31.5244487964675,6884.2204067409,0.142924019280495,0.321433963670181,71.6,131.8,0,0.578172953220677,0.0490862121849415,0.0181620455322065,0.252752293577982,0.0747706422018349,0.0169724770642202,0.341995841995842,150.2,25.2,12.8933333333333,23.2,7001.00934051414,10633.241497767,8.91545979514891,14.4,4.69660774828055,9.4,1.4,0.578172953220677,0.193488355690637
197,0.2,0,0,0.000458715596330275,0,0,777.823201527313,2664.23528119694,814.6727913441,31.5244487964675,6884.2204067409,0.142924019280495,0.321433963670181,71.6,131.8,0,0.578172953220677,0.0490862121849415,0.0181620455322065,0.252752293577982,0.0747706422018349,0.0169724770642202,0.341995841995842,150.2,25.2,12.8933333333333,23.2,7001.00934051414,10633.241497767,8.91545979514891,14.4,4.69660774828055,9.4,1.4,0.578172953220677,0.193488355690637
198,0.2,0,0.000469704086425552,0,0,0,976.082192700361,2987.01509146645,993.513135265517,31.2849126207001,6500.58274293144,0.126826456607062,0.338320700156156,65.8,128.4,0,0.546590433278141,0.0513169201078181,0.000990091751782608,0.253170502583372,0.0760920620009394,0.017848755284171,0.336875664187035,147.8,25.8,12.38,21.2,10400.5462256738,9465.43244153018,10.7461987900486,20.2,4.43966355160549,9.4,1.6,0.546590433278141,0.142772896584843
199,2.8,0.000626762770291445,0.00344719523660295,0.000313381385145722,0,0,3576.26534735693,9854.48508440921,1662.06819289133,31.7187294785971,5860.51245116293,0.160958422682862,0.79301007160428,64.6,231.4,0,9.18236560807266,0.213445265030404,0.146395883746611,0.370416797242244,0.0742713882795362,0.00720777185835161,0.0780141843971631,288.4,113.4,62.1733333333333,28,404.833807139492,131.657142857143,1.29775378486983,6,0.114664547398187,2.4,6.2,9.18236560807266,0.156899301806188
200,4.6,0.001953125,0.00390625,0.00162760416666667,0,0,3621.62315765262,9479.84717657165,2074.97767061724,31.8286844901856,5667.55744132602,0.16148843892743,0.681069928588065,66.4,205.4,0,7.14512859738281,0.184727292196231,0.0737637059497576,0.3447265625,0.0797526041666667,0.00748697916666667,0.0589307411907655,265.4,108,56.8533333333333,27.8,834.112802236797,402.01475319813,2.4093965029544,12.2,0.320786909373221,2.8,5.4,7.14512859738281,0.0999826029779024
201,4.6,0.001953125,0.00390625,0.00162760416666667,0,0,3621.62315765262,9479.84717657165,2074.97767061724,31.8286844901856,5667.55744132602,0.16148843892743,0.681069928588065,66.4,205.4,0,7.14512859738281,0.184727292196231,0.0737637059497576,0.3447265625,0.0797526041666667,0.00748697916666667,0.0589307411907655,265.4,108,56.8533333333333,27.8,834.112802236797,402.01475319813,2.4093965029544,12.2,0.320786909373221,2.8,5.4,7.14512859738281,0.0999826029779024
202,4.2,0.000955414012738854,0.00414012738853503,0.00127388535031847,0,0.000318471337579618,2475.05801605875,7530.23339822846,1099.2564998592,31.5993240962564,5144.18181560063,0.183917731939836,0.741806281249733,75.8,216.2,0,7.08577780124068,0.175457337887858,0.124311207824814,0.363057324840764,0.0633757961783439,0.010828025477707,0.149024246008279,274.6,124,62.6333333333333,28.2,410.37034014706,123.605150214592,1.32394231171662,6.4,0.337855425816739,2.8,5.6,7.08577780124068,0.154617408767574
203,2.4,0.00128081972462376,0.00192122958693564,0.00064040986231188,0,0,4198.22079216573,10315.7105971473,1543.73039930799,31.4511195062327,7370.31283477833,0.111102426823644,0.806439397936434,63.4,235.4,0,13.249660467105,0.140274639607774,0.133164680619323,0.354787063720781,0.0704450848543068,0.00992635286583413,0.0913677130044843,271.8,123.4,64.68,28,373.07757344713,74.8051948051948,1.23533254334929,8,0.0879248434249742,2.2,5.4,13.249660467105,0.130518760533395
204,4,0.00122249388753056,0.00305623471882641,0.00183374083129584,0,0,4175.27211254115,11739.9535049105,1082.69512381694,31.6796027414122,7698.96677919376,0.114882660949724,0.829546515705808,67.2,224.6,0,16.1921748073486,0.198429544750119,0.155351629185658,0.36460880195599,0.0678484107579462,0.0100855745721271,0.0912298387096774,289.6,112.8,58.1466666666667,28.4,1097.09084132573,255.214590213434,3.69238511128534,13.2,0.319890515611013,3,5.2,16.1921748073486,0.15639148015163
205,3.4,0.00118870728083209,0.00326894502228826,0.000297176820208024,0.000297176820208024,0,4702.30839773676,13012.4646574028,2040.1092429488,31.5996824594878,8204.54738140137,0.118556368550507,0.713942290755121,69.8,220,0,12.3656236855227,0.313473913714324,0.263533774015143,0.348291233283804,0.062407132243685,0.012778603268945,0.0917116233447769,285,29.6,19.58,20.8,2595.59987098289,2174.42515184314,5.59569948207437,11.2,3.37992413376041,6.6,5.4,12.3656236855227,0.140322001364694
206,3.4,0.00118870728083209,0.00326894502228826,0.000297176820208024,0.000297176820208024,0,4702.30839773676,13012.4646574028,2040.1092429488,31.5996824594878,8204.54738140137,0.118556368550507,0.713942290755121,69.8,220,0,12.3656236855227,0.313473913714324,0.263533774015143,0.348291233283804,0.062407132243685,0.012778603268945,0.0917116233447769,285,29.6,19.58,20.8,2595.59987098289,2174.42515184314,5.59569948207437,11.2,3.37992413376041,6.6,5.4,12.3656236855227,0.140322001364694
207,6.8,0.00226683937823834,0.00841968911917098,0.000323834196891192,0,0,3472.94673214781,9943.85488638417,1934.93954895967,31.5890752609491,9020.95365541841,0.111707427267285,0.710164854935038,62.8,218.4,0,5.67125470108732,0.201972058195889,0.192305228727995,0.363018134715026,0.0702720207253886,0.0181347150259067,0.0923411189570885,278.8,29,19.2866666666667,21.8,2653.93610022403,1860.82407697281,5.19203301781303,12.4,2.05432955582126,4.2,5.4,5.67125470108732,0.152992996849316
208,5,0.00069060773480663,0.00656077348066298,0.00138121546961326,0,0,2174.38515013654,5634.4632781919,1067.13655897103,31.4315959794127,8098.55280746383,0.0921705104661843,0.574004485047083,54,176.8,0,3.18182846767168,0.109135149942506,0.151931267388128,0.351174033149171,0.0735497237569061,0.0158839779005525,0.107215104517869,255.2,23.4,15.1066666666667,19.2,2221.85588339347,1590.69218962505,4.97279092569179,9.8,1.5997305716411,4.6,5.8,3.18182846767168,0.147415891959554
209,5,0.00369139904023625,0.00516795865633075,0.000369139904023625,0,0,2603.5223917913,8648.23451890643,820.436148042778,31.9272562080428,8241.93074094054,0.0962060277417023,0.580890835526857,55.2,163.2,0,6.01669674116112,0.114403890145304,0.153868553313071,0.349575489110373,0.070874861572536,0.0173495754891104,0.157059314954052,237.2,28.8,17.9733333333333,19.6,1763.00923015271,2275.73703715028,3.21271016309728,11.2,2.75757315011667,5.6,4.8,6.01669674116112,0.145610468540912
210,3,0.000826446280991736,0.00454545454545455,0.000826446280991736,0,0,1763.82362078282,5995.93690746884,921.602103785038,31.8517844959237,9311.77862434,0.0931638428032143,0.546395352668683,52.8,169.6,0,2.13849533912405,0.143131777464684,0.0567476020586108,0.352066115702479,0.0776859504132231,0.0231404958677686,0.122943722943723,219.2,22.8,15.2933333333333,21.2,2208.82973322443,1744.82484924279,3.98372456781202,9.6,1.61414652032634,4.2,6.2,2.13849533912405,0.133934949844806
211,5,0.00203583061889251,0.00651465798045603,0.00162866449511401,0,0,1972.38618754802,6510.24198408694,1214.71965892592,31.4639607702759,8514.73391016825,0.085291614938086,0.484225606230695,48.2,152,0,2.21025905775236,0.0665551408676398,0.0441803070283482,0.342019543973941,0.0594462540716612,0.0191368078175896,0.141121495327103,206.6,21.8,12.98,21,3181.95850997021,4541.15341148815,4.3509715883178,10.2,1.85535267339937,5,5.2,2.21025905775236,0.10675971106121
212,5,0.00203583061889251,0.00651465798045603,0.00162866449511401,0,0,1972.38618754802,6510.24198408694,1214.71965892592,31.4639607702759,8514.73391016825,0.085291614938086,0.484225606230695,48.2,152,0,2.21025905775236,0.0665551408676398,0.0441803070283482,0.342019543973941,0.0594462540716612,0.0191368078175896,0.141121495327103,206.6,21.8,12.98,21,3181.95850997021,4541.15341148815,4.3509715883178,10.2,1.85535267339937,5,5.2,2.21025905775236,0.10675971106121
213,5.6,0.00352526439482961,0.00587544065804935,0.00156678417547983,0,0,2127.66125857218,5985.0573096099,1191.92340671452,31.9484400017743,8991.35140195875,0.0926184905168626,0.632660437003692,52.6,172,0,2.3541998643051,0.115813082516881,0.028540821385407,0.36075205640423,0.0591461026243635,0.0207598903251077,0.151973131821998,225,26.4,17.44,22.2,1384.75365968542,2551.71393819014,4.23969127932697,11.8,1.60462901013906,4.4,5.4,2.3541998643051,0.0822234287979546
214,5.2,0.00203832042397065,0.00774561761108846,0.000815328169588259,0,0,2133.00890708775,6375.68605365418,1684.66917841563,31.8514517688471,6803.16304099729,0.0851106465592138,0.495222939896282,48,158,0,1.83890295415496,0.0535576134182066,0.0525292081876087,0.352629433346922,0.0578883000407664,0.0179372197309417,0.131776480400334,210.2,26,16.2333333333333,21.4,1115.95847768132,2653.68438140886,3.69324180024135,10.2,3.38428411893927,8.2,5.8,1.83890295415496,0.104743938139819
215,5.2,0.00203832042397065,0.00774561761108846,0.000815328169588259,0,0,2133.00890708775,6375.68605365418,1684.66917841563,31.8514517688471,6803.16304099729,0.0851106465592138,0.495222939896282,48,158,0,1.83890295415496,0.0535576134182066,0.0525292081876087,0.352629433346922,0.0578883000407664,0.0179372197309417,0.131776480400334,210.2,26,16.2333333333333,21.4,1115.95847768132,2653.68438140886,3.69324180024135,10.2,3.38428411893927,8.2,5.8,1.83890295415496,0.104743938139819
216,5.4,0.00401767778224186,0.00441944556046605,0.00241060666934512,0,0,2165.08218929777,7629.62749298449,1533.41387559623,25.455201090948,8145.47810078711,0.086396660842531,0.450768727332908,49.8,155,0,2.45162864308953,0.148749490076423,0.0430133123367165,0.35315387705906,0.058256327842507,0.0192848533547609,0.12736660929432,214.4,19.6,13.22,17.8,2222.10492828837,2503.0712227626,4.16812637291679,10.6,1.86521580392969,4.2,5.6,2.45162864308953,0.10554351357758
217,5.4,0.00401767778224186,0.00441944556046605,0.00241060666934512,0,0,2165.08218929777,7629.62749298449,1533.41387559623,25.455201090948,8145.47810078711,0.086396660842531,0.450768727332908,49.8,155,0,2.45162864308953,0.148749490076423,0.0430133123367165,0.35315387705906,0.058256327842507,0.0192848533547609,0.12736660929432,214.4,19.6,13.22,17.8,2222.10492828837,2503.0712227626,4.16812637291679,10.6,1.86521580392969,4.2,5.6,2.45162864308953,0.10554351357758
218,5.4,0.0035799522673031,0.00556881463802705,0.00159108989657916,0,0,2305.08530202195,7995.80801547791,1927.03357026064,25.1054598632012,7754.63749116651,0.0974158276016648,0.520702209024694,54,165,0,1.77357104701856,0.0937700490920971,0.0292525199447501,0.348448687350835,0.0580747812251392,0.0175019888623707,0.150375939849624,213.2,22.2,14.9066666666667,19.6,1233.50007890158,2961.39419128464,3.28754858850984,9.6,2.20984570135353,5.2,5.6,1.77357104701856,0.105538172080596
219,5.4,0.0035799522673031,0.00556881463802705,0.00159108989657916,0,0,2305.08530202195,7995.80801547791,1927.03357026064,25.1054598632012,7754.63749116651,0.0974158276016648,0.520702209024694,54,165,0,1.77357104701856,0.0937700490920971,0.0292525199447501,0.348448687350835,0.0580747812251392,0.0175019888623707,0.150375939849624,213.2,22.2,14.9066666666667,19.6,1233.50007890158,2961.39419128464,3.28754858850984,9.6,2.20984570135353,5.2,7,1.77357104701856,0.105538172080596
220,2.8,0.000827472072817542,0.00248241621845263,0.00248241621845263,0,0,1938.0826666458,7138.16548778119,1053.8390449254,25.2322589597776,8468.21607945748,0.0883113965036312,0.46664849610295,50.4,154,0,2.89518430412388,0.0866803159946632,0.0459207470681064,0.342159702110054,0.0587505171700455,0.0211005378568473,0.12962962962963,204,27,14.5733333333333,21.2,4532.65725536228,3806.96131143693,5.62561687537337,13.6,2.98813605780853,6.4,2,2.89518430412388,0.104479311555885
221,2.8,0.000814000814000814,0.00284900284900285,0.00203500203500203,0,0,1851.60627831291,6354.62699219183,1385.37489105662,25.0770008255951,8860.19659807755,0.0901460315939877,0.533507251891019,50.6,161.4,0,1.55580038729653,0.153522254805612,0.0279674157009409,0.347985347985348,0.0537240537240537,0.0215710215710216,0.117647058823529,208,27.2,14.6933333333333,20.4,4691.19129815895,5148.04414650859,6.11036935269978,13.6,1.00490277933519,2.6,2,1.55580038729653,0.102228401322789
222,3.6,0.000803858520900322,0.00522508038585209,0.00120578778135048,0,0,2312.7217328186,8146.64476993621,1359.66507810825,25.5070501290583,8155.06991432987,0.0766082509149049,0.455151432136978,45.4,142,0,2.26166800244425,0.0725205680051132,0.0285684693406661,0.351688102893891,0.0538585209003215,0.0196945337620579,0.138938053097345,211.6,22.6,12.5333333333333,21.6,5071.4934500391,5662.09707578679,5.42664743081411,11.8,2.96509076427198,6.2,2,2.26166800244425,0.0790261830422622
223,5,0.00161877782274383,0.00728450020234723,0.00121408336705787,0,0,2719.81042893461,8659.6334446529,2377.02336480488,25.2484582990967,6907.68601034975,0.0755544802969636,0.370270341955838,42.8,122.8,0,1.14646419286081,0.0481633070804099,0.0263519030405748,0.36139214892756,0.0615135572642655,0.0165924726831242,0.143372407574391,217.2,21.4,11.72,20.6,4831.48179345433,3599.00760874051,4.70332162563125,12.4,1.21564526590925,3.4,2,1.14646419286081,0.0842782623410177
224,6.4,0.000756048387096774,0.00604838709677419,0.00126008064516129,0,0,4312.50398099881,11145.2608746106,3001.05932280863,25.2414760951318,7663.22086595492,0.108316117930702,0.802335992979744,60.4,216.6,0,5.53126835853613,0.17185279186589,0.124311056719468,0.322832661290323,0.0415826612903226,0.0113407258064516,0.0866817155756208,298.2,24,13.3133333333333,21.8,6429.7998664629,8071.39397394294,8.0986653543786,13.6,4.86212851990197,10.2,2,5.53126835853613,0.127685055122528
225,7,0.00151324085750315,0.00655737704918033,0.000756620428751576,0,0,4128.00842569169,10226.6540436644,2724.46366284549,25.0968287396448,7270.874763922,0.103285757743761,0.758923440989092,56.8,205.4,0,5.20617948762977,0.22964112057537,0.111680763067242,0.324337957124842,0.0431273644388398,0.0105926860025221,0.0939201451905626,299.8,23.2,13.04,21.6,6679.9911809914,6797.67341645472,7.64643973561657,14,5.50854196300924,11.6,2,5.20617948762977,0.126651955245089
226,7.8,0.00275551102204409,0.00601202404809619,0.00100200400801603,0,0,4285.25036503171,10684.6050599969,2743.47172778546,24.9967476589955,8208.18801681033,0.108335500636781,0.741966755301755,61.6,205.4,0,6.30572944557761,0.210935960003395,0.121277513716263,0.310871743486974,0.0430861723446894,0.0120240480961924,0.0743944636678201,292.2,25,13.8533333333333,20.6,7125.19428970778,7041.91397766784,7.47281819429797,14.2,4.30922163104282,10,2,6.30572944557761,0.128758003065246
227,7.8,0.00275551102204409,0.00601202404809619,0.00100200400801603,0,0,4285.25036503171,10684.6050599969,2743.47172778546,24.9967476589955,8208.18801681033,0.108335500636781,0.741966755301755,61.6,205.4,0,6.30572944557761,0.210935960003395,0.121277513716263,0.310871743486974,0.0430861723446894,0.0120240480961924,0.0743944636678201,292.2,25,13.8533333333333,20.6,7125.19428970778,7041.91397766784,7.47281819429797,14.2,4.30922163104282,10,2,6.30572944557761,0.128758003065246
228,7.8,0.00145878920495988,0.00680768295647946,0.0012156576707999,0,0,3490.02922942016,9461.03743403521,2453.39003118225,25.3841733638932,7133.9256789042,0.11301715568164,0.713377120006061,60.8,215,0,4.33044069837791,0.10272758964132,0.11376422179451,0.333576464867493,0.0423048869438366,0.0099683929005592,0.0967032967032967,317.4,25.2,14.0933333333333,22.6,6369.45138592482,5009.02130603688,8.37144322524383,16,5.07180848374549,13,2,4.33044069837791,0.126444692856591
229,6.6,0.00144613159797542,0.00506146059291396,0.00144613159797542,0,0,3563.18010134153,9513.85826676376,2531.51449612177,25.3614760241681,6882.74716556263,0.113292712028327,0.713431016298438,61.6,218,0,4.51916043746564,0.107056834699587,0.112398842134794,0.334779464931309,0.0414557724752952,0.0096408773198361,0.0980565371024735,320.2,24.8,13.8666666666667,23.2,6427.52517094326,5450.51636563638,8.41484688211169,16,5.26985961866384,13.6,2,4.51916043746564,0.127313431576511
230,7,0.00246609124537608,0.0061652281134402,0,0,0,3602.57761515831,9562.83232783372,2728.29880151746,24.8907855058772,7717.36854162885,0.0961836714023508,0.672664696037525,60.6,214.8,0,3.28030250471141,0.15196903723028,0.115686893751218,0.332429099876695,0.0416769420468557,0.0108508014796547,0.096342551293488,312.2,18.8,10.4533333333333,21.2,6389.87794278109,9293.25077955908,7.36552644972891,13.8,6.72379907534297,14.4,2,3.28030250471141,0.125160954612093
231,7.4,0.0017232890201871,0.0068931560807484,0.000492368291482029,0,0,3801.35283258387,9867.48626696339,2983.51107668855,24.7132675868361,7711.7740236177,0.100570552776443,0.666384891944421,64,207.8,0,4.31841760277667,0.132216576565262,0.114790694228943,0.346381093057607,0.0420974889217134,0.0118168389955687,0.0832602979842244,325.2,21.6,12.4866666666667,20.4,6650.16912241808,7804.68644905726,7.74838642164718,15.6,4.8945289775173,12,2,4.31841760277667,0.124810622921828
232,6.2,0.00145454545454545,0.00460606060606061,0.00145454545454545,0,0,3052.60436751751,7705.5910514493,891.15320376203,24.962241661348,9615.50428221073,0.121734618556725,0.842369670666433,79.4,248.6,0,10.4907570279372,0.327862149524084,0.1276000128122,0.342060606060606,0.0322424242424242,0.0106666666666667,0.103225806451613,317.6,24.8,13.7466666666667,22.2,6473.28914241162,7868.69872241844,8.22782409968131,15,3.07393303662869,5.8,2,10.4907570279372,0.125229287746434
233,6.4,0.00239291696578129,0.00406795884182819,0.00119645848289064,0,0,3007.77804397786,7383.13216049108,1274.71576610715,25.2698860636124,9613.59773924091,0.126758558786648,0.86889759833728,81.8,271.6,0,8.58831100728103,0.182467381348207,0.109811905748764,0.318018664752333,0.0339794209140943,0.00957166786312515,0.0790759662372279,302.2,26,14.6266666666667,20.4,6754.73030147696,8069.32042553115,10.791009149502,18.6,2.75409661970763,5.6,2,8.58831100728103,0.132400250238657
234,6.4,0.00239291696578129,0.00406795884182819,0.00119645848289064,0,0,3007.77804397786,7383.13216049108,1274.71576610715,25.2698860636124,9613.59773924091,0.126758558786648,0.86889759833728,81.8,271.6,0,8.58831100728103,0.182467381348207,0.109811905748764,0.318018664752333,0.0339794209140943,0.00957166786312515,0.0790759662372279,302.2,26,14.6266666666667,20.4,6754.73030147696,8069.32042553115,10.791009149502,18.6,2.75409661970763,5.6,2,8.58831100728103,0.132400250238657
235,6.4,0.00239291696578129,0.00406795884182819,0.00119645848289064,0,0,3007.77804397786,7383.13216049108,1274.71576610715,25.2698860636124,9613.59773924091,0.126758558786648,0.86889759833728,81.8,271.6,0,8.58831100728103,0.182467381348207,0.109811905748764,0.318018664752333,0.0339794209140943,0.00957166786312515,0.0790759662372279,302.2,26,14.6266666666667,20.4,6754.73030147696,8069.32042553115,10.791009149502,18.6,2.75409661970763,5.6,2,8.58831100728103,0.132400250238657
236,8.6,0.00288392213410238,0.00624849795722182,0.00120163422254266,0,0,3347.75293090829,8511.12621160777,1496.66078603624,24.9951125141848,9695.46229046949,0.122454299849717,0.875853827604506,80.6,265.2,0,9.0417047426761,0.235854731642773,0.121779402771348,0.310742609949531,0.0348473924537371,0.0100937274693583,0.0951167728237792,296,29.2,16,20,6769.44668042689,10271.9718377224,9.98315638376768,16.2,3.07331578511523,6.2,2,9.0417047426761,0.13242579962072
237,7.6,0.000745897563401293,0.00596718050721034,0.00273495773247141,0,0,3134.42782539647,9179.18338239087,1064.64699354286,24.8707681760191,9644.85546212049,0.125382006910432,0.816548468194734,80,256.6,0,9.65817084201133,0.224498062953807,0.116724131300964,0.325459970164097,0.0330681253107907,0.0124316260566882,0.0793791574279379,298.4,25.6,14.4933333333333,21.8,6763.79395843571,6563.15126655333,8.56091708403019,16.2,2.66847691929145,5.2,2,9.65817084201133,0.127906749289198
238,7.6,0.000745897563401293,0.00596718050721034,0.00273495773247141,0,0,3134.42782539647,9179.18338239087,1064.64699354286,24.8707681760191,9644.85546212049,0.125382006910432,0.816548468194734,80,256.6,0,9.65817084201133,0.224498062953807,0.116724131300964,0.325459970164097,0.0330681253107907,0.0124316260566882,0.0793791574279379,298.4,25.6,14.4933333333333,21.8,6763.79395843571,6563.15126655333,8.56091708403019,16.2,2.66847691929145,5.2,2,9.65817084201133,0.127906749289198
239,9.4,0.00170940170940171,0.00659340659340659,0.00317460317460317,0,0,2977.7339829272,8546.21575070662,1112.85957849195,24.7916824480936,9273.99409071505,0.129402281231125,0.820820140328525,81,250.8,0,9.06936074077505,0.17047520920173,0.119450100913145,0.336263736263736,0.0332112332112332,0.011965811965812,0.0758029978586724,312.4,23.8,13.4866666666667,22.8,6987.98299580718,7749.39162467336,8.71414197170605,16,3.27595257647465,6.8,2,9.06936074077505,0.129711268669992
240,8.8,0.00228136882129278,0.00659062103929024,0.00228136882129278,0,0,3009.63571448351,8855.66470760372,1130.5506550496,24.9711764339696,7342.79353637263,0.137038606377767,0.797144748620813,85.2,248.8,0,10.2518852816632,0.254996393551975,0.117134675370916,0.311533586818758,0.0354879594423321,0.00633713561470215,0.0737600678253497,278.8,48.2,26.84,24.4,5188.24096419363,5087.74405834199,10.8298988071271,20,3.93946836819393,9,2,10.2518852816632,0.124867477862786
241,7.4,0.00180878552971576,0.00516795865633075,0.00258397932816537,0,0,3018.90666145937,8035.81292275494,1302.83194085788,24.9684040319466,7772.51656150204,0.140453855616683,0.822187934291154,88,263.4,0,9.36098897228223,0.248385169256431,0.119160378150872,0.321447028423773,0.0356589147286822,0.00697674418604651,0.0639509417433202,281.8,45,26.0866666666667,24.6,5171.0589330566,5293.44141169125,11.0378729132152,20.4,4.01505042250407,8.6,2,9.36098897228223,0.123323478191949
242,7,0.00125817815802718,0.00478107700050327,0.00276799194765979,0,0,2839.73506951971,8018.46637826317,1249.48278388089,25.0739738911948,7484.69243496216,0.1328998286973,0.871012854215819,86.8,260.8,0,8.65368528020422,0.245552872291648,0.108580436043068,0.317815802717665,0.0342224458983392,0.00553598389531958,0.0609381850065761,284.2,41,22.98,23.8,6302.19647858025,5635.27043235379,12.2025340441481,24.4,3.40319266473573,6.6,2,8.65368528020422,0.125421123346184
243,7,0.00127323656735421,0.00585688820982939,0.0017825311942959,0,0,3337.51904900148,8664.28210193685,1413.40014829982,24.4633555591568,7273.54034338238,0.125418848172066,0.826975794267976,78.8,254,0,9.65765331345204,0.276288836211332,0.124214274099671,0.313725490196078,0.0315762668703845,0.00483829895594601,0.0638670166229221,275,46.8,24.2933333333333,23.4,5169.22193266188,4770.08656635897,11.4749472749831,20.4,3.62495211895039,7.2,2,9.65765331345204,0.127930799271485
244,7,0.000778008298755187,0.00700207468879668,0.00129668049792531,0,0,4742.93692071033,11845.8582092066,1602.86809673866,24.8484025613094,9710.66089214025,0.140500543434939,0.913480598549398,90.6,268.4,0,20.4727844622554,0.319537362326076,0.215226021705412,0.22847510373444,0.033195020746888,0.00596473029045643,0.121376811594203,206.4,43.6,23.1866666666667,24.2,6359.84416770868,5278.5681919642,12.0284531850354,24.8,3.63248711479764,7.4,2,20.4727844622554,0.144213562806902
245,5.6,0.00101807075591754,0.00407228302367015,0.00203614151183507,0,0,4572.36709083042,12153.0356566205,1096.93201662925,24.7742375804556,9787.8338119742,0.15081173139619,0.930189156614386,97.6,268.4,0,24.62398213021,0.29261958961725,0.20562733951568,0.236192415372868,0.0348689233901756,0.00814456604734029,0.121144389807778,219.4,44.4,23.4466666666667,24.4,6426.75959418693,5871.72952236714,12.0854658594176,23.8,3.4464920720993,7.2,2,24.62398213021,0.143422881356773
246,5.2,0.000494559841740851,0.00445103857566766,0.00148367952522255,0,0,4413.15074018437,10607.6604265652,1141.27134528079,24.977283418457,9476.96753500623,0.150832521282655,0.930220532505184,97.2,282.2,0,22.1472905920173,0.453110988104878,0.213746233586397,0.23813056379822,0.0328882294757666,0.00816023738872404,0.106700810926163,225.8,40.2,22.3066666666667,25.4,6456.50653411095,5962.148216228,13.5896632751132,25.2,3.18024761952567,6.8,2,22.1472905920173,0.147327820552835
247,5.2,0.000494559841740851,0.00445103857566766,0.00148367952522255,0,0,4413.15074018437,10607.6604265652,1141.27134528079,24.977283418457,9476.96753500623,0.150832521282655,0.930220532505184,97.2,282.2,0,22.1472905920173,0.453110988104878,0.213746233586397,0.23813056379822,0.0328882294757666,0.00816023738872404,0.106700810926163,225.8,40.2,22.3066666666667,25.4,6456.50653411095,5962.148216228,13.5896632751132,25.2,3.18024761952567,6.8,2,22.1472905920173,0.147327820552835
248,5.2,0.000494559841740851,0.00445103857566766,0.00148367952522255,0,0,4413.15074018437,10607.6604265652,1141.27134528079,24.977283418457,9476.96753500623,0.150832521282655,0.930220532505184,97.2,282.2,0,22.1472905920173,0.453110988104878,0.213746233586397,0.23813056379822,0.0328882294757666,0.00816023738872404,0.106700810926163,225.8,40.2,22.3066666666667,25.4,6456.50653411095,5962.148216228,13.5896632751132,25.2,3.18024761952567,6.8,2,22.1472905920173,0.147327820552835
249,6,0.000692360950842372,0.00553888760673898,0.000461573967228248,0.000230786983614124,0,6373.66137880071,15799.6725205752,1754.48991819413,24.8674500079545,8890.12418149531,0.167033652001761,0.919302951068846,104.2,272.2,0,36.2627855188441,0.451486247469929,0.315725451465428,0.220863143318717,0.031617816755135,0.00553888760673898,0.105283018867925,223.6,39.4,21.8866666666667,24.8,6527.13950165591,6849.43086408963,11.8089846149353,20.6,6.82648469458617,12.4,2,36.2627855188441,0.163255158357923
250,6,0.000906207521522429,0.00498414136837336,0.000679655641141822,0.000226551880380607,0,6331.44948014081,15793.2149799443,1726.44245618821,25.0300168392321,8512.57856477784,0.171387394153255,0.944877684560382,107,280,0,37.2286195289868,0.450386635879871,0.312151366466569,0.215224286361577,0.0321703670140462,0.00498414136837336,0.104996379435192,222.8,38.8,21.62,25.2,6391.99860041763,6724.7340861901,11.5056917430464,20.4,7.81838557774473,14.8,2,37.2286195289868,0.166212414006356
251,7.4,0.00166746069556932,0.00643163411148166,0.000714626012386851,0,0,4471.35481900005,10912.8914700096,1372.88588204097,24.9381336037568,7893.93236485431,0.168818883119104,0.920410555218432,109.6,289.8,0,20.8350130291117,0.252361274707711,0.268791379025664,0.209861838970939,0.0309671272034302,0.00595521676989042,0.0766223612197029,207.2,40.4,22.6733333333333,25,5746.56270584131,6526.49100979045,14.139331502948,21.8,5.30559505910338,11.6,2,20.8350130291117,0.158847181151001
252,4.4,0.00098135426889107,0.00294406280667321,0.0014720314033366,0,0,4722.93574537078,10709.6427127147,1346.96845486836,25.0407882376611,8978.51598922658,0.155463918044464,0.926456059670351,102.6,279.6,0,23.0849303371905,0.390807191158171,0.147590070339589,0.21368989205103,0.0326300294406281,0.00785083415112856,0.0954120990661795,207.2,43.4,24.62,24.2,5788.95175299539,4473.26506470756,11.6309790409719,20.6,3.3155204529444,8,2,23.0849303371905,0.129323195895469
253,5.8,0.0016750418760469,0.00358937544867193,0.0016750418760469,0,0,4463.56841792684,10668.3026501792,1640.6468144154,25.109388850169,7389.1718609475,0.160219457512261,0.890339136099046,105.6,275.2,0,17.5618770220088,0.257857439613831,0.156264745390097,0.225173486480019,0.0339794209140943,0.00646087580760948,0.0890625,222,43.6,24.1066666666667,26.2,6139.67661555083,7027.66589367024,14.9958081947146,26.2,6.35044885573033,12.2,2,17.5618770220088,0.133411734644606
254,7.4,0.00152168399695663,0.00608673598782653,0.0017752979964494,0,0,4684.54021699806,11180.1406994777,1836.53377762606,24.6420720199543,6184.35561021285,0.149719280822393,0.841030787518114,95,245.2,0,14.4725690849732,0.164854978616717,0.151110106892305,0.212782145574436,0.0339842759320314,0.00557950798884098,0.096884336320956,199,41,22.8866666666667,25,6887.11672676825,6152.10974213702,17.0652419755388,26,6.38424073661643,12.8,2,14.4725690849732,0.126682638175488
255,4.8,0.000673098496746691,0.00403859098048014,0.000673098496746691,0,0,4477.89956508338,10663.7829323178,1771.85067544983,25.3223171814583,6957.01402508888,0.155465803038539,0.897766188541869,104.8,255.4,0,14.9271060871424,0.216441050739164,0.166618962950252,0.237828135517164,0.0329818263405878,0.00628225263630245,0.159843205574913,247,34.2,18.9733333333333,24,8028.99549694525,10418.6905079335,16.9907461451569,26.8,8.2938500860437,14.4,2,14.9271060871424,0.138046960532899
256,3.4,0,0.00318471337579618,0.000979911807937286,0,0,4541.74683674167,12775.8994887241,1791.50004302596,24.9469103988538,6437.3147669133,0.154176366861127,0.87349903848995,100.8,251.4,0,13.4383805122665,0.262522001251463,0.11598337826458,0.234198922097011,0.0374816266536012,0.006859382655561,0.15886524822695,227.4,37,19.6933333333333,23.2,7627.07241564981,7683.04717039183,15.8222380394397,22,6.69999259232538,12.2,2,13.4383805122665,0.124879485326094
257,5.2,0.000742942050520059,0.00396235760277365,0.00148588410104012,0,0.000247647350173353,2833.29421209176,8211.12243405618,1588.06267885013,24.9790262948021,7881.60487083518,0.143445007770245,0.748551910520596,91.2,232.4,0,5.08618585614551,0.353488865841563,0.102533331706156,0.226349678058445,0.0364041604754829,0.00842000990589401,0.216499761564139,219,28.4,15.7133333333333,25.6,9657.9651765299,11641.4482395132,17.4931942957993,27.2,8.66091261404574,17.8,2,5.08618585614551,0.124433508542616
258,4.8,0.000998003992015968,0.00399201596806387,0.000998003992015968,0,0,3444.99999080673,9945.25326717483,1948.42977610844,25.1805309718738,6946.95266598012,0.137385702717828,0.801191869088983,86.8,251.4,0,6.48265500080212,0.224083083263582,0.106490476519653,0.203842315369261,0.0386726546906188,0.00848303393213573,0.198736637512148,201.2,33.4,18.7266666666667,24.8,9541.55831996766,10143.0554674611,17.2859603584571,25.8,10.2074140480412,20.2,2,6.48265500080212,0.126401012459842
259,5,0.00122549019607843,0.00318627450980392,0.0017156862745098,0,0,3384.93605935744,9134.95116329323,1426.31657727558,24.9112395502086,6470.70862867498,0.142976445222023,0.890845029767931,94.8,241,0,8.4237275911961,0.307161667787811,0.0894454891979735,0.220098039215686,0.0362745098039216,0.00661764705882353,0.193197278911565,214.6,38.6,21.6933333333333,24,8453.59599938929,6695.70939882512,16.6808973830351,26.4,8.19008858822736,15.4,2,8.4237275911961,0.123600074701628
260,5,0.00122549019607843,0.00318627450980392,0.0017156862745098,0,0,3384.93605935744,9134.95116329323,1426.31657727558,24.9112395502086,6470.70862867498,0.142976445222023,0.890845029767931,94.8,241,0,8.4237275911961,0.307161667787811,0.0894454891979735,0.220098039215686,0.0362745098039216,0.00661764705882353,0.193197278911565,214.6,38.6,21.6933333333333,24,8453.59599938929,6695.70939882512,16.6808973830351,26.4,8.19008858822736,15.4,2,8.4237275911961,0.123600074701628
261,5.2,0.00147637795275591,0.00393700787401575,0.000738188976377953,0.000246062992125984,0,4349.86897195318,10356.5332221609,1578.93962280448,24.8938067011838,6619.61150125481,0.148465194167297,0.906502100120441,95.8,256.2,0,13.9037473346658,0.319076191538933,0.108315405346427,0.195127952755905,0.0383858267716535,0.00762795275590551,0.207625172255397,196,38.4,21.36,26.8,8523.84824845493,8150.67940121075,16.5346466707388,27,9.63865947310006,19.6,2,13.9037473346658,0.128417607182628
262,4.4,0.00150829562594268,0.00301659125188537,0.00100553041729512,0,0,4242.50905260774,10346.0194631732,1710.99727515026,24.9570471196343,6479.82136422913,0.141708219828853,0.899979825623808,93.8,255.2,0,12.599161528822,0.303511684104288,0.10995960327907,0.192559074912016,0.0384615384615385,0.0077928607340372,0.221204819277108,190,38.4,21.0533333333333,27,8553.48581686254,8490.78187885559,16.6004247842668,26.6,9.83933837512475,20.2,2,12.599161528822,0.125881258865992
263,5.4,0.00165094339622642,0.0044811320754717,0,0,0.000235849056603774,4108.68080675672,11041.177967913,2274.4587166457,25.2573960466723,6345.01085784408,0.149685227356632,0.872198633115413,100,254.6,0,8.62319506968228,0.201056793396441,0.122034025366229,0.159669811320755,0.0382075471698113,0.00683962264150943,0.216263736263736,173.6,32.6,17.7066666666667,25.8,8340.43208375967,8832.11391868541,14.7897307174839,21,11.4870485140274,23.2,2,8.62319506968228,0.140021635707267
264,5.4,0.000238549618320611,0.00500954198473282,0.000954198473282443,0,0.000238549618320611,4867.82654439912,12071.3158715979,2347.88230739973,25.2565629957291,7066.99815622233,0.154927188331735,0.911462102996132,103,264.4,0,12.064677882913,0.223428193375719,0.119215418114141,0.173425572519084,0.0369751908396947,0.00763358778625954,0.208729472774417,182.8,30.4,16.5466666666667,26,9313.68899562725,9444.60053133314,16.3324622023429,24.4,10.6643506505833,20.6,2,12.064677882913,0.137696543270314
265,3,0.000530363298859719,0.00291699814372845,0.000530363298859719,0,0,3969.14790773384,9737.56035175744,2748.39908963525,31.9048920162831,5249.03616625913,0.168694575569309,0.58366374532913,76.8,182.2,0,4.95426334712475,0.188061010936576,0.241873406062617,0.214001591089897,0.0533015115354018,0.0098117210289048,0.263873775843308,209,36.2,22.5933333333333,25.6,5426.53331777445,5735.13097261586,13.2166532684096,22,7.90770303760353,17.4,3.6,4.95426334712475,0.138895840850943
266,3,0.000530363298859719,0.00291699814372845,0.000530363298859719,0,0,3969.14790773384,9737.56035175744,2748.39908963525,31.9048920162831,5249.03616625913,0.168694575569309,0.58366374532913,76.8,182.2,0,4.95426334712475,0.188061010936576,0.241873406062617,0.214001591089897,0.0533015115354018,0.0098117210289048,0.263873775843308,209,36.2,22.5933333333333,25.6,5426.53331777445,5735.13097261586,13.2166532684096,22,7.90770303760353,17.4,3.6,4.95426334712475,0.138895840850943
267,3,0.000530363298859719,0.00291699814372845,0.000530363298859719,0,0,3969.14790773384,9737.56035175744,2748.39908963525,31.9048920162831,5249.03616625913,0.168694575569309,0.58366374532913,76.8,182.2,0,4.95426334712475,0.188061010936576,0.241873406062617,0.214001591089897,0.0533015115354018,0.0098117210289048,0.263873775843308,209,36.2,22.5933333333333,25.6,5426.53331777445,5735.13097261586,13.2166532684096,22,7.90770303760353,17.4,3.6,4.95426334712475,0.138895840850943
268,3.4,0.000263852242744063,0.00316622691292876,0.00105540897097625,0,0,4484.4042048315,10524.0133017471,1969.26486080924,31.8316231531742,5770.08219004481,0.187699528023315,0.720199852745313,74,184.4,0,9.11785017885899,0.23351828522318,0.280686434601154,0.23377308707124,0.0493403693931398,0.00949868073878628,0.332065217391304,221.8,33,19.8533333333333,26,5598.55071096376,8009.11837206726,13.9581628730086,25,12.0916054698587,25.6,3.8,9.11785017885899,0.133082490421201
269,3.4,0.000263852242744063,0.00316622691292876,0.00105540897097625,0,0,4484.4042048315,10524.0133017471,1969.26486080924,31.8316231531742,5770.08219004481,0.187699528023315,0.720199852745313,74,184.4,0,9.11785017885899,0.23351828522318,0.280686434601154,0.23377308707124,0.0493403693931398,0.00949868073878628,0.332065217391304,221.8,33,19.8533333333333,26,5598.55071096376,8009.11837206726,13.9581628730086,25,12.0916054698587,25.6,3.8,9.11785017885899,0.133082490421201
270,2.4,0.000301841231512225,0.0024147298520978,0.000905523694536674,0,0,2603.54016404996,7168.53266354196,1357.4965422627,31.5999607353454,5313.57144770243,0.162317117005953,0.605578982467623,65,156.8,0,3.85880736910342,0.0873345088006282,0.130492266370503,0.237247207968609,0.0567461515242982,0.0105644431029279,0.350243224461432,201.8,35.4,20.4533333333333,24.2,6373.52922672631,5749.93556694485,14.3554787569947,24.8,8.91987705469679,19,3.6,3.85880736910342,0.114480763279028
271,2.2,0,0.00171330668189606,0.00114220445459737,0.000285551113649343,0,3096.47190885991,8735.90635386706,1682.71470203409,31.7719660604521,4095.02791954069,0.164953188222118,0.594592356070134,67.4,163.8,0,4.75935871854093,0.121825829444778,0.102449591472551,0.245002855511136,0.0519703026841805,0.00828098229583095,0.343850611719253,213.8,42.2,25.34,25.6,3330.62456136273,3557.0765663661,9.37679552523601,18.6,8.97974691502832,21.2,3.8,4.75935871854093,0.106192603677888
272,2.2,0,0.00171330668189606,0.00114220445459737,0.000285551113649343,0,3096.47190885991,8735.90635386706,1682.71470203409,31.7719660604521,4095.02791954069,0.164953188222118,0.594592356070134,67.4,163.8,0,4.75935871854093,0.121825829444778,0.102449591472551,0.245002855511136,0.0519703026841805,0.00828098229583095,0.343850611719253,213.8,42.2,25.34,25.6,3330.62456136273,3557.0765663661,9.37679552523601,18.6,8.97974691502832,21.2,3.8,4.75935871854093,0.106192603677888
273,2.6,0.000258331180573495,0.00258331180573495,0.000258331180573495,0,0.000258331180573495,4287.74132085145,9970.03229582636,2540.65942735119,31.6813475407502,5626.09580721722,0.174730677789073,0.708344590967564,70.8,194.2,0,6.97940899992458,0.12763142949125,0.0970454077493951,0.236889692585895,0.052182898475846,0.00749160423663136,0.28542407313357,229.6,29.4,16.8533333333333,25.8,7112.92817738455,9163.94207380145,14.1986393500345,25.4,12.9329588997798,26.6,3.4,6.97940899992458,0.116375881309004
274,2.2,0.000261096605744125,0.002088772845953,0.000261096605744125,0,0.000261096605744125,3852.78140352193,9091.75079922471,2355.21656476828,31.6008265522283,5789.96425275322,0.173342049660453,0.708022279447737,71.4,193.6,0,6.29644762534894,0.129563062186503,0.0962962424879919,0.230548302872063,0.0530026109660574,0.00757180156657963,0.289928789420142,223,29.8,16.78,25.8,7018.77216279284,8656.25271104534,13.7821435946032,24.8,12.4404255617033,26.4,3.6,6.29644762534894,0.115840866615228
275,1,0,0.000583600817041144,0.000875401225561716,0,0,3126.01345312228,8805.28546013773,1713.26829067064,31.8997489711403,4793.15779047412,0.187172578000561,0.642204604589463,75.2,182.6,0,5.09934626628998,0.184952130895889,0.0941972311351693,0.232564925590896,0.0536912751677852,0.00817041143857601,0.200104493207941,201.8,54.8,35.0266666666667,26.4,3862.01881265444,3606.36843008775,13.1838665267203,24.4,4.72548983432588,11.6,3.4,5.09934626628998,0.103180702567728
276,3.6,0,0.00431530494821634,0.000863060989643268,0,0,3291.69920486573,8871.75410376654,1763.64758913709,31.7781914009157,4671.80253323573,0.182127319856415,0.668128403338415,73,182.2,0,6.00640315495679,0.283575113896599,0.212060751830853,0.224108170310702,0.0546605293440737,0.0071921749136939,0.204653371320038,198.8,51.8,32.3533333333333,24,3431.93472042937,5286.05513015673,10.8318284146174,23.4,7.73538873309668,18,3.6,6.00640315495679,0.110580268883295
277,3.2,0,0.00386215092097445,0.00089126559714795,0,0,3222.75865439077,8712.53933323323,1652.81150720351,31.7151538791113,4885.65953663519,0.181187380101034,0.652646489813326,72.8,181.6,0,5.28587640101652,0.296300115616466,0.121023049706414,0.218360071301248,0.0567439096850862,0.00742721330956625,0.215955284552846,190.2,49.6,31.46,23.4,3483.86277934125,5052.61640035395,10.6239031688753,22.6,6.43103392160245,14.2,3.8,5.28587640101652,0.10749641426912
278,3,0,0.00297860817763336,0.000812347684809098,0.000270782561603033,0,3275.07229265822,8259.12362184718,2095.84658362627,31.7253604216893,6352.4480868603,0.18080324657017,0.646279486868694,75.6,176.2,0,5.15717307472473,0.237141343445899,0.162253721040394,0.232060655293799,0.0522610343893853,0.0121852152721365,0.211974891356832,219,37.8,22.3466666666667,23.4,5209.12694704751,4294.18381773523,10.0698994832911,18,5.79069619471665,12.4,3.4,5.15717307472473,0.114255528708032
279,2.2,0,0.00288831835686778,0.000641848523748395,0,0,2773.4168483004,7672.70107511031,1774.02619537528,31.6139681831498,6527.55360848262,0.172406730782587,0.558019511343088,71.2,172.8,0,2.76339987898745,0.203258845039672,0.0894644686247856,0.214377406931964,0.0587291399229782,0.0150834403080873,0.20193401592719,179.6,39,25.02,25.6,4393.82347252686,5123.30915014706,9.580961949348,19.8,5.49396052809349,11.4,3.6,2.76339987898745,0.0980931692610013
280,2.2,0,0.00288831835686778,0.000641848523748395,0,0,2773.4168483004,7672.70107511031,1774.02619537528,31.6139681831498,6527.55360848262,0.172406730782587,0.558019511343088,71.2,172.8,0,2.76339987898745,0.203258845039672,0.0894644686247856,0.214377406931964,0.0587291399229782,0.0150834403080873,0.20193401592719,179.6,39,25.02,25.6,4393.82347252686,5123.30915014706,9.580961949348,19.8,5.49396052809349,11.4,3.6,2.76339987898745,0.0980931692610013
281,2,0,0.00258064516129032,0.000645161290322581,0,0,2779.36190977625,7685.95048654671,1775.46565498677,31.63570144442,6542.90660619612,0.173210680274376,0.562479518184214,71.4,172.2,0,2.82715095701826,0.202473368610941,0.0899445562543951,0.215483870967742,0.0590322580645161,0.0151612903225806,0.199087278950371,179.6,39,25.02,25.4,4393.82347252686,5123.30915014706,9.580961949348,19.8,5.48880320602745,11.4,3.8,2.82715095701826,0.098077238342392
282,2.4,0.000596480763495377,0.00208768267223382,0.000596480763495377,0.000298240381747689,0,4619.73275049877,11979.1473960592,2185.87752302135,31.9497786924315,6007.10725068882,0.17612430349118,0.67664811296486,72.6,198.4,0,8.40264026061484,0.241346100481741,0.160210729992556,0.179838950193856,0.05934983596779,0.0113331345064122,0.236625514403292,168,41.8,26.4733333333333,24.8,4271.66427741437,4127.63258730309,11.1266991249281,20,5.72991472878025,13,4,8.40264026061484,0.107116579865984
283,2.6,0,0.00318655851680185,0.000289687137891078,0.000289687137891078,0,4669.56735604309,10464.7914922816,3837.24722241591,31.5329229707157,5128.31024887349,0.174729723570312,0.62144810363877,72.2,188.6,0,3.465486860353,0.14956624236771,0.107070234523528,0.172363847045191,0.0640208574739282,0.00753186558516802,0.131486146095718,168.4,38.4,21.2266666666667,25.2,6689.46026291049,4904.5947708306,12.0177194313354,20.4,6.62795815936122,15.2,3.2,3.465486860353,0.114534984178232
284,3,0,0.00409476455103832,0.000292483182217023,0,0,5047.83419777168,11183.9562943477,3105.3474621882,31.8530050124782,5891.28730070698,0.165174480996332,0.57192274602371,69.4,189.8,0,6.7782340654998,0.199189517806958,0.104451319364162,0.189236618894414,0.0687335478210003,0.00789704591985961,0.129684418145957,181.8,35.6,20.0533333333333,23.6,7259.26531622715,6360.12041959948,12.1706718863205,20.6,5.84299326425068,11.8,3.4,6.7782340654998,0.110823059969672
285,2.2,0,0.00230414746543779,0.000864055299539171,0,0,5088.52523347793,11489.0797167309,3224.8061613686,31.4095135789937,5298.07510137058,0.171332564568376,0.603284461886913,72.4,192.8,0,8.62059656273358,0.123628242294468,0.09947174723377,0.185195852534562,0.0648041474654378,0.00777649769585253,0.144131455399061,179,36.2,21.1533333333333,24.2,5409.84540039941,5535.74157058766,10.4266317855346,18.8,7.8950149767909,17,3.4,8.62059656273358,0.112295512627951
286,3.2,0,0.00409102531321913,0,0,0,6032.30406453515,12659.4697954163,3523.72549839657,31.668436755919,5910.27446814911,0.187758278918621,0.770789716659268,77.4,214.4,0,9.65722579039294,0.18113954201327,0.229268952861252,0.176681155714651,0.0598312452058297,0.00946049603681923,0.135344476151651,192.4,36.8,23.1733333333333,23,5294.99978822466,7532.19476535477,11.7362619356921,21.2,9.54711050936864,18.8,3.6,9.65722579039294,0.123610556531321
287,3.2,0,0.00409102531321913,0,0,0,6032.30406453515,12659.4697954163,3523.72549839657,31.668436755919,5910.27446814911,0.187758278918621,0.770789716659268,77.4,214.4,0,9.65722579039294,0.18113954201327,0.229268952861252,0.176681155714651,0.0598312452058297,0.00946049603681923,0.135344476151651,192.4,36.8,23.1733333333333,23,5294.99978822466,7532.19476535477,11.7362619356921,21.2,9.54711050936864,18.8,3,9.65722579039294,0.123610556531321
288,2.8,0,0.0024443901246639,0.000977756049865558,0,0,6667.77245192872,14140.3724145216,3864.54771366691,31.7444464062195,7175.02520405774,0.194539802631978,0.783556713455317,82.2,214,0,12.5705438693323,0.30345172865368,0.286926769536346,0.188951356636519,0.0567098508922024,0.00806648741139086,0.131680867544539,207.6,32.2,17.5,24.4,8687.4237273975,9706.47584089926,14.3695705543146,22.6,10.9341822868319,19.6,2.6,12.5705438693323,0.134426755089838
289,3.6,0,0.00443516827550222,0.00026089225150013,0,0,6268.82466610969,14185.2318282421,3235.85951225554,32.1177472603569,6955.11507798726,0.200589960294863,0.810674480696102,84,218.6,0,14.3297086721213,0.226499634003824,0.222971578590487,0.172449778241586,0.0573962953300287,0.00991390555700496,0.121724429416737,183.8,36.8,23.8466666666667,26.2,4038.75897272958,4218.25237496032,11.1653923508404,21.2,7.19611813173587,15.2,3.4,14.3297086721213,0.126352057752423
290,3.4,0,0.00405268490374873,0.000253292806484296,0,0,6590.6144703508,15899.1057782022,3314.19297911323,31.7350479555734,7389.65741116486,0.198564943410491,0.824657700783125,80.8,223.8,0,16.7858074372047,0.175247132848158,0.255141705140923,0.18338399189463,0.0577507598784195,0.00911854103343465,0.159490333919156,197.6,23,10.6466666666667,23.2,11162.4270618322,18024.9929910813,11.6653922322898,18.6,9.80921182867671,18.4,2.8,16.7858074372047,0.126614077471649
291,3.4,0,0.00405268490374873,0.000253292806484296,0,0,6590.6144703508,15899.1057782022,3314.19297911323,31.7350479555734,7389.65741116486,0.198564943410491,0.824657700783125,80.8,223.8,0,16.7858074372047,0.175247132848158,0.255141705140923,0.18338399189463,0.0577507598784195,0.00911854103343465,0.159490333919156,197.6,23,10.6466666666667,23.2,11162.4270618322,18024.9929910813,11.6653922322898,18.6,9.80921182867671,18.4,2.8,16.7858074372047,0.126614077471649
292,3.8,0,0.00451693851944793,0.000250941028858218,0,0,6337.81863417801,14573.6092020922,3312.03230629839,31.5755761325158,7624.21882123939,0.223990364543601,0.861869076644857,86.8,241.2,0,17.2507890668285,0.278993540810413,0.21915083858043,0.159598494353827,0.0542032622333752,0.00903387703889586,0.115654688145394,177.6,35.8,23.2,24,3386.71114140555,4913.47268095108,7.34821534324572,15.4,4.49908539051289,11.4,3,17.2507890668285,0.130062115056482
293,3.4,0.000808189655172414,0.00323275862068966,0.000269396551724138,0.000269396551724138,0,6242.30133513402,13664.4442599265,3311.45143233898,31.7646497292815,7588.19243035738,0.19581829917794,0.831349076758542,80.4,224,0,15.294574374485,0.164838737459522,0.222177984309634,0.172683189655172,0.060614224137931,0.0099676724137931,0.100844277673546,180.6,34,21.1466666666667,23.6,3325.92009205842,3403.44106942408,7.5937252338592,16.8,5.02811483324825,11.2,3,15.294574374485,0.123791066670621
294,3.4,0.000808189655172414,0.00323275862068966,0.000269396551724138,0.000269396551724138,0,6242.30133513402,13664.4442599265,3311.45143233898,31.7646497292815,7588.19243035738,0.19581829917794,0.831349076758542,80.4,224,0,15.294574374485,0.164838737459522,0.222177984309634,0.172683189655172,0.060614224137931,0.0099676724137931,0.100844277673546,180.6,34,21.1466666666667,23.6,3325.92009205842,3403.44106942408,7.5937252338592,16.8,5.02811483324825,11.2,3,15.294574374485,0.123791066670621
295,3.4,0.00024703557312253,0.00345849802371542,0.000494071146245059,0,0,6237.28692913302,14913.4144867679,2992.26622723676,31.7633408882543,7978.60737384263,0.210816188659792,0.854995088118092,87.2,242.4,0,16.8504763075183,0.15845735494575,0.219002873756192,0.167243083003953,0.0536067193675889,0.0113636363636364,0.128109452736318,188,30.8,19.6866666666667,24,3665.33517944857,5411.53082846715,7.96409450148222,15.8,6.04613124637288,15.4,2.8,16.8504763075183,0.131512718235678
296,4,0,0.00426666666666667,0.00106666666666667,0,0,5641.79459567495,14284.7172320284,2743.42980271395,31.4516978354525,8506.89962152964,0.221882614982256,0.823343944600319,86.8,235.8,0,15.9187650935332,0.252313181017449,0.224780334301162,0.175733333333333,0.0573333333333333,0.0117333333333333,0.105098389982111,183.6,38.4,23.8466666666667,25,4488.30386793022,6468.11064265363,9.70563084429844,19.2,4.40275208751225,10,2.6,15.9187650935332,0.122155578755249
297,2.6,0,0.00283505154639175,0.000515463917525773,0,0,6259.46760489435,14459.6038544885,2833.59972987829,31.3974073395958,8308.10531885007,0.139215147205061,0.877033383886729,78.2,243.6,0,16.9924500678109,0.287052129049837,0.218786200113827,0.169587628865979,0.0554123711340206,0.00979381443298969,0.038938810440736,182.2,33.2,21.08,25,3432.10446868179,6428.53909989177,7.89299059830371,16.6,6.04602381878157,13.6,2.8,16.9924500678109,0.122248282497608
298,3.8,0,0.00421052631578947,0.000789473684210526,0,0,6733.9588504945,14893.4073162607,2729.95045711608,31.5188845302226,8674.55363029665,0.15835091203325,0.93855480384546,87.4,254.4,0,25.6047321623944,0.248654883767349,0.212059838713485,0.121578947368421,0.0565789473684211,0.00763157894736842,0.0521966072205307,141.2,42.8,23.96,23.8,6429.00690149504,5916.33082366905,12.6258583334474,23,3.3763271065869,9.2,3,25.6047321623944,0.130792155951352
299,3.6,0,0.00349301397205589,0.000748502994011976,0,0.000249500998003992,6413.0405184348,14434.583866907,2656.40439907942,31.5762816360908,8336.26686155496,0.149003644968341,0.91159345875868,86.8,249.4,0,23.5600345648445,0.283530595960221,0.225806925228638,0.130988023952096,0.0538922155688623,0.00798403193612774,0.0827100747910251,154.6,29.75,11.9466666666667,23,9572.3540534231,9686.40130956253,14.6601624776375,22.8,7.89193463359874,15.8,2.2,23.5600345648445,0.137334409948585
300,5.6,0,0.00717321997874601,0.00026567481402763,0,0,6185.85226197746,13710.3871195871,3334.23552373188,31.8726376737256,5893.21115842421,0.131542532680984,0.84276228526212,76.6,238,0,12.9079802397461,0.356795884485776,0.233116278289167,0.117428267800213,0.063230605738576,0.0100956429330499,0.0842245989304813,143.6,31.8,17.6866666666667,25.8,9482.58104161943,8069.90950716868,10.8701450083748,18.2,13.4795386901212,32.2,3,12.9079802397461,0.13239528667659
301,5.6,0,0.00717321997874601,0.00026567481402763,0,0,6185.85226197746,13710.3871195871,3334.23552373188,31.8726376737256,5893.21115842421,0.131542532680984,0.84276228526212,76.6,238,0,12.9079802397461,0.356795884485776,0.233116278289167,0.117428267800213,0.063230605738576,0.0100956429330499,0.0842245989304813,143.6,31.8,17.6866666666667,25.8,9482.58104161943,8069.90950716868,10.8701450083748,18.2,13.4795386901212,32.2,3,12.9079802397461,0.13239528667659
302,1.6,0,0.00294365012615643,0.000420521446593776,0,0,3616.96190908031,8784.7422638051,3341.41120126656,31.4236825342497,6227.58278059618,0.0926562293900453,0.470356996150717,52.2,152.4,0,1.04913366646061,0.0690667121308252,0.0017162765568505,0.153069806560135,0.0979814970563499,0.0138772077375946,0.097444089456869,126,29.6,13.7866666666667,22,8629.91772257194,6976.51446003035,8.73816808395815,14.6,6.32185575540774,14,2.8,1.04913366646061,0.127985181064247
303,3,0,0.00545454545454545,0.00136363636363636,0,0,3521.10641856407,8882.87377770219,3259.21356257465,31.7289324744248,6458.52133529859,0.0879049025738597,0.445025570107647,47.8,147,0,0.771325310114698,0.0647690942707507,0.000736372722988436,0.166818181818182,0.104545454545455,0.0172727272727273,0.120938628158845,127,27.8,14.16,21.2,7589.33088280445,4958.98427678942,8.57059549586309,14.6,4.74073092378724,9.8,2.6,0.771325310114698,0.185342352873848
304,3,0,0.00545454545454545,0.00136363636363636,0,0,3521.10641856407,8882.87377770219,3259.21356257465,31.7289324744248,6458.52133529859,0.0879049025738597,0.445025570107647,47.8,147,0,0.771325310114698,0.0647690942707507,0.000736372722988436,0.166818181818182,0.104545454545455,0.0172727272727273,0.120938628158845,127,27.8,14.16,21.2,7589.33088280445,4958.98427678942,8.57059549586309,14.6,4.74073092378724,9.8,2.6,0.771325310114698,0.185342352873848
305,3.4,0,0.00667189952904239,0,0,0,4774.3800500652,10226.4845977585,3764.43695724049,24.9310532804056,5806.97322282394,0.102986456201456,0.63306664377487,57.2,175,0,2.84540270787771,0.167295187128284,0.00253582278097662,0.171899529042386,0.0953689167974882,0.0121664050235479,0.141148325358852,142.4,30.25,12.5466666666667,21.4,7443.32606531854,6357.09552577842,11.7423193670804,20,8.38927107542536,14.8,2.4,2.84540270787771,0.15899921686365
306,3.4,0,0.00667189952904239,0,0,0,4774.3800500652,10226.4845977585,3764.43695724049,24.9310532804056,5806.97322282394,0.102986456201456,0.63306664377487,57.2,175,0,2.84540270787771,0.167295187128284,0.00253582278097662,0.171899529042386,0.0953689167974882,0.0121664050235479,0.141148325358852,142.4,30.25,12.5466666666667,21.4,7443.32606531854,6357.09552577842,11.7423193670804,20,8.38927107542536,14.8,2.4,2.84540270787771,0.15899921686365
307,5,0,0.00936863543788187,0.000814663951120163,0,0,4232.45895729784,9273.83335437229,3944.08452546605,25.054648561683,6605.74203478734,0.0887021739765735,0.49181994132778,51.2,160.8,0,0.753756100913678,0.0491381514447079,0.000665322416415472,0.181262729124236,0.094908350305499,0.0167006109979633,0.136480686695279,143.8,24.4,14.3266666666667,23.2,4017.07148704391,4656.43980174223,6.7933891104505,13.8,4.85512570182774,11.6,2.2,0.753756100913678,0.211471892971055
308,5,0,0.00936863543788187,0.000814663951120163,0,0,4232.45895729784,9273.83335437229,3944.08452546605,25.054648561683,6605.74203478734,0.0887021739765735,0.49181994132778,51.2,160.8,0,0.753756100913678,0.0491381514447079,0.000665322416415472,0.181262729124236,0.094908350305499,0.0167006109979633,0.136480686695279,143.8,24.4,14.3266666666667,23.2,4017.07148704391,4656.43980174223,6.7933891104505,13.8,4.85512570182774,11.6,2.2,0.753756100913678,0.211471892971055
309,2.2,0,0.00489541611036938,0,0,0,3768.60551869226,8737.62615379665,3632.43722250935,24.716007758633,5939.5407332897,0.0779036724384469,0.384821675220943,45.8,141,0,0.628236323838477,0.0509245431837961,0.000564522055292249,0.177125055629729,0.10636404094348,0.0151312861593235,0.156639004149378,134.2,25.4,13.6533333333333,21.2,6054.25496782575,6203.2955183591,6.12693886982837,12,3.67007590118827,9.2,2.4,0.628236323838477,0.185463074643641
310,2.2,0,0.00489541611036938,0,0,0,3768.60551869226,8737.62615379665,3632.43722250935,24.716007758633,5939.5407332897,0.0779036724384469,0.384821675220943,45.8,141,0,0.628236323838477,0.0509245431837961,0.000564522055292249,0.177125055629729,0.10636404094348,0.0151312861593235,0.156639004149378,134.2,25.4,13.6533333333333,21.2,6054.25496782575,6203.2955183591,6.12693886982837,12,3.67007590118827,9.2,2.4,0.628236323838477,0.185463074643641
311,5.2,0,0.00994431185361973,0.000397772474144789,0,0,4557.37219901578,9856.10843187464,3597.36201441791,24.9678685582131,6820.36127598429,0.0984022892405618,0.609170614960404,56.2,171.8,0,2.99433256922638,0.0883815606073751,0.022306929885811,0.13285600636436,0.0926809864757359,0.0202863961813842,0.0824742268041237,123.6,24.2,13.7333333333333,24.8,5033.57257006716,5480.53194786158,6.57860248874641,14.4,5.77297835693045,17.4,2.8,2.99433256922638,0.197348787601402
312,4.2,0.000445632798573975,0.00802139037433155,0.00089126559714795,0,0,4501.08026209145,10016.0594218064,3576.03275649559,24.472411676821,7237.5836145361,0.0888887336950759,0.45747869313769,51.2,147.8,0,1.91340416001368,0.0604996491551688,0.0130194675125414,0.146167557932264,0.10650623885918,0.0191622103386809,0.163405088062622,122,22.6,9.02,22.8,12466.7623603224,11501.9346736616,8.15306414906786,14.4,6.20800778078793,12.4,1.8,1.91340416001368,0.139652956433368
313,4,0,0.00812660393498717,0.000427715996578272,0,0,4347.11398235537,9906.01460264321,3857.34812802312,25.2735898828065,5453.44995392291,0.0920239559672226,0.445309492410516,53,152.6,0,1.06265516909559,0.0701079739917763,0.0511579319477391,0.131736526946108,0.0979469632164243,0.0132591958939264,0.156862745098039,113.6,23.25,8.86,23.8,8821.14610305692,8265.05086944766,8.67086740567264,15.8,7.99542962941369,18.6,1.6,1.06265516909559,0.175917097947923
314,4,0,0.00925024342745862,0,0,0.000486854917234664,4017.58226517403,9251.51908760299,4041.84277116785,24.8562084303778,6209.91279496489,0.094546825362521,0.442373818199748,52.8,148.6,0,0.755717725362278,0.0877922787960118,0.000460552223942483,0.156767283349562,0.107594936708861,0.0131450827653359,0.156959526159921,114,26.75,8.08666666666667,22.8,11681.0023864788,11727.367483675,10.1947377470433,18.2,8.83925889203124,16.6,1.4,0.755717725362278,0.198854771972453
315,3.2,0,0.00719769673704415,0.000479846449136276,0,0,3852.27844869573,8579.6159031137,3867.87896858138,25.0860019455101,6203.58261637841,0.0921555852807769,0.44537170901863,51,155.8,0,0.663830143677828,0.133215236831651,0.000766273267175707,0.149712092130518,0.10700575815739,0.0110364683301344,0.174134419551935,111.6,27,6.46666666666667,23.2,20216.4701165542,18155.9563753612,12.8463752965031,21.2,8.19581231698978,15.8,1.2,0.663830143677828,0.164800402362569
316,3.2,0,0.00719769673704415,0.000479846449136276,0,0,3852.27844869573,8579.6159031137,3867.87896858138,25.0860019455101,6203.58261637841,0.0921555852807769,0.44537170901863,51,155.8,0,0.663830143677828,0.133215236831651,0.000766273267175707,0.149712092130518,0.10700575815739,0.0110364683301344,0.174134419551935,111.6,27,6.46666666666667,23.2,20216.4701165542,18155.9563753612,12.8463752965031,21.2,8.19581231698978,15.8,1.2,0.663830143677828,0.164800402362569
317,1.2,0,0.00268937696100403,0,0,0,5767.84397812271,12287.5421242706,5118.53842401996,25.2118124485114,6440.54682591461,0.0902303913771856,0.511812034900571,48.8,156.6,0,2.40700682977848,0.0931486072005219,0.439443839416744,0.136709995517705,0.0797848498431197,0.0156880322725235,0.143501805054152,103.6,23.4,6.36,24,21222.8820820969,14041.0402030141,11.312993684276,18.4,10.5091998283183,20.8,1.4,2.40700682977848,0.216483063117806
318,1.2,0,0.00268937696100403,0,0,0,5767.84397812271,12287.5421242706,5118.53842401996,25.2118124485114,6440.54682591461,0.0902303913771856,0.511812034900571,48.8,156.6,0,2.40700682977848,0.0931486072005219,0.439443839416744,0.136709995517705,0.0797848498431197,0.0156880322725235,0.143501805054152,103.6,23.4,6.36,24,21222.8820820969,14041.0402030141,11.312993684276,18.4,10.5091998283183,20.8,1.4,2.40700682977848,0.216483063117806
319,1.2,0,0.00268937696100403,0,0,0,5767.84397812271,12287.5421242706,5118.53842401996,25.2118124485114,6440.54682591461,0.0902303913771856,0.511812034900571,48.8,156.6,0,2.40700682977848,0.0931486072005219,0.439443839416744,0.136709995517705,0.0797848498431197,0.0156880322725235,0.143501805054152,103.6,23.4,6.36,24,21222.8820820969,14041.0402030141,11.312993684276,18.4,10.5091998283183,20.8,1.4,2.40700682977848,0.216483063117806
320,3.6,0.000419991600167997,0.00671986560268795,0.000419991600167997,0,0,5865.33842537251,12345.6634119908,5235.81060047889,25.086172923364,6343.48674498662,0.096706750796724,0.53595704042582,51.2,166.6,0,2.37067525491672,0.128462457665729,0.44139349318613,0.136917261654767,0.0726585468290634,0.0176396472070559,0.157676348547718,108.2,21.2,7.98666666666667,24,14083.6908553665,12691.4399194613,8.58385245125416,15.4,11.1939007125452,22.6,1.8,2.37067525491672,0.237676319833715
321,3.8,0.000424088210347752,0.00720949957591179,0.000424088210347752,0,0,5838.58817212958,12342.0384236501,5286.77679783826,25.0489130604445,6176.98084082799,0.0938933262616625,0.512539859918761,50.6,162,0,2.27007070749354,0.123296347902823,0.439968544288924,0.138676844783715,0.0733672603901612,0.0178117048346056,0.166522864538395,108.4,21.2,7.98666666666667,24.2,14204.1489227666,12576.083694138,8.6618213882688,16,11.2078000744859,22.2,1.8,2.27007070749354,0.222372243638221
322,3.8,0.000424088210347752,0.00720949957591179,0.000424088210347752,0,0,5838.58817212958,12342.0384236501,5286.77679783826,25.0489130604445,6176.98084082799,0.0938933262616625,0.512539859918761,50.6,162,0,2.27007070749354,0.123296347902823,0.439968544288924,0.138676844783715,0.0733672603901612,0.0178117048346056,0.166522864538395,108.4,21.2,7.98666666666667,24.2,14204.1489227666,12576.083694138,8.6618213882688,16,11.2078000744859,22.2,1.8,2.27007070749354,0.222372243638221
323,2.6,0.000456412596987677,0.00502053856686445,0.000456412596987677,0,0,4908.45837310887,11277.4117319222,5234.4044012134,24.9584510364156,6738.82587607968,0.081674425914836,0.456051924072028,45.4,145.4,0,0.795113956091668,0.11012509052453,0.00118484654177829,0.156093108169785,0.0780465540848927,0.0173436786855317,0.160865475070555,110.2,19.2,7.64666666666667,21.8,13958.4316711782,13495.6678245946,7.68796524924204,13.6,8.15586746619908,16.8,1.8,0.795113956091668,0.210778296103259
324,2.6,0.000456412596987677,0.00502053856686445,0.000456412596987677,0,0,4908.45837310887,11277.4117319222,5234.4044012134,24.9584510364156,6738.82587607968,0.081674425914836,0.456051924072028,45.4,145.4,0,0.795113956091668,0.11012509052453,0.00118484654177829,0.156093108169785,0.0780465540848927,0.0173436786855317,0.160865475070555,110.2,19.2,7.64666666666667,21.8,13958.4316711782,13495.6678245946,7.68796524924204,13.6,8.15586746619908,16.8,1.8,0.795113956091668,0.210778296103259
325,5.6,0,0.011443661971831,0.000440140845070423,0.000440140845070423,0,4754.05359282688,11280.2767479872,4638.21862793599,25.3068813567392,4983.84786823284,0.0769781257718421,0.44242767359438,45,149.8,0,0.981633317199722,0.0855518866994949,0.0041979192212892,0.150088028169014,0.0752640845070423,0.00924295774647887,0.17619926199262,106.6,22.4,7.54,21.4,16028.9115633434,16324.6883394054,9.95625427284461,18.6,9.33818991698728,18.8,1.6,0.981633317199722,0.124536897813381
326,6.2,0.000435161009573542,0.0121845082680592,0,0.000435161009573542,0.000435161009573542,5195.39273693908,11538.7887310547,4833.80587779783,24.8657702924132,3231.68789650143,0.0886060054687534,0.598707976636407,51.6,179.2,0,1.6712589040271,0.211076924519297,0.00208160164440993,0.15361183637946,0.0718015665796345,0.00565709312445605,0.129283489096573,106.2,103.666666666667,22.6133333333333,27.2,9181.54458245635,6533.621881014,19.8916353178886,31,23.4787375234807,53.6,1.2,1.6712589040271,0.204649157463501
327,4,0,0.00815956482320943,0,0,0.000906618313689937,5685.26976200777,12394.1033423664,5237.13290379601,24.8429578306279,4340.49699530716,0.0747578338867993,0.550805792165494,40.6,158.6,0,2.33411110898013,0.271571721493935,0.00197187967004969,0.164097914777879,0.0797824116047144,0.0117860380779692,0.226851851851852,112.8,89,23.44,27.4,11500.8349256536,11263.6698098644,14.1586808986733,24.2,24.848850509148,50.6,1.6,2.33411110898013,0.168277891766672
328,3.6,0,0.00839091806515301,0.000493583415597236,0,0,4643.3381850349,11011.3385869718,4631.73506285241,24.8722343355397,3316.38364596207,0.0726458516872788,0.345235466279434,40.4,132,0,0.807389072416494,0.0868868380000965,0.000822094747267052,0.26258637709773,0.0829220138203356,0.00839091806515301,0.120328167730173,143.4,83,28.7266666666667,27.8,8627.22655164193,5859.27444501786,12.6399658349103,25.4,10.3616617591706,30.6,1.6,0.807389072416494,0.12055687253214
329,3.4,0,0.00752878653675819,0,0,0,5106.68224900522,11259.5455270507,5100.72975399794,24.3996717631349,3574.18073008152,0.0738014461077221,0.41404751179296,42.8,140.6,0,0.559069151670508,0.111963156194861,0.00047352307102781,0.259078830823738,0.0775022143489814,0.0137289636846767,0.17097966728281,158.2,85,26.8066666666667,27.8,5188.83660774283,5882.88693845326,11.7427116994746,24,18.5792983910588,40.8,1.2,0.559069151670508,0.096269823188092
330,3.2,0,0.00703296703296703,0,0,0,5145.40259592644,11307.7230083473,5142.1514637957,24.4154861182637,3563.15752721759,0.0744833440319527,0.424814868298534,43.8,139.8,0,0.624350308904918,0.11000273186965,0.000854408792123993,0.262417582417582,0.076043956043956,0.0131868131868132,0.176790571169538,160,85.5,26.6866666666667,27.8,5177.73060612561,5882.88693845326,11.4935264959987,22.6,19.0538364963759,42.4,1.2,0.624350308904918,0.0885385891010672
331,2.6,0.000243013365735115,0.00170109356014581,0.00121506682867558,0,0,4563.29332556953,11954.6131979978,2037.52503100489,34.9841956120296,8704.93159641093,0.145411411273475,0.861371254820581,81.8,227.4,0,11.2722420085027,0.18811627086396,0.178491030678927,0.28408262454435,0.0335358444714459,0.00534629404617254,0.101466508125248,265.8,17.6,6.93333333333333,20.4,17162.7596148704,14196.597225805,15.3233333169332,24.2,3.30260803310744,5.2,1.4,11.2722420085027,0.128694909756459
332,1.4,0.00049079754601227,0.00122699386503067,0,0,0,4747.41675391356,11622.605393212,2231.89921550646,28.2261657991327,8441.71082516429,0.138720076405698,0.766866837957055,77.8,207.6,0,11.660974564034,0.225343319995999,0.121699017639765,0.289325153374233,0.0333742331288344,0.00588957055214724,0.0887688151292937,267.8,19,7.97333333333333,19.6,14391.0393954909,7228.45228454363,12.7264595213926,20.6,2.70367902750683,4.4,1.4,11.660974564034,0.124222884553268
333,1.6,0.00051666236114699,0.00103332472229398,0.00051666236114699,0,0,4370.68017080244,10625.5662659995,2094.56194653696,28.740207193203,7151.49238138394,0.1360130346665,0.807981730900902,77.2,204,0,9.1415324907748,0.0773287038733948,0.100196997051718,0.277447687935934,0.0387496770860243,0.00645827951433738,0.0831600831600832,249.8,20,13.2533333333333,20.6,3999.99405158181,4816.8179702497,8.94793711709342,15.8,2.39096655065218,4.8,3.2,9.1415324907748,0.120237340153624
334,1.8,0.000474608448030375,0.00166112956810631,0,0,0,4235.98181468687,10971.0477499336,2347.22178160796,28.3279191456968,7422.67328091239,0.141152064554705,0.840078281720831,82.6,214,0,8.90467520189288,0.27248846778121,0.104613236255346,0.294257237778832,0.0320360702420503,0.00450878025628856,0.0868754660700969,278.8,22,11.4066666666667,20.6,8616.32829263089,11520.2434564009,11.8155915162417,19.2,2.74693638469274,5.2,2.2,8.90467520189288,0.126074803748326
335,1.2,0.000216216216216216,0.000864864864864865,0.000216216216216216,0,0,5329.92383007015,13275.2376916271,2062.77810362371,28.3341325530455,7636.81596066329,0.14819014662767,0.845672339406121,84.2,204.8,0,13.7720975557695,0.172756196385712,0.130125460377761,0.306594594594595,0.0302702702702703,0.00691891891891892,0.155679702048417,318,13.6,9.03333333333333,15.4,6515.45381070521,8720.33132930049,7.91224587844793,13.8,2.70399078778871,4,3,13.7720975557695,0.138413318523895
336,1.4,0,0.000894854586129754,0.000671140939597315,0,0,3110.12471105303,9239.20540480115,2131.9699508417,28.5427866087479,6546.00888052155,0.115840120058255,0.672390830393501,78.6,204.2,0,3.45818285319352,0.0780824171193867,0.114639034874943,0.303355704697987,0.0335570469798658,0.00536912751677852,0.153974198918019,306,13.6,8.50666666666667,16,7082.4351108411,6015.08573079619,7.93514240406762,14,2.26836334924248,4.2,3.2,3.45818285319352,0.133508915452183
337,2.4,0,0.00162752848174843,0.00116252034410602,0,0,4054.68583454047,10102.7138924465,2780.02988433148,28.5375910779767,9173.40322988521,0.123497070675876,0.778509147198353,83,224.4,0,5.31629764562898,0.208880827309937,0.131222511703821,0.273424784933736,0.0353406184608231,0.00883515461520577,0.156701030927835,273.2,12.2,7.54,18,8843.35066162787,20302.2004738519,8.46855733279989,15.8,2.74240181272901,5.6,3,5.31629764562898,0.134587307160004
338,2.2,0,0.00115127791848952,0.00115127791848952,0.000230255583697905,0,4038.03775034737,10078.9550381233,2661.62388241317,28.6639051663027,9188.01393798051,0.122575683993124,0.77758911056613,79.4,225.2,0,5.09415251476384,0.306171734412847,0.129901893055582,0.278609256274465,0.0349988487220815,0.00874971218052038,0.159834368530021,280,13.2,8.26666666666667,18.4,8251.47689537627,20302.2004738519,8.34905262012698,16,3.41290231311064,6.4,3,5.09415251476384,0.136900438865167
339,3.4,0,0.0032014635261834,0.000686027898467871,0,0,4047.78832119451,11076.2221599883,3009.66898733861,28.5194339703083,7038.43879902714,0.122341506937936,0.700923150466242,81,228.2,0,4.0079352658885,0.217569859549714,0.135870935285943,0.275325863251772,0.0338440429910816,0.0064029270523668,0.161393672406888,276,14.6,9.02,17.8,8145.72644413951,4402.76711027759,9.40444198752946,14,4.62803320608176,7.8,2.6,4.0079352658885,0.136038632453917
340,7.2,0.000678579506898892,0.00633340873105632,0.00113096584483149,0,0,3850.31758192725,11058.2006812725,2581.98475194843,28.6597665196794,7690.5057212714,0.125240314290229,0.729420298595227,82.4,236,0,4.73924006530846,0.205773502133589,0.132942260373726,0.268943677900927,0.0337027821759783,0.00542863605519113,0.16511533791987,272.4,14.2,7.89333333333333,18.6,11232.0164178137,13685.333543901,9.61394688940739,15.8,3.32105058262941,5.6,2.8,4.73924006530846,0.137496023680886
341,6.4,0.000678119349005425,0.00610307414104882,0.000452079566003617,0,0,5057.33883011408,12910.5649748727,3322.56195787766,28.5412515849928,8644.10662780227,0.13568190241059,0.723903099145823,89.4,219,0,7.28613230514647,0.229711494737978,0.173696966874273,0.243670886075949,0.0325497287522604,0.00791139240506329,0.145874071177161,251.4,12.4,8.34666666666667,16.6,6132.2277597589,5386.83276454966,6.65330852450097,11.6,4.01445711434826,7.8,3.6,7.28613230514647,0.144956037948812
342,6.4,0.000678119349005425,0.00610307414104882,0.000452079566003617,0,0,5057.33883011408,12910.5649748727,3322.56195787766,28.5412515849928,8644.10662780227,0.13568190241059,0.723903099145823,89.4,219,0,7.28613230514647,0.229711494737978,0.173696966874273,0.243670886075949,0.0325497287522604,0.00791139240506329,0.145874071177161,251.4,12.4,8.34666666666667,16.6,6132.2277597589,5386.83276454966,6.65330852450097,11.6,4.01445711434826,7.8,3.6,7.28613230514647,0.144956037948812
343,4.2,0.000226039783001808,0.00384267631103074,0.000678119349005425,0,0,4792.29997313895,11807.4970378725,3223.47696577533,28.1391745551795,7161.35004857854,0.132830427207429,0.782714833717172,86.8,240.4,0,6.5184724301519,0.166320466985979,0.185116013360686,0.241184448462929,0.0361663652802893,0.00700723327305606,0.162097735399285,251.6,15,8.58666666666667,19.2,8886.71186906159,5534.05963144643,8.39974615382772,14.4,4.08292908346698,10.4,2.8,6.5184724301519,0.143940301364289
344,5.6,0.000448933782267116,0.00493827160493827,0.000897867564534231,0,0,4775.50888815115,12042.1239650112,3127.34791423762,28.3509057738641,9562.50988828605,0.130124464993597,0.764660285506982,89.6,243.2,0,7.45683376622604,0.226659804148498,0.176086975688471,0.235914702581369,0.0352413019079686,0.00785634118967452,0.158940397350993,248.6,11.2,6.68666666666667,20.2,9482.75177569139,15760.0151731353,7.76781172816742,15,4.16949974090322,8,2.4,7.45683376622604,0.145780772297959
345,7.2,0.000461254612546125,0.00668819188191882,0.00115313653136531,0,0,3332.32074514377,8853.98383415252,2166.67332880982,28.5392903720284,9321.2568063039,0.136131623395451,0.744819147062176,89.4,217.6,0,3.97537623404036,0.235339668530864,0.17319012630936,0.239160516605166,0.0458948339483395,0.00691881918819188,0.165621079046424,253.2,11.2,6.58,16.8,9685.4449388272,14542.509600209,8.18600038580586,15,2.98606946499476,6,2.6,3.97537623404036,0.14313251394314
346,7,0.000467617488894085,0.00678045358896423,0.000935234977788169,0,0,3694.06385119377,9122.38545369253,1956.15533587259,28.1257934342754,8328.86172730517,0.137793570802389,0.854235581479233,89.6,251,0,6.65058256094211,0.192971907246553,0.176585227075324,0.224456394669161,0.0458265139116203,0.0077156885667524,0.145994306628711,237.8,12.8,8.43333333333333,20,5359.20825472914,4770.59653270113,9.18026295961146,14.8,3.11004205112008,7.2,3.8,6.65058256094211,0.143489133748424
347,7,0.000467617488894085,0.00678045358896423,0.000935234977788169,0,0,3694.06385119377,9122.38545369253,1956.15533587259,28.1257934342754,8328.86172730517,0.137793570802389,0.854235581479233,89.6,251,0,6.65058256094211,0.192971907246553,0.176585227075324,0.224456394669161,0.0458265139116203,0.0077156885667524,0.145994306628711,237.8,12.8,8.43333333333333,20,5359.20825472914,4770.59653270113,9.18026295961146,14.8,3.11004205112008,7.2,3.8,6.65058256094211,0.143489133748424
348,2.2,0,0.00276912426445137,0.00103842159916926,0,0,2033.36102973283,6478.72292214471,1517.33056338895,28.4117061167007,7901.8415782396,0.092308633472161,0.431687348663993,60.2,155.2,0,1.33799275792746,0.0697603280477894,0.0507782057182264,0.280027691242645,0.0643821391484943,0.00796123226029768,0.235816814764183,203.6,16.4,7.79333333333333,16.8,12364.0725235456,17363.6050945951,10.89717539648,17.4,1.66166297125607,3.2,2.4,1.33799275792746,0.0924430225541783
349,2.2,0.000344234079173838,0.00240963855421687,0.00103270223752151,0,0,2285.95211335449,7283.30613868584,1861.11799873415,28.2562766778329,11756.8275505698,0.102367556502289,0.483844027720871,66.4,165,0,0.995213258610754,0.101837075379941,0.0752823390503065,0.269879518072289,0.0650602409638554,0.0192771084337349,0.238683127572016,205.8,10.6,5.54,14.8,10949.1877658926,8333.02039374406,6.12544787140101,10.8,1.86980421776176,3.2,2.4,0.995213258610754,0.146867481689234
350,2,0,0.00331455087835598,0,0,0,2281.6289414074,7753.20534670921,1648.42839796974,28.1293454545551,13709.8549140478,0.0923857247060687,0.442777411751852,59.6,154,0,1.37515046967708,0.133450302446267,0.0355880766878423,0.274776267815711,0.0633079217765993,0.0165727543917799,0.283271375464684,214,7.8,4.88,12.6,8633.39059576169,14593.3286911199,5.53340602032919,11.4,1.93059876957894,3,3.4,1.37515046967708,0.0964942973978795
351,2,0,0.00331455087835598,0,0,0,2281.6289414074,7753.20534670921,1648.42839796974,28.1293454545551,13709.8549140478,0.0923857247060687,0.442777411751852,59.6,154,0,1.37515046967708,0.133450302446267,0.0355880766878423,0.274776267815711,0.0633079217765993,0.0165727543917799,0.283271375464684,214,7.8,4.88,12.6,8633.39059576169,14593.3286911199,5.53340602032919,11.4,1.93059876957894,3,3.4,1.37515046967708,0.0964942973978795
352,2,0,0.00302013422818792,0.000335570469798658,0,0,1542.2389846246,5449.16613537166,1247.88557819418,28.5365037645014,12060.8323032049,0.10063440258894,0.423279819777673,64,149.8,0,0.673688801530694,0.0807473114161018,0.0351911339990702,0.266442953020134,0.0593959731543624,0.0171140939597315,0.226923076923077,204.4,10,4.55333333333333,14.2,11637.9580431435,14157.0377808256,6.93905519706373,11,1.51634281383261,2.2,2.6,0.673688801530694,0.0978243285062055
353,1,0,0.000392464678178964,0.00156985871271586,0,0,1257.37379702168,5032.067991155,1229.69071388041,28.380518855077,10783.9713512007,0.0778275852287311,0.240138448849738,47.4,125,0,0.153388142694503,0.0814842706922496,0.0443293607577226,0.277472527472527,0.0686813186813187,0.0208006279434851,0.301848049281314,187,7.4,4.54666666666667,14.8,5619.31406042399,5537.99512858634,5.39274228508258,11,2.37199714537413,3,3.2,0.153388142694503,0.109068905199872
354,2.8,0,0.00297951582867784,0.00223463687150838,0,0,1922.64508240081,6216.63992812839,1673.57806853357,27.8064804481197,14782.6324195917,0.0867747854262121,0.346563908615878,55.4,136,0,0.611044344530388,0.0490942215133199,0.0394110490486532,0.243575418994413,0.0674115456238361,0.0286778398510242,0.381372549019608,182.4,6.6,4.07333333333333,11.4,6453.36102627622,5760,3.59757583491729,7.6,1.07795948217511,2.66666666666667,3.4,0.611044344530388,0.089730794579234
355,1.8,0,0.00194779898714453,0.00155823918971562,0,0,1611.85848020229,5407.73904747554,1277.9958963392,28.0376855428435,12915.9490554243,0.0801804554123509,0.363087714627443,48.2,128.2,0,0.756508901594376,0.045919300470237,0.0557158010714633,0.248539150759642,0.0712894429294897,0.0233735878457343,0.334715025906736,176.2,6.4,4.02,13.2,4701.47410084714,8084.54958921544,4.95419800422462,9.8,1.33449873469293,1.66666666666667,3.8,0.756508901594376,0.112800482578458
356,1.2,0,0.00213523131672598,0,0,0,1877.76277141458,5731.96564423102,1461.77975640041,28.4812177225197,13184.9675056906,0.0942589523217003,0.480243083066713,57.2,144.8,0,1.20057102594087,0.0869931255931954,0.0351248498620359,0.238078291814947,0.0622775800711744,0.0209964412811388,0.329598506069094,180.6,5.4,3.22666666666667,12.2,6689.02198617077,3130.52863596357,4.70992977523576,9,1.10744980883323,2.2,2.6,1.20057102594087,0.0954182307575072
357,2.4,0,0.00373831775700935,0.000747663551401869,0,0,2079.35346300617,6810.308425635,1181.11164163178,28.6691998074838,13034.5024580398,0.093120512135168,0.462671220998389,60,157,0,2.57499867512927,0.0722098373697774,0.0586010100519287,0.174579439252336,0.0616822429906542,0.0242990654205607,0.378863409770688,139.4,8.8,4.54666666666667,14,10867.2457193134,20326.40754457,5.2873564766781,9.2,1.89926597874947,2.6,2.4,2.57499867512927,0.123846025077798
358,0.8,0,0.00077639751552795,0.00077639751552795,0,0,1506.84835216679,4692.66883148421,1151.27693705402,28.2800167255706,13238.4016494659,0.0890635848921274,0.431378564697493,60.2,152.2,0,0.861478583143485,0.088557800791379,0.057873521459571,0.174689440993789,0.0683229813664596,0.0256211180124224,0.386961093585699,138.4,9.4,4.66666666666667,13,11136.5129397102,25920,5.5307632349258,9.8,1.48039764027152,1.75,2.8,0.861478583143485,0.122949556322661
359,1.6,0,0.00223380491437081,0.000744601638123604,0,0,1903.02450518333,6138.26753882577,1358.49101191013,28.2209802404708,15073.409256872,0.0954718033834788,0.497744882963505,61.8,184.2,0,1.93248323068102,0.100182108111275,0.058019901733401,0.171258376768429,0.0651526433358153,0.0256887565152643,0.372585096596136,140.8,6.2,4.08,12.8,8396.77352540807,10955.0668402714,5.07706121505636,8.6,0.912606131834849,2.2,2.6,1.93248323068102,0.103815918592437
360,2.4,0,0.00333704115684093,0.00111234705228031,0,0,1869.13933562274,6248.23400417672,1516.06019125804,28.1000034296852,15261.9255049277,0.0950033927511048,0.5391601507281,61.8,188,0,1.53924893024281,0.135772628169926,0.0414298601122528,0.17686318131257,0.0685947348906192,0.0270671116054876,0.453713123092574,147,6,3.18,12.4,9077.58332897542,5684.69928985206,3.94688058171519,8,0.846399734519593,2.33333333333333,3.2,1.53924893024281,0.0984310949904122
361,2.4,0,0.00333704115684093,0.00111234705228031,0,0,1869.13933562274,6248.23400417672,1516.06019125804,28.1000034296852,15261.9255049277,0.0950033927511048,0.5391601507281,61.8,188,0,1.53924893024281,0.135772628169926,0.0414298601122528,0.17686318131257,0.0685947348906192,0.0270671116054876,0.453713123092574,147,6,3.18,12.4,9077.58332897542,5684.69928985206,3.94688058171519,8,0.846399734519593,2.33333333333333,3.2,1.53924893024281,0.0984310949904122
362,2.4,0,0.00260029717682021,0.00185735512630015,0,0,2037.4910379077,6347.26609404142,1444.83725879124,28.2662171424344,13742.2488001627,0.101017554064027,0.607131238897805,61.8,187.8,0,2.07784745603528,0.145515228430044,0.0975055829233956,0.174219910846954,0.0679791976225854,0.0267459138187221,0.474371859296482,144.8,6.2,3.32666666666667,13,5637.65646240057,12462.1822218667,4.14791585539086,9.2,1.61828596214662,2.4,3.2,2.07784745603528,0.156724337497218
363,3.4,0,0.00449438202247191,0.00149812734082397,0.000374531835205993,0,1777.5617691922,6025.27337112821,1250.57333154893,27.896888093003,13236.101627694,0.0992622153081175,0.568825291173956,64.8,190.6,0,1.73505509727312,0.174450079089833,0.0995672790769365,0.180524344569288,0.0644194756554307,0.0273408239700375,0.388030888030888,145.4,8.6,5.45333333333333,13,6141.06176708742,8605.20797297463,5.21001959705543,12.2,1.15004626566788,2.2,3.6,1.73505509727312,0.153507014257968
364,3.4,0,0.00487256371814093,0.00149925037481259,0,0,1714.25830973379,5875.81768232236,1158.45925289735,27.8694889384632,13471.2818535564,0.0977760377123119,0.575571129142686,64.6,191.2,0,1.7871843872675,0.170906603576954,0.0989745185706925,0.181409295352324,0.0637181409295352,0.027736131934033,0.377541142303969,145.6,9,5.45333333333333,12.4,6371.86931211488,7646.45657529529,4.69704335322614,11,1.21354990901705,2.2,3.8,1.7871843872675,0.152856509551863
365,2.2,0,0.00300525920360631,0.00112697220135237,0,0,2241.08471841347,7570.94159688823,1815.33309901603,28.0170241946178,13667.541460931,0.102207518787252,0.528356852750792,66.4,178.4,0,2.02842088420207,0.0695179966889034,0.104694021042004,0.158903080390684,0.0638617580766341,0.021412471825695,0.398460057747834,130,7.8,4.57333333333333,11.4,7815.44001261509,5397.1726189162,4.63233963798563,8.6,0.931175410395679,1.6,2.8,2.02842088420207,0.15603046852305
366,2,0,0.00335570469798658,0.000372856077554064,0,0,2086.22718656972,5847.10864922468,1039.29379979882,28.0969999851609,14564.4460818998,0.100287720245387,0.617783226639125,64,193.2,0,4.07880489959202,0.209931907564046,0.08702164024156,0.158836689038031,0.0622669649515287,0.0219985085756898,0.389782403027436,130.4,7,3.38,14.8,14074.084664104,13945.0518068432,6.29979936484132,11.8,1.21435650064041,2,2.4,4.07880489959202,0.154689005585569
367,1.8,0,0.0018896447467876,0.00113378684807256,0.000377928949357521,0,1957.50757410439,5471.00051814056,1147.55941487162,28.4367706071923,14784.2210241018,0.103432140834499,0.638064614501164,65.2,194.4,0,3.25200286185735,0.111698012201068,0.0553247406832983,0.168934240362812,0.0646258503401361,0.0230536659108088,0.361986628462273,135.8,7.2,4.23333333333333,14.6,5799.41889681411,10321.1496230387,5.21893133160354,10.4,1.28697093235951,2.25,2.6,3.25200286185735,0.096653824459124
368,2,0,0.0025528811086798,0.000729394602479942,0.000364697301239971,0,2090.35324972509,5934.04110619397,972.521323883855,28.4677230432909,14247.5266040303,0.104070162220081,0.66418994856645,65.4,197.4,0,4.06395380927862,0.123164299718579,0.059152451539226,0.168125455871627,0.0638220277169949,0.0218818380743982,0.381720430107527,139.2,7,4.14666666666667,13.8,5234.16056358256,10321.1496230387,5.80940819968636,10.8,0.951327246286829,2,2.8,4.06395380927862,0.10160445269713
369,4,0.000376647834274953,0.00677966101694915,0.000376647834274953,0,0,3797.62794077896,8821.17202350709,3358.83412979616,28.4199039153953,11273.9217029187,0.0790826276378715,0.508660741653688,50.2,174.6,0,1.53744555396306,0.0933516948973402,0.0496645512712536,0.167608286252354,0.0866290018832392,0.0169491525423729,0.302970297029703,144,7.6,3.5,13,9561.57642905545,12391.4782944042,6.07355055609971,10.6,2.03900401892179,3.5,2.4,1.53744555396306,0.0950956135913631
370,4.6,0,0.0059721300597213,0.0013271400132714,0.00033178500331785,0,4261.56548659114,9174.27065525327,3401.98885046696,28.1145709687838,6442.69222172013,0.0909489583851761,0.639830785960966,57.4,207.6,0,4.35669222784504,0.137595114156606,0.0731518143877419,0.174187126741871,0.0779694757796948,0.0232249502322495,0.269709543568465,166,37.8,19.04,25.2,4615.05701131291,6018.61116066089,8.26587474695172,18.6,9.67731031665423,22,3.2,4.35669222784504,0.135494046315144
371,4.6,0,0.0059721300597213,0.0013271400132714,0.00033178500331785,0,4261.56548659114,9174.27065525327,3401.98885046696,28.1145709687838,6442.69222172013,0.0909489583851761,0.639830785960966,57.4,207.6,0,4.35669222784504,0.137595114156606,0.0731518143877419,0.174187126741871,0.0779694757796948,0.0232249502322495,0.269709543568465,166,37.8,19.04,25.2,4615.05701131291,6018.61116066089,8.26587474695172,18.6,9.67731031665423,22,3.2,4.35669222784504,0.135494046315144
372,4.6,0,0.0059721300597213,0.0013271400132714,0.00033178500331785,0,4261.56548659114,9174.27065525327,3401.98885046696,28.1145709687838,6442.69222172013,0.0909489583851761,0.639830785960966,57.4,207.6,0,4.35669222784504,0.137595114156606,0.0731518143877419,0.174187126741871,0.0779694757796948,0.0232249502322495,0.269709543568465,166,37.8,19.04,25.2,4615.05701131291,6018.61116066089,8.26587474695172,18.6,9.67731031665423,22,3.2,4.35669222784504,0.135494046315144
373,3.6,0.000373692077727952,0.00597907324364723,0.000373692077727952,0,0,4661.42087399041,10506.6738020274,3827.14860649392,28.3022180639828,6955.6081659094,0.0853978884598826,0.583284976935762,51.6,185,0,2.7744391378455,0.129550096579542,0.0767552865718996,0.155455904334828,0.085575485799701,0.0276532137518685,0.270246478873239,143.8,40.4,21.5933333333333,26.4,4883.49409593247,5834.30295658543,6.81525811245626,15,7.37882485496426,18,3,2.7744391378455,0.128346002895508
374,3.6,0.000373692077727952,0.00597907324364723,0.000373692077727952,0,0,4661.42087399041,10506.6738020274,3827.14860649392,28.3022180639828,6955.6081659094,0.0853978884598826,0.583284976935762,51.6,185,0,2.7744391378455,0.129550096579542,0.0767552865718996,0.155455904334828,0.085575485799701,0.0276532137518685,0.270246478873239,143.8,40.4,21.5933333333333,26.4,4883.49409593247,5834.30295658543,6.81525811245626,15,7.37882485496426,18,3,2.7744391378455,0.128346002895508
375,5,0,0.00750597065847834,0.000682360968952576,0.000341180484476288,0,5200.11974814358,11879.4181966478,3330.1341606504,28.2437363017737,7851.21246623718,0.0898585306088302,0.728208800893507,55.6,206.4,0,7.63473867997224,0.265524436474694,0.0923427796879972,0.172296144660525,0.0815421357898328,0.027294438758103,0.271348762968875,164.8,41.4,18.62,27,7261.98935950592,7704.58186629975,9.29261725870529,19.4,8.4464443631385,19.8,3.2,7.63473867997224,0.13164958352588
376,5.4,0,0.00773889636608345,0.00100942126514132,0.000336473755047106,0,5198.39343572379,11596.5061464313,3226.58208580724,28.1088764055872,7796.15438693617,0.0898159644874842,0.729240178537282,53.8,200.6,0,8.29628306996362,0.262547154939556,0.0915678530769626,0.173956931359354,0.0807537012113055,0.0272543741588156,0.273961661341853,167.6,40.2,19.1266666666667,27,6996.8726031036,7557.86743194919,8.98824496324485,19,8.65322333070775,20.4,3.4,8.29628306996362,0.132367415185203
377,5.6,0,0.00822603719599428,0.00143061516452074,0.000357653791130186,0,4911.98010770785,11077.0129185118,3026.68456572664,28.1231223279445,8064.77559143663,0.0850133810599374,0.714844358262701,50.8,199.6,0,7.54065308216983,0.212279986458126,0.070768128732276,0.172031473533619,0.0854792560801144,0.0286123032904149,0.286596119929453,160,38.6,18.74,27.6,7514.87219023758,6585.24895892176,10.0573063594326,21.6,7.20582971683233,15.6,3.4,7.54065308216983,0.10096153155906
378,5.6,0,0.00822603719599428,0.00143061516452074,0.000357653791130186,0,4911.98010770785,11077.0129185118,3026.68456572664,28.1231223279445,8064.77559143663,0.0850133810599374,0.714844358262701,50.8,199.6,0,7.54065308216983,0.212279986458126,0.070768128732276,0.172031473533619,0.0854792560801144,0.0286123032904149,0.286596119929453,160,38.6,18.74,27.6,7514.87219023758,6585.24895892176,10.0573063594326,21.6,7.20582971683233,15.6,3.4,7.54065308216983,0.10096153155906
379,3.6,0,0.00580130529369108,0.000725163161711385,0,0,4568.80170256782,10214.6515618819,3136.07388946579,28.3040106501323,7554.15157874264,0.0817228128123084,0.532919781075211,54.4,175.6,0,5.06298010631615,0.114254764471125,0.12170998994242,0.193981145757796,0.0862944162436548,0.0348078317621465,0.200988467874794,173.8,38.8,22.82,25,3260.34970032293,3245.6573455877,5.29858087834389,13.6,5.24295885105488,14.8,3,5.06298010631615,0.152076605611049
380,6,0,0.00869262865090403,0.00139082058414465,0,0.000347705146036161,4378.43897582664,9813.15165688347,3451.31365702256,28.1684368457395,6597.64018014288,0.120166688715861,0.500094366781339,53.4,167.8,0,3.03589059010953,0.117666733677304,0.150582481892497,0.211404728789986,0.0810152990264256,0.0232962447844228,0.297388374052233,181.6,40.2,18.8933333333333,26.2,5136.6741448283,7986.10526414147,6.55437501453625,13.4,12.0598692264411,24,2.6,3.03589059010953,0.104518178264311
381,4,0.000375234521575985,0.00525328330206379,0.00150093808630394,0,0.000375234521575985,3559.69563160771,8434.98362062238,3325.8434544439,28.639705578783,6904.99341479483,0.115274344649561,0.430563029433328,53,145.2,0,1.72901632128108,0.0923876444957526,0.0735153067334968,0.240525328330206,0.0855534709193246,0.0221388367729831,0.206098843322818,185.6,49.4,21.8066666666667,24.8,4244.2147988443,4991.64799218967,6.02226503779135,14.2,4.39528710059114,9.6,2.4,1.72901632128108,0.0880428790743583
382,4,0,0.00699056274030059,0,0,0,4175.24772616458,10012.7196910932,3553.79787987507,28.3396010144624,6560.39205649729,0.12193079063682,0.491947043750011,52.8,160.2,0,2.35406625160444,0.184093174483957,0.0786585858137086,0.265291855994408,0.0838867528836071,0.0223698007689619,0.267233238904627,212.6,41,20.3066666666667,26.2,3689.68420855986,7172.61257728968,5.61987391076629,14.4,7.72833514185161,19,2.4,2.35406625160444,0.0978075987889574
383,3.6,0,0.00655021834061135,0,0,0,4738.70116874799,10319.7318897358,3908.65208743949,28.16607198661,7212.42059690661,0.125030966802218,0.525942326558916,53.6,165,0,3.19198124486398,0.154548302405243,0.0520439744494364,0.270742358078603,0.0855167394468705,0.0280203784570597,0.197870452528838,211.2,38.4,21.9333333333333,26.2,2282.57620209605,3252.36183211485,5.23107771032904,13.4,4.51417177384666,11,2.8,3.19198124486398,0.076586938047533
384,3.6,0,0.00655021834061135,0,0,0,4738.70116874799,10319.7318897358,3908.65208743949,28.16607198661,7212.42059690661,0.125030966802218,0.525942326558916,53.6,165,0,3.19198124486398,0.154548302405243,0.0520439744494364,0.270742358078603,0.0855167394468705,0.0280203784570597,0.197870452528838,211.2,38.4,21.9333333333333,26.2,2282.57620209605,3252.36183211485,5.23107771032904,13.4,4.51417177384666,11,2.8,3.19198124486398,0.076586938047533
385,2.6,0,0.00453752181500873,0,0,0,4533.73442939462,10352.979579195,3520.66511135777,28.37034115256,8243.1314293607,0.125596552217321,0.489467783703508,54.4,158.6,0,4.62959439061727,0.186160323297366,0.0853358090117119,0.282722513089005,0.0778359511343805,0.0293193717277487,0.209508460918614,223.4,35.8,16.8333333333333,24,4602.83455711728,6985.44848829404,6.31883757353799,14,6.17150353005765,15.6,2.4,4.62959439061727,0.132391107387103
386,2.4,0,0.00369685767097967,0,0.000739371534195933,0,4494.94367844335,10586.0918491651,3602.50498452793,28.2652727401513,6440.21359607781,0.121896377903675,0.498508285921947,54,156.6,0,3.23723308711024,0.128510277173722,0.0693182803590827,0.278373382624769,0.0820702402957486,0.0258780036968577,0.230188679245283,209,41.8,23.7333333333333,25.2,2022.86461497129,3142.81010587236,3.9804655604335,11.4,3.88124531833831,11.8,3.4,3.23723308711024,0.127955428156687
387,2,0,0.00367511944138184,0,0,0,4752.08731304743,10773.7081687449,3805.00221219461,28.3520988220741,6524.63634847935,0.120504329279701,0.505898252307097,53.2,156.8,0,3.29547250115915,0.123714258994967,0.0507749667548067,0.270121278941566,0.0823226754869533,0.0268283719220875,0.228119180633147,206.4,42.2,23.5,25.8,2623.66414412486,3746.64263821132,4.53444016358178,12.8,4.31197713058315,11.8,3,3.29547250115915,0.0751454738008543
388,2.8,0,0.00504686373467916,0,0,0,3739.15535656776,8452.44691760544,3140.89372263891,28.3517859961599,6569.2462318249,0.140548480052189,0.470980978315574,59.6,156.4,0,2.67662371207628,0.18219516928447,0.151095878747233,0.264960346070656,0.0807498197548666,0.0187454938716655,0.181983621474067,202.2,48,21.8266666666667,24.6,3663.6476943889,4260.86297891049,5.81471251564339,13.6,4.70522070656922,13,2.8,2.67662371207628,0.134911130885543
389,4,0,0.00647458724506313,0,0,0,5047.77045187128,10782.7288383347,3812.17668047689,28.6465459302486,7234.02509343191,0.140349437024371,0.517654398589756,60.8,171.8,0,5.90671326130992,0.16700633696144,0.100237571256392,0.256069925542247,0.0728391065069602,0.0223373259954678,0.190856313497823,217,38.6,18.5933333333333,25.2,5360.78599120626,5896.53555746298,6.50002332850921,15.2,5.96751972399449,13.2,3.2,5.90671326130992,0.0925044056196016
390,3.8,0.000317460317460317,0.0053968253968254,0.000317460317460317,0,0,4374.0812545098,9762.60086737414,2890.4247776481,28.3775349279432,6913.44917618038,0.160110716319362,0.572859329908709,71,186.6,0,7.14060235079941,0.179477766981468,0.142700439682335,0.249206349206349,0.066984126984127,0.0193650793650794,0.153165418652144,211.4,42.8,22.5533333333333,23.8,4272.68801079212,5599.3342977912,6.27112701026512,12.2,5.67758015054182,14.2,3.2,7.14060235079941,0.117318745550539
391,3,0,0.00352903432787937,0.000641642605068977,0.000320821302534488,0.000320821302534488,4561.39383854106,10705.3133571086,3464.69348793482,28.5119179264922,6805.53656548225,0.150509924619183,0.584262228293777,71,178.2,0,5.59518893291165,0.0957389424976823,0.18136506982832,0.271094000641643,0.0673724735322425,0.0192492781520693,0.174757281553398,223,40.4,20.94,25.6,3983.9542881094,5295.88052629304,6.72736382033054,14.8,5.76530258240904,12.8,2.6,5.59518893291165,0.143971344496614
392,3.8,0,0.00489296636085627,0.000611620795107034,0.000305810397553517,0,3852.34310983817,9429.67509318651,2656.63990354631,28.2490680681222,8332.07632284544,0.16637820420103,0.620531175694171,73,199.6,0,8.23774423172667,0.203827854432122,0.115125970908427,0.276452599388379,0.0577981651376147,0.0214067278287462,0.111411208642809,232.6,36.4,18.7,24.8,4016.03642883876,4265.08977780531,5.64117627084415,13.2,4.75387254192503,11,2.8,8.23774423172667,0.0922066681433094
393,3.2,0,0.00425810678021618,0.000655093350802489,0.000327546675401245,0,3659.02788052811,9103.68624616412,2437.64355243767,28.3039254011757,8495.56594328881,0.161873098309806,0.607772840005518,71.8,197.2,0,7.17873246927873,0.197581162091657,0.109110559865792,0.264657713724206,0.0612512283000328,0.0229282672780871,0.116883116883117,213,36.8,18.8466666666667,24.8,3934.88592634866,4248.08085324056,5.66797789283994,13.4,4.43828920749061,9.6,3,7.17873246927873,0.0883820509406786
394,4,0,0.00617283950617284,0.000685871056241427,0,0,3557.814063795,8965.28994421664,2434.37222266885,28.2006345045877,7754.16025684595,0.155226798026719,0.590276952192957,69.6,194.6,0,5.07559477631498,0.147407141285217,0.10442755452308,0.288751714677641,0.0661865569272977,0.0240054869684499,0.089018302828619,221,36.6,21.2466666666667,25.6,2254.95513698616,1989.37860913375,4.6855473191446,12.8,2.52386000118547,7.4,3.2,5.07559477631498,0.0842396533611033
395,3.2,0,0.00555170020818876,0,0,0,4055.99307479025,8938.86051458022,3421.14928687377,28.4723535446812,6380.43853824371,0.134998323452113,0.48807420425397,58.4,164.6,0,2.17500444093405,0.0869606049105779,0.121392125305783,0.288688410825815,0.0746009715475364,0.025676613462873,0.0822981366459627,224.2,44.2,26.7133333333333,25.4,1435.21148128891,2184.32850211483,3.01286594177202,10.2,3.96498150201345,14.8,3.8,2.17500444093405,0.107105356157921
396,3.2,0,0.00555170020818876,0,0,0,4055.99307479025,8938.86051458022,3421.14928687377,28.4723535446812,6380.43853824371,0.134998323452113,0.48807420425397,58.4,164.6,0,2.17500444093405,0.0869606049105779,0.121392125305783,0.288688410825815,0.0746009715475364,0.025676613462873,0.0822981366459627,224.2,44.2,26.7133333333333,25.4,1435.21148128891,2184.32850211483,3.01286594177202,10.2,3.96498150201345,14.8,3.8,2.17500444093405,0.107105356157921
397,6.4,0.00113817436831323,0.00614614158889142,0,0,0,5506.45209058893,11466.2525954744,3820.34366431238,34.8407139914557,6799.37457186845,0.131721043033784,0.805889535024593,85.4,230.2,0,7.72443320644005,0.269089727584523,0.282299484745661,0.192351468244935,0.0509902117004325,0.0186660596403369,0.168990283058724,230.2,56,32.9666666666667,28,5741.93308670516,7713.33589425626,12.8875178921161,27.6,16.9413497908447,37,3.6,7.72443320644005,0.134774250211465
398,3.6,0.000461680517082179,0.00369344413665743,0,0,0,5513.94049637649,12258.158642386,3914.67817889631,34.9765106633077,7689.47930644315,0.126189498394539,0.677688724081238,81,221.6,0,6.57719548939633,0.423217935419779,0.295384602059246,0.191597414589104,0.0517082179132041,0.0182363804247461,0.175913978494624,226.6,50.4,27.18,28.4,7197.13079701596,8639.85549417836,12.4935773959345,29.2,17.3451909156843,36.4,3.2,6.57719548939633,0.133561368090614
399,5.8,0.000458085203847916,0.00572606504809895,0.000229042601923958,0,0.000229042601923958,5415.95341591761,11801.2251788696,3551.33323410969,34.86425626904,7672.343000461,0.133501800305512,0.731661662307098,82.8,228.6,0,7.92362675661003,0.349769365421068,0.185908618196958,0.222171323866239,0.0499312872194228,0.021530004580852,0.160824742268041,256.4,54.6,29.5866666666667,28.8,6275.55463631525,8511.78425238445,15.4094000883011,29.8,19.5895549495893,39.4,3.6,7.92362675661003,0.127042649826358
400,2.8,0.000245821042281219,0.00294985250737463,0.000245821042281219,0,0,4698.84793015157,9875.65173149438,3505.98745896099,34.9297542296978,6914.16480633707,0.12293947811771,0.673775610765612,77.2,206,0,5.38131679817508,0.346304682399599,0.153756920547108,0.220501474926254,0.0545722713864307,0.0189282202556539,0.131303952748751,239.2,55,31.9466666666667,27,4865.35090285394,6837.08525037511,13.2541587512333,27.2,14.796779511188,28.6,3.4,5.38131679817508,0.117188710093712
401,3.8,0.000714626012386851,0.00333492139113864,0.000476417341591234,0,0,4956.36299840927,10352.014630022,3728.06879829393,34.8979480767978,6526.4416560449,0.128812973643786,0.711624841244548,79.6,210,0,5.43769503078684,0.296193136193691,0.149188231947512,0.223201524535493,0.0524059075750357,0.0197713196760362,0.163912460920054,248,51.6,31.7666666666667,27.8,4839.53666716774,5799.3037964504,12.7498285426398,25.6,18.7011705139595,39.2,3.8,5.43769503078684,0.119686605469935
402,4.2,0.00168878166465621,0.00337756332931242,0,0,0,5191.8566285751,11181.5031981447,3617.11204027522,35.1439348936452,7851.99639726704,0.125323460241917,0.709396806300771,80,231.8,0,6.78347974197229,0.459203960835849,0.171229379219597,0.225572979493365,0.0552472858866104,0.0197828709288299,0.171922246220302,249.2,54.4,27.9533333333333,27.8,6803.96987742266,9186.75667923669,17.7803756227527,36.6,18.0079499898531,34.2,3.4,6.78347974197229,0.118858982000054
403,4.8,0.00212514757969303,0.00354191263282172,0,0,0,5249.06911938689,11210.6704089923,3583.68235956698,35.0199998202525,7023.87626139037,0.125394978331697,0.696049906703146,79.2,222.4,0,8.72321481034348,0.415973045196016,0.152071380235887,0.23801652892562,0.0550177095631641,0.0214876033057851,0.166304819800261,266.4,49.4,30.4,27.8,4788.79699966223,6855.97602684917,13.1858410442709,28.2,15.0698741501067,34.6,3.8,8.72321481034348,0.121861499622108
404,4.8,0.00049800796812749,0.00522908366533865,0.000249003984063745,0,0,4954.48442445246,10386.3458347381,3416.87102439869,34.9361613680419,5817.54083452799,0.124306807595829,0.72672675202618,80.8,227.2,0,6.81435706296393,0.412439444186944,0.161879443090979,0.219870517928287,0.0600099601593626,0.0181772908366534,0.140924956369983,239.4,60.8,35.7866666666667,28.4,3698.08792604668,4986.87832764698,13.8064303862652,28,17.1071689766027,38,3.6,6.81435706296393,0.117056853306406
405,4.2,0.00155239327296248,0.0036222509702458,0.000258732212160414,0,0,4905.13280645098,10951.6059426799,3552.7461714741,35.122693630939,7310.49008906764,0.119808087005712,0.702393626068206,76.6,210,0,4.83704598341444,0.257647786216858,0.167277262303375,0.209573091849935,0.0618369987063389,0.0201811125485123,0.167935299714558,225.4,52,30.2266666666667,28.4,4700.79568223653,7989.91008692688,12.1356289524333,25.2,15.5157652755352,35.4,3.8,4.83704598341444,0.11260711605909
406,4.2,0.00202326757713708,0.00303490136570561,0,0,0.000252908447142135,5404.43127568202,11386.2270716538,3980.31572142325,35.3173848620169,7214.4570691676,0.123695814558771,0.692447526733408,76.8,207,0,5.76247037276218,0.224215572350589,0.153376856758925,0.207132018209408,0.0584218512898331,0.0209914011127972,0.15990675990676,226.6,46,26.98,27.6,5874.47618642915,8134.92516235013,14.5138337731403,30.8,16.0112411861234,35,3.8,5.76247037276218,0.116269975344395
407,4.6,0.000761614623000762,0.00507743082000508,0,0,0,4980.06613664948,11058.7947738079,3396.06408684202,35.03348017839,6675.28914047971,0.128720625294092,0.682470580270787,82.2,209.4,0,5.69957831611769,0.173797678741107,0.153075786629882,0.231023102310231,0.0616907844630617,0.0152322924600152,0.0839096357768557,242.6,52.6,30.0066666666667,26.6,5468.41445494517,7594.22672634115,14.271184396588,26.8,12.3248536825723,28.6,3.4,5.69957831611769,0.115415286872817
408,2.8,0.000272182906913446,0.00326619488296135,0.000272182906913446,0,0,4265.91873649724,9775.52482160049,3450.40146113362,35.2082422964027,7222.86341245703,0.121787244105331,0.662064477836768,75.2,209.2,0,3.21546139760926,0.247989810950131,0.0746688040179863,0.262656505171475,0.0612411540555253,0.0209580838323353,0.102889001520527,253.4,53.4,31.0466666666667,27.2,5884.91082331924,5992.92971903742,13.2116721956001,26.8,9.62264889198615,21.2,3.4,3.21546139760926,0.101299854841552
409,2.8,0.000272182906913446,0.00326619488296135,0.000272182906913446,0,0,4265.91873649724,9775.52482160049,3450.40146113362,35.2082422964027,7222.86341245703,0.121787244105331,0.662064477836768,75.2,209.2,0,3.21546139760926,0.247989810950131,0.0746688040179863,0.262656505171475,0.0612411540555253,0.0209580838323353,0.102889001520527,253.4,53.4,31.0466666666667,27.2,5884.91082331924,5992.92971903742,13.2116721956001,26.8,9.62264889198615,21.2,3.4,3.21546139760926,0.101299854841552
410,2,0,0.00251889168765743,0.000279876854184159,0,0,3849.8127330245,9459.4480384282,3149.81318114091,35.1414519171297,8263.86112612547,0.120167278886378,0.615684212714311,76.2,202.4,0,2.93598787324123,0.440837565739189,0.0735399451642873,0.255527567870137,0.0638119227539882,0.019311502938707,0.0962429233144622,242,57.8,28.1866666666667,26.4,6948.53764881629,6707.16841528323,15.7308828868553,29.6,9.6106097487108,20.2,3.4,2.93598787324123,0.0967723111427825
411,4.4,0,0.00563539025077487,0.000281769512538743,0,0.000281769512538743,4824.82092649915,10375.5490823544,3396.11950256833,34.787835878598,5590.76472704834,0.109003312633055,0.717510466390612,72,208.8,0,5.5871231910947,0.263482431657816,0.0706849685721937,0.255846717385179,0.0631163708086785,0.0166244012397859,0.11485826001955,238.2,70.8,39.3733333333333,27.8,4847.25915973067,4421.2337097981,12.6940701245562,24.2,10.4345981636034,26,3.4,5.5871231910947,0.0962570373009326
412,3.2,0,0.0042294475284166,0,0,0,4742.76752012937,10876.4516178049,3228.46979910258,34.8630120480773,4776.84507116587,0.113867711409715,0.63014203704444,74.4,199.6,0,6.82294480502367,0.273052233062244,0.0694457722182398,0.264076130055512,0.0597409463388845,0.0121596616441977,0.123617123617124,254.2,94.4,54.82,28,3402.26172001542,2956.37400813639,10.9590227553736,23.6,8.45735856522266,22,3.8,6.82294480502367,0.0997568248201899
413,4,0,0.00531617235590375,0,0,0.000279798545047566,3618.26735059352,9218.5396805462,3322.41454998386,34.8969599591853,3455.75008102263,0.0997049031326462,0.424859712181137,63.4,158.4,0,0.850881925180289,0.179690348046888,0.044097737877998,0.328483491885842,0.0621152770005596,0.00727476217123671,0.082741116751269,284.4,89.6,49.5333333333333,28.4,2549.13181190591,1870.61643476488,7.9447195997633,21.4,4.74421935049431,13.4,3.4,0.850881925180289,0.0838523688937468
414,4,0,0.00531617235590375,0,0,0.000279798545047566,3618.26735059352,9218.5396805462,3322.41454998386,34.8969599591853,3455.75008102263,0.0997049031326462,0.424859712181137,63.4,158.4,0,0.850881925180289,0.179690348046888,0.044097737877998,0.328483491885842,0.0621152770005596,0.00727476217123671,0.082741116751269,284.4,89.6,49.5333333333333,28.4,2549.13181190591,1870.61643476488,7.9447195997633,21.4,4.74421935049431,13.4,3.4,0.850881925180289,0.0838523688937468
415,4,0,0.00531617235590375,0,0,0.000279798545047566,3618.26735059352,9218.5396805462,3322.41454998386,34.8969599591853,3455.75008102263,0.0997049031326462,0.424859712181137,63.4,158.4,0,0.850881925180289,0.179690348046888,0.044097737877998,0.328483491885842,0.0621152770005596,0.00727476217123671,0.082741116751269,284.4,89.6,49.5333333333333,28.4,2549.13181190591,1870.61643476488,7.9447195997633,21.4,4.74421935049431,13.4,3.4,0.850881925180289,0.0838523688937468
416,2.8,0,0.0037919826652221,0,0,0,4292.47244233849,9642.86280827326,3222.12254876119,34.9222635439809,5047.04076405162,0.0975391950291674,0.705407265795135,62.4,224.6,0,5.22128563980687,0.223920145471319,0.0384386202671122,0.346424702058505,0.0612134344528711,0.00812567713976165,0.0851688693098385,307,105,55.0266666666667,28,2064.71774084298,1976.70784150618,6.55945106697521,16.8,4.35387695984044,14.6,3.8,5.22128563980687,0.0882448582109318
417,2,0.000297353553374963,0.00267618198037467,0,0,0,3798.32418302102,8758.59731855267,3329.06773003071,35.0305325791905,4240.96595798752,0.0847428620091541,0.501058098324498,54.2,170.6,0,2.35421948239366,0.107107424631852,0.0320068507417286,0.341064525721082,0.0645257210823669,0.0118941421349985,0.105385060799074,280.8,85.4,46.48,26.8,1413.36426465512,1161.90540640206,4.12267454535886,11.8,3.10945349679376,11,4,2.35421948239366,0.076756551796648
418,0.8,0,0.00123076923076923,0,0,0,3884.8284823904,9226.33042443362,2161.95976657284,34.9575342073925,7345.93701595014,0.100175068551271,0.764302578263757,67.2,226.6,0,9.37606153805162,0.285499715535753,0.0395933824801947,0.332615384615385,0.0627692307692308,0.00584615384615385,0.0625342841470104,260.8,89.4,43.12,26.8,3546.0898708648,3193.76636909886,10.7414800917707,24,2.25392681141735,6.4,3.6,9.37606153805162,0.0764389652492996
419,1.8,0,0.00174825174825175,0.000582750582750583,0,0.000291375291375291,4002.75217486524,10443.9884466762,2103.88908090063,35.109538978716,6952.80010638528,0.173758205834962,0.752520715032163,78.2,225,0,11.2482129308487,0.151875932091725,0.0403631543777859,0.330710955710956,0.0597319347319347,0.0110722610722611,0.0916808149405773,275.6,85.6,46.66,27.4,1935.42568526651,1225.7827045677,6.60447858369932,21.8,1.66086539785697,8.2,3.6,11.2482129308487,0.0841317663202348
420,2.8,0,0.00350160490224686,0.000583600817041144,0,0,4258.65977376019,10464.0204572922,2928.14465583423,34.8259598382007,6460.11110448519,0.178291802258613,0.70875069554142,85.2,208.8,0,7.88991971463773,0.185252656547566,0.0448295265103187,0.315728042019259,0.0624452874234024,0.00787861103005544,0.0970017636684303,264.6,87.4,45.6266666666667,27.4,2827.21027419683,1905.84303224787,8.04943655488323,21,2.73490700121215,9,3.4,7.88991971463773,0.0868320653958945
421,2.8,0,0.0026285046728972,0.00146028037383178,0,0,4072.994356939,9692.38048341932,2666.43292101871,35.0535000315502,7006.87913966182,0.16809911209018,0.715234716709701,75.8,216,0,9.26067341027506,0.238507525503359,0.0470863223881024,0.308119158878505,0.0636682242990654,0.0105140186915888,0.127874369040942,261.8,77.4,39.3533333333333,27,3976.7012727681,2726.75340232974,11.2329086565772,27.4,3.25171292688221,9.2,3.4,9.26067341027506,0.0882974750277385
422,1.8,0,0.0018034265103697,0.000901713255184851,0,0,3703.01948339964,9112.38007439684,3159.44303415795,34.7019302974313,9130.51356340818,0.166721743387415,0.623836238505009,78.4,197.6,0,3.67696885618717,0.207456903484888,0.0427817044591578,0.317102494740006,0.060414788097385,0.00721370604147881,0.0840431572969903,256,22.4,13.0266666666667,16.8,4989.11021260967,9753.52529252547,6.39117246859115,12.6,1.03104335524502,1.5,3.4,3.67696885618717,0.0841988315454159
423,1.8,0,0.0018034265103697,0.000901713255184851,0,0,3703.01948339964,9112.38007439684,3159.44303415795,34.7019302974313,9130.51356340818,0.166721743387415,0.623836238505009,78.4,197.6,0,3.67696885618717,0.207456903484888,0.0427817044591578,0.317102494740006,0.060414788097385,0.00721370604147881,0.0840431572969903,256,22.4,13.0266666666667,16.8,4989.11021260967,9753.52529252547,6.39117246859115,12.6,1.03104335524502,1.5,3.4,3.67696885618717,0.0841988315454159
424,1.8,0,0.0018034265103697,0.000901713255184851,0,0,3703.01948339964,9112.38007439684,3159.44303415795,34.7019302974313,9130.51356340818,0.166721743387415,0.623836238505009,78.4,197.6,0,3.67696885618717,0.207456903484888,0.0427817044591578,0.317102494740006,0.060414788097385,0.00721370604147881,0.0840431572969903,256,22.4,13.0266666666667,16.8,4989.11021260967,9753.52529252547,6.39117246859115,12.6,1.03104335524502,1.5,3.4,3.67696885618717,0.0841988315454159
425,1.6,0.000291375291375291,0.00174825174825175,0.000291375291375291,0,0,3497.06559391152,8582.58383983236,2619.45781715971,35.0493307046771,6848.06944786693,0.169196562617278,0.665752671146511,75,206.6,0,4.08206264099132,0.16246526301778,0.0437858134612375,0.31497668997669,0.0576923076923077,0.00466200466200466,0.107378854625551,259,27.2,16.52,17.8,4333.47441478484,2188.69761339464,7.49100387801175,14.8,0.960972783819099,2.4,3.4,4.08206264099132,0.0867093446226733
426,1.6,0.000291375291375291,0.00174825174825175,0.000291375291375291,0,0,3497.06559391152,8582.58383983236,2619.45781715971,35.0493307046771,6848.06944786693,0.169196562617278,0.665752671146511,75,206.6,0,4.08206264099132,0.16246526301778,0.0437858134612375,0.31497668997669,0.0576923076923077,0.00466200466200466,0.107378854625551,259,27.2,16.52,17.8,4333.47441478484,2188.69761339464,7.49100387801175,14.8,0.960972783819099,2.4,3.4,4.08206264099132,0.0867093446226733
427,1.6,0.000292825768667643,0.0020497803806735,0,0,0,3382.41950341241,8409.1637959715,2546.03490851238,35.4462634047889,7159.36564160219,0.175600131059823,0.621944614464472,85.6,206.2,0,3.78188143575363,0.216745003656453,0.0450991911467218,0.310395314787701,0.0609077598828697,0.00673499267935578,0.0708245243128964,258.2,22.4,14.5866666666667,18,3625.56948569589,6455.52110541318,7.05449235598778,14.6,1.53332983604115,3,4,3.78188143575363,0.0854287014152474
428,1.6,0.000292825768667643,0.0020497803806735,0,0,0,3382.41950341241,8409.1637959715,2546.03490851238,35.4462634047889,7159.36564160219,0.175600131059823,0.621944614464472,85.6,206.2,0,3.78188143575363,0.216745003656453,0.0450991911467218,0.310395314787701,0.0609077598828697,0.00673499267935578,0.0708245243128964,258.2,22.4,14.5866666666667,18,3625.56948569589,6455.52110541318,7.05449235598778,14.6,1.53332983604115,3,4,3.78188143575363,0.0854287014152474
429,2.2,0,0.00272479564032698,0.000302755071147442,0.000302755071147442,0,3658.84935366839,9380.5248394781,2684.89534713628,35.1418969906759,7090.29192068001,0.162462948818824,0.600636006989603,74.8,194.8,0,4.10839596207433,0.182757381030436,0.0356000989972479,0.31365425370875,0.0629730547986679,0.00696336663639116,0.110923423423423,253.4,20,13.04,18.8,3362.71914724206,4888.38672695734,6.27882981924627,12.4,1.23113344513105,2.8,4,4.10839596207433,0.079546250664361
430,2.2,0,0.00272479564032698,0.000302755071147442,0.000302755071147442,0,3658.84935366839,9380.5248394781,2684.89534713628,35.1418969906759,7090.29192068001,0.162462948818824,0.600636006989603,74.8,194.8,0,4.10839596207433,0.182757381030436,0.0356000989972479,0.31365425370875,0.0629730547986679,0.00696336663639116,0.110923423423423,253.4,20,13.04,18.8,3362.71914724206,4888.38672695734,6.27882981924627,12.4,1.23113344513105,2.8,4,4.10839596207433,0.079546250664361
431,2.4,0,0.00303030303030303,0.000303030303030303,0.000303030303030303,0,3669.9275994523,9382.42471648089,2617.86338017727,35.2087525371877,7108.65863186712,0.163281378532078,0.600800820381302,74.2,197,0,4.38642898216291,0.180387232995426,0.0357582604184919,0.314545454545455,0.0615151515151515,0.00696969696969697,0.104593248478141,252.8,20,12.9666666666667,18.4,3360.91751611846,4901.2491621635,6.1988862550842,11.8,1.2253379266425,2.8,4,4.38642898216291,0.0801627072863153
432,2.4,0,0.00303030303030303,0.000303030303030303,0.000303030303030303,0,3669.9275994523,9382.42471648089,2617.86338017727,35.2087525371877,7108.65863186712,0.163281378532078,0.600800820381302,74.2,197,0,4.38642898216291,0.180387232995426,0.0357582604184919,0.314545454545455,0.0615151515151515,0.00696969696969697,0.104593248478141,252.8,20,12.9666666666667,18.4,3360.91751611846,4901.2491621635,6.1988862550842,11.8,1.2253379266425,2.8,4,4.38642898216291,0.0801627072863153
433,1,0,0.00121469784391133,0,0.000303674460977832,0,3608.76475002457,9107.60222783069,2827.15879080806,35.0587922989813,7283.94095377001,0.154125329490111,0.610466601622296,74.6,203.2,0,3.74915354808729,0.116448560934447,0.0375227136125161,0.323716975402369,0.064986334649256,0.0066808381415123,0.113793103448276,260.4,20.2,13.1933333333333,17.8,2904.73785638161,4587.51958445958,5.91496404246575,13,1.32959136045844,2.6,3.4,3.74915354808729,0.0793830508173711
434,1,0,0.00121469784391133,0,0.000303674460977832,0,3608.76475002457,9107.60222783069,2827.15879080806,35.0587922989813,7283.94095377001,0.154125329490111,0.610466601622296,74.6,203.2,0,3.74915354808729,0.116448560934447,0.0375227136125161,0.323716975402369,0.064986334649256,0.0066808381415123,0.113793103448276,260.4,20.2,13.1933333333333,17.8,2904.73785638161,4587.51958445958,5.91496404246575,13,1.32959136045844,2.6,3.4,3.74915354808729,0.0793830508173711
435,1,0,0.00121469784391133,0,0.000303674460977832,0,3608.76475002457,9107.60222783069,2827.15879080806,35.0587922989813,7283.94095377001,0.154125329490111,0.610466601622296,74.6,203.2,0,3.74915354808729,0.116448560934447,0.0375227136125161,0.323716975402369,0.064986334649256,0.0066808381415123,0.113793103448276,260.4,20.2,13.1933333333333,17.8,2904.73785638161,4587.51958445958,5.91496404246575,13,1.32959136045844,2.6,3.4,3.74915354808729,0.0793830508173711
436,1,0,0.00121469784391133,0,0.000303674460977832,0,3608.76475002457,9107.60222783069,2827.15879080806,35.0587922989813,7283.94095377001,0.154125329490111,0.610466601622296,74.6,203.2,0,3.74915354808729,0.116448560934447,0.0375227136125161,0.323716975402369,0.064986334649256,0.0066808381415123,0.113793103448276,260.4,20.2,13.1933333333333,17.8,2904.73785638161,4587.51958445958,5.91496404246575,13,1.32959136045844,2.6,3.4,3.74915354808729,0.0793830508173711
437,1.8,0,0.00214075461600214,0.000267594327000268,0,0,4683.28064836636,10877.6939834305,2547.17269879412,35.0061849376437,8092.60271193945,0.180023214512598,0.783573254150299,83.6,219,0,9.33906958556141,0.411282149461464,0.0516213388978813,0.319507626438319,0.052983676746053,0.00642226384800642,0.0932735426008969,283.2,22.8,15.1666666666667,17.8,3699.68404066384,2723.00792264993,6.26241586912548,13.4,1.00058183691928,3.6,3.2,9.33906958556141,0.0896854834934427
438,3.4,0.000542593597395551,0.00352685838307108,0.000542593597395551,0,0,5298.20355007659,12454.1715607631,3749.66238957591,34.7372620652812,8646.74815127797,0.163555210512365,0.699660808223233,72,205,0,6.49013059034437,0.131431402518708,0.0533140396559131,0.314161692892024,0.0425935973955507,0.00786760716223549,0.106893106893107,268.8,19.6,13,17.6,3807.92143463232,6172.36805487061,6.29744318188479,14.4,1.84037774787539,3.4,4,6.49013059034437,0.0946690996340697
439,3,0.000268817204301075,0.00268817204301075,0.000806451612903226,0.000268817204301075,0,5608.18967616199,12847.3022719293,4039.74648777515,35.4387590009274,8484.65306938446,0.161214558067226,0.723478935662438,74.6,204.2,0,7.03523628699232,0.168133733671758,0.05084670331587,0.310483870967742,0.0400537634408602,0.00833333333333333,0.0853769300635786,267,22,14.04,17.4,5102.94758069558,3904.91896396743,6.98825914630712,14.6,1.08438796379267,2.8,3.8,7.03523628699232,0.0893633239518329
440,0.8,0,0.00180099054479964,0,0,0,2673.18292550243,8671.72368090806,2915.23506194386,35.2280364485842,6581.86917762859,0.12785764987845,0.24359883578777,55,114,0,0.221775148937834,0.0522696222714255,0.155355958740629,0.342638451148131,0.0706888788833859,0.0135074290859973,0.194865810968495,189.6,19.2,12.2533333333333,14.4,2740.80140642256,2880,3.22850876851682,8,0.499077253163893,1.8,3.8,0.221775148937834,0.208159857497531
441,2.2,0,0.0045004500450045,0.00045004500450045,0,0,2899.06483271196,9093.37237705543,3073.04990177658,35.0523536704872,6434.49782852868,0.116737784098702,0.242128762812367,50,114.6,0,0.149442951833577,0.0579205441892527,0.130631606264203,0.337983798379838,0.0693069306930693,0.0135013501350135,0.19047619047619,187,18.6,12.02,15.2,3149.56683754622,4758.43840723565,3.95091532823405,9.2,1.05809171204743,2,4,0.149442951833577,0.23866662729023
442,2.2,0,0.0045004500450045,0.00045004500450045,0,0,2899.06483271196,9093.37237705543,3073.04990177658,35.0523536704872,6434.49782852868,0.116737784098702,0.242128762812367,50,114.6,0,0.149442951833577,0.0579205441892527,0.130631606264203,0.337983798379838,0.0693069306930693,0.0135013501350135,0.19047619047619,187,18.6,12.02,15.2,3149.56683754622,4758.43840723565,3.95091532823405,9.2,1.05809171204743,2,4,0.149442951833577,0.23866662729023
443,2.2,0,0.0045004500450045,0.00045004500450045,0,0,2899.06483271196,9093.37237705543,3073.04990177658,35.0523536704872,6434.49782852868,0.116737784098702,0.242128762812367,50,114.6,0,0.149442951833577,0.0579205441892527,0.130631606264203,0.337983798379838,0.0693069306930693,0.0135013501350135,0.19047619047619,187,18.6,12.02,15.2,3149.56683754622,4758.43840723565,3.95091532823405,9.2,1.05809171204743,2,4,0.149442951833577,0.23866662729023
444,1.2,0,0.00265392781316348,0.000530785562632696,0,0,3626.0878873694,10032.7000362619,3831.48936674603,35.0143932605398,8020.74395470563,0.106044445782456,0.201733182614956,45.4,90.4,0,0.0476560879790443,0.0247321507256539,6.74442971470965e-05,0.367303609341826,0.0865180467091295,0.0164543524416136,0.195945945945946,177.2,10.8,6.54666666666667,14.2,2618.24218667414,3695.77214595499,2.54086833926748,6.8,0.863434167688701,2.6,3.8,0.0476560879790443,0.136640899498608
445,2.2,0.000471698113207547,0.00424528301886792,0.000471698113207547,0,0,2397.77032258378,8237.38118150096,2419.63689782302,35.0043586338232,8588.32753087072,0.126181844403806,0.288276719529399,49.6,105,0,0.316907117326813,0.0381308262229713,0.000490730841460858,0.391981132075472,0.069811320754717,0.0127358490566038,0.284105131414268,201.2,8.4,5.36,13.2,4303.59041951784,5148.64599649044,4.30165775490839,8,0.835105259306824,1.75,3.4,0.316907117326813,0.155900123867251
446,2.2,0.000471698113207547,0.00424528301886792,0.000471698113207547,0,0,2397.77032258378,8237.38118150096,2419.63689782302,35.0043586338232,8588.32753087072,0.126181844403806,0.288276719529399,49.6,105,0,0.316907117326813,0.0381308262229713,0.000490730841460858,0.391981132075472,0.069811320754717,0.0127358490566038,0.284105131414268,201.2,8.4,5.36,13.2,4303.59041951784,5148.64599649044,4.30165775490839,8,0.835105259306824,1.75,3.4,0.316907117326813,0.155900123867251
447,2,0,0.00189663347558084,0.00189663347558084,0.000948316737790422,0,1898.48457718294,6730.89306285443,1846.75489456582,34.6212516239204,9671.44973589998,0.13670773921646,0.302217306446068,53.8,107.8,0,0.42049886803333,0.0591780798875984,0.00724164360261792,0.383594120436226,0.0678046467520152,0.0137505926979611,0.240843507214206,196.2,9.2,3.28666666666667,14.2,13703.5439413044,18115.5082495687,5.92666585697271,11,1.04869903177256,1.75,1.8,0.42049886803333,0.11981714500175
448,2,0,0.00258732212160414,0.00172488141440276,0,0,2705.10413573961,9337.39567423917,1926.64473677858,34.6292535881655,8731.829004156,0.15542228346307,0.380512892051717,61.4,132.6,0,2.46536429352585,0.0728976595990493,0.0280848073264626,0.384648555411815,0.0620957309184994,0.0107805088400172,0.226345083487941,212.2,11,4.45333333333333,15,15692.2582698437,16017.553245337,7.64077711791363,12.2,2.1930346282049,3.4,1.8,2.46536429352585,0.0870992877355367
449,1,0.0005249343832021,0.0010498687664042,0.0010498687664042,0,0,1115.14139598615,3744.7134633913,1183.86146088498,35.178423815896,6705.02906560039,0.134513790743535,0.2963892970668,56.4,118.6,0,0.164658365806772,0.0946825688226666,0.000266960358199655,0.334383202099738,0.068241469816273,0.0131233595800525,0.275456919060052,158.4,20.8,8.5,17.8,13304.7556148119,6888.19313203095,10.8507790958115,19.8,0.94109190657372,1.33333333333333,1.6,0.164658365806772,0.172338855243404
450,1.8,0,0.00157977883096367,0.00315955766192733,0,0,1891.72557459132,6821.76785291037,1086.54795735099,35.4017636001059,8838.65711852082,0.144516507629103,0.389662857487075,58.6,120.4,0,2.51802950256365,0.134618388134377,0.00339572071965075,0.327014218009479,0.0700368615060558,0.0121116377040548,0.32027972027972,155.4,17.4,8.54,15.8,9126.71451878768,11599.5856536892,8.43655767722094,15.2,0.608430918014337,1.25,2,2.51802950256365,0.204667462421132
451,0.8,0,0.000550357732526142,0.00110071546505228,0.000550357732526142,0,1307.98894186592,4624.44240302877,943.43727833613,34.6606394593914,7778.99341657449,0.133816991147622,0.324365755422759,54,107.2,0,1.3738521399816,0.0571244899473493,0.00076496402822443,0.334617501375894,0.0770500825536599,0.015410016510732,0.281626506024096,155.2,17.2,8.26666666666667,16,7355.4396522616,11880,6.49165181970254,12.4,1.01112380438383,1.75,1.8,1.3738521399816,0.194287906229659
452,1,0,0.000575043128234618,0.00230017251293847,0,0,843.451331967683,1441.97759253195,970.999200729828,28.0936024740532,7822.68195627131,0.136820527891703,0.221815530398221,55.2,89,0,0.124105001962638,0.0357750522181478,0.0891866809678419,0.322024151811386,0.0833812535940196,0.019551466359977,0.369565217391304,147.8,13.8,5.29333333333333,13.2,10319.7356651127,724.77578504052,6.58750122581518,12.8,1.01858792464924,1.5,1.6,0.124105001962638,0.170636690492669
453,0.8,0.000646412411118293,0,0.00129282482223659,0.000646412411118293,0,724.089529226764,491.2879025701,898.350172378293,28.8031303845376,6327.40666064993,0.0924672055404003,0.130755556244903,37.8,68,0,0.0280283608212763,0.0142199959331261,6.82612264954339e-05,0.343244990303814,0.0879120879120879,0.0161603102779573,0.354916067146283,138.4,13.8,6.58666666666667,14.8,6911.46234612324,3901.22493379988,3.78598077459237,9,0.434226212483726,1.4,1.6,0.0280283608212763,0.212529332511408
454,0.6,0,0,0.0019907100199071,0,0,582.038816970901,443.22802671957,756.790466476916,28.5190643816122,6274.74404310174,0.0940398158908513,0.116623265929311,36.6,58.2,0,0.00564147251637589,0.00413395730695132,0.000178518544098776,0.400796284007963,0.0922362309223623,0.0165892501658925,0.341902313624679,153.6,16.4,7.7,14.6,5815.6690560499,4320,3.32887564360167,8.4,0.456092890820994,1,2,0.00564147251637589,0.0633251915147365
455,1.4,0.000599520383693046,0.00179856115107914,0.00179856115107914,0,0,662.992007717015,983.412247272196,824.422168679172,28.4020109984127,6110.57720187165,0.112495833495042,0.149585930261626,46.4,71.6,0,0.0118775488692494,0.0186540291962679,0.000386974194707456,0.380095923261391,0.0797362110311751,0.0143884892086331,0.297551789077213,158.2,20.4,10.0266666666667,17.2,6592.66815963408,5973.82487658247,5.22751778221913,13,0.591298778630496,1,1.8,0.0118775488692494,0.113001487064259
456,1.8,0.000576036866359447,0.00172811059907834,0.00288018433179724,0,0,835.451916741154,1895.81192328322,946.132568728788,28.4417111150742,6145.71921110875,0.117050804714286,0.18517747725529,49.6,79.4,0,0.046246683778036,0.0265372561019288,0.000231362166362269,0.370391705069124,0.0771889400921659,0.0126728110599078,0.299474605954466,159.8,18.6,6.06666666666667,16.6,14217.0595417978,10240.8956295136,8.65769377632285,17,0.915784009607992,1.4,1.2,0.046246683778036,0.119216868935469
457,1.4,0,0.00366300366300366,0.000610500610500611,0,0,2803.03648384092,9008.9169432214,1688.39922984026,28.4299947156412,7747.25720202595,0.106185363069418,0.265710699716802,42.4,87.2,0,2.58592066177887,0.0272996466703939,0.0304355130076596,0.361416361416361,0.0848595848595849,0.0152625152625153,0.318181818181818,151.2,18.75,5.6,17,9831.39299459841,5752.79423681,7.96479780580563,15.4,1.14400584672635,1.66666666666667,1.4,2.58592066177887,0.156800264728384
458,2,0,0.00241896468311563,0.0019351717464925,0.000483792936623125,0,1242.04536207632,5726.10396369539,1475.36340379493,28.2161320353877,6543.79641593862,0.111776022385629,0.186146256394067,47.6,82,0,0.0975949436886406,0.0144186303945124,0.000384859569370726,0.361877116594098,0.0711175616835994,0.0125786163522013,0.37228714524207,184.2,17.4,5.86666666666667,16.4,16108.4432531933,15084.3296245933,9.7083568228216,18.6,1.31129157454726,2.5,1.6,0.0975949436886406,0.0893016187158098
459,0.8,0,0,0.00197889182058048,0.000659630606860158,0,1316.47024474502,5071.51025401057,1235.51135550827,28.3877429421141,5597.13336799156,0.114079120649138,0.216362087773764,42.4,80,0,0.269834111765259,0.0492354682406375,0.000231288509515849,0.318601583113456,0.079155672823219,0.0118733509234828,0.151712887438825,124.2,22.4,8.46,17,8842.58273106797,20520,6.69220638327077,14.4,1.02565904665191,1.75,1.8,0.269834111765259,0.0990968956718625
460,0.8,0,0,0.00197889182058048,0.000659630606860158,0,1316.47024474502,5071.51025401057,1235.51135550827,28.3877429421141,5597.13336799156,0.114079120649138,0.216362087773764,42.4,80,0,0.269834111765259,0.0492354682406375,0.000231288509515849,0.318601583113456,0.079155672823219,0.0118733509234828,0.151712887438825,124.2,22.4,8.46,17,8842.58273106797,20520,6.69220638327077,14.4,1.02565904665191,1.75,1.8,0.269834111765259,0.0990968956718625
461,1,0.000638162093171666,0.00127632418634333,0.00127632418634333,0,0,385.027962581068,451.362496855755,515.798052820462,28.4866363783012,5583.94154820697,0.103980036049258,0.148342290513033,43.2,72.6,0,0.0478747569602288,0.0159064784975885,0.000120869147249038,0.313337587747288,0.0797702616464582,0.0127632418634333,0.251865671641791,127.2,24.4,11.4933333333333,16.2,8134.82712821842,15840,7.45551207198771,17.4,0.710173477670756,1,2,0.0478747569602288,0.07796837200298
462,0.6,0.000692520775623269,0.000692520775623269,0.000692520775623269,0,0,417.549847499014,461.216496755282,532.956837253361,28.3711370232009,5239.08493970272,0.105714343741312,0.142134462819168,40.2,68,0,0.0424877301082633,0.0159258296758869,3.71677277616874e-05,0.317174515235457,0.0761772853185596,0.0131578947368421,0.163227016885553,117.4,27.6,12.4133333333333,17.4,7400.50844845532,9600,7.03956039861557,16.8,0.477387027035056,1,2,0.0424877301082633,0.100702891000189
463,1,0.000544365813826892,0.00217746325530757,0,0,0,4096.54416499132,10369.1125094365,4085.21247197258,28.1508876498498,4101.45178761948,0.0706733674034383,0.230146228479079,32.4,58.6,0,0.243098431786119,0.0247905375703799,0.00364007609698971,0.383777898747959,0.0821992378878606,0.0146978769733261,0.40295358649789,176.6,46.6,20.2933333333333,23.2,5759.1773707331,5215.61039266926,5.11014403248342,14.8,4.95550654665127,15,2,0.243098431786119,0.196605577150049
464,1,0.000544365813826892,0.00217746325530757,0,0,0,4096.54416499132,10369.1125094365,4085.21247197258,28.1508876498498,4101.45178761948,0.0706733674034383,0.230146228479079,32.4,58.6,0,0.243098431786119,0.0247905375703799,0.00364007609698971,0.383777898747959,0.0821992378878606,0.0146978769733261,0.40295358649789,176.6,46.6,20.2933333333333,23.2,5759.1773707331,5215.61039266926,5.11014403248342,14.8,4.95550654665127,15,2,0.243098431786119,0.196605577150049
465,0.6,0.000598086124401914,0.00119617224880383,0,0,0,2619.52721303428,8922.69206462037,2597.04358719472,35.0097731374409,3441.71663999105,0.0840712246811919,0.135386345472508,34.4,64.6,0,0.146186963303969,0.0151655348910705,0.00165738957669333,0.349282296650718,0.0897129186602871,0.0113636363636364,0.208487084870849,150.6,46.2,21.22,22.4,5407.75635309972,5768.9114597879,4.85503250030349,15.2,4.07881205026026,14.4,2,0.146186963303969,0.168582297035937
466,0.2,0,0,0,0,0.000617283950617284,2615.58911671433,8351.1005595599,2752.78459406615,34.8136812574553,2845.60564571068,0.0716663832532951,0.112883545169808,32.4,56.6,0,0.0268554476903615,0.0122094497788269,1.8800218465292e-05,0.354938271604938,0.0919753086419753,0.00864197530864197,0.165703275529865,147.6,40.8,18.2,22.6,4816.55615109064,4476.26592126395,4.45212407645706,16.4,2.68010500909469,10.2,2,0.0268554476903615,0.125565276625363
467,0.8,0.000573394495412844,0.00114678899082569,0,0,0.000573394495412844,2931.95881863128,8653.27087777757,3075.36857682133,34.9105098371643,2679.30178658719,0.0773498866227942,0.100043292628752,30,53.2,0,0.00308290517442418,0.0100347069958039,0.000119633621090765,0.361238532110092,0.088302752293578,0.00745412844036697,0.23125,159.4,40.8,17.7466666666667,22.6,3868.14378258094,3340.06964310732,3.3391342045223,15.2,2.27077772048198,10.4,2,0.00308290517442418,0.208941582706955
468,0.4,0,0.00127145581691036,0,0,0,3506.4979415622,10093.1398137386,3651.79976161833,34.4819796200912,2988.05175373278,0.0685270056538081,0.128011679936637,29,57.8,0,0.031702265331962,0.0470901619015928,6.20306765084489e-06,0.432294977749523,0.0940877304513668,0.00890019071837254,0.292682926829268,168.4,42.8,18.84,22.8,3899.73524606515,3837.63980617785,3.46912481413272,13.8,2.3945384171102,10,2,0.031702265331962,0.180923034417283
469,0.4,0,0.0006635700066357,0.0006635700066357,0,0,2020.0418897423,6850.90683162863,2190.6556817055,35.5165030121594,3166.87881188597,0.0643816090255426,0.181740718119628,28,49.8,0,0.00385503655297034,0.0106204632465315,0.000228200424529806,0.37956204379562,0.0975447909754479,0.0126078301260783,0.274271844660194,147.6,34,14.32,21,4286.42985855385,3672.4035699822,3.1137099546325,11.6,1.78641318288145,7.2,2,0.00385503655297034,0.183517612922587
470,0.6,0,0.00171135196805476,0,0,0,3458.32196808005,9670.46198872176,3143.47127778913,34.8823933621084,4101.16729076743,0.0673980918863419,0.315568573788419,30.6,72.4,0,0.792147331451904,0.0131545738155291,0.00340331240498583,0.393610952652596,0.0878494010268112,0.00969766115231033,0.199685534591195,172.2,45.8,17.8133333333333,22.8,6140.6865587189,4543.72860472444,6.54347425908871,15.4,2.92461013194134,8.4,2,0.792147331451904,0.160826497884569
471,0.4,0,0.000513874614594039,0.000513874614594039,0,0,1100.93796806728,3589.17972831672,1138.7454782035,35.2356592840855,3602.60358475081,0.0948483664453727,0.188958350688406,43,80.6,0,0.250619979905718,0.0259758499457796,0.00103551517016482,0.391058581706064,0.0580678314491264,0.0174717368961973,0.375917767988253,181.6,56.2,23.6133333333333,24.6,5557.59172145088,4375.14800906314,6.97682589860378,15.6,4.5857396359435,16,2,0.250619979905718,0.132425699066527
472,0.6,0,0.000512295081967213,0.00102459016393443,0,0,1108.93016416105,3682.76949637159,1129.05043817864,35.2079468946338,3592.60686912002,0.0955212351525597,0.188150672772459,43.8,78.4,0,0.264493616467598,0.0261679949609039,0.00130358918080669,0.390368852459016,0.0578893442622951,0.0174180327868852,0.377713458755427,181.8,55.8,23.4933333333333,24.8,5606.55728727864,4351.62570793915,6.97842200995785,15.6,4.5857396359435,16,2,0.264493616467598,0.132849664320308
473,0.4,0,0.00109051254089422,0,0,0,1107.43318349775,3967.99575502365,897.597152711704,35.4127287714616,3947.96339460896,0.105823239646948,0.205272209874179,45.4,81.2,0,0.797889690368662,0.0191844705721993,0.00539055347245423,0.405125408942203,0.0577971646673937,0.0212649945474373,0.372340425531915,177.6,52.6,23.4066666666667,24.8,4211.39880064843,5424.76539614052,5.46013532442469,14.6,6.1255202132774,20.4,2,0.797889690368662,0.20242792625918
474,2.4,0.00127226463104326,0.00190839694656489,0.000636132315521629,0,0,2293.69934088759,6992.66024903314,1422.97916623681,34.9097990603872,5850.97321315488,0.142028042420346,0.603009318021189,60.8,183.2,0,3.22948830574259,0.133861007978265,0.0478208655830668,0.332697201017812,0.0403944020356234,0.0104961832061069,0.216774955699941,241.2,72.6,30.2733333333333,26.8,8226.79068977242,7585.14735542187,15.3387266002713,27.8,11.3022871655277,25,2,3.22948830574259,0.083568409552248
475,2.4,0.00127226463104326,0.00190839694656489,0.000636132315521629,0,0,2293.69934088759,6992.66024903314,1422.97916623681,34.9097990603872,5850.97321315488,0.142028042420346,0.603009318021189,60.8,183.2,0,3.22948830574259,0.133861007978265,0.0478208655830668,0.332697201017812,0.0403944020356234,0.0104961832061069,0.216774955699941,241.2,72.6,30.2733333333333,26.8,8226.79068977242,7585.14735542187,15.3387266002713,27.8,11.3022871655277,25,2,3.22948830574259,0.083568409552248
476,2.4,0.00127226463104326,0.00190839694656489,0.000636132315521629,0,0,2293.69934088759,6992.66024903314,1422.97916623681,34.9097990603872,5850.97321315488,0.142028042420346,0.603009318021189,60.8,183.2,0,3.22948830574259,0.133861007978265,0.0478208655830668,0.332697201017812,0.0403944020356234,0.0104961832061069,0.216774955699941,241.2,72.6,30.2733333333333,26.8,8226.79068977242,7585.14735542187,15.3387266002713,27.8,11.3022871655277,25,2,3.22948830574259,0.083568409552248
477,2.4,0.000309214594928881,0.00247371675943105,0.000618429189857761,0,0.000309214594928881,3211.453115197,9418.27585545873,1749.6271747794,34.8850880406074,5991.62073548731,0.141731644098638,0.551333713136041,61,169.4,0,7.40075265243665,0.199170718674178,0.119351065536844,0.33982683982684,0.038961038961039,0.0105132962275819,0.18058568329718,251.8,74.8,30.12,26.6,7145.03535209656,5469.98478603115,12.1057782666177,24.6,8.01592057807656,20.8,2,7.40075265243665,0.0868789588666957
478,2,0.000327761389708292,0.00196656833824975,0.000983284169124877,0,0,3065.52995694656,9572.35308087134,2157.40648347311,34.8638412293604,5600.75190356226,0.131765903507961,0.582583242602933,53,166.8,0,2.65492216920311,0.173058497504427,0.0593452042347539,0.303834808259587,0.0419534578826614,0.0121271714192068,0.210594315245478,218.4,68.6,30.34,26.2,6941.14786305175,4940.67673153842,10.7771601664103,22,9.21764553652378,23.2,2,2.65492216920311,0.0850887069748897
479,0.8,0.000328623069339468,0.000328623069339468,0.000657246138678935,0,0,2225.21177949512,6360.66144635553,1373.9690808415,34.9929466994858,5182.84670521442,0.121155143506533,0.503139975245847,54.6,148.8,0,2.05838799058573,0.217115183362002,0.0416908793980204,0.32730857706211,0.0387775221820572,0.0101873151495235,0.191576086956522,229,67.2,28.18,25.2,8265.28903314565,5855.3657377596,13.013011699041,24.4,6.95472987193504,17.8,2,2.05838799058573,0.0809454704181055
480,2.2,0.000346620450606586,0.00311958405545927,0.000346620450606586,0,0,2226.27084402435,6289.83313206726,1472.50432206048,34.8831317504376,5059.13964889728,0.124815767486293,0.510542639212872,52,155,0,2.09908698063994,0.147552951733091,0.0385840742732609,0.344540727902946,0.0415944540727903,0.010051993067591,0.189700130378096,228.6,71.4,28.8066666666667,25.4,6621.70158765191,5963.64094367339,11.2659730825744,21.8,7.66148342980059,18,2,2.09908698063994,0.0743587447714058
481,3.2,0,0.00323310701584222,0.00193986420950533,0,0,3069.18389854592,8877.59850862844,1702.19474022257,35.1271764469262,5903.94806063116,0.127041121473283,0.548586796334151,53.6,172.4,0,4.43107339743023,0.14465482529677,0.0437678425058455,0.371483996120272,0.040737148399612,0.0113158745554478,0.172579675285628,262,67.8,27.9333333333333,26.6,7315.41913770607,6736.01153948235,12.5643219346818,25.2,8.39559923314002,18,2,4.43107339743023,0.0762447015999275
482,2,0,0.00189813350205631,0.00126542233470421,0,0,3278.72436976498,8774.30713244291,1672.12024053657,35.1719025055258,6137.38449468098,0.132832178371316,0.600788779901157,56.2,181,0,5.34539244722588,0.185909764399493,0.047714726551077,0.356849098386587,0.0392280923758304,0.0107560898449858,0.162240184757506,257.2,70.4,28.8266666666667,26.8,7264.15504724862,6197.39892521161,12.9705193821163,26.6,7.61651430038308,17.6,2,5.34539244722588,0.0801866388465702
483,2,0,0.00189813350205631,0.00126542233470421,0,0,3278.72436976498,8774.30713244291,1672.12024053657,35.1719025055258,6137.38449468098,0.132832178371316,0.600788779901157,56.2,181,0,5.34539244722588,0.185909764399493,0.047714726551077,0.356849098386587,0.0392280923758304,0.0107560898449858,0.162240184757506,257.2,70.4,28.8266666666667,26.8,7264.15504724862,6197.39892521161,12.9705193821163,26.6,7.61651430038308,17.6,2,5.34539244722588,0.0801866388465702
484,3.2,0,0.00323310701584222,0.00193986420950533,0,0,3069.18389854592,8877.59850862844,1702.19474022257,35.1271764469262,5903.94806063116,0.127041121473283,0.548586796334151,53.6,172.4,0,4.43107339743023,0.14465482529677,0.0437678425058455,0.371483996120272,0.040737148399612,0.0113158745554478,0.172579675285628,262,67.8,27.9333333333333,26.6,7315.41913770607,6736.01153948235,12.5643219346818,25.2,8.39559923314002,18,2,4.43107339743023,0.0762447015999275
485,3.2,0,0.00323310701584222,0.00193986420950533,0,0,3069.18389854592,8877.59850862844,1702.19474022257,35.1271764469262,5903.94806063116,0.127041121473283,0.548586796334151,53.6,172.4,0,4.43107339743023,0.14465482529677,0.0437678425058455,0.371483996120272,0.040737148399612,0.0113158745554478,0.172579675285628,262,67.8,27.9333333333333,26.6,7315.41913770607,6736.01153948235,12.5643219346818,25.2,8.39559923314002,18,2,4.43107339743023,0.0762447015999275
486,3.2,0.0016739203213927,0.00200870438567124,0.00133913625711416,0,0.00033478406427854,3597.39656853916,9908.53016502204,2705.47458989705,34.4755992111194,5113.63621920502,0.134549302429888,0.561136796227128,58.8,167,0,3.66300433603708,0.313872607045124,0.0663466643216036,0.290927351858052,0.0418480080348175,0.00836960160696351,0.232375979112272,203.8,73.8,30.4533333333333,26,7612.53837711034,5254.60346188587,13.6085069969223,26.6,8.12133593324555,23.2,2,3.66300433603708,0.0864585113649201
487,3.8,0.00284900284900285,0.00189933523266857,0.00126622348844571,0,0,2491.27456202196,6746.57447095535,1307.69223868014,34.9819621268684,7654.2350183679,0.171375490976329,0.708381965056935,81.8,204.6,0,4.66509254121923,0.474447882312557,0.0667535094552406,0.278885723330168,0.0408357075023742,0.0101297879075657,0.149897330595483,208.4,74,28.32,24.2,10157.9789643918,7969.71075881167,19.4008575553166,33.2,9.04197208804649,17.8,2,4.66509254121923,0.0912212333253591
488,2.4,0.00130208333333333,0.00227864583333333,0.000325520833333333,0,0,2962.2962238725,8935.95032269435,1900.14077014176,35.238664392125,7985.39642776436,0.182328090683749,0.698103628978598,80,201,0,4.60574802848108,0.279213479235341,0.0642900364962624,0.281575520833333,0.0413411458333333,0.0192057291666667,0.175070821529745,210.2,57.4,24.7866666666667,26.2,8687.5069171185,9549.86861779338,15.42962863639,26,8.21990512594477,15.8,2,4.60574802848108,0.0892212521040547
489,2.4,0.00130208333333333,0.00227864583333333,0.000325520833333333,0,0,2962.2962238725,8935.95032269435,1900.14077014176,35.238664392125,7985.39642776436,0.182328090683749,0.698103628978598,80,201,0,4.60574802848108,0.279213479235341,0.0642900364962624,0.281575520833333,0.0413411458333333,0.0192057291666667,0.175070821529745,210.2,57.4,24.7866666666667,26.2,8687.5069171185,9549.86861779338,15.42962863639,26,8.21990512594477,15.8,2,4.60574802848108,0.0892212521040547
490,4.4,0.00122774708410068,0.00337630448127686,0.00214855739717618,0,0,2600.01086858492,7425.27352321797,1072.44234737089,34.5368456138051,8348.19971058693,0.163861246064362,0.649875596604012,77.2,200.4,0,6.05079524247675,0.177926051864723,0.0683437380777388,0.289748311847759,0.0386740331491713,0.0184162062615101,0.205882352941176,226,54.6,22.7,26.4,7619.41091267837,8832.49002763951,13.2133874970023,24,8.05754842301981,15.2,2,6.05079524247675,0.0915518076503018
491,4,0.000931966449207828,0.00434917676296987,0.000931966449207828,0,0,3933.5674686524,10334.1699096464,3222.79523401085,34.7108367526356,7613.51808709114,0.126545322883326,0.472037574505144,57,155.2,0,2.45668700471234,0.196935750273827,0.0712699691871644,0.296986641814228,0.0465983224603914,0.0239204721963343,0.201042873696408,236.6,40.2,18.3866666666667,26.4,7368.60484577402,8330.01142517736,10.3336731377378,19.8,8.67321240460844,18.6,2,2.45668700471234,0.0926604228880241
492,2.8,0.00155617802676626,0.00248988484282602,0.000311235605353252,0,0,4093.5326520201,9991.45365472685,3178.87989157489,34.7906656664496,6189.62788602668,0.139741324660254,0.512432328125393,59.4,172.2,0,3.99289009926629,0.158404948572349,0.0627352282635184,0.276065981948335,0.0476190476190476,0.0168067226890756,0.184927846071619,218.8,54,24.0333333333333,27,5625.09385079143,7877.67000170285,9.53404258407368,18.4,11.8751952076258,24.2,2,3.99289009926629,0.0918246952488253
493,2.8,0.00155617802676626,0.00248988484282602,0.000311235605353252,0,0,4093.5326520201,9991.45365472685,3178.87989157489,34.7906656664496,6189.62788602668,0.139741324660254,0.512432328125393,59.4,172.2,0,3.99289009926629,0.158404948572349,0.0627352282635184,0.276065981948335,0.0476190476190476,0.0168067226890756,0.184927846071619,218.8,54,24.0333333333333,27,5625.09385079143,7877.67000170285,9.53404258407368,18.4,11.8751952076258,24.2,2,3.99289009926629,0.0918246952488253
494,3.4,0.000592943966795138,0.00415060776756597,0.000296471983397569,0,0,4181.17214864629,11509.7494946949,3636.88721318709,34.8411505685592,5797.53981789183,0.147693870372591,0.491250692780981,65,171.2,0,2.56467120788583,0.19251360048561,0.0730379002989182,0.265342425140824,0.0471390453602135,0.0154165431366736,0.196409714889124,221.2,55,25.0933333333333,26.4,8638.97339697047,9325.68066959406,12.9194230411254,21.4,13.3119766608526,25,2,2.56467120788583,0.0981007986840681
495,2.6,0,0.00277435265104809,0.00123304562268804,0,0,3063.61782569636,7935.0255905084,1911.5077774474,35.0713595011324,7389.73058535919,0.148068643826011,0.592790454953644,67,172.2,0,4.47568316994025,0.250613739836031,0.0702073633558882,0.279284833538841,0.0422318125770654,0.0166461159062885,0.229597388465724,219.4,46.4,21.1333333333333,26.2,8606.55243542015,8718.73586376361,11.8841132790094,20.4,10.4526185300234,20.2,2,4.47568316994025,0.0939096672930106
496,3.2,0.00124146492861577,0.00310366232153942,0.000310366232153942,0.000310366232153942,0,2633.19876144655,7413.22223556177,1611.03839895577,35.1367593842827,7776.54914484823,0.173563215410783,0.615106750805265,74.2,176.8,0,3.65909914609653,0.131847553239278,0.0706818866967517,0.266294227188082,0.0422098075729361,0.0183116076970826,0.192600652883569,210.6,58.6,24.7933333333333,25.6,7552.32684397962,7531.27169149709,13.1653383488995,25,9.61847749761158,21,2,3.65909914609653,0.0920820253570235
497,4.2,0.00184049079754601,0.00368098159509202,0.000920245398773006,0,0,2973.61386674044,8863.95579803893,2170.56449199883,34.6721812394093,9137.09413335519,0.170764534014337,0.56915729807558,76.2,179.8,0,2.62451934717183,0.143661721504009,0.0756471147563433,0.268711656441718,0.0441717791411043,0.0116564417177914,0.176160337552743,211.6,12.2,6.16666666666667,16.6,11701.9411452656,12492.889831583,8.06410251759597,12.2,3.07031057616274,5.2,2,2.62451934717183,0.0964400107745751
498,4.2,0.00184049079754601,0.00368098159509202,0.000920245398773006,0,0,2973.61386674044,8863.95579803893,2170.56449199883,34.6721812394093,9137.09413335519,0.170764534014337,0.56915729807558,76.2,179.8,0,2.62451934717183,0.143661721504009,0.0756471147563433,0.268711656441718,0.0441717791411043,0.0116564417177914,0.176160337552743,211.6,12.2,6.16666666666667,16.6,11701.9411452656,12492.889831583,8.06410251759597,12.2,3.07031057616274,5.2,2,2.62451934717183,0.0964400107745751
499,3.6,0.000316957210776545,0.003486529318542,0.00190174326465927,0,0,3211.51240424741,9215.70196705573,2641.64807251548,35.169506557858,8550.55388824512,0.163100749074469,0.574368530689186,72.8,181.4,0,1.7943133848733,0.104324630558908,0.0685258540682694,0.296988906497623,0.0427892234548336,0.0120443740095087,0.125619834710744,222,13.8,6.58666666666667,17.2,11079.1623516209,10665.2757133585,6.7759983028842,12.8,2.83902096370864,5.4,2,1.7943133848733,0.0872101517393846
500,2.6,0.000989772352358957,0.00296931705707687,0.000329924117452986,0,0,3158.70758912052,9385.17366785048,2181.67578455922,34.5271475512722,10427.5198166509,0.17204997587491,0.628107932672994,73,172.8,0,3.24467961833986,0.0958672093028944,0.0601169580542746,0.286704058066645,0.0432200593863411,0.0131969646981194,0.0984162895927602,208,11.6,5.48,15.8,12265.3819916788,11513.928729725,7.63958857769509,12.2,2.07608832834049,3.8,2,3.24467961833986,0.0855836357261534
501,2.6,0.000989772352358957,0.00296931705707687,0.000329924117452986,0,0,3158.70758912052,9385.17366785048,2181.67578455922,34.5271475512722,10427.5198166509,0.17204997587491,0.628107932672994,73,172.8,0,3.24467961833986,0.0958672093028944,0.0601169580542746,0.286704058066645,0.0432200593863411,0.0131969646981194,0.0984162895927602,208,11.6,5.48,15.8,12265.3819916788,11513.928729725,7.63958857769509,12.2,2.07608832834049,3.8,2,3.24467961833986,0.0855836357261534
502,2.2,0.000856408792463603,0.00199828718241507,0.000285469597487868,0,0,4617.87458645985,12399.4557819954,2161.03259048323,34.8894853091872,10532.3267153545,0.194160705601206,0.756326724885418,77.8,201.8,0,10.0251275092771,0.154184815967795,0.128398424200522,0.305452469312018,0.036540108478447,0.0105623751070511,0.109024278515804,247,11.8,5.38666666666667,14,12551.3702662862,10776.5502200324,6.9589422785579,10.4,2.72496164581793,4,2,10.0251275092771,0.0969811700674113
503,2.2,0.000856408792463603,0.00199828718241507,0.000285469597487868,0,0,4617.87458645985,12399.4557819954,2161.03259048323,34.8894853091872,10532.3267153545,0.194160705601206,0.756326724885418,77.8,201.8,0,10.0251275092771,0.154184815967795,0.128398424200522,0.305452469312018,0.036540108478447,0.0105623751070511,0.109024278515804,247,11.8,5.38666666666667,14,12551.3702662862,10776.5502200324,6.9589422785579,10.4,2.72496164581793,4,2,10.0251275092771,0.0969811700674113
504,2.6,0.000276701715550636,0.00249031543995573,0.000830105146651909,0,0,3795.04306974632,10548.3331017247,2743.21408926595,35.0467001522883,8832.28090580004,0.191066698434399,0.684531767638922,76.4,186.6,0,4.28643016172956,0.150170713898444,0.109306782557774,0.282235749861649,0.0390149418926397,0.0110680686220255,0.107490272373541,240.2,12.4,6.14666666666667,16.2,12434.8560159825,15063.7260426393,6.75112214174532,11.4,4.34015707268332,8.6,2,4.28643016172956,0.103118231735457
505,4.6,0.000560381059120202,0.00532362006164192,0.000560381059120202,0,0,3680.66649302504,9563.51741338371,2548.66305494981,35.0623602058429,9608.99100739183,0.189851499779138,0.673927406097357,76.6,180.2,0,4.47555282799884,0.205706239701321,0.107080593937008,0.287755673858224,0.0411880078453348,0.011207621182404,0.121372031662269,242.8,11.8,5.87333333333333,15.8,13118.6290901335,13844.0161759458,6.74536139202342,11.4,3.06068502727881,5.8,2,4.47555282799884,0.101064654378639
506,3,0.000889152341434499,0.003556609365738,0,0,0,3643.53108199493,9641.7586842587,2354.60190191794,35.040047042921,9075.35954326257,0.181808815193011,0.59195117803625,75,153.4,0,5.00162250057455,0.0663491098680962,0.0649471134813395,0.285714285714286,0.039122703023118,0.00829875518672199,0.142045454545455,224.8,10,4.98,15.8,11987.2007365895,13861.025459517,6.59317011655712,11.2,3.62047446659442,6.4,2,5.00162250057455,0.092392708589677
507,5.2,0.00150602409638554,0.00421686746987952,0.00210843373493976,0,0,3452.26770719453,9609.06032353159,2299.55689905549,35.0056693416269,10122.522897937,0.193979262889984,0.668715995576753,78.6,175,0,4.04035862953513,0.130041067561007,0.0678922685587112,0.280120481927711,0.0421686746987952,0.0108433734939759,0.129715762273902,221.2,15,7.08666666666667,15.2,11580.1185185527,12624.2612324219,8.10493768783394,12.8,2.00257082800058,3.6,2,4.04035862953513,0.09669804974403
508,2.8,0.000287191269385411,0.00373348650201034,0,0,0,4025.88521603734,10556.8199974725,2715.87597141518,35.0253452838507,9724.45796122943,0.196731182853296,0.594651397181973,79.8,167.6,0,4.85296101363062,0.0895955260814486,0.11837372859838,0.264503159103963,0.0402067777139575,0.0103388856978748,0.114272166903746,219.4,13,5.99333333333333,18.2,11932.9636790072,11747.977814705,8.24808835184155,13,3.71492054081542,6.8,2,4.85296101363062,0.117023350184199
509,3.4,0.000287438919229664,0.00402414486921529,0.000574877838459327,0,0,4042.63365385497,10100.3610414496,2698.81553200599,35.0829959839265,9955.12935678721,0.197649161653779,0.595185519337193,81,167.8,0,4.97688468253606,0.0736248310730428,0.114868445093604,0.261281977579764,0.0416786432883012,0.0103478010922679,0.115458015267176,218,13,5.99333333333333,17.8,11932.9636790072,11747.977814705,8.20588792475915,12.8,3.80757094408042,6.6,2,4.97688468253606,0.116903264463384
510,3,0,0.00376593279258401,0.000579374275782155,0,0,4159.09286346916,10555.8788833505,2804.86349288306,35.2490498733048,10045.8860959255,0.191963022707716,0.599228044446702,78,166.6,0,4.96239605745343,0.0757443567204865,0.111315208487085,0.266512166859791,0.0422943221320973,0.0104287369640788,0.115886045388701,220.4,13,5.99333333333333,17,11932.9636790072,11753.342066631,8.14694906999732,11.8,3.61624429645186,5.8,2,4.96239605745343,0.116103891945323
511,3,0,0.00376593279258401,0.000579374275782155,0,0,4159.09286346916,10555.8788833505,2804.86349288306,35.2490498733048,10045.8860959255,0.191963022707716,0.599228044446702,78,166.6,0,4.96239605745343,0.0757443567204865,0.111315208487085,0.266512166859791,0.0422943221320973,0.0104287369640788,0.115886045388701,220.4,13,5.99333333333333,17,11932.9636790072,11753.342066631,8.14694906999732,11.8,3.61624429645186,5.8,2,4.96239605745343,0.116103891945323
512,2.6,0,0.0029655990510083,0.000593119810201661,0.00029655990510083,0,4116.62888219767,10883.8694630011,2526.53270964381,35.2119895312159,10542.2387778497,0.190596835263042,0.61261617814179,75.6,164,0,6.36003951174179,0.0829982017329906,0.103724474970878,0.274614472123369,0.0427046263345196,0.0106761565836299,0.112943528235882,221.2,12.8,5.92,17.4,11979.8518654341,12730.772441037,8.29799302143203,12.2,3.29001907834894,5,2,6.36003951174179,0.112013141664994
513,2.6,0,0.0029655990510083,0.000593119810201661,0.00029655990510083,0,4116.62888219767,10883.8694630011,2526.53270964381,35.2119895312159,10542.2387778497,0.190596835263042,0.61261617814179,75.6,164,0,6.36003951174179,0.0829982017329906,0.103724474970878,0.274614472123369,0.0427046263345196,0.0106761565836299,0.112943528235882,221.2,12.8,5.92,17.4,11979.8518654341,12730.772441037,8.29799302143203,12.2,3.29001907834894,5,2,6.36003951174179,0.112013141664994
514,3.8,0,0.0047244094488189,0,0.00026246719160105,0,4121.74756475842,9838.32640332477,2370.81607089939,34.7832167456857,11251.3055461197,0.209446446077084,0.741580130201943,83.2,183.4,0,7.40951643029154,0.0857812269407338,0.189330275768559,0.273753280839895,0.0362204724409449,0.00997375328083989,0.144038294168842,243.8,9.2,3.18,17.4,19705.2399229696,16882.1233773508,9.51939039622118,16.8,3.65650846126583,6.4,1.8,7.40951643029154,0.127236067429769
515,4,0.000260756192959583,0.00391134289439374,0.00104302477183833,0,0,3570.22132156351,9173.8770803226,2663.36797395019,35.2373228152289,10266.5863670816,0.208375802422323,0.675907467004547,82.2,190.4,0,5.07850013026517,0.0575068316286059,0.177886902538224,0.263363754889179,0.0341590612777053,0.00990873533246415,0.128734622144112,235.8,9.6,2.53333333333333,16.6,24045.9250892267,17044.7521731719,9.93504560699872,15,3.41055233411739,7.2,1.4,5.07850013026517,0.128613376369998
516,5.4,0,0.00624113475177305,0.00141843971631206,0,0,3857.63626545036,10703.0631394821,3267.54782488619,34.9515710235794,10634.6848180686,0.179724958579654,0.608400027587494,76.4,181.4,0,2.21672230884514,0.0819147947143704,0.170624951439475,0.23886524822695,0.0408510638297872,0.0124822695035461,0.0973075106282475,206,12,5.77333333333333,16,13291.5858811909,14193.2358599647,8.14656590639936,13,3.14938482042293,5.4,1.8,2.21672230884514,0.123009052554993
517,5.4,0.000280504908835905,0.00504908835904628,0.00224403927068724,0,0,3324.75981338279,9791.99151980085,2879.22724478858,34.9503477981599,10278.0438476983,0.207527169888512,0.638025574566866,81.6,184.8,0,3.03450189616427,0.157475679662294,0.188553382235406,0.245441795231417,0.0395511921458626,0.0143057503506311,0.140560404225999,213.4,12.2,7.70666666666667,15.2,4965.74271299472,7579.13439851709,5.16566747434122,10.4,3.30674588695373,6.2,3.4,3.03450189616427,0.124554722320029
518,5.4,0,0.00561347233360064,0.00160384923817161,0,0,4696.14435414586,11679.8592078471,3249.8493931053,35.1121911421883,8194.58977613805,0.207175380544369,0.685107505099926,82.6,203.8,0,6.23653846912825,0.116986793610637,0.203575004109787,0.206094627105052,0.0398289227479284,0.00855386260358193,0.157943067033976,190.4,12.2,7.4,18.6,8131.31408416442,6945.3900062261,8.32931276762014,13.8,3.47099880259589,7.6,2.4,6.23653846912825,0.135948500507023
519,4.4,0.000277623542476402,0.00527484730705164,0.000555247084952804,0,0,3920.61127670977,10906.2108519184,2951.11103346456,35.1480234011294,10547.2939985307,0.200563895186196,0.673692316124144,84.4,189,0,3.62124867178471,0.094543665514955,0.133646746038724,0.217656857301499,0.0388672959466963,0.0138811771238201,0.163950617283951,194.8,13.4,8.1,17.2,7566.05600644345,13689.1480409903,7.66375667842458,15,2.35809054180102,4.2,3.4,3.62124867178471,0.129765553503571
520,4.4,0.000277623542476402,0.00527484730705164,0.000555247084952804,0,0,3920.61127670977,10906.2108519184,2951.11103346456,35.1480234011294,10547.2939985307,0.200563895186196,0.673692316124144,84.4,189,0,3.62124867178471,0.094543665514955,0.133646746038724,0.217656857301499,0.0388672959466963,0.0138811771238201,0.163950617283951,194.8,13.4,8.1,17.2,7566.05600644345,13689.1480409903,7.66375667842458,15,2.35809054180102,4.2,3.4,3.62124867178471,0.129765553503571
521,4.4,0.000277623542476402,0.00527484730705164,0.000555247084952804,0,0,3920.61127670977,10906.2108519184,2951.11103346456,35.1480234011294,10547.2939985307,0.200563895186196,0.673692316124144,84.4,189,0,3.62124867178471,0.094543665514955,0.133646746038724,0.217656857301499,0.0388672959466963,0.0138811771238201,0.163950617283951,194.8,13.4,8.1,17.2,7566.05600644345,13689.1480409903,7.66375667842458,15,2.35809054180102,4.2,3.4,3.62124867178471,0.129765553503571
522,4.4,0.000277623542476402,0.00527484730705164,0.000555247084952804,0,0,3920.61127670977,10906.2108519184,2951.11103346456,35.1480234011294,10547.2939985307,0.200563895186196,0.673692316124144,84.4,189,0,3.62124867178471,0.094543665514955,0.133646746038724,0.217656857301499,0.0388672959466963,0.0138811771238201,0.163950617283951,194.8,13.4,8.1,17.2,7566.05600644345,13689.1480409903,7.66375667842458,15,2.35809054180102,4.2,3.4,3.62124867178471,0.129765553503571
523,5.6,0.00051150895140665,0.00537084398976982,0.00127877237851662,0,0,3631.86933511305,9480.07176462973,2525.85674376163,34.8512866891105,13298.2376688237,0.201487125345204,0.659892135920131,82.6,191.2,0,4.54938724527008,0.192994095095957,0.147841293383434,0.228644501278772,0.0381074168797954,0.019693094629156,0.219028741328048,224,9.8,5.41333333333333,15.2,11916.4609846888,14253.5370566824,7.5799240743216,13.6,1.95514276930343,3.2,3,4.54938724527008,0.135389966460025
524,1.8,0,0.00200150112584438,0.000250187640730548,0,0,3953.39275745844,10305.2798762951,2634.52696774559,35.0920163836548,11791.6128840707,0.210934825990265,0.674186925821565,91.6,182.2,0,5.3411841177869,0.133791982407487,0.146001742211759,0.231423567675757,0.0385288966725044,0.0187640730547911,0.218453865336658,230.8,9.6,5.98,17.2,9150.09401471743,12473.2302179932,7.84784048175836,13.8,2.592028042177,4.8,3.8,5.3411841177869,0.135767603716353
525,1.8,0,0.00200150112584438,0.000250187640730548,0,0,3953.39275745844,10305.2798762951,2634.52696774559,35.0920163836548,11791.6128840707,0.210934825990265,0.674186925821565,91.6,182.2,0,5.3411841177869,0.133791982407487,0.146001742211759,0.231423567675757,0.0385288966725044,0.0187640730547911,0.218453865336658,230.8,9.6,5.98,17.2,9150.09401471743,12473.2302179932,7.84784048175836,13.8,2.592028042177,4.8,3.8,5.3411841177869,0.135767603716353
526,2.2,0.00026048450117218,0.00182339150820526,0.000781453503516541,0,0,4075.33879450641,11174.9632356608,3061.30919830619,35.1547311694615,9805.79127186532,0.132390089193284,0.674017022633223,79.6,185.2,0,3.85376713081215,0.148000374545534,0.144721580243042,0.235738473560823,0.0382912216723105,0.0125032560562647,0.172713336739908,220,11.4,5.60666666666667,18.6,15632.0166826402,16480.7640557518,8.27450083452467,12.8,3.33561185378184,7.2,3.2,3.85376713081215,0.134345654983222
527,1.4,0.000256278831368529,0.00128139415684264,0.000256278831368529,0,0,3000.88570883683,8197.09904829279,1714.71127590152,34.6835183852386,10935.2136495965,0.148264463229618,0.71567705571067,86.8,197,0,4.00829488707421,0.101219995834078,0.145620114673586,0.238851870835469,0.0463864684777037,0.0143516145566376,0.174677002583979,233.8,10.6,6.18,15,10367.3487719053,9602.12966972214,6.75410133235677,12,3.51577051331019,6.25,3,4.00829488707421,0.133415408314074
528,2,0,0.00188191013879087,0.000470477534697718,0,0,4168.76402439653,10255.4724076149,2195.68586352785,34.8093300639521,10120.0935566024,0.161919974919235,0.751127213079183,90.8,217.6,0,7.77726611178597,0.16468241078259,0.20317454987466,0.215008233356857,0.0470477534697718,0.0127028934368384,0.134692069118299,233.6,13.4,7.32666666666667,18.4,12444.7858720129,8333.53763760958,9.41755533342812,14.4,3.42799416021353,5.6,3.2,7.77726611178597,0.152692237422975
529,1.6,0,0.00266666666666667,0,0,0,3641.33614137724,8016.9281941382,2973.16565401431,25.3448985451993,5521.25169017671,0.113512451551192,0.456812150360002,65.2,162.4,0,1.63423340729665,0.0951721380889584,0.123448634139046,0.245333333333333,0.095,0.0106666666666667,0.141176470588235,210.6,41.2,22.0666666666667,24.2,5981.89387223289,6036.85278441861,9.78032500884518,19.4,10.4486357050934,19,2,1.63423340729665,0.141135509523872
530,1.6,0,0.00266666666666667,0,0,0,3641.33614137724,8016.9281941382,2973.16565401431,25.3448985451993,5521.25169017671,0.113512451551192,0.456812150360002,65.2,162.4,0,1.63423340729665,0.0951721380889584,0.123448634139046,0.245333333333333,0.095,0.0106666666666667,0.141176470588235,210.6,41.2,22.0666666666667,24.2,5981.89387223289,6036.85278441861,9.78032500884518,19.4,10.4486357050934,19,2,1.63423340729665,0.141135509523872
531,2.2,0,0.0033167495854063,0,0.00033167495854063,0,3475.68876263464,7831.82339518891,2805.54654663526,25.4295801262336,5299.97304795695,0.114696427128761,0.407622740971256,66.2,154.6,0,1.51543458242488,0.0950007981962614,0.138762362141362,0.246766169154229,0.0925373134328358,0.00928689883913764,0.129652605459057,210.2,42.4,22.7733333333333,24,5407.86885257088,5278.77940277328,8.99347121401092,17,9.52708895099419,17.8,2,1.51543458242488,0.139976722465299
532,4,0.00110619469026549,0.00553097345132743,0.000368731563421829,0,0.000368731563421829,3219.82985414895,8283.95502881928,2933.47818657177,24.7293507008916,4698.39240156169,0.0996567572265949,0.304451222819321,62.2,137.4,0,0.664874778007782,0.051018737788878,0.121024027492344,0.272492625368732,0.099188790560472,0.0103244837758112,0.129554655870445,207.2,41.8,22.7266666666667,25.4,5434.6634967335,5205.61650817574,8.46263723710294,16.6,7.74376344752857,17.8,2,0.664874778007782,0.131433056914425
533,2.4,0,0.0038515406162465,0,0,0.000350140056022409,3605.99001207327,8654.13471536509,2708.84045015858,24.9655564837886,4712.44876308463,0.112531071385842,0.3909270098831,67.2,155,0,1.74851812408418,0.0892446297792941,0.186009010486269,0.249299719887955,0.0997899159663866,0.0108543417366947,0.113867684478372,205.6,48,26.16,26.4,5014.84650672513,4716.07304071428,9.00030039110962,17.2,9.07674725980293,20.6,2,1.74851812408418,0.1669551533591
534,3,0.00033178500331785,0.00364963503649635,0.0006635700066357,0,0.00033178500331785,3525.98239937575,8446.18924692072,2996.62282777988,24.9751471019723,5372.42538024121,0.121337649003579,0.348510516009001,68.2,158.8,0,1.51987233155906,0.147024347632148,0.11714799436741,0.240544127405441,0.0932315859323159,0.0142667551426676,0.124695863746959,209.8,45.6,23.7933333333333,25.4,5130.83708635418,6886.52971633314,10.2052853333847,19.6,11.9745992966067,23.8,2,1.51987233155906,0.125287774218487
535,3,0.00034965034965035,0.00384615384615385,0.000699300699300699,0.00034965034965035,0,3773.98572297343,9229.4995874393,2275.12089706628,25.111423770269,5025.66235574928,0.119634426530235,0.442126146305541,72.6,165.8,0,4.15939344029981,0.220197338007,0.244573865357767,0.266783216783217,0.0912587412587413,0.00699300699300699,0.0614849187935035,208.8,58,30.0066666666667,25.6,5454.92751829091,4878.95143750852,11.4214898890623,20.6,8.6197298912459,17.4,2,4.15939344029981,0.163328915707605
536,3.4,0.000342465753424658,0.00445205479452055,0.000684931506849315,0.000342465753424658,0,3772.46299470974,9438.98351646389,2051.37843084048,25.0925826785526,5190.13106645815,0.121813028284359,0.442227115860855,72.8,169.4,0,4.67684371777326,0.214203365089178,0.226935528882294,0.265753424657534,0.0904109589041096,0.00684931506849315,0.0626423690205011,212,58,30.08,25.4,5417.65656677547,4901.20542153015,11.5597932874855,20.8,9.7062736030233,19,2,4.67684371777326,0.138241487342512
537,3.4,0.000342465753424658,0.00445205479452055,0.000684931506849315,0.000342465753424658,0,3772.46299470974,9438.98351646389,2051.37843084048,25.0925826785526,5190.13106645815,0.121813028284359,0.442227115860855,72.8,169.4,0,4.67684371777326,0.214203365089178,0.226935528882294,0.265753424657534,0.0904109589041096,0.00684931506849315,0.0626423690205011,212,58,30.08,25.4,5417.65656677547,4901.20542153015,11.5597932874855,20.8,9.7062736030233,19,2,4.67684371777326,0.138241487342512
538,3.4,0.0003382949932341,0.0043978349120433,0.0006765899864682,0.0003382949932341,0,3718.24558526907,9309.90288661378,2130.43135551639,24.9316269774342,5209.85175444344,0.119908913594891,0.455109193931232,74,173,0,4.75247559349642,0.221875167589916,0.265396718842401,0.265899864682003,0.087956698240866,0.006765899864682,0.06775956284153,213.2,57.4,30.0266666666667,25.8,5458.10921010132,4913.38850932911,11.4793533917582,20.6,9.76538959522406,20,2,4.75247559349642,0.166535280282911
539,6.4,0.000320821302534488,0.00705806865575874,0.00224574911774142,0.000641642605068977,0,3124.32895257475,7747.38419077097,2296.35998778559,24.9829449783468,5234.94358265989,0.135915815686435,0.500135010722833,80.6,189.8,0,2.87138400995604,0.135501857016895,0.179949991589379,0.260827718960539,0.0843760025665704,0.00705806865575874,0.0694660445826853,219.6,56.2,29.6733333333333,26.4,5378.2714936226,5086.20565699524,11.1012971614125,19.4,7.54944589384316,17.6,2,2.87138400995604,0.120269993434255
540,8.6,0.000291885580852306,0.0122591943957968,0,0,0,4247.28151951547,9472.93428225229,2806.27002153571,24.9699988080468,4543.07954830078,0.147612180801499,0.535377436272111,86,197.8,0,5.09372681522992,0.0824146270960876,0.258952960481477,0.265907764156451,0.0785172212492703,0.00642148277875073,0.0727358047864852,240.4,51.2,28,27,5351.75719531139,5408.53142881375,10.353615103692,19.8,13.6383281074454,29.6,2,5.09372681522992,0.125926398040907
541,8.6,0.000951474785918173,0.0114176974310181,0.0012686330478909,0,0,4048.48967518359,9454.31864448853,3066.81818191817,25.0053277367389,5140.05147172702,0.142955517345984,0.516242315474345,85.4,186.2,0,3.20415609058892,0.140542440471817,0.236492288440697,0.194735172851253,0.086267047256581,0.00951474785918173,0.0814737934613389,183.2,47,25.22,26.8,5712.487931496,6417.55879257959,9.87046035844608,17.6,12.9848675856912,27.4,2,3.20415609058892,0.180208353297249
542,6,0.00151883353584447,0.00668286755771567,0.000911300121506683,0,0,3378.25243406262,8942.82991707059,2385.56180014096,25.021882567945,5666.45381350763,0.150552261583128,0.45100777670571,88.6,191,0,3.62307848914239,0.284331614420512,0.176083681841196,0.191373025516403,0.0777642770352369,0.00941676792223572,0.163710086163203,183.4,43,22.5133333333333,27.4,7266.25519031307,7578.19656237424,12.5287840510399,20.6,13.4212887974727,26.2,2,3.62307848914239,0.134307124441432
543,6.2,0.000928505106778087,0.00649953574744661,0.00216651191581554,0,0,3823.31866095457,9621.07720342812,2233.9265979292,25.0778129738982,5825.08176464635,0.151481689261294,0.616133902094965,91.2,224.6,0,6.47115582556069,0.255048046885566,0.222544186867407,0.196533580934695,0.0767564221603219,0.00773754255648406,0.171543895055499,181.6,45.8,24.5066666666667,25.2,6540.01320837691,6687.34162558565,11.7939661771656,18.4,15.7433552618678,28.2,2,6.47115582556069,0.15589711802131
544,6,0.000308928019771393,0.00679641643497065,0.00216249613839975,0,0,3560.93946174535,8906.70680950451,2485.96048627922,24.911865269109,5258.70332768846,0.147691274104568,0.550548044008993,89.4,213,0,3.94793003228654,0.259680544131478,0.263254431112778,0.205437133147977,0.0759962928637627,0.00741427247451344,0.175907258064516,187,46.6,24.9,25.4,6408.68020555099,6448.16350059245,11.1832373457567,17.6,15.4630030345862,29,2,3.94793003228654,0.183543150149629
545,6.6,0.00062363579669473,0.00935453695042095,0.000311817898347365,0,0,3853.27728409449,9993.10589988005,2458.50274549317,24.7893091359355,4439.85763487486,0.156559432454762,0.591929015922612,89.4,212.4,0,6.59765489009323,0.207603778493808,0.201451717868062,0.155285313376988,0.0801371998752728,0.00530090427190521,0.178497942386831,154.4,51.4,26.7733333333333,26.2,6056.0527105997,6234.56318244762,11.6664942961442,21,15.5502968499276,30.2,2,6.59765489009323,0.15812197813803
546,7.4,0,0.00832819247378162,0.00215916101172116,0.000925354719309068,0,3454.9008469232,8851.57668050368,2813.14390120225,24.7637851865766,5582.05766266775,0.143162205917895,0.547293628759666,84.6,196,0,2.61004522586971,0.215441043177316,0.150695909171515,0.257557063541024,0.0737199259716225,0.00616903146206046,0.154517453798768,218.8,48.6,25.6666666666667,25.8,6577.3481915554,6362.91934454093,12.624605121194,20.8,11.8919594773576,25.2,2,2.61004522586971,0.148977110325675
547,6.8,0,0.00827498408656906,0.00190961171228517,0.00063653723742839,0,3413.8600708858,8816.97974270772,2747.29399853095,24.7397466556383,5431.81953788772,0.139523991001988,0.573764858832533,80.8,195.6,0,2.66986211895298,0.210563422408955,0.150613029990001,0.262889879057925,0.0767027371101209,0.00572883513685551,0.148613291470434,217,53.4,28.14,25.2,6161.1717785026,6176.14541989683,11.9230145670881,20.8,10.1682634542873,23.2,2,2.66986211895298,0.145450415519886
548,10.2,0.00136986301369863,0.00724070450097847,0.00136986301369863,0,0,4764.39442045635,10699.4692331595,2728.58573627119,24.9552713597194,4546.93596865845,0.194601336438066,0.802191730203253,110.4,277.4,0,11.7708731231891,0.523032031065859,0.318198651472799,0.202152641878669,0.049119373776908,0.00352250489236791,0.112667478684531,260.4,51.4,27.5,27.4,7198.91343187532,8022.26695369502,16.2978298120831,25,24.7952684836564,50.6,2,11.7708731231891,0.152208193608822
549,10,0.000946252838758516,0.00738077214231643,0.00113550340651022,0,0,5156.32433869206,11647.520668098,2571.16249343311,24.9954945477362,4547.80750493908,0.182686121831031,0.823827573497819,106.4,282.6,0,14.6723103672335,0.374369612716947,0.274531705715527,0.221423164269493,0.0495836487509463,0.00435276305828917,0.11915400655347,291,49.2,27.54,27,6937.63959930322,7820.06991856962,16.8557051117315,26.6,23.7843255489943,48.8,2,14.6723103672335,0.155591869483796
550,12.2,0.00166082303007935,0.00811957925816571,0.00147628713784831,0,0,5450.63600976901,13252.4241223158,2744.73906610358,25.0522847512815,4167.15367970513,0.206007070142013,0.825105232545232,116,274.6,0,18.2548920457189,0.311134599548997,0.308596581871595,0.212216276065695,0.0442886141354493,0.00701236390477948,0.105068337129841,285.6,52.8,35.1466666666667,27.4,1711.08139248399,4683.19695616549,9.67698751319735,19,23.8392387316869,57.8,7,18.2548920457189,0.160289367897524
551,9.2,0.000731930466605672,0.00731930466605672,0.000365965233302836,0,0,5737.23223377982,12591.7900892997,2606.42128234473,24.677725281123,3531.23854740113,0.19503254615558,0.834727319468987,112.8,277.2,0,17.8269930867141,0.347636725571727,0.307820942706424,0.221225983531565,0.0479414455626715,0.00530649588289113,0.116154496757824,300,58.2,39.4666666666667,27.2,1660.56804831585,3080.03219179056,9.38361308905815,16.6,21.3258639825404,53.4,7,17.8269930867141,0.158794566662963
552,13,0.00211342021838676,0.00880591757661148,0.000352236703064459,0.00017611835153223,0,5404.03365629438,12039.9470069454,3073.13757174179,24.7216475768509,4076.92309925775,0.185508161264148,0.832493000783369,106.4,265.4,0,13.9083619762697,0.304273479307202,0.288618698989995,0.231067277210285,0.0450862979922508,0.00686861570975696,0.154596511971623,321.4,43.8,29.0533333333333,28.2,2307.95938108026,3213.63262580881,10.3333643114102,19.4,23.7826923748229,56,7,13.9083619762697,0.160163413424078
553,11.4,0.00119311402761207,0.00784046361002216,0.000681779444349753,0,0,5805.75017072236,12502.3128207248,2773.01871160777,25.0319707202521,3555.74878566064,0.20150582733301,0.892373841213427,102.6,269.2,0,17.4311052766627,0.434567361593457,0.320154834373604,0.22089653996932,0.0420998806885972,0.0057951252769729,0.168316831683168,315.4,49.2,32.3333333333333,27,1773.79504650895,3170.27100106597,8.10679087997478,15.2,27.6857336915419,68.4,7,17.4311052766627,0.167608160081341
554,11.4,0.00119311402761207,0.00784046361002216,0.000681779444349753,0,0,5805.75017072236,12502.3128207248,2773.01871160777,25.0319707202521,3555.74878566064,0.20150582733301,0.892373841213427,102.6,269.2,0,17.4311052766627,0.434567361593457,0.320154834373604,0.22089653996932,0.0420998806885972,0.0057951252769729,0.168316831683168,315.4,49.2,32.3333333333333,27,1773.79504650895,3170.27100106597,8.10679087997478,15.2,27.6857336915419,68.4,5.4,17.4311052766627,0.167608160081341
555,13.4,0.000711237553342817,0.00960170697012802,0.00160028449502134,0,0,7391.01345678693,16406.3075653219,4402.11245015809,25.1052332822244,3466.10757218382,0.185616865587226,0.839686063055734,96.4,246.2,0,17.4050180675422,0.256375893486257,0.28526624681728,0.230796586059744,0.0321834992887624,0.00675675675675676,0.1667662881052,303.4,40,26.36,27.6,1707.40011533011,4911.92008105599,8.18281450733265,16.2,28.5707058007639,70,5.8,17.4050180675422,0.159506962610567
556,13.2,0.000351988736360436,0.0105596620908131,0.000703977472720873,0,0,7892.06617331761,17756.4676719959,4521.88569769135,31.4923647884622,3424.87234013299,0.201320258629093,0.857801692588813,108,250.6,0,24.4631627289873,0.277300899987237,0.470094676396032,0.226680746216121,0.0307990144315382,0.00651179162266807,0.148853907760287,300,53,33.4666666666667,28.2,2787.2005034196,5248.50051294045,10.9219767467121,19.6,27.9038435009812,65.4,5.8,24.4631627289873,0.163227564942217
557,12.8,0.000522193211488251,0.00922541340295909,0.00139251523063534,0,0,6857.81919717613,14480.7516867704,4161.67867286072,31.6235553939109,5094.40193166613,0.202248408322162,0.832014872577817,101.4,254.4,0,19.3726307967727,0.26669790510264,0.310139837356509,0.228372497824195,0.0306353350739774,0.0102697998259356,0.176281112737921,309.4,24.6,16.3133333333333,26,2932.08832129059,4970.07702896698,8.94805315631971,16.4,22.3947112162487,51.2,5.4,19.3726307967727,0.164413768646673
558,10.2,0.00324616771866546,0.00577096483318305,0.00018034265103697,0,0,6351.0607989651,13460.0692860847,4132.97205089478,31.737855707828,5725.01484541511,0.189674718071579,0.796941651948139,96.2,254.8,0,14.0782609615617,0.224577140463934,0.275378209400698,0.232822362488729,0.0326420198376916,0.0110009017132552,0.155791445519825,306.6,28.8,20.5133333333333,26.4,2636.87840263494,7041.53343283311,7.62399934972706,16.8,20.5070839933622,46.6,5.6,14.0782609615617,0.156131906276187
559,10.2,0.00324616771866546,0.00577096483318305,0.00018034265103697,0,0,6351.0607989651,13460.0692860847,4132.97205089478,31.737855707828,5725.01484541511,0.189674718071579,0.796941651948139,96.2,254.8,0,14.0782609615617,0.224577140463934,0.275378209400698,0.232822362488729,0.0326420198376916,0.0110009017132552,0.155791445519825,306.6,28.8,20.5133333333333,26.4,2636.87840263494,7041.53343283311,7.62399934972706,16.8,20.5070839933622,46.6,5.6,14.0782609615617,0.156131906276187
560,10.2,0.0023398128149748,0.00575953923686105,0.00107991360691145,0,0,6982.12450849336,15117.3367719378,4160.2817125366,32.0460185269152,5284.46820543515,0.185075761613391,0.809190169628882,97,255,0,19.3117044515468,0.247759111447273,0.28892022479342,0.236681065514759,0.0323974082073434,0.0104391648668107,0.179464016862391,310.6,26.4,17.9933333333333,26,2793.59860296177,7980.25902607521,8.75016368937832,17.2,22.9093889404599,51.2,5.8,19.3117044515468,0.156778834163289
561,10.2,0.0023398128149748,0.00575953923686105,0.00107991360691145,0,0,6982.12450849336,15117.3367719378,4160.2817125366,32.0460185269152,5284.46820543515,0.185075761613391,0.809190169628882,97,255,0,19.3117044515468,0.247759111447273,0.28892022479342,0.236681065514759,0.0323974082073434,0.0104391648668107,0.179464016862391,310.6,26.4,17.9933333333333,26,2793.59860296177,7980.25902607521,8.75016368937832,17.2,22.9093889404599,51.2,5.8,19.3117044515468,0.156778834163289
562,7.8,0.00331004045605002,0.00331004045605002,0.00055167340934167,0,0,6719.68870360926,13706.3868011383,4029.11620443182,31.9288826688617,5612.93481385574,0.19057838156902,0.871224570706073,95.4,248.4,0,19.3637327742992,0.262444735800317,0.281615963502246,0.204854726002207,0.0340198602427363,0.00993012136815006,0.185973700688791,270.6,27,18.3,25.6,3189.65370241788,7024.84941514701,8.21365457996224,18.2,17.3935676786867,41.4,5,19.3637327742992,0.159390855994308
563,7.8,0.00312902632063317,0.00368120743603902,0.000368120743603902,0,0,6671.91377317078,13668.1207190484,3941.40968423676,31.9096061259916,5709.2561719158,0.193069068039106,0.871212650848947,96.2,250.2,0,19.6202148572296,0.261644123276206,0.285180129872798,0.205043254187373,0.033867108411559,0.00993926007730536,0.189909119398308,270.4,27,18.3,25.4,3189.65370241788,7024.84941514701,8.26835164001444,18.2,17.3382656043061,41.2,5,19.6202148572296,0.160154551874125
564,9.4,0.00202922077922078,0.00669642857142857,0.000811688311688312,0,0,5556.87654058805,11515.043037687,4009.40862677466,31.6345285794479,5313.39103622877,0.179265508767807,0.819131975225494,95.6,245.6,0,10.2297007410353,0.175518671641198,0.151110723093073,0.210836038961039,0.0369318181818182,0.0119724025974026,0.175656984785615,256,24.2,17.02,26.2,2702.08691038959,7724.07438033245,7.3307664955484,16.6,21.501425191484,48,6.6,10.2297007410353,0.140108223085951
565,6.8,0.00081732733959951,0.00531262770739681,0.00081732733959951,0,0,5442.11958357956,13177.350908271,3317.81323774293,31.6913112817898,5765.36856441851,0.173058659064937,0.766699190395521,87.2,230.2,0,10.4650162830126,0.225527505587459,0.197377047142018,0.215161422149571,0.040049039640376,0.0106252554147936,0.191394658753709,260.2,25.6,17.04,24.6,4477.57340468399,7501.25130094913,9.62824343129112,15.8,15.7502311060751,40.4,6.2,10.4650162830126,0.142850620314456
566,8.2,0.00122249388753056,0.00672371638141809,0.000407497962510187,0,0,4952.4945730899,11516.8867547836,3422.73622014641,31.7928049520488,6225.26933613881,0.16033346535163,0.799100669662158,81.2,241.8,0,8.68814645901189,0.24796514402357,0.180629419985807,0.212102689486553,0.039119804400978,0.0132436837815811,0.18815987933635,259.6,25.6,16.5,27,3838.22868573338,8348.95049594593,10.5497453466298,22.2,19.2008029837033,44.2,5.6,8.68814645901189,0.139283755789123
567,7.4,0.00175477078306646,0.00592235139284931,0.000438692695766616,0,0,5143.93652128197,11805.0926888691,3587.29230202103,31.5112854447102,6503.11727765498,0.154437427355807,0.773638222770126,77.6,242.8,0,9.73460962433293,0.26488150349325,0.138315578209443,0.229655626233823,0.0421144987935951,0.0127220881772318,0.207127882599581,259.4,24.6,16.5066666666667,23.2,3272.68568404236,5044.92312528805,6.3881530251163,11.4,13.7695736380929,32.6,5.6,9.73460962433293,0.129463373165537
568,5.8,0.000867678958785249,0.00477223427331887,0.000650759219088937,0,0,6204.51700921585,13802.5457959617,3507.95803649151,31.7980135389721,6722.47565136965,0.122002878940384,0.83078493435247,82.4,237.2,0,16.3450681651552,0.179165737494983,0.15343494950272,0.225379609544469,0.0425162689804772,0.0127982646420824,0.166067864271457,258.8,20.4,11.8,23.6,5105.5622400655,9013.01008408725,5.25940542116939,10,15.9330012654574,34.2,5.8,16.3450681651552,0.130541479334112
569,6.2,0.000657894736842105,0.00592105263157895,0.000219298245614035,0,0,6062.66066035448,12886.7719954021,3669.45834682273,31.9830189212176,6870.00881596406,0.115960929222623,0.814956864416153,80,237,0,14.0808248542172,0.214268301554533,0.143657756180772,0.233333333333333,0.0418859649122807,0.0135964912280702,0.159402744148507,263.4,17.2,10.98,25.2,6209.89914674149,9877.49490951563,6.57850374876956,12.4,15.8420308774965,35,4.8,14.0808248542172,0.126326369334291
570,6.2,0.000657894736842105,0.00592105263157895,0.000219298245614035,0,0,6062.66066035448,12886.7719954021,3669.45834682273,31.9830189212176,6870.00881596406,0.115960929222623,0.814956864416153,80,237,0,14.0808248542172,0.214268301554533,0.143657756180772,0.233333333333333,0.0418859649122807,0.0135964912280702,0.159402744148507,263.4,17.2,10.98,25.2,6209.89914674149,9877.49490951563,6.57850374876956,12.4,15.8420308774965,35,4.8,14.0808248542172,0.126326369334291
571,9.2,0.000812842918106076,0.00833163991058728,0,0,0.000203210729526519,6435.84141474592,13894.2954669686,3748.85323908419,31.8509873693481,5465.11225797886,0.130841955111124,0.921296348233455,87.8,246.8,0,17.6976193131837,0.500686617394676,0.33933732677266,0.219061166429587,0.0365779313147734,0.0113798008534851,0.141562064156206,262.8,22.6,13.7733333333333,24.4,3206.05557790408,7111.80500880315,5.93951009713906,9.6,17.9101810509921,42.6,5.8,17.6976193131837,0.142044042059273
572,7.6,0.00163589623743865,0.00701098387473709,0.000233699462491236,0,0,5140.7801905211,11504.3387638535,3512.85345175123,31.8018860545823,5630.40624932976,0.102995882663395,0.734153424917244,68.8,237.6,0,8.29473981982662,0.377146390129202,0.156257080215917,0.202150035054919,0.0434681000233699,0.0130871698995092,0.13910545752975,221.4,28.6,17.54,24.8,4082.95113430977,5096.05952366633,6.27475647815813,12.8,12.7439237731992,32.2,6.2,8.29473981982662,0.125053022018774
573,7.2,0.00112007168458781,0.00694444444444444,0,0,0,4926.38018165066,11023.396567396,3517.57639520084,31.5736786029069,5564.52338875164,0.10914144191255,0.788267206214943,74.6,250.4,0,7.76288935080718,0.403322916885891,0.163957671082071,0.195564516129032,0.040994623655914,0.0123207885304659,0.152642706131078,222.2,26.2,17,26,2625.59532696495,4571.43956559131,6.79932927708771,14.4,15.2291434661319,34,5.6,7.76288935080718,0.135767979266791
574,5.8,0.000880281690140845,0.00528169014084507,0.000220070422535211,0,0,5422.84467662137,12124.4427125693,3502.8092346347,31.6735404336131,4843.63701808167,0.110900498277043,0.805458705700176,72.4,243,0,10.1503213921196,0.329949594523532,0.148856169983823,0.212367957746479,0.039612676056338,0.00902288732394366,0.138211382113821,237.2,26.2,16.6,25.4,4782.00998134259,7391.66154983545,6.58287797817135,13.4,17.8152846219178,36.4,5.4,10.1503213921196,0.131953797320633
575,5.8,0.000880281690140845,0.00528169014084507,0.000220070422535211,0,0,5422.84467662137,12124.4427125693,3502.8092346347,31.6735404336131,4843.63701808167,0.110900498277043,0.805458705700176,72.4,243,0,10.1503213921196,0.329949594523532,0.148856169983823,0.212367957746479,0.039612676056338,0.00902288732394366,0.138211382113821,237.2,26.2,16.6,25.4,4782.00998134259,7391.66154983545,6.58287797817135,13.4,17.8152846219178,36.4,5.4,10.1503213921196,0.131953797320633
576,5.4,0.00088008800880088,0.00484048404840484,0.00022002200220022,0,0,5417.6908660854,12152.6199304442,3512.82399940613,31.6069047310233,4767.81966024818,0.111077801566589,0.805093991529127,73.4,242.8,0,10.1504987809581,0.328670871154234,0.150822205829841,0.210561056105611,0.0396039603960396,0.00902090209020902,0.140770791075051,235.6,26.2,16.6,25.6,4782.00998134259,7391.66154983545,6.58287797817135,13.4,17.9145885691109,37.8,5.4,10.1504987809581,0.132998814037661
577,4.2,0.000893455438909984,0.00357382175563994,0.000223363859727496,0,0,6406.76056854582,14786.6686272626,3606.78345040517,31.5623808039684,6342.5853052648,0.104694968714912,0.799142059541312,70,234,0,14.6653574143971,0.42866402563491,0.159044742547865,0.215546124637034,0.0426624972079518,0.0125083761447398,0.153877887788779,242.4,21,14.1333333333333,24.8,2549.48565521202,8106.55763968779,5.98030924603472,14,15.5832436080194,35.4,5.2,14.6653574143971,0.127170288471292
578,5.8,0.000916800366720147,0.00550080220032088,0.000229200091680037,0,0,5561.5512157029,12439.4507725825,3665.07945330964,31.6775689270733,5441.12324649025,0.0990286400843727,0.847286115830774,63.2,245.8,0,10.3074638531059,0.275047402595881,0.148682959054354,0.213843685537474,0.0405684162273665,0.0114600045840018,0.142682926829268,232,23.8,15.04,24.4,4865.98716905307,10683.8592556475,6.30683751254499,13.4,19.3166719726988,38.8,5.4,10.3074638531059,0.125831082362099
579,5.2,0.000442771751162276,0.00487048926278503,0.000442771751162276,0,0,5633.56926526333,13254.613742536,3466.79557331961,31.417117704345,6017.74272034179,0.109234363897336,0.819403579607455,74.4,247,0,12.506799388861,0.257043036252859,0.174218866552818,0.204560549036971,0.0405136152313482,0.0130617666592871,0.158948685857322,233.2,22.4,15.24,26,2175.30513470673,6615.20991911125,6.32259778843616,14.6,17.7538136243496,40,5.4,12.506799388861,0.130433194804925
580,5.2,0.000442771751162276,0.00487048926278503,0.000442771751162276,0,0,5633.56926526333,13254.613742536,3466.79557331961,31.417117704345,6017.74272034179,0.109234363897336,0.819403579607455,74.4,247,0,12.506799388861,0.257043036252859,0.174218866552818,0.204560549036971,0.0405136152313482,0.0130617666592871,0.158948685857322,233.2,22.4,15.24,26,2175.30513470673,6615.20991911125,6.32259778843616,14.6,17.7538136243496,40,5.4,12.506799388861,0.130433194804925
581,8.8,0.00139892748892516,0.008859874096526,0,0,0,6325.07749678843,13672.7511770415,4092.53311394634,31.7467281442616,5497.06545354679,0.098003258536602,0.867673260534302,64.4,250.6,0,10.5852341252452,0.39779459024534,0.222190601031327,0.212403823735136,0.04429937048263,0.0109582653299137,0.155900086132644,229.6,27,17.3,26,2614.11889088492,5244.0204431771,6.91794357244287,15.4,14.6529320357329,35.4,5.4,10.5852341252452,0.148806795112308
582,7.6,0.000916800366720147,0.00779280311712125,0,0,0,6338.75664780079,13457.8101552899,4022.46906441342,31.798412335489,5211.01632363762,0.0998725982027853,0.846934893248406,69.6,240.8,0,14.7423285989975,0.320559704046764,0.22275069233363,0.210176484070594,0.0433188173275269,0.0107724043089617,0.13258785942492,230.6,21.8,14.8333333333333,24.6,2278.53508260184,7205.38951958348,7.50391989022466,16.2,15.783254363984,41,6,14.7423285989975,0.151550710469375
583,5.8,0.00139697322467986,0.00535506402793946,0,0,0,6149.6533045365,13478.1907161524,4148.40800899938,31.6637495218757,3843.84904623358,0.0903070024886296,0.819945005263466,61,252.6,0,15.5451945143725,0.151467729059754,0.221569200825363,0.227240977881257,0.0437718277066356,0.00977881257275902,0.164288802421098,241.2,180.2,93.4666666666667,29,511.572011602844,472.793151854371,1.70638259370143,10.6,1.8495800875166,16.2,5.6,15.5451945143725,0.145236386834268
584,7.2,0.00156739811912226,0.00649350649350649,0,0,0,6504.12167045678,14325.3007784124,3554.83706731754,31.700717360739,4412.60511632114,0.101718349953856,0.892235406527518,69,248.8,0,20.3151273283676,0.167635439558146,0.216135239025867,0.215405284370802,0.0434393193013883,0.00940438871473354,0.171875,239.6,169,92.1066666666667,28.8,817.57341343164,430.483873668687,2.54899654048701,11.2,1.62067871061375,13.8,5.2,20.3151273283676,0.151611873893938
585,7.2,0.00156739811912226,0.00649350649350649,0,0,0,6504.12167045678,14325.3007784124,3554.83706731754,31.700717360739,4412.60511632114,0.101718349953856,0.892235406527518,69,248.8,0,20.3151273283676,0.167635439558146,0.216135239025867,0.215405284370802,0.0434393193013883,0.00940438871473354,0.171875,239.6,169,92.1066666666667,28.8,817.57341343164,430.483873668687,2.54899654048701,11.2,1.62067871061375,13.8,5.2,20.3151273283676,0.151611873893938
586,6.4,0.00182523385808807,0.00433493041295916,0.000912616929044034,0,0.000228154232261008,6516.95859495828,14453.7063376871,2736.15350176148,31.546206804527,6911.89205824476,0.125226891676323,0.942982629649809,83.2,260.2,0,31.9618640030597,0.295013595874574,0.203940997263957,0.224960073009354,0.0415240702715035,0.00707278120009126,0.149126544524925,239.8,139,75.5466666666667,28.6,1837.0533026978,1131.25780266442,6.51148053408208,19.6,3.17193861098612,15,4.2,31.9618640030597,0.145802116218515
587,6,0.00114916111238796,0.0052861411169846,0.000459664444955183,0,0,6814.66181298761,17883.8496443895,2436.49951765653,31.7965808396374,6738.41274227807,0.126030941336451,0.926743110434622,82.4,250.6,0,37.5257212969038,0.15496239624609,0.217032718921193,0.220179269133533,0.0432084578257872,0.00781429556423811,0.14333194848359,236,145.6,73.08,28.8,1685.61190356361,1161.54827810343,5.69186620464113,16.8,2.91448373459412,12.4,4.6,37.5257212969038,0.148163553023207
588,8.4,0.00106883283454468,0.00769559640872168,0.000213766566908935,0,0,6621.0423683978,15939.2776707857,2814.23147126059,31.9857880159535,6931.1431934097,0.130998639833096,0.925829529199437,89.2,256,0,37.2483892378194,0.258932123165071,0.268237565403153,0.222317229585293,0.0395468148781531,0.00684053014108593,0.135755258126195,251.4,146.2,75.8533333333333,28.6,1577.02115902881,824.670690335236,5.35734935090835,19.6,2.22727087791628,13.2,4.8,37.2483892378194,0.159173927910664
589,6,0.000861326442721792,0.0049526270456503,0.000645994832041344,0,0,7983.79607700498,19817.0128411235,2976.48439271171,31.7153329299719,7043.65277749522,0.120444457622818,0.923345631946833,77.4,258.6,0,42.0629086402312,0.19262541452632,0.665997572732112,0.236434108527132,0.0374677002583979,0.00861326442721792,0.107221812822402,262.4,146.2,78.4866666666667,28.4,392.161213474021,68.7136929460581,1.21363892447831,6.8,0.161759976974987,3.2,5.6,42.0629086402312,0.154460668736461
590,6,0.000861326442721792,0.0049526270456503,0.000645994832041344,0,0,7983.79607700498,19817.0128411235,2976.48439271171,31.7153329299719,7043.65277749522,0.120444457622818,0.923345631946833,77.4,258.6,0,42.0629086402312,0.19262541452632,0.665997572732112,0.236434108527132,0.0374677002583979,0.00861326442721792,0.107221812822402,262.4,146.2,78.4866666666667,28.4,392.161213474021,68.7136929460581,1.21363892447831,6.8,0.161759976974987,3.2,5.6,42.0629086402312,0.154460668736461
591,8.2,0.00130151843817787,0.00650759219088937,0.00108459869848156,0,0,7987.94562592977,19804.0470061875,3031.60806448972,31.7307278844026,7188.50416882836,0.115430991970618,0.923297760385693,73.6,257,0,40.6890706915214,0.197142527849236,0.679004718034521,0.235140997830803,0.0390455531453362,0.00889370932754881,0.109778943424504,261,136.4,75.5866666666667,28.4,375.45825315324,73.2743362831858,1.15821077930817,7,0.161759976974987,3.2,6,40.6890706915214,0.150422069425129
592,5,0.000444148345547413,0.00466355762824783,0.000444148345547413,0,0,7204.6880025082,17573.0853939438,2872.94279142486,31.756452428311,6807.94490525767,0.112500890636954,0.934744938058154,74.2,250.2,0,37.1775995636663,0.195332466833933,0.201691969678917,0.240506329113924,0.039307128580946,0.00710637352875861,0.11481922924116,258.4,135.6,74.7533333333333,28.6,498.210601371788,304.514387277468,1.56702604451297,7.8,0.607717124411783,7.2,5.6,37.1775995636663,0.148854952443859
593,5,0.000444148345547413,0.00466355762824783,0.000444148345547413,0,0,7204.6880025082,17573.0853939438,2872.94279142486,31.756452428311,6807.94490525767,0.112500890636954,0.934744938058154,74.2,250.2,0,37.1775995636663,0.195332466833933,0.201691969678917,0.240506329113924,0.039307128580946,0.00710637352875861,0.11481922924116,258.4,135.6,74.7533333333333,28.6,498.210601371788,304.514387277468,1.56702604451297,7.8,0.607717124411783,7.2,5.6,37.1775995636663,0.148854952443859
594,5,0.00115260488704472,0.00437989857076994,0.000230520977408944,0,0,6614.55299252178,16093.6962709289,2853.94083394402,31.5316286756457,6522.33606557126,0.113610126984223,0.915569775441036,75.8,256,0,29.5441906862001,0.215019668381846,0.217212488634688,0.240894421392347,0.0431074227754726,0.00668510834485938,0.139627659574468,252.2,143.8,75.4466666666667,29,1120.25187896653,788.348002317107,3.69571628104837,19,1.6629522520046,13.8,5.2,29.5441906862001,0.144771467761072
595,12.6,0.000397930760047752,0.0107441305212893,0.00119379228014326,0,0.000198965380023876,6711.98165352882,13573.6358136979,4015.29370576349,31.5329106058331,6228.02975050123,0.181733579429384,0.905315175276206,110.6,291.4,0,20.360374032221,0.487591967385851,0.47007411476736,0.146438519697573,0.0364106645443693,0.00815758058097891,0.138492195283959,192,67.4,29.94,27.6,10885.7936776361,10145.8710602368,21.7279920298078,33.8,25.8920485024918,52.2,2,20.360374032221,0.200245024143127
596,16.2,0.000396904147648343,0.0144870013891645,0.000992260369120857,0,0.000198452073824171,6851.88042860197,14201.0265746386,4157.78207254264,31.7364231130177,5905.20704733921,0.137436300527008,0.855872747656917,110.4,277.4,0,20.2018716330254,0.592483146613248,0.438927154540662,0.152014288549315,0.03472911291923,0.00793808295296686,0.107321965897693,196.2,61.4,28.2,27.6,11512.4539532732,9736.85959418391,19.6451247951193,30.6,25.1892766792533,51.6,2,20.2018716330254,0.199008945786704
597,13.4,0.0002000400080016,0.0128025605121024,0.000400080016003201,0,0,6902.08691472499,15486.2926637052,3889.82440275793,31.7140068261679,5505.90196498262,0.139566186001491,0.887886214525123,110.8,268.8,0,25.5686654715677,0.499047961992337,0.428504873354662,0.156631326265253,0.0346069213842769,0.00660132026405281,0.0952076677316294,197.8,66,29.0466666666667,27.4,11651.2686690019,9970.0259195735,20.9489337091735,31.4,26.9458345431647,55.2,2,25.5686654715677,0.196316260744203
598,15.8,0,0.0143355288647811,0.000774893452150329,0.000193723363037582,0,6891.38326786862,14981.6814707351,3967.57810723245,31.9740018660961,5672.99856191605,0.119047408698415,0.842231788309985,93.6,275,0,22.1640721851094,0.448946404775188,0.511316835909122,0.159628051142968,0.0339015885315769,0.00794265788454088,0.109861869579184,208,66.8,30.0133333333333,27.8,11060.9096923937,9895.1688336954,20.7249037593422,32,28.7014063402548,59.8,2,22.1640721851094,0.20155086383809
599,15.4,0.00271686396274015,0.0116437026974578,0.000388123423248593,0,0.000194061711624297,7102.97340271274,14919.092840124,3761.94950140384,31.72052501171,5754.05613213918,0.134398903318459,0.862123147292048,105.6,291.6,0,26.5043510898523,0.407758200024044,0.441214578660427,0.160294973801669,0.0364836017853677,0.00756840675334756,0.105179028132992,210.6,70.6,32.1466666666667,28,10047.7983860251,10057.8762545198,19.0780757802968,30.2,31.1755931088955,56.4,2,26.5043510898523,0.202260645743513
600,13.6,0.00274294670846395,0.00999216300940439,0.000587774294670846,0,0,6867.31074052854,15036.4414302673,3635.1321698522,31.7416633323336,6581.97422522487,0.134525059635756,0.914966815152179,107,290.4,0,25.3233153213272,0.366157817961139,0.495475965557796,0.169866771159875,0.0336990595611285,0.00528996865203762,0.0647786458333333,213.2,75.6,32.4266666666667,27.6,11943.3698264773,8563.1409643099,23.2351936965399,38.4,20.8326540825912,43.8,2,25.3233153213272,0.197496550042683
601,13.4,0.00240192153722978,0.0104083266613291,0.000600480384307446,0,0,6877.54243232612,14709.2788010824,3680.05056897321,31.8019572609257,5966.7729977682,0.129080953710595,0.884322479666518,101,288.2,0,25.6939621251164,0.452229601767773,0.403137610448605,0.151921537229784,0.0350280224179343,0.0044035228182546,0.0537453812562983,191.2,79.6,32.68,27.6,11506.7189776486,8476.75307590904,24.296058021864,41,20.8897389499759,45.6,2,25.6939621251164,0.194636087480853
602,16,0.00311070448307411,0.0109789569990851,0.000365965233302836,0.000182982616651418,0,7639.73959980795,16100.7656166512,4113.80473624539,31.8244273719451,5878.56858556675,0.139075626869669,0.87978228421483,105.8,278.2,0,30.7563772106537,0.421909028423305,0.551939679313171,0.165599268069533,0.0312900274473925,0.00768526989935956,0.0619496855345912,223.6,75,33.02,27.8,10118.7439682006,9589.84575641525,19.7960827132826,33,24.4827487820284,50.4,2,30.7563772106537,0.208804706602725
603,13.6,0.00310049243115083,0.00857194966259347,0.000547145723144264,0,0.000182381907714755,7629.29901403347,16032.3123387087,4017.4757011354,31.5817727553907,6083.33316054005,0.119582674931861,0.862215116125011,94,272,0,27.4103699242753,0.685210567565373,0.514277833626635,0.171256611344155,0.0339230348349444,0.00711289440087543,0.0586370839936609,232.8,74.2,32.2533333333333,27.8,9933.53516733728,8945.41934612939,20.2523450428697,33.8,21.6257041805705,47.6,2,27.4103699242753,0.208581988834604
604,17,0.00106420716566158,0.0140120610145442,0,0,0,7634.26003120946,16003.8738005477,4004.05260444886,31.6335901455432,6334.75265946041,0.135559036022331,0.917964475523039,105.4,289.4,0,34.0955954641343,0.477487611035653,0.667811426857953,0.176126285916992,0.0326356864136218,0.00638524299396949,0.069634703196347,242.6,80.2,33.94,27.4,11072.8996110973,9540.35394749589,21.9922189962185,36.8,26.4671744121577,53.4,2,34.0955954641343,0.214005812918454
605,16,0.00257731958762887,0.0117820324005891,0.000368188512518409,0,0,7762.61565632031,16275.5251764976,4180.08712617202,31.7190815349633,6064.6175243619,0.12248838680329,0.897129333893226,99.6,291.8,0,29.2036680579288,0.507801254890934,0.589099330393997,0.155927835051546,0.0340574374079529,0.00717967599410898,0.0686153846153846,214.2,63.8,28.6533333333333,28.4,11262.8460726324,10290.0981995487,21.1886327546559,34.2,27.2603921357426,55.6,2,29.2036680579288,0.214557038751681
606,13.2,0.00163220892274211,0.0101559666303954,0.000181356546971346,0,0,7543.31481193172,15967.6022916761,3994.54778559823,31.4378013857896,5070.53762707923,0.130908192204208,0.879136990281788,103.6,273,0,31.5602120607597,0.334955201652375,0.54821937085707,0.157961552412042,0.0301051867972434,0.00362713093942691,0.063305978898007,211.4,79.6,33.9533333333333,27.6,11375.643321262,10439.5894754893,21.6298928707426,32.8,27.2453451480329,54.4,2,31.5602120607597,0.215128553966046
607,13.6,0.00185804533630621,0.0105908584169454,0.000185804533630621,0,0,7464.8475179848,16448.3169817989,3900.8599042479,31.6593331747958,5889.04559085192,0.128654333691106,0.884040135118631,99.2,272.8,0,31.8877545140715,0.305705987492309,0.396297533935092,0.147900408769974,0.0330732069862505,0.00594574507617986,0.0530918176139913,201.2,84.2,34.3533333333333,27.4,11233.7582869961,9325.22336989544,22.988560576558,38.8,23.0101364775055,47.8,2,31.8877545140715,0.184659194138627
608,13.6,0.00185804533630621,0.0105908584169454,0.000185804533630621,0,0,7464.8475179848,16448.3169817989,3900.8599042479,31.6593331747958,5889.04559085192,0.128654333691106,0.884040135118631,99.2,272.8,0,31.8877545140715,0.305705987492309,0.396297533935092,0.147900408769974,0.0330732069862505,0.00594574507617986,0.0530918176139913,201.2,84.2,34.3533333333333,27.4,11233.7582869961,9325.22336989544,22.988560576558,38.8,23.0101364775055,47.8,2,31.8877545140715,0.184659194138627
609,15.2,0.00185597624350408,0.0113214550853749,0.000742390497401633,0,0.000185597624350408,8460.71073570976,19380.786533109,3619.20648978978,31.6954836036933,8964.19828437323,0.145982981603837,0.923336015638985,117.2,282.8,0,51.0308776562968,0.482801895130007,0.399707145218276,0.155159613956941,0.0308092056421678,0.00649591685226429,0.0522637496201762,207.4,64.4,26.48,26.6,11701.3622803579,7819.42225110215,23.7436557676861,40,9.68252034235861,18.4,2,51.0308776562968,0.1829155321167
610,15.2,0.00185597624350408,0.0113214550853749,0.000742390497401633,0,0.000185597624350408,8460.71073570976,19380.786533109,3619.20648978978,31.6954836036933,8964.19828437323,0.145982981603837,0.923336015638985,117.2,282.8,0,51.0308776562968,0.482801895130007,0.399707145218276,0.155159613956941,0.0308092056421678,0.00649591685226429,0.0522637496201762,207.4,64.4,26.48,26.6,11701.3622803579,7819.42225110215,23.7436557676861,40,9.68252034235861,18.4,2,51.0308776562968,0.1829155321167
611,14.6,0.00242175856929955,0.0104321907600596,0.000745156482861401,0,0,7292.89601068151,17377.504677694,2883.56110098934,31.8175736988823,9195.61417898535,0.152348419396715,0.90794251129626,118,298,0,48.7441552572107,0.644959080553212,0.410306888029057,0.15424739195231,0.0324143070044709,0.00540238450074516,0.0463741051976346,206.2,64.4,25.6733333333333,26.8,12107.1107602279,8380.58951835349,25.5814560492606,43.6,8.19736274512772,17.8,2,48.7441552572107,0.18515173686352
612,18.2,0.00186532363365044,0.0136168625256482,0.00149225890692035,0,0,7344.42113627228,16386.3488108138,3288.32955702179,31.7945123026729,10330.3852413481,0.13715769597802,0.881177340868569,106.2,279.4,0,31.0839791693852,0.592650212994539,0.371102362528162,0.160604364857303,0.0318970341354225,0.00690169744450662,0.0382513661202186,213.8,70.4,25.2866666666667,26.6,13381.3043455806,9854.30777105867,34.5901477080444,66.4,10.2081912535426,20,2,31.0839791693852,0.179483138696034
613,18.2,0.00298245614035088,0.0110526315789474,0.00192982456140351,0,0,7519.23225813914,17030.261400954,2131.82080126635,31.6211484794154,11120.3800427134,0.156839383794623,0.91581457903572,124.4,291,0,44.5147387826163,0.830086423848592,0.402034025257625,0.15859649122807,0.0396491228070175,0.00403508771929825,0.0372900654711073,230.6,71,23.3066666666667,24.8,14128.6297559547,10065.1888412891,38.1887396764027,70.4,7.56790991118401,14.8,2,44.5147387826163,0.190597820046536
614,13.8,0.00250851101953055,0.00824225049274324,0.00161261422684107,0,0,6774.20227990681,14650.3295794201,2143.9277514457,31.8112886004809,10137.679814558,0.152021191728677,0.915951332371456,119.2,296.2,0,39.311955581598,0.891973536721492,0.397727595411956,0.160723884608493,0.041569611180792,0.00447948396344741,0.0435828073339345,230.8,72,24.2733333333333,26.6,14304.6460593555,10030.4678457859,39.7102635507056,72.4,7.90922648612678,14.8,2,39.311955581598,0.186749185602949
615,7.6,0.00140291806958474,0.00673400673400673,0.00224466891133558,0.000280583613916947,0,3312.48859332989,8720.4537670151,1353.40759154041,31.6029182124488,8992.19237476952,0.103971799807047,0.746715040197948,85,253.6,0,8.4797299582531,0.478962793003012,0.134985573461003,0.190516273849607,0.0673400673400673,0.00982042648709315,0.0431266846361186,190.8,63.8,22.78,24.2,13845.4303641716,10041.9142243321,30.711674586108,50.4,5.65621249868118,10.4,2,8.4797299582531,0.170547506402247
616,5,0.00085812356979405,0.00543478260869565,0.00085812356979405,0,0,3989.31630280587,10198.4854207693,1991.49853728593,31.780160656777,8663.61658111339,0.112559337448013,0.795719150381771,79,228.6,0,9.26673689522395,0.415324542573029,0.0883406644386337,0.200228832951945,0.0655034324942792,0.0097254004576659,0.0571428571428571,192.6,67.2,23.22,25,13825.6629120859,10050.6793104478,30.0378890083712,49.6,6.08506254049921,11.8,2,9.26673689522395,0.113344290653425
617,5.4,0.00123494905835134,0.00617474529175671,0.000926211793763507,0,0,4138.72596333721,10397.4198346466,2193.43608435455,31.866090878335,8858.14948631241,0.102480964285921,0.748127583817103,69.6,214.6,0,8.38036207371628,0.353417732012781,0.110376773860653,0.214572398888546,0.0774930534115468,0.0111145415251621,0.0613298902517753,196.4,65,23.1866666666667,25.2,13158.6506749594,8152.11518853311,26.9089817207357,45,4.78217883246692,10,2,8.38036207371628,0.129289466215146
618,2.4,0.00127836369447108,0.00255672738894215,0,0,0,4089.86364329465,10372.8124349484,2371.88616948127,31.5170429581279,8841.67396679978,0.10294855214242,0.707013328872389,69.6,200.8,0,7.90707052310407,0.363954433552898,0.110028461190345,0.202940236497283,0.0786193672099712,0.0108660914030042,0.0597716588314305,183,65.8,22.9333333333333,24.4,12837.9800964678,8510.86487632153,25.2096642801295,40.6,4.90201760604316,9.2,2,7.90707052310407,0.126968850451276
619,2.6,0.00128328521013795,0.00288739172281039,0,0,0,4299.01275009585,10798.5160263851,2243.05433140731,31.6067596255047,8880.00817768768,0.0995332773117492,0.753808168821267,67,219.2,0,7.70847484812657,0.29473094864047,0.109458623036284,0.211421238370228,0.0795636830285531,0.0102662816811036,0.0372272143774069,187.8,67.4,22.88,26,13029.9845122884,8889.32389184855,26.5350765837282,44.8,4.28929816641789,8.2,2,7.70847484812657,0.12530475039212
620,2.6,0.00128328521013795,0.00288739172281039,0,0,0,4299.01275009585,10798.5160263851,2243.05433140731,31.6067596255047,8880.00817768768,0.0995332773117492,0.753808168821267,67,219.2,0,7.70847484812657,0.29473094864047,0.109458623036284,0.211421238370228,0.0795636830285531,0.0102662816811036,0.0372272143774069,187.8,67.4,22.88,26,13029.9845122884,8889.32389184855,26.5350765837282,44.8,4.28929816641789,8.2,2,7.70847484812657,0.12530475039212
621,3.4,0.000313971742543171,0.00376766091051805,0.000941915227629513,0,0.000313971742543171,3759.84386902305,9212.41016924634,2255.03413310426,31.8044406390566,7800.62892055543,0.0998143680337083,0.679584253561938,68.6,220,0,4.69392463352869,0.255366600034848,0.120426530634648,0.222919937205651,0.0791208791208791,0.0100470957613815,0.0860366713681241,198.8,61.25,18.0933333333333,25,12964.8329751349,9835.01873599207,26.1786609416805,42.6,6.88216841966443,14.2,1.6,4.69392463352869,0.129696193527052
622,4.4,0.00111888111888112,0.00391608391608392,0.00111888111888112,0,0,5106.55686789696,13080.9054882499,1694.66363715137,31.9280492901984,11112.0127556665,0.126561927352832,0.844141332767015,84.6,234.4,0,15.5536222373201,0.522538153575507,0.225150274299717,0.170629370629371,0.0671328671328671,0.0114685314685315,0.0623582766439909,178.2,52.6,17.9333333333333,25,14775.2228968442,11797.4320602606,28.8699549452054,50,6.81961107997664,13.6,1.6,15.5536222373201,0.128077365000507
623,3.2,0.000886524822695035,0.00325059101654846,0.000591016548463357,0,0,5296.41761260931,12806.4680059961,1560.98520918561,31.8411657010137,9547.07140099792,0.114939139925879,0.784079459711268,77.6,232.2,0,14.4846767538159,0.501606001659549,0.207670592325833,0.164302600472813,0.0715130023640662,0.00650118203309693,0.0416171224732461,164,53.5,14.2333333333333,22.4,16990.3268589789,13574.0437627257,33.6992056867118,53,8.72165782157057,16,1,14.4846767538159,0.11661596872058
624,3.2,0.000886524822695035,0.00325059101654846,0.000591016548463357,0,0,5296.41761260931,12806.4680059961,1560.98520918561,31.8411657010137,9547.07140099792,0.114939139925879,0.784079459711268,77.6,232.2,0,14.4846767538159,0.501606001659549,0.207670592325833,0.164302600472813,0.0715130023640662,0.00650118203309693,0.0416171224732461,164,53.5,14.2333333333333,22.4,16990.3268589789,13574.0437627257,33.6992056867118,53,8.72165782157057,16,1,14.4846767538159,0.11661596872058
625,3,0.000893655049151028,0.00297885016383676,0.000595770032767352,0,0,5164.66819371651,12185.359567798,1629.12773385778,31.8483151252329,9599.60631220687,0.116175067635301,0.784069188631854,77.6,232.2,0,14.2162511153968,0.614151708819066,0.243239823850424,0.161453678879952,0.0726839439976169,0.00655347036044087,0.0520581113801453,161.6,53.75,14.3933333333333,23.2,17097.5515979388,13691.391384247,32.7172484889163,51.8,9.40748913073872,17.4,1,14.2162511153968,0.14349116765926
626,2.6,0.00121322414316045,0.00212314225053079,0.000606612071580224,0,0,4399.21484895232,11441.1651923244,1969.67001162433,31.9150184192801,9363.66262422855,0.113628852628011,0.788843489482899,76.6,227.8,0,10.9069919119744,0.308245759483526,0.13633264228581,0.173491052471944,0.0712769184106764,0.0048528965726418,0.051997463538364,164.6,46.8,10.0133333333333,21.6,23743.3497137263,21796.7061355988,30.8938316594815,42.4,8.78680857059745,17.4,1.2,10.9069919119744,0.140288901528696
627,2.6,0.000604960677555959,0.00211736237144586,0.00120992135511192,0,0,3285.59937103918,8655.12295419763,1104.74585746531,31.5868438651737,9183.64227670891,0.119764582702277,0.871415501830433,80.6,251.6,0,9.92995692559781,0.70677588790254,0.142621652606393,0.167876588021779,0.0650332728372656,0.00725952813067151,0.103470437017995,158.8,64.8,20.16,25.6,16203.9532383362,13500.9015783996,34.3774569466387,57,10.2563416453512,18.8,1.6,9.92995692559781,0.166785701327651
628,2.8,0.000861821315713875,0.00258546394714163,0.000287273771904625,0.000287273771904625,0,3366.1508666326,9960.80943035284,918.448547318221,31.7840498605512,8609.796101604,0.119644969014076,0.792450353177522,81.2,240.8,0,11.1753980293257,0.561484107808032,0.12292264770232,0.181269750071818,0.064349324906636,0.00632002298190175,0.121696373693915,175.4,58.2,15.2333333333333,26,19224.0179394742,16287.7106699398,32.4187902447672,50.6,12.8163768108639,22.8,1.4,11.1753980293257,0.141761381619449
629,3.6,0.00141763538417919,0.00311879784519422,0.000283527076835838,0.000283527076835838,0,3315.43241148585,9643.69863431641,887.753544479156,31.7128101884172,8852.950897075,0.120097526279166,0.785839060659169,81,242.2,0,10.9423442730986,0.553196654162517,0.122434798573788,0.184859654096966,0.0618089027502126,0.00623759569038843,0.108075288403157,178.4,60.2,15.56,25,19018.969276309,16497.7635518234,31.721812763858,48.8,11.625297100813,21,1.6,10.9423442730986,0.143999039537698
630,2.6,0.000631512472371329,0.00221029365329965,0.00126302494474266,0,0,3580.22822985468,9419.6856117155,1093.5331245818,31.3597248574341,7592.39241346228,0.119612305360524,0.756192900367662,80.6,216.6,0,10.8272623365151,0.268926734015699,0.0611096969852492,0.177770760972529,0.0650457846542469,0.00568361225134196,0.116891891891892,157.4,65.75,19.06,24.6,13788.7479025695,11407.4455265457,31.357794898362,48.6,10.7793642476067,23.6,1.6,10.8272623365151,0.103592465386338
631,3.8,0.000612369871402327,0.00398040416411513,0.00122473974280465,0,0,3401.29909935758,9090.46947480399,1175.51558990436,31.4997216193145,7500.90310953679,0.12326181489698,0.756386752156451,85.4,215.4,0,11.6363692957061,0.469629051334503,0.0699486422301464,0.180649112063686,0.0615431720759339,0.00520514390691978,0.107253564786113,161.6,67.75,19.22,24.4,13844.9301912112,11362.2126383007,33.0538631055871,53.2,10.2531667540002,21,1.6,11.6363692957061,0.106826686184317
632,3.8,0.000612369871402327,0.00398040416411513,0.00122473974280465,0,0,3401.29909935758,9090.46947480399,1175.51558990436,31.4997216193145,7500.90310953679,0.12326181489698,0.756386752156451,85.4,215.4,0,11.6363692957061,0.469629051334503,0.0699486422301464,0.180649112063686,0.0615431720759339,0.00520514390691978,0.107253564786113,161.6,67.75,19.22,24.4,13844.9301912112,11362.2126383007,33.0538631055871,53.2,10.2531667540002,21,1.6,11.6363692957061,0.106826686184317
633,4.4,0.000370782350760104,0.00519095291064145,0.00259547645532073,0,0,1838.85915468106,5262.66589390744,685.894587919119,31.8963249459991,8631.14845129384,0.114893894270974,0.686909835182706,79.8,215.8,0,3.70654377512755,0.326220951032353,0.0827768008721749,0.155357804968484,0.0774935113088617,0.00815721171672228,0.0413385826771654,130,64,14.6666666666667,24.8,16783.2242240812,14673.9910074025,30.4309173714611,47.8,7.06411016691524,12.8,1.4,3.70654377512755,0.148293276226389
634,2,0.000749906261717285,0.00149981252343457,0.00149981252343457,0,0,2359.38327467829,7423.49301063826,685.028604959303,31.7157857455201,8885.38599686063,0.114002879569981,0.657227662380263,74.6,201.2,0,5.8822257242863,0.38591272549986,0.0603569067919878,0.184851893513311,0.0686164229471316,0.00824896887889014,0.0523809523809524,139.6,62,19.5866666666667,22.6,16330.5630367991,11656.6102506862,30.5908753677235,48.2,5.39320211788422,10.4,1.6,5.8822257242863,0.119515926661537
635,1.6,0.000387146728610143,0.00154858691444057,0.00116144018583043,0,0,2270.99338259506,6609.74997076415,672.116871709227,31.6973622338614,9264.89891553641,0.108965405571861,0.641772783016076,74,196.2,0,5.53349085410193,0.276784334777262,0.051524518276185,0.157955865272938,0.0681378242353852,0.00813008130081301,0.0277008310249307,121,60.2,19.1066666666667,23.2,16499.4060376201,9000.68739941442,33.8768494851759,50.8,3.28174374734043,6.8,1.6,5.53349085410193,0.11616403019196
636,1.6,0.000387146728610143,0.00154858691444057,0.00116144018583043,0,0,2270.99338259506,6609.74997076415,672.116871709227,31.6973622338614,9264.89891553641,0.108965405571861,0.641772783016076,74,196.2,0,5.53349085410193,0.276784334777262,0.051524518276185,0.157955865272938,0.0681378242353852,0.00813008130081301,0.0277008310249307,121,60.2,19.1066666666667,23.2,16499.4060376201,9000.68739941442,33.8768494851759,50.8,3.28174374734043,6.8,1.6,5.53349085410193,0.11616403019196
637,1.8,0.000759878419452888,0.00189969604863222,0.000759878419452888,0,0,1571.56143578004,4055.49414853463,678.516333324606,31.6540599294805,8033.76718456578,0.102399135694126,0.544547117739374,66.8,179.8,0,1.57727944597495,0.392748808797669,0.0614410457844868,0.234422492401216,0.0782674772036474,0.00531914893617021,0.0365425158116655,167.4,67.8,21.0533333333333,22,15666.3340244145,11144.9652383366,28.7130261801674,43.2,4.73994360605515,9.4,1.8,1.57727944597495,0.140087614417024
638,1.8,0.000759878419452888,0.00189969604863222,0.000759878419452888,0,0,1571.56143578004,4055.49414853463,678.516333324606,31.6540599294805,8033.76718456578,0.102399135694126,0.544547117739374,66.8,179.8,0,1.57727944597495,0.392748808797669,0.0614410457844868,0.234422492401216,0.0782674772036474,0.00531914893617021,0.0365425158116655,167.4,67.8,21.0533333333333,22,15666.3340244145,11144.9652383366,28.7130261801674,43.2,4.73994360605515,9.4,1.8,1.57727944597495,0.140087614417024
639,2.4,0.000402090872537193,0.00321672698029755,0.00120627261761158,0,0,1742.54463614455,5238.31865097875,683.571326548426,31.6167557309919,7576.33791940635,0.0907989006350723,0.510749360665079,59,169.6,0,2.06662224419643,0.307895606567486,0.0529500555608677,0.220747889022919,0.0759951749095295,0.00683554483313229,0.0207587687902649,151,56.6,16.4933333333333,23,16477.318281681,14498.4033929929,27.6536745258365,42,6.51905746105464,11.8,1.4,2.06662224419643,0.107978743640126
640,2.4,0.000402090872537193,0.00321672698029755,0.00120627261761158,0,0,1742.54463614455,5238.31865097875,683.571326548426,31.6167557309919,7576.33791940635,0.0907989006350723,0.510749360665079,59,169.6,0,2.06662224419643,0.307895606567486,0.0529500555608677,0.220747889022919,0.0759951749095295,0.00683554483313229,0.0207587687902649,151,56.6,16.4933333333333,23,16477.318281681,14498.4033929929,27.6536745258365,42,6.51905746105464,11.8,1.4,2.06662224419643,0.107978743640126
641,1.6,0.000757575757575758,0.00151515151515152,0.000757575757575758,0,0,1024.40443707021,2766.22042669059,598.538949193045,31.8432592243119,6403.43282898741,0.0763293696451608,0.381314946596573,50,147,0,0.642741684435462,0.16638428269276,0.0309714772670252,0.306439393939394,0.0640151515151515,0.00946969696969697,0.0278388278388278,200.6,63,16.4733333333333,25.4,12077.7099837984,12223.6996535378,20.2386405237436,33.6,7.55661942719356,15.2,1.4,0.642741684435462,0.103517815041984
642,1.6,0.000757575757575758,0.00151515151515152,0.000757575757575758,0,0,1024.40443707021,2766.22042669059,598.538949193045,31.8432592243119,6403.43282898741,0.0763293696451608,0.381314946596573,50,147,0,0.642741684435462,0.16638428269276,0.0309714772670252,0.306439393939394,0.0640151515151515,0.00946969696969697,0.0278388278388278,200.6,63,16.4733333333333,25.4,12077.7099837984,12223.6996535378,20.2386405237436,33.6,7.55661942719356,15.2,1.4,0.642741684435462,0.103517815041984
643,1.2,0.0012531328320802,0.0012531328320802,0,0,0,1495.50550445128,4343.67061194566,698.06534906055,31.5020640744015,4965.5225584661,0.0740151635523982,0.380456937255734,47.2,132.4,0,1.62826876747654,0.0758447719456538,0.0191460698528378,0.317460317460317,0.0710108604845447,0.00918964076858814,0.0337552742616034,190.4,71.8,26.76,27.4,8478.06744888237,6166.68052649815,15.9769394876271,31.4,4.40036135025734,12.4,2,1.62826876747654,0.0695189395367513
644,1.2,0.0012531328320802,0.0012531328320802,0,0,0,1495.50550445128,4343.67061194566,698.06534906055,31.5020640744015,4965.5225584661,0.0740151635523982,0.380456937255734,47.2,132.4,0,1.62826876747654,0.0758447719456538,0.0191460698528378,0.317460317460317,0.0710108604845447,0.00918964076858814,0.0337552742616034,190.4,71.8,26.76,27.4,8478.06744888237,6166.68052649815,15.9769394876271,31.4,4.40036135025734,12.4,2,1.62826876747654,0.0695189395367513
645,1.8,0.000377358490566038,0.00264150943396226,0.000377358490566038,0,0,1295.14153327389,3628.16281420265,729.625441560625,31.3475140327916,5064.0691111849,0.0854009458705236,0.409290846008355,53.4,146.8,0,0.732599019045485,0.107675077079134,0.030135563678985,0.306792452830189,0.0675471698113208,0.0060377358490566,0.0403481012658228,201.6,73.8,24.2333333333333,26,9875.98050098232,7238.29752278304,16.7998693857668,29.6,7.49409053773374,17.2,1.8,0.732599019045485,0.0809146348748539
646,1.2,0,0.00183621006243114,0.000367242012486228,0,0,1433.66994726077,4557.29915566621,995.672785186439,24.7175799623466,6193.18619913249,0.0852302187485187,0.444646833223131,56,149.4,0,0.687238127164949,0.135208414247599,0.0201254431351217,0.317297098788101,0.0664708042600073,0.00807932427469703,0.0323508267433501,213.4,63.6,22.1,25,11970.9347976531,7252.55980063745,19.3535723874311,31,5.25952273966509,12.4,1.8,0.687238127164949,0.0734743225409181
647,0.8,0.000386697602474865,0.000773395204949729,0.000386697602474865,0,0,1216.18786144679,3289.39937155907,518.486849921585,24.8650138065173,4651.80770391714,0.0846522436330003,0.401671075501849,54.6,133.2,0,1.23671845116273,0.0956909224642187,0.0403799861420505,0.308584686774942,0.068445475638051,0.00618716163959783,0.0241433021806854,198.2,70.25,20.7533333333333,24.4,9112.40068793428,6920.66932446324,19.3013855573929,33.4,5.67654454500221,11.4,1.4,1.23671845116273,0.102346261319918
648,1.2,0.00078462142016477,0.00117693213024716,0.000392310710082385,0,0,1185.28257380499,3468.11234229695,629.655449242432,24.8321893020967,5245.83782546409,0.0746746724529184,0.380891027705524,47.6,128.2,0,0.682533541248407,0.146270843428097,0.0381928438255802,0.316987053746567,0.0780698313063947,0.00549234994115339,0.0325814536340852,204.2,63.8,21.0533333333333,24,11974.4518322036,8581.3183323953,18.7088840513758,31,5.59618717404531,12,1.6,0.682533541248407,0.0996543302899958
649,1,0.00039032006245121,0.00156128024980484,0,0,0,952.890458627645,2617.79142039431,634.41494151038,24.8786888259497,6358.550680879,0.0758367532317401,0.349416339255569,47.2,135.8,0,0.417447278270744,0.180185193045483,0.0295116299468266,0.330601092896175,0.0710382513661202,0.00702576112412178,0.0318217979315831,209.4,56.2,11.4733333333333,24,14317.6827048502,13840.868019154,18.3564020656,31.4,8.00059171102491,15.2,1.4,0.417447278270744,0.0973182640227585
650,1,0.00039032006245121,0.00156128024980484,0,0,0,952.890458627645,2617.79142039431,634.41494151038,24.8786888259497,6358.550680879,0.0758367532317401,0.349416339255569,47.2,135.8,0,0.417447278270744,0.180185193045483,0.0295116299468266,0.330601092896175,0.0710382513661202,0.00702576112412178,0.0318217979315831,209.4,56.2,11.4733333333333,24,14317.6827048502,13840.868019154,18.3564020656,31.4,8.00059171102491,15.2,1.4,0.417447278270744,0.0973182640227585
651,1.2,0,0.0019546520719312,0.000390930414386239,0,0,1393.99826613516,4573.07043674411,654.873862651738,25.2171081543255,4072.56413366341,0.0843857956436023,0.421894918670491,54.6,141.6,0,1.4965908819397,0.104385799953222,0.0388591400720781,0.315089913995309,0.071931196247068,0.00977326035965598,0.04,203,87.4,38.76,26.8,3728.34575160485,3988.33072405118,10.0956119486745,25.4,3.81640155713962,11,3.2,1.4965908819397,0.126599683775554
652,1.8,0.00035650623885918,0.00213903743315508,0.00071301247771836,0,0,1603.41836587559,5738.24291874408,734.166426155296,24.8489800190151,5090.43133407726,0.0872109169337014,0.525403468560779,55.8,165.6,0,2.11989436392951,0.123401534711431,0.0189686085354834,0.322281639928699,0.0584670231729055,0.00784313725490196,0.0275722932078009,218,86.8,36.26,26.6,6237.25777470981,4219.24812588621,16.3016355962559,35.4,4.11285382269206,9.6,2.8,2.11989436392951,0.0835578110556555
653,1,0,0.00194325689856199,0,0,0,1520.96535577219,4704.28456622461,679.805726156556,24.8174510254038,4600.03737819397,0.0736620104944731,0.429107033384919,47.6,137,0,1.81610250116939,0.126607044746334,0.048333028317818,0.327633113097551,0.0656820831713953,0.00777302759424796,0.036697247706422,206.4,79,33.5466666666667,26.2,4013.93706186047,2747.36781015081,10.8444199645243,28.8,1.91031925357044,5.8,3,1.81610250116939,0.130224089790423
654,1.2,0.000767165324127349,0.00115074798619102,0.000383582662063675,0,0,899.52884161358,2290.66267805348,583.554396994385,24.9375607989312,3599.32090882494,0.0720039639185881,0.338554702480144,48,131.8,0,0.410351164624574,0.037101538601328,0.0346438976584213,0.325278097429996,0.0694284618335251,0.00498657460682777,0.0416333066453163,208.4,24.2,15.4333333333333,19.4,1853.45560717699,1673.08747787994,5.71933230589527,13.6,1.67975272556852,3,3.4,0.410351164624574,0.102182549521904
655,1.2,0.000767165324127349,0.00115074798619102,0.000383582662063675,0,0,899.52884161358,2290.66267805348,583.554396994385,24.9375607989312,3599.32090882494,0.0720039639185881,0.338554702480144,48,131.8,0,0.410351164624574,0.037101538601328,0.0346438976584213,0.325278097429996,0.0694284618335251,0.00498657460682777,0.0416333066453163,208.4,24.2,15.4333333333333,19.4,1853.45560717699,1673.08747787994,5.71933230589527,13.6,1.67975272556852,3,3.4,0.410351164624574,0.102182549521904
656,1.6,0.00111648678823967,0.00186081131373279,0,0,0,976.475410933092,2688.00762448581,507.476382742333,24.9050599027688,3701.8777355017,0.0706191276053516,0.363572133380716,46.6,137.8,0,0.674987458538953,0.0309587262410453,0.034023131501945,0.321176032750279,0.0695943431336063,0.00446594715295869,0.0487238979118329,212.4,23.2,14.9666666666667,19.8,2064.77889031239,1673.08747787994,6.20071506176523,15,1.33239794997429,2.8,3,0.674987458538953,0.101495979340208
657,1.6,0.00111648678823967,0.00186081131373279,0,0,0,976.475410933092,2688.00762448581,507.476382742333,24.9050599027688,3701.8777355017,0.0706191276053516,0.363572133380716,46.6,137.8,0,0.674987458538953,0.0309587262410453,0.034023131501945,0.321176032750279,0.0695943431336063,0.00446594715295869,0.0487238979118329,212.4,23.2,14.9666666666667,19.8,2064.77889031239,1673.08747787994,6.20071506176523,15,1.33239794997429,2.8,3,0.674987458538953,0.101495979340208
658,1.4,0.000363372093023256,0.00218023255813953,0,0,0,1761.08457960774,4766.35913469331,885.014130489185,25.3650038430775,5780.84601954705,0.0800238786334682,0.493243161986506,53.8,150,0,1.48892535350805,0.140357088878742,0.0321541051433588,0.303052325581395,0.0643168604651163,0.00726744186046512,0.0496760259179266,206.2,33.2,19.3133333333333,21.6,4124.55389000525,8086.56491208441,9.00798036329986,17.6,1.06684857141888,2.4,3.2,1.48892535350805,0.105462308306208
659,1.2,0.000797448165869219,0.00159489633173844,0,0,0,755.83811848776,1989.53316917493,300.653713676392,24.8923467121651,5127.38368816943,0.0757922706660972,0.380932829646522,47.8,139.4,0,0.719155515598633,0.0393974384122021,0.0167098521766178,0.315789473684211,0.0653907496012759,0.00837320574162679,0.0262725779967159,195.4,33.2,18.6733333333333,20.2,4168.76547783254,6318.04059429127,7.79714188783032,15.8,0.802525974016644,2,2.8,0.719155515598633,0.0707985742627769
660,1.2,0.000797448165869219,0.00159489633173844,0,0,0,755.83811848776,1989.53316917493,300.653713676392,24.8923467121651,5127.38368816943,0.0757922706660972,0.380932829646522,47.8,139.4,0,0.719155515598633,0.0393974384122021,0.0167098521766178,0.315789473684211,0.0653907496012759,0.00837320574162679,0.0262725779967159,195.4,33.2,18.6733333333333,20.2,4168.76547783254,6318.04059429127,7.79714188783032,15.8,0.802525974016644,2,2.8,0.719155515598633,0.0707985742627769
661,1.6,0.000210970464135021,0.00147679324894515,0,0,0,5141.19413622049,12235.0341423887,2354.07679823934,28.4502582739794,6052.71719355826,0.141088462967266,0.784004620662603,83.6,213,0,13.4722515434482,0.330932048264129,0.223697543709675,0.224261603375527,0.0559071729957806,0.0116033755274262,0.149396735273243,276.6,84.6,47.2333333333333,28.8,4539.71034409439,4399.90678595311,13.5284619096572,27.2,16.5779563057511,38.4,3.4,13.4722515434482,0.132963455279046
662,1.6,0.000210970464135021,0.00147679324894515,0,0,0,5141.19413622049,12235.0341423887,2354.07679823934,28.4502582739794,6052.71719355826,0.141088462967266,0.784004620662603,83.6,213,0,13.4722515434482,0.330932048264129,0.223697543709675,0.224261603375527,0.0559071729957806,0.0116033755274262,0.149396735273243,276.6,84.6,47.2333333333333,28.8,4539.71034409439,4399.90678595311,13.5284619096572,27.2,16.5779563057511,38.4,3.4,13.4722515434482,0.132963455279046
663,1.4,0,0.00148588410104012,0.000247647350173353,0,0,4419.37174191057,10712.2488391205,2208.77628052029,28.1953011671253,5956.31569076312,0.128864503299087,0.75081995615349,75.4,190.8,0,9.46037529353985,0.312770771066452,0.10139890247337,0.234026745913819,0.0658741951461119,0.0131253095591877,0.175512104283054,252.8,84,48.7,29,3560.20091085276,3759.93182788089,11.7187308147599,23.2,10.4755101565305,24.8,3.6,9.46037529353985,0.110022979710992
664,1.8,0,0.0017165277096616,0.000245218244237371,0.000245218244237371,0,3946.41032960553,10236.8694232942,2341.21547194239,28.3155154681357,5267.79755872695,0.135964916435381,0.660905245397167,78.2,201.6,0,6.77974814327873,0.217838052629361,0.0912345043156478,0.233447768513977,0.0632663070132418,0.0156939676311918,0.183547103051747,254.8,79.4,47.4866666666667,28.4,4104.3258806192,3430.07684424511,12.8050979270005,26,13.4343756757332,32.6,3.8,6.77974814327873,0.112476974244533
665,1,0,0.00123670541676973,0,0,0,3684.5783224471,8973.41243015361,2073.5526386441,28.4699816069296,5485.64640588641,0.127107823890032,0.77787523330063,72.6,198.8,0,4.89289770584487,0.273185884514493,0.0897919766386083,0.237942122186495,0.0660400692555033,0.0143457828345288,0.189079422382671,257.4,70,39.02,28.2,5154.43729553958,5816.79306672156,11.9649875171506,21.6,16.3953792162902,35.6,3,4.89289770584487,0.110644481680658
666,1.8,0.000236350744504845,0.00189080595603876,0,0,0,4852.65809588606,11981.0179393137,2392.32866861499,28.4481046059526,5154.78591340104,0.139759594064477,0.800208063882035,81.8,210.6,0,10.3091090427566,0.269212896694459,0.108831738300039,0.218624438666982,0.0600330891042307,0.0125265894587568,0.213885295385942,246.4,78.4,46.9933333333333,28.8,3872.5827311436,4596.7847924697,14.6435367183976,25.6,16.2964563624643,34.4,3.4,10.3091090427566,0.119938884834574
667,1.8,0.000236350744504845,0.00189080595603876,0,0,0,4852.65809588606,11981.0179393137,2392.32866861499,28.4481046059526,5154.78591340104,0.139759594064477,0.800208063882035,81.8,210.6,0,10.3091090427566,0.269212896694459,0.108831738300039,0.218624438666982,0.0600330891042307,0.0125265894587568,0.213885295385942,246.4,78.4,46.9933333333333,28.8,3872.5827311436,4596.7847924697,14.6435367183976,25.6,16.2964563624643,34.4,3.4,10.3091090427566,0.119938884834574
668,5.4,0.000231803430690774,0.00579508576726936,0.000231803430690774,0,0,4632.7944179786,10826.9358650303,2245.62446599105,28.2848661683326,5864.05024864857,0.152657567414207,0.795906669460553,88.4,215.6,0,11.6154620123085,0.227016506794268,0.0945277415128087,0.208623087621697,0.0558646267964766,0.0104311543810848,0.194386258902388,237.2,71.4,39.6066666666667,28.2,6743.0186867603,6058.1827740041,17.9702990120261,31,16.9746896233722,35,3,11.6154620123085,0.121228048308239
669,6.4,0.000226808800181447,0.00657745520526196,0.000453617600362894,0,0,4679.50494405212,11587.3912137673,2083.23417591404,28.436911259722,5723.73269356861,0.150709937561953,0.794336240315413,87.8,216,0,12.8334266708373,0.226445703809553,0.106227481764981,0.214107507371286,0.0571558176457247,0.0122476752097981,0.202314445331205,250,78.4,46.9066666666667,28.4,4420.20872908877,4882.86164661066,15.0648612910114,27.6,15.9363340674639,34.6,4,12.8334266708373,0.123354697315409
670,6.2,0,0.00663227708179808,0.00098255956767379,0,0,5655.25907168173,14723.8354804195,2407.90807118811,28.1714931626316,6117.1486916384,0.153131568551697,0.882977928477002,89.6,229.4,0,18.1660203091237,0.692525077866707,0.149225237431814,0.119626627364284,0.0650945713583886,0.0140014738393515,0.212554112554113,161.8,79.4,49.7,28.8,5203.39911442024,5670.39088254429,19.5336529849843,32.4,18.4847221034382,37.8,4,18.1660203091237,0.130713277877382
671,5.2,0,0.00527281063732233,0.000687757909215956,0,0,6781.61406698978,14607.5404860692,3077.69076374739,28.1942901445479,6743.34381865592,0.154133046939898,0.896032652862794,89.2,242.2,0,20.7661679878119,0.369191293683968,0.160569261398686,0.124025676295277,0.0639614855570839,0.0171939477303989,0.157745336577453,179,83.6,46.6133333333333,29,4961.15476073851,5465.03306874571,17.2530797802391,35,18.4199790793114,39,4,20.7661679878119,0.137717708290056
672,5.2,0,0.00527281063732233,0.000687757909215956,0,0,6781.61406698978,14607.5404860692,3077.69076374739,28.1942901445479,6743.34381865592,0.154133046939898,0.896032652862794,89.2,242.2,0,20.7661679878119,0.369191293683968,0.160569261398686,0.124025676295277,0.0639614855570839,0.0171939477303989,0.157745336577453,179,83.6,46.6133333333333,29,4961.15476073851,5465.03306874571,17.2530797802391,35,18.4199790793114,39,4,20.7661679878119,0.137717708290056
673,5.2,0,0.00527281063732233,0.000687757909215956,0,0,6781.61406698978,14607.5404860692,3077.69076374739,28.1942901445479,6743.34381865592,0.154133046939898,0.896032652862794,89.2,242.2,0,20.7661679878119,0.369191293683968,0.160569261398686,0.124025676295277,0.0639614855570839,0.0171939477303989,0.157745336577453,179,83.6,46.6133333333333,29,4961.15476073851,5465.03306874571,17.2530797802391,35,18.4199790793114,39,4,20.7661679878119,0.137717708290056
674,3,0,0.00491865304578131,0.000378357926598562,0,0.000378357926598562,3736.11320937781,8333.41404571152,3093.09538731381,28.4370603367431,4005.76919522277,0.0931857343055585,0.501230056920199,55.2,155,0,1.4271614388808,0.0893401400285199,0.00105465619434503,0.137343927355278,0.111237230419977,0.024214907302308,0.331192660550459,144.2,67.8,40.7666666666667,27.6,1761.11499309698,2388.15181792213,6.21995875934932,15.6,8.37037023162396,24.8,4,1.4271614388808,0.139187620512138
675,3.6,0,0.0055005500550055,0.000366703337000367,0,0.000733406674000733,3415.86079634335,8043.72408862373,2865.02166887136,28.3645661679207,4394.0576634077,0.100058790345319,0.466802110422882,55.8,150.2,0,1.44821142372163,0.130018878900412,0.00164988333989755,0.146314631463146,0.107444077741107,0.0245691235790246,0.344736842105263,151.8,69,41.8866666666667,27.6,2080.5424449018,3085.5692966545,6.66290444526026,15.6,9.40548648511387,22.4,4,1.44821142372163,0.171914233666704
676,3.8,0,0.00556792873051225,0.000742390497401633,0,0.000742390497401633,3432.62339490683,8245.15915912861,2883.61189131075,28.4396948132397,4482.58882637539,0.101034930823029,0.465999757161988,56.8,149.4,0,1.44597394443021,0.126401851582592,0.00161832129206853,0.145879732739421,0.10913140311804,0.0244988864142539,0.312607944732297,150.6,69.4,41.6133333333333,27.6,2040.57889732965,3152.93522717887,6.46345566498692,15,8.9479657868193,21.2,4,1.44597394443021,0.170642469916953
677,3.2,0.000407000407000407,0.00488400488400488,0.000407000407000407,0.000407000407000407,0.000407000407000407,3264.76861928336,8227.83179823759,2788.17171274405,28.1346998316945,4314.51791658952,0.0948661768465943,0.488260622966492,50.8,149.6,0,1.10703349020523,0.14922354846054,0.000650031136398558,0.152625152625153,0.113960113960114,0.0256410256410256,0.360688956433637,143.6,63,37.9666666666667,28.2,1798.44905902434,2455.52549229216,5.82881991223199,16,7.20487650316674,20,4,1.10703349020523,0.158067564091094
678,2.4,0,0.00432389937106918,0.000393081761006289,0,0,4153.46718001711,9867.89461068511,3117.98788271542,28.6443498082279,4665.21739686425,0.0841354923234622,0.45648676495995,46.4,144.8,0,2.1245039509026,0.107659780424264,0.0213777188876344,0.146619496855346,0.108883647798742,0.0283018867924528,0.43042071197411,144.4,71.4,42.1,28.2,2093.69883508035,2515.49950773694,6.4180556528193,16.2,8.12112217358263,20.8,4,2.1245039509026,0.18473310628414
679,1.6,0,0.00262664165103189,0,0.000375234521575985,0,3248.33524844949,8292.59719075532,2873.90855390253,28.1996805263545,3883.54317852573,0.0893603714768946,0.435527300393094,52.4,148.4,0,0.584644347906558,0.0947133852401902,0.0388007823932091,0.135084427767355,0.105065666041276,0.024390243902439,0.30565371024735,141,76.2,45.1,28.6,2479.91973773196,2614.43651228105,7.33850778104997,18.4,7.29852255620058,19,4,0.584644347906558,0.16569909589268
680,1.6,0,0.00262664165103189,0,0.000375234521575985,0,3248.33524844949,8292.59719075532,2873.90855390253,28.1996805263545,3883.54317852573,0.0893603714768946,0.435527300393094,52.4,148.4,0,0.584644347906558,0.0947133852401902,0.0388007823932091,0.135084427767355,0.105065666041276,0.024390243902439,0.30565371024735,141,76.2,45.1,28.6,2479.91973773196,2614.43651228105,7.33850778104997,18.4,7.29852255620058,19,4,0.584644347906558,0.16569909589268
681,2.2,0,0.00313479623824451,0.000783699059561128,0,0.000391849529780564,3412.03545877427,8398.01620317242,3123.44705650905,28.79841792303,3907.23201573823,0.0881099206845712,0.401864055501272,50.6,146.6,0,0.48339662754082,0.14683402828038,0.00235929141991726,0.137539184952978,0.112460815047022,0.0239028213166144,0.349240780911063,139.8,64.8,39.3733333333333,28.2,2273.70908407969,1987.25865241425,6.06333204230645,15,5.85221308590049,18.4,4,0.48339662754082,0.226233464125192
682,2.6,0,0.0037243947858473,0.00074487895716946,0,0.00037243947858473,3403.93364950037,8396.47405092552,3110.97924995874,28.8719005611099,3751.33528811788,0.0910584426019312,0.400933269820377,51.6,146.6,0,0.473231999325714,0.125688771383402,0.00225945416099387,0.134078212290503,0.108752327746741,0.0219739292364991,0.362970711297071,142.2,66,39.52,28.2,2316.27312381363,1943.84961459865,6.2580736108139,15.8,6.67510117941102,20.8,4,0.473231999325714,0.187915577441569
683,2.4,0,0.00423728813559322,0.000385208012326656,0,0,3430.36615882845,8375.1475775785,3179.05769774386,28.3751168297636,3975.75911139206,0.0881723442446934,0.385591708720752,50,141.2,0,0.481591743236033,0.0971046244375506,0.00206677420022985,0.145608628659476,0.112095531587057,0.024653312788906,0.4627539503386,146.6,57.2,34.3466666666667,28.6,2490.46141690519,3058.20986122488,6.71516235406974,17.2,10.599052400499,26.8,4,0.481591743236033,0.19199467713165
684,2.4,0,0.00460652591170825,0,0,0,4823.63504897883,11754.3834095966,3041.36200169587,28.3788225070663,4710.67724435551,0.0916306364072959,0.570218881903682,51.2,184.2,0,6.0421304699463,0.11514616263703,0.0351631160564205,0.1489443378119,0.112859884836852,0.0207293666026871,0.274269557021678,147.2,70.8,41.1466666666667,28,1678.7034892283,1927.14359235376,4.86790078573382,15.6,5.72793619233899,19.8,4,6.0421304699463,0.145807624388167
685,2,0,0.00415454923140839,0,0,0,3667.22531819382,8997.95240094793,3191.94690928802,28.5508647503629,5006.16976230047,0.0813008272625413,0.5291600113034,47.2,176.8,0,1.76656178710092,0.180785037676496,0.00119933426221874,0.155380141254674,0.117989198171998,0.0195263813876194,0.329920364050057,141,65.2,27.3,26.6,8042.64215214975,7443.19734069719,12.6534274971971,22.6,11.6242241877691,27.2,2,1.76656178710092,0.168145338327021
686,2.4,0,0.00339110776186888,0.000753579502637528,0,0.000376789751318764,3734.00104797907,8847.01022736976,3332.46429310201,28.6072075136547,4561.63044424011,0.0913026643357673,0.52151088337873,51.6,183.6,0,0.9324071460242,0.237293188529591,0.00411030379766598,0.157874905802562,0.10361718161266,0.0146948003014318,0.331622176591376,146.6,65.4,27.2266666666667,27.8,8799.50218978845,8355.64376962296,14.1082528974204,23.6,14.209637239169,28,2,0.9324071460242,0.154456713837692
687,3.2,0,0.00476568705321684,0.00158856235107228,0,0,3692.64101298377,8695.68965432919,3151.81159045856,28.5750467313391,5929.03029281254,0.0879072248229259,0.554415466988008,49.2,170,0,2.01577128820491,0.24010449383308,0.00198393743730305,0.151310563939635,0.111993645750596,0.0182684670373312,0.38411316648531,141.8,63.2,27.0066666666667,27,7809.82462391905,7979.72612395216,13.3052225019891,23.2,14.2275974582612,28.8,2,2.01577128820491,0.123720370659226
688,3.2,0.000387747188832881,0.00465296626599457,0.00116324156649864,0,0,5001.0384231296,11965.7370579402,2971.00232170754,28.2871176690387,6021.14595924394,0.102883406033171,0.656268223124386,57.2,194.8,0,6.73802644058715,0.491287811211427,0.115575105860225,0.140364482357503,0.107793718495541,0.0139588987979837,0.28133704735376,135.2,70.6,28.0333333333333,26.8,8613.49620296079,8238.97689544819,15.1229340139862,26.8,13.069961704311,28.8,2,6.73802644058715,0.208844719518907
689,3.2,0.000387747188832881,0.00465296626599457,0.00116324156649864,0,0,5001.0384231296,11965.7370579402,2971.00232170754,28.2871176690387,6021.14595924394,0.102883406033171,0.656268223124386,57.2,194.8,0,6.73802644058715,0.491287811211427,0.115575105860225,0.140364482357503,0.107793718495541,0.0139588987979837,0.28133704735376,135.2,70.6,28.0333333333333,26.8,8613.49620296079,8238.97689544819,15.1229340139862,26.8,13.069961704311,28.8,2,6.73802644058715,0.208844719518907
690,2.8,0,0.00328947368421053,0.000730994152046784,0.00109649122807018,0,3706.92391684324,8476.55376939539,3077.54343834636,28.2864032231655,5642.90921676852,0.0967391419674098,0.582952490865089,53.8,186.2,0,2.73815513993815,0.215815056914366,0.00425033881469327,0.176900584795322,0.104166666666667,0.0175438596491228,0.310282074613285,163.4,63.8,25.9333333333333,27.8,9598.60748179396,7763.52382368072,17.0217464743969,26.8,12.260483775786,25.2,2,2.73815513993815,0.165831185631429
691,3,0.000728862973760933,0.00291545189504373,0.0010932944606414,0.000728862973760933,0,3522.54010507275,8172.80917517108,2987.48606666931,27.939852027444,5629.93265602468,0.0988925498176223,0.593903454410584,55.6,182.4,0,2.71252567657557,0.225321998720139,0.0172121850797271,0.183309037900875,0.103862973760933,0.0167638483965015,0.278969957081545,166.8,61.4,24.9533333333333,27.6,9669.41330633388,7492.37606322346,16.5171948065622,26.2,11.1771489517762,24,2,2.71252567657557,0.18410760162349
692,2,0,0.00385059684251059,0,0,0,3881.53329309118,8640.57141148672,3564.63750491885,28.7123626631173,5005.27008642826,0.0912945395758037,0.617977840669071,52.4,166.2,0,1.40533177891833,0.162108584999777,0.00206622432629141,0.196765498652291,0.107046592221794,0.0180978051597998,0.452193475815523,167.2,60.2,25.0733333333333,26.6,6921.41547418247,7594.67194014711,10.9153007165901,20.6,14.2293188962837,26,2,1.40533177891833,0.188970168673738
693,2.8,0.000381242851696531,0.00457491422035837,0.000381242851696531,0,0,3562.42702978955,8386.59152910256,2985.65770662388,29.0713942406397,5341.40295908402,0.0999183310599057,0.676526344607742,52.4,175.8,0,1.92411399704181,0.292193774151697,0.00181769206149904,0.191383911551658,0.104079298513153,0.0167746854746474,0.377173913043478,163.8,60,25.0933333333333,26.2,7073.11046152855,7762.82401119998,11.2938652631103,19.4,12.579386519431,25.4,2,1.92411399704181,0.112582151053278
694,4.2,0.000732064421669107,0.00585651537335286,0.000366032210834553,0.000732064421669107,0,3816.49968044351,8669.97820486694,2683.34703283279,28.6108269970808,5488.34175431719,0.101873410144238,0.70155181916009,55.4,184.6,0,4.25769925977567,0.28013015874166,0.0538764679478195,0.183016105417277,0.0977306002928258,0.0157393850658858,0.321808510638298,162,55,23.2266666666667,27.6,7966.48703949782,7439.57609002264,12.8281667357298,22.6,12.535344313527,25,2,4.25769925977567,0.22444767626971
695,1.4,0,0.00242914979757085,0,0,0.000404858299595142,3211.83196365926,7851.88040804473,2752.80964056245,28.3801058691034,5200.74387929996,0.073214412058449,0.357913041009421,43.2,129.6,0,0.580818179994076,0.054429351039758,0.0231064526172921,0.192712550607287,0.117408906882591,0.0230769230769231,0.497878359264498,164.6,59.6,25.2,27.4,6873.88166744508,7100.12999147295,9.18947415794569,19,11.0354089218565,27,2,0.580818179994076,0.162194492184345
696,1.8,0,0.00327600327600328,0,0,0.00040950040950041,3107.3205582204,7741.99543644365,2702.5088608049,28.4359478929803,5282.92315310174,0.0747315013695268,0.356478719007725,43.8,131.2,0,0.557646655083201,0.0581717537054567,0.0231026670240657,0.192465192465192,0.11998361998362,0.0233415233415233,0.488700564971751,164,59.6,25.1,27,6829.32767209007,7035.03867916358,9.21111679698826,19.4,10.8483310032022,27,2,0.557646655083201,0.132162865361887
697,1.8,0,0.00282714054927302,0,0.000807754442649435,0,4441.5252105106,10482.8726475384,2846.52578170942,28.3107018246678,8458.11155104587,0.0733985275953033,0.416290730792405,40.8,132.2,0,3.62675523126001,0.0347549636995065,0.0304334695854079,0.194264943457189,0.114297253634895,0.0092891760904685,0.586357039187228,157.4,8.2,3.97333333333333,13.6,13997.059962932,13252.5978097837,6.69886912293227,12.2,1.95395258801371,3,2,3.62675523126001,0.191856905039224
698,1.2,0,0.0024885939444214,0,0,0,2590.63508905068,6991.32976317621,2556.28064641106,28.4037168321947,9773.62931306426,0.0667347980256976,0.248489421688686,36,105,0,0.194816142182342,0.062041579201044,0.000333455554442731,0.240978846951472,0.116134384072999,0.0157610949813355,0.80082135523614,179.8,8.2,4.06666666666667,13.6,11980.29085046,5864.06781283765,5.87492553741387,10.4,0.735713293551243,1,2,0.194816142182342,0.146342149562332
699,1.4,0.000415627597672485,0.00166251039068994,0.000831255195344971,0,0,3071.59277560633,7722.00834902507,2035.92592753749,28.0824247194123,8845.91003616615,0.0805940932261786,0.397895010397228,43.2,128.6,0,2.19658057307492,0.0525669050014825,0.0146517262933294,0.214879467996675,0.122610141313383,0.0149625935162095,0.424615384615385,169.6,11,5.12,16.6,8808.34596990212,6953.09980504299,6.72138447828779,11.8,1.96478385305344,2.8,2,2.19658057307492,0.190677460782511
700,1.6,0.000977039570102589,0.00244259892525647,0.000488519785051295,0,0,2519.94026865443,7571.77451224871,2415.67861314741,27.9014935518402,8238.65930915763,0.0628449075240706,0.183971106192816,38.2,92.6,0,0.0832274269728961,0.0465208949809914,0.000381626808378366,0.229115779189057,0.134831460674157,0.0156326331216414,0.561440677966102,155.4,7,3.30666666666667,13.4,10379.9874945288,6008.75399956935,6.35888205071513,12,0.61233498406103,1.66666666666667,2,0.0832274269728961,0.195972300858325
701,1.4,0,0.00305410122164049,0,0,0,3128.25413943992,7289.92102014631,2930.76048881541,28.7014814105121,8639.47662634114,0.0576152534217716,0.221923923631243,35.6,93,0,0.403958723805554,0.0670596088601643,0.00259600977914007,0.220331588132635,0.12434554973822,0.0148342059336824,0.543720190779014,164.8,7,3.3,14,10048.4634665258,10684.3266934872,6.79618809491693,11.4,2.10990525859227,3.25,2,0.403958723805554,0.151436062493228
702,0.6,0,0.00129310344827586,0,0,0,4464.34587493518,9299.86620441543,4455.77647971951,28.2318629500139,9128.31378751132,0.0502019574609427,0.182815853727557,29,92.2,0,0.065302019064888,0.0684601675218163,0.000841086255071087,0.217672413793103,0.0931034482758621,0.0150862068965517,0.628019323671498,151.2,7.8,3.47333333333333,14,11792.0271728675,10381.0506048696,6.19435235422809,10,2.158282604962,3.8,2,0.065302019064888,0.262484295509379
703,2,0,0.00307827616534741,0.000879507475813544,0.000439753737906772,0,4221.12831964939,9980.56675454361,4290.1692233571,35.3599462284806,11519.6940907276,0.0486803064600085,0.17746425584134,30.6,87,0,0.077296588921514,0.0444270339024497,0.000606941316373751,0.254177660510114,0.0914687774846086,0.0184696569920844,0.870056497175141,165.6,4.8,2.12666666666667,12.2,12691.7880036659,15891.3018023522,5.71402020990302,9.4,2.50226124590889,3.4,2,0.077296588921514,0.124985940488479
704,1.8,0.000402576489533011,0.00281803542673108,0.000402576489533011,0,0,4153.94114936593,9930.16093550717,4119.26383260081,34.679280317401,9759.61034394174,0.0601849003794607,0.257376055116404,36.4,101,0,0.324280596019085,0.0365157134132358,0.00149126100222471,0.216183574879227,0.0849436392914654,0.0157004830917874,0.56763590391909,157.4,4.4,2.04666666666667,14,8854.81222543356,4320,5.81943705787395,10.4,3.73400904791227,7,2,0.324280596019085,0.198958779008019
705,3,0.000454338936846888,0.00590640617900954,0.000454338936846888,0,0,4408.95218208219,10172.8910337251,4444.04328992094,35.2410491578713,5365.33462294754,0.0578497787231398,0.265621906340027,36,106.2,0,0.321402947768162,0.0486096906488545,0.00584015040268231,0.20581553839164,0.0913221263062244,0.00999545661063153,0.406460296096904,135.2,9.4,4.92,15.4,12474.9748912925,7173.07508538535,6.63254588493962,12.4,3.48997083792174,6.4,2,0.321402947768162,0.153718509078373
706,3,0.000454338936846888,0.00590640617900954,0.000454338936846888,0,0,4408.95218208219,10172.8910337251,4444.04328992094,35.2410491578713,5365.33462294754,0.0578497787231398,0.265621906340027,36,106.2,0,0.321402947768162,0.0486096906488545,0.00584015040268231,0.20581553839164,0.0913221263062244,0.00999545661063153,0.406460296096904,135.2,9.4,4.92,15.4,12474.9748912925,7173.07508538535,6.63254588493962,12.4,3.48997083792174,6.4,2,0.321402947768162,0.153718509078373
707,3,0.000454338936846888,0.00590640617900954,0.000454338936846888,0,0,4408.95218208219,10172.8910337251,4444.04328992094,35.2410491578713,5365.33462294754,0.0578497787231398,0.265621906340027,36,106.2,0,0.321402947768162,0.0486096906488545,0.00584015040268231,0.20581553839164,0.0913221263062244,0.00999545661063153,0.406460296096904,135.2,9.4,4.92,15.4,12474.9748912925,7173.07508538535,6.63254588493962,12.4,3.48997083792174,6.4,2,0.321402947768162,0.153718509078373
708,3,0.000454338936846888,0.00590640617900954,0.000454338936846888,0,0,4408.95218208219,10172.8910337251,4444.04328992094,35.2410491578713,5365.33462294754,0.0578497787231398,0.265621906340027,36,106.2,0,0.321402947768162,0.0486096906488545,0.00584015040268231,0.20581553839164,0.0913221263062244,0.00999545661063153,0.406460296096904,135.2,9.4,4.92,15.4,12474.9748912925,7173.07508538535,6.63254588493962,12.4,3.48997083792174,6.4,2,0.321402947768162,0.153718509078373
709,4,0.000500250125062531,0.00850425212606303,0.00100050025012506,0,0,4025.35486609831,10336.0531732313,4254.27089193837,34.7077191942208,5779.73265471512,0.0511466351537429,0.187809863078138,32.4,89.6,0,0.145844156719056,0.02971183205325,0.000422255479219052,0.192596298149075,0.101550775387694,0.0125062531265633,0.386018237082067,122.6,10,5.11333333333333,15.8,11554.4434702866,8160,6.67704307232693,12.8,2.67655899137809,5.2,2,0.145844156719056,0.168151200329848
710,1.6,0.000550357732526142,0.00330214639515685,0.000550357732526142,0,0,4066.04828058353,9415.17015581494,4140.77773284786,34.8624071939687,7513.86905991543,0.0454792864450832,0.271562787853544,28.6,81.6,0,0.0796522840647886,0.0201965410348219,0.000205491212553365,0.186571271326362,0.110071546505228,0.0137589433131535,0.376306620209059,112.8,11.4,5.59333333333333,15,10244.7775290169,5435.46659432116,5.64696439728398,11.2,1.16928484357852,2.6,2,0.0796522840647886,0.134007697698981
711,2.2,0,0.00546991546494281,0,0,0,4028.25111745263,9520.42969289852,3840.69721333372,34.8687328232386,6223.01933566927,0.0593327154147749,0.23558987403628,33.8,99.6,0,0.26054820768346,0.0418366119706261,0.00884453579760527,0.197911486822476,0.0999502734957732,0.0114370959721532,0.356948228882834,124.4,10.8,5.03333333333333,14.6,8844.75998398815,10875.7133388961,4.12144296120099,8.6,3.04467512924247,7,2,0.26054820768346,0.1741593130679
712,0.8,0,0.00190597204574333,0.000635324015247776,0,0,3771.29742464823,9283.36884693484,3691.80775865213,35.2499221512557,7689.2355484617,0.0893988704756013,0.139394624576334,37.2,72,0,0.031840033298038,0.0365053875601849,0.000143357696656162,0.204574332909784,0.123252858958069,0.01715374841169,0.36105476673428,108.6,13.2,5.65333333333333,14.6,7241.30318218718,4918.90988766849,5.03281712226892,11.6,1.31452804490911,2.4,2,0.031840033298038,0.212870224010616
713,0.8,0,0.00190597204574333,0.000635324015247776,0,0,3771.29742464823,9283.36884693484,3691.80775865213,35.2499221512557,7689.2355484617,0.0893988704756013,0.139394624576334,37.2,72,0,0.031840033298038,0.0365053875601849,0.000143357696656162,0.204574332909784,0.123252858958069,0.01715374841169,0.36105476673428,108.6,13.2,5.65333333333333,14.6,7241.30318218718,4918.90988766849,5.03281712226892,11.6,1.31452804490911,2.4,2,0.031840033298038,0.212870224010616
714,0.8,0,0.00190597204574333,0.000635324015247776,0,0,3771.29742464823,9283.36884693484,3691.80775865213,35.2499221512557,7689.2355484617,0.0893988704756013,0.139394624576334,37.2,72,0,0.031840033298038,0.0365053875601849,0.000143357696656162,0.204574332909784,0.123252858958069,0.01715374841169,0.36105476673428,108.6,13.2,5.65333333333333,14.6,7241.30318218718,4918.90988766849,5.03281712226892,11.6,1.31452804490911,2.4,2,0.031840033298038,0.212870224010616
715,2.8,0,0.00652985074626866,0,0,0,4271.67696764597,9101.30358062749,4444.85320431004,34.8489180400103,8112.54130084294,0.094457315258398,0.239038126822279,41.2,96.2,0,0.321727846138379,0.0309044729329326,0.00319015338274362,0.204291044776119,0.0946828358208955,0.0130597014925373,0.380024360535932,133.8,7.6,3.56666666666667,14.6,11681.6827473468,9559.82746234378,5.59656595158812,10.6,2.71734113773079,5,2,0.321727846138379,0.170135177068851
716,2.8,0,0.00652985074626866,0,0,0,4271.67696764597,9101.30358062749,4444.85320431004,34.8489180400103,8112.54130084294,0.094457315258398,0.239038126822279,41.2,96.2,0,0.321727846138379,0.0309044729329326,0.00319015338274362,0.204291044776119,0.0946828358208955,0.0130597014925373,0.380024360535932,133.8,7.6,3.56666666666667,14.6,11681.6827473468,9559.82746234378,5.59656595158812,10.6,2.71734113773079,5,2,0.321727846138379,0.170135177068851
717,2.8,0,0.00652985074626866,0,0,0,4271.67696764597,9101.30358062749,4444.85320431004,34.8489180400103,8112.54130084294,0.094457315258398,0.239038126822279,41.2,96.2,0,0.321727846138379,0.0309044729329326,0.00319015338274362,0.204291044776119,0.0946828358208955,0.0130597014925373,0.380024360535932,133.8,7.6,3.56666666666667,14.6,11681.6827473468,9559.82746234378,5.59656595158812,10.6,2.71734113773079,5,2,0.321727846138379,0.170135177068851
718,1.4,0.000476644423260248,0.00238322211630124,0.000476644423260248,0,0,3898.43854008099,9255.68257594602,4090.33813298119,34.7417155683546,7170.16832895697,0.0987886990556707,0.222830863424492,41.8,89.8,0,0.785391766966582,0.0390142438970914,0.17697511732035,0.193517635843661,0.0962821734985701,0.0119161105815062,0.362676056338028,126.6,8.6,4.37333333333333,13,10356.1212533168,11559.3331586457,5.88131227971176,11,2.58446216528353,5,2,0.785391766966582,0.235770873177437
719,1,0.000537056928034372,0.00214822771213749,0,0,0,3849.04350574152,9012.65252207905,4018.19582316023,35.3400036529752,8341.15511910451,0.0980045341498136,0.191140032736845,42.4,87.8,0,0.0711786842774681,0.053021629553423,0.000677736192551518,0.191729323308271,0.105263157894737,0.0171858216970999,0.349557522123894,117,13.4,6.22,16.6,7594.51871544645,5729.42541530217,5.21239940293613,11,1.12455341250744,2.2,2,0.0711786842774681,0.121071227661605
720,2.6,0.00147058823529412,0.00490196078431373,0,0,0,4030.11070635949,9773.45150868192,4012.97759882547,34.9304961696042,6082.97428862297,0.0939872052170343,0.257252252170695,42.6,98.8,0,0.385829920412224,0.0577868080585814,0.0130362178172457,0.213235294117647,0.0970588235294118,0.00931372549019608,0.175838926174497,130.4,12.2,5.81333333333333,14.2,7572.33234837864,9427.7550954667,3.89201652123928,8.4,1.84961684051907,3.6,2,0.385829920412224,0.155131213261302
721,1.6,0,0.00389483933787731,0,0,0,3409.11040580825,9177.68624301202,3605.13002326042,35.0955421113404,6214.87016710886,0.0970909826700359,0.212820090685683,44,101.2,0,0.259144436562489,0.0801694130383788,0.00636032151933517,0.269230769230769,0.0929892891918208,0.0107108081791626,0.208651399491094,153.2,12.2,6.12666666666667,15,7422.95180846572,9879.57475112315,4.983938838267,10,1.97573308192736,4.2,2,0.259144436562489,0.207935310059953
722,1.6,0,0.00389483933787731,0,0,0,3409.11040580825,9177.68624301202,3605.13002326042,35.0955421113404,6214.87016710886,0.0970909826700359,0.212820090685683,44,101.2,0,0.259144436562489,0.0801694130383788,0.00636032151933517,0.269230769230769,0.0929892891918208,0.0107108081791626,0.208651399491094,153.2,12.2,6.12666666666667,15,7422.95180846572,9879.57475112315,4.983938838267,10,1.97573308192736,4.2,2,0.259144436562489,0.207935310059953
723,1.6,0,0.00389483933787731,0,0,0,3409.11040580825,9177.68624301202,3605.13002326042,35.0955421113404,6214.87016710886,0.0970909826700359,0.212820090685683,44,101.2,0,0.259144436562489,0.0801694130383788,0.00636032151933517,0.269230769230769,0.0929892891918208,0.0107108081791626,0.208651399491094,153.2,12.2,6.12666666666667,15,7422.95180846572,9879.57475112315,4.983938838267,10,1.97573308192736,4.2,2,0.259144436562489,0.207935310059953
724,0.4,0,0.00109529025191676,0,0,0,3357.22291260701,8937.07669194385,3557.16280838754,35.2259112948333,5300.5225714535,0.0839849755048248,0.157126858326802,37.4,80.6,0,0.146738047577532,0.0276487580316291,0.00507253843371385,0.261226725082147,0.1013143483023,0.00821467688937568,0.231629392971246,135.4,13.6,6.64,13.2,5019.64530740777,6149.21625440264,3.30433937107103,8,0.986149256513749,2.4,2,0.146738047577532,0.176591246621013
725,2.4,0,0.00676056338028169,0,0,0,3045.31693061605,8590.05284134841,3381.33215358787,34.1200408355591,9915.36164503029,0.0881870425002263,0.149630677493344,40.2,83,0,0.0318710940605301,0.0296223047171842,0.000712458448203774,0.272676056338028,0.107042253521127,0.0197183098591549,0.186084142394822,141.8,8,3.54,12.4,6678.38638258873,5811.9665090825,3.10162668804654,7,1.68561722554189,3.33333333333333,2,0.0318710940605301,0.212660482056938
726,2.4,0,0.00676056338028169,0,0,0,3045.31693061605,8590.05284134841,3381.33215358787,34.1200408355591,9915.36164503029,0.0881870425002263,0.149630677493344,40.2,83,0,0.0318710940605301,0.0296223047171842,0.000712458448203774,0.272676056338028,0.107042253521127,0.0197183098591549,0.186084142394822,141.8,8,3.54,12.4,6678.38638258873,5811.9665090825,3.10162668804654,7,1.68561722554189,3.33333333333333,2,0.0318710940605301,0.212660482056938
727,4,0.000241312741312741,0.00458494208494209,0,0,0,5006.60560318483,11126.5838720954,4051.24189062168,31.4763696647917,9878.05068336456,0.1266728315004,0.671104442228171,72,222.4,0,3.85482640551339,0.105596405384293,0.102681706478298,0.213561776061776,0.0463320463320463,0.0118243243243243,0.154729109274564,225.2,9,4.06666666666667,18.4,18020.1743032074,14360.9147304392,7.40012798202871,12.8,6.08830613740791,11.2,1.6,3.85482640551339,0.117224114112588
728,5.8,0.000253549695740365,0.00633874239350913,0.000760649087221095,0,0,5101.47374142898,10660.4252769326,4505.19148389264,31.7609793940485,7446.46234357621,0.135203888353367,0.661025109898941,73.2,226,0,3.42392506806633,0.115851697717753,0.0869192587511531,0.216024340770791,0.0504563894523327,0.00938133874239351,0.146433632498819,217.6,13.4,5.42,17.6,16162.6886598067,17691.6102715051,7.25205162411607,12.6,7.70383037333467,14.8,1.6,3.42392506806633,0.114299541900732
729,2.8,0.000227014755959137,0.00295119182746879,0,0,0,5109.34052739022,10710.4219938294,3916.14652748833,31.5257657668595,8705.20743381843,0.138791825391165,0.70718806288657,77,230.4,0,6.4609569126987,0.120715139785761,0.149314590692098,0.204540295119183,0.0460839954597049,0.0111237230419977,0.148927392739274,230.6,11.2,6.28,19.8,10175.7283789268,10366.5084159609,7.07009214012885,12.6,6.9774625725374,14.6,1.8,6.4609569126987,0.127346099928212
730,5,0.000669792364367046,0.00468854655056932,0.000223264121455682,0,0,5251.6249077788,10963.8323048778,4119.04738836961,31.6406918893199,8210.52784955122,0.145232063480458,0.730197191215547,77.2,227.6,0,5.63640155302411,0.192141969500985,0.15843946949501,0.202500558160304,0.0437597678053137,0.0104934137084171,0.140967341876809,230,9.2,5.08,19.4,10464.0807933378,12213.2894851436,6.46755069265762,10.6,7.74911575624857,16.6,2,5.63640155302411,0.131563870980114
731,5.6,0.000682904620987935,0.00523560209424084,0.00045526974732529,0,0,5126.62068440604,10773.1073427786,4253.6519120664,31.5876973460535,7341.53094489748,0.146416306405909,0.70915658209438,78.4,226.4,0,5.00648935462712,0.180683223644675,0.163497956923774,0.197587070339176,0.0439335306168905,0.0100159344411564,0.136497270054599,221,9.6,5.24666666666667,18.8,9979.27595059435,12124.8971308427,6.38086254337884,10.2,8.45067750825461,18.8,2,5.00648935462712,0.132352821963882
732,6.4,0.000668449197860963,0.00601604278074866,0.000445632798573975,0,0,5072.99714646724,10739.4142780547,4012.3604758893,31.3364338383534,7696.20312467153,0.146294742423608,0.717175174331306,79.4,229.4,0,5.67673883484688,0.2353652297476,0.174347023779774,0.197638146167558,0.0421122994652406,0.00980392156862745,0.128403088175538,224,10,5.41333333333333,18.4,9979.27595059435,11593.142850218,6.61371460581218,10.6,7.68569564100858,15.6,2,5.67673883484688,0.134030328337708
733,6,0.000730638090599123,0.0063321967851924,0.000243546030199708,0,0,5140.62913083147,10651.3843401566,3965.85007656005,31.8180309329573,8525.43465301478,0.139614691100518,0.638751446840039,74.4,219.6,0,4.76244077175036,0.181448991879464,0.188391065730758,0.201169020944959,0.0460301997077448,0.011690209449586,0.147897535041083,212.6,8.8,4.48,18,10781.7474400332,11965.9172939742,4.94176743082994,8.2,7.47241412497548,15,2,4.76244077175036,0.12337292691635
734,5.2,0.000724462690171456,0.00410528857763825,0.00144892538034291,0,0,4768.51435949942,10729.9464886389,3710.12513052421,31.7334909577653,8898.89500524611,0.126264497356723,0.667941748657311,65.6,217,0,4.75422258839639,0.204111156284471,0.140981935973168,0.243177976334219,0.0461241246075827,0.0106254527891814,0.145933014354067,248.4,10.4,4.09333333333333,17.4,15327.8321965068,18487.0953191897,6.96998498579524,10.4,5.47513688364353,11.6,1.6,4.75422258839639,0.118169862284102
735,4,0.000486263068319961,0.00437636761487965,0,0,0,5437.61039758314,11327.0047280477,4339.76295402685,31.7302583082512,8468.15921207404,0.130896924528243,0.668721159704526,73.6,217.6,0,5.24532034822666,0.18483580020441,0.138398243494301,0.24896669097982,0.0466812545587163,0.0109409190371991,0.147478591817317,252.2,8.8,4.4,16.8,12560.4356417065,11900.3965278364,6.22611797847101,10,5.82675215524557,12.2,1.8,5.24532034822666,0.113878440045266
736,3.8,0.000469704086425552,0.00399248473461719,0,0,0,4704.87345170257,10672.7457915437,3663.80349476639,31.545142351836,7610.2969626884,0.119590672488376,0.661631350508435,65,213.8,0,4.10500977288213,0.217919583973842,0.135192607015056,0.251526538280883,0.0439173320807891,0.0108031939877877,0.160096153846154,260.8,9.8,4.74666666666667,18,13287.6583408288,13441.2481927105,6.73251087783929,11.2,7.19186048601069,16.8,1.8,4.10500977288213,0.117224555612674
737,7,0.000465549348230912,0.00721601489757914,0.000465549348230912,0,0,5038.1457232993,10988.1807852985,3885.22512041804,31.5015534714257,8892.15291705821,0.118744700093394,0.664784586286116,63.4,212.2,0,4.07413814239158,0.188549669124346,0.132307236729713,0.257448789571695,0.0437616387337058,0.0123370577281192,0.149602618045816,269.4,9,5.26,17.6,9536.23396446671,10350.7692588019,5.97945099485666,10.8,5.66767305091102,12,2,4.07413814239158,0.117958660230769
738,6.4,0.000230202578268877,0.00644567219152855,0.00069060773480663,0,0,5094.99219620901,10972.428662815,4222.14048374212,31.9148302159504,6841.63989532804,0.112772664836871,0.660981038137297,61.6,210.6,0,4.64789158094648,0.198634416484397,0.132721593590171,0.241022099447514,0.0439686924493554,0.00759668508287293,0.145935357492654,254.2,13.75,6.24,20.2,7778.12849618522,9635.65292987191,8.5953419988727,14.2,8.78373447982294,18.2,1.6,4.64789158094648,0.124257412148079
739,6.2,0.000462107208872458,0.00623844731977819,0.000231053604436229,0.000231053604436229,0,5766.6042867523,12093.7282988443,4250.13304835471,31.8702134493387,6568.58222927957,0.123677732734244,0.747907873208392,66.6,227,0,6.53071400869451,0.157859641260695,0.138093188182875,0.258548983364141,0.0436691312384473,0.00901109057301294,0.143115124153499,269.4,15.8,9.24,22.2,8141.52905588564,10614.2524718732,7.83535142979343,14.8,10.9687264818292,21.2,1.8,6.53071400869451,0.120711945703326
740,4,0.000484613520717228,0.00436152168645505,0,0,0,5464.42668998793,11410.7538775658,3956.93274097548,31.8528529831424,4685.81682557739,0.108357221318868,0.676018428233555,59.6,211.2,0,6.1236501099778,0.0873073380886167,0.131194900297132,0.251999030772959,0.0499151926338745,0.00484613520717228,0.154672897196262,253.2,15,7.26,19.6,12928.314179085,12011.3460212816,9.03710657217826,14.8,10.0375787006707,18.8,1.6,6.1236501099778,0.115399662708265
741,4.2,0.00023441162681669,0.00421940928270042,0.00046882325363338,0,0,5606.49209386751,11864.4827501413,4383.81918678648,31.4665541419156,5385.28535494618,0.119381622910314,0.655695161521387,65.4,207.4,0,6.11385593320981,0.134031337928817,0.138667833271415,0.257618377871542,0.0447726207219878,0.00679793717768401,0.150952380952381,263.8,14,7.84,18.8,8373.08088737213,11101.1509372592,7.62791775325714,12.4,9.68853230805139,19.2,2,6.11385593320981,0.117233099619119
742,4.2,0.00023441162681669,0.00421940928270042,0.00046882325363338,0,0,5606.49209386751,11864.4827501413,4383.81918678648,31.4665541419156,5385.28535494618,0.119381622910314,0.655695161521387,65.4,207.4,0,6.11385593320981,0.134031337928817,0.138667833271415,0.257618377871542,0.0447726207219878,0.00679793717768401,0.150952380952381,263.8,14,7.84,18.8,8373.08088737213,11101.1509372592,7.62791775325714,12.4,9.68853230805139,19.2,2,6.11385593320981,0.117233099619119
743,4,0.000974896417255667,0.00365586156470875,0.000243724104313917,0,0,5450.42014257575,11705.1699050756,4288.18786766282,31.3098321923511,5196.55201325801,0.12741679076199,0.709795976956829,66.2,218.2,0,4.27300592577188,0.248932775887683,0.131029050254783,0.258347550572752,0.0446015110894467,0.00511820619059225,0.137254901960784,252.8,15,8.05333333333333,20.4,9492.71162217127,11868.0408007435,9.24907089448969,14,8.06716751453108,18.4,1.8,4.27300592577188,0.113597530017053
744,4,0.000974896417255667,0.00365586156470875,0.000243724104313917,0,0,5450.42014257575,11705.1699050756,4288.18786766282,31.3098321923511,5196.55201325801,0.12741679076199,0.709795976956829,66.2,218.2,0,4.27300592577188,0.248932775887683,0.131029050254783,0.258347550572752,0.0446015110894467,0.00511820619059225,0.137254901960784,252.8,15,8.05333333333333,20.4,9492.71162217127,11868.0408007435,9.24907089448969,14,8.06716751453108,18.4,1.8,4.27300592577188,0.113597530017053
745,5.4,0.00144334856867934,0.0045706038008179,0.000481116189559779,0,0,5007.91008392617,11268.19804716,3878.99740417522,31.7029447524619,6104.49929530324,0.131106544551195,0.653045437731161,69.8,217.2,0,4.91136828656084,0.0743237746861097,0.13548801717712,0.269425066153476,0.0454654799133991,0.00721674284339668,0.133912248628885,267.8,14,7.90666666666667,19.4,8993.77276048465,10282.1221244611,8.99466473063178,14.2,7.96754278741832,17,2,4.91136828656084,0.113943181687164
746,5.2,0.000930665425779432,0.00418799441600745,0.000930665425779432,0,0,5463.02495486228,11672.5782383567,4106.38315927792,31.5398175377226,5207.13089144861,0.123847652616419,0.759082694381528,68,212.6,0,7.61468485696252,0.176848703009858,0.136973115674362,0.275942298743602,0.0444392740809679,0.00535132619823174,0.143653516295026,280,17,9.68,20.8,6315.52269374692,9117.17613368401,6.31327394206518,10.6,8.27210161957291,20.2,1.8,7.61468485696252,0.11421605593018
747,5.2,0.000930665425779432,0.00418799441600745,0.000930665425779432,0,0,5463.02495486228,11672.5782383567,4106.38315927792,31.5398175377226,5207.13089144861,0.123847652616419,0.759082694381528,68,212.6,0,7.61468485696252,0.176848703009858,0.136973115674362,0.275942298743602,0.0444392740809679,0.00535132619823174,0.143653516295026,280,17,9.68,20.8,6315.52269374692,9117.17613368401,6.31327394206518,10.6,8.27210161957291,20.2,1.8,7.61468485696252,0.11421605593018
748,5.2,0.000930665425779432,0.00418799441600745,0.000930665425779432,0,0,5463.02495486228,11672.5782383567,4106.38315927792,31.5398175377226,5207.13089144861,0.123847652616419,0.759082694381528,68,212.6,0,7.61468485696252,0.176848703009858,0.136973115674362,0.275942298743602,0.0444392740809679,0.00535132619823174,0.143653516295026,280,17,9.68,20.8,6315.52269374692,9117.17613368401,6.31327394206518,10.6,8.27210161957291,20.2,1.8,7.61468485696252,0.11421605593018
749,3.6,0.000986679822397632,0.00271336951159349,0.000740009866798224,0,0,5361.0529867303,11247.9229177038,3886.73082009728,31.7609337502528,5186.91446516686,0.114370379031943,0.731569868092406,64.2,212.8,0,6.85864109404662,0.132808497569267,0.12966324598695,0.28342377898372,0.0461272816970893,0.00542673902318698,0.154456369575362,271.6,18.2,10.1066666666667,20.4,6045.12992717487,8504.38151289965,6.61930375046875,11.4,7.65259707332071,17.2,1.6,6.85864109404662,0.110616582812943
750,3.6,0.000986679822397632,0.00271336951159349,0.000740009866798224,0,0,5361.0529867303,11247.9229177038,3886.73082009728,31.7609337502528,5186.91446516686,0.114370379031943,0.731569868092406,64.2,212.8,0,6.85864109404662,0.132808497569267,0.12966324598695,0.28342377898372,0.0461272816970893,0.00542673902318698,0.154456369575362,271.6,18.2,10.1066666666667,20.4,6045.12992717487,8504.38151289965,6.61930375046875,11.4,7.65259707332071,17.2,1.6,6.85864109404662,0.110616582812943
751,3.6,0.000986679822397632,0.00271336951159349,0.000740009866798224,0,0,5361.0529867303,11247.9229177038,3886.73082009728,31.7609337502528,5186.91446516686,0.114370379031943,0.731569868092406,64.2,212.8,0,6.85864109404662,0.132808497569267,0.12966324598695,0.28342377898372,0.0461272816970893,0.00542673902318698,0.154456369575362,271.6,18.2,10.1066666666667,20.4,6045.12992717487,8504.38151289965,6.61930375046875,11.4,7.65259707332071,17.2,1.6,6.85864109404662,0.110616582812943
752,4,0.000990589400693413,0.00297176820208024,0.000990589400693413,0,0,5310.3092335322,11176.5176379062,3846.28002133859,31.648559709236,5241.90513938426,0.118197633800687,0.746923780236822,65.6,212.6,0,6.8552377478328,0.133859948640441,0.128548686556938,0.281575037147103,0.046310054482417,0.00544824170381377,0.15953488372093,269.2,18.2,10.1066666666667,20.2,6045.12992717487,8504.38151289965,6.6039955703084,11.2,7.61253601974099,16.2,1.6,6.8552377478328,0.109788126500772
753,4.6,0.000492610837438424,0.00467980295566502,0.000492610837438424,0,0,5052.85933211304,10834.5092731351,4036.32341415049,31.8218772400971,5583.23108381947,0.119208439666488,0.668739804856631,57.8,206.2,0,4.79513109857455,0.142478175244528,0.141157747733716,0.292364532019704,0.045320197044335,0.00369458128078818,0.133301481127568,277.2,16.6,7.55333333333333,19.6,13307.8682798589,12443.2005223201,8.53438853010576,13.8,6.87105094135026,14,1.6,4.79513109857455,0.10891938937315
754,4.8,0.000703894885030502,0.00469263256687001,0.000234631628343501,0,0,5097.591770558,11306.7023153444,3301.8159298553,31.8261718938735,5828.86040146317,0.133783755978714,0.770040088058157,70.8,240.2,0,7.87923673264889,0.159927507847352,0.147303469410537,0.301736274049742,0.0429375879868606,0.00656968559361802,0.113327674023769,299.4,19.6,11.4266666666667,22,7850.21230434927,9244.79859280932,9.17878432853427,15.4,7.21531197588426,16.4,1.8,7.87923673264889,0.112751788934905
755,5.8,0.000233317778814746,0.00583294447036864,0.000466635557629491,0.000233317778814746,0,4402.17876144067,10057.8713959009,3500.25600124823,31.6894176713123,6506.17032254372,0.112437964607608,0.65403133686828,60,205.2,0,3.6037783197475,0.163981640220049,0.125042355291896,0.271115258982734,0.0447970135324312,0.00863275781614559,0.211711711711712,278.2,12.25,5.48666666666667,21,8841.17888456259,11316.725812257,9.90635230109204,15,9.69503584969098,20.4,1.4,3.6037783197475,0.117036187001122
756,5.4,0.000236127508854782,0.00566706021251476,0.000472255017709563,0,0,4323.21695722958,10416.6197952562,3229.89727703911,31.9931972041502,5890.25948013054,0.119939015276109,0.693303123111367,65.6,206,0,4.33861489158831,0.122052310385436,0.135361972135759,0.271074380165289,0.0472255017709563,0.00613931523022432,0.235266821345708,274.8,13.4,7.28666666666667,21,10976.6189872194,9041.35403280745,9.37381946589753,14.6,6.21929870638938,15,1.8,4.33861489158831,0.114768064667287
757,4.4,0,0.00521350546176763,0.000248262164846077,0,0,4378.28583373151,10326.8977349522,3432.73764972706,31.7807240232285,6900.0738440939,0.112522314661752,0.651897941969106,62.8,196.6,0,2.90097073503419,0.105944386036619,0.148154985941486,0.265143992055611,0.0464250248262165,0.00695134061569017,0.188972667295005,256.6,17.2,8.41333333333333,22.2,12284.5776051683,13440.2566136514,11.907580982137,19,6.36235540995784,14,1.6,2.90097073503419,0.112538327748673
758,2.6,0.000501630298470028,0.00200652119388011,0.000752445447705041,0,0,4160.19650749625,9655.05104350425,3491.03703413016,31.8301493084132,6210.23846214412,0.0912443154887675,0.466739780219987,49.4,150.8,0,1.56316912494784,0.0606867164998939,0.0937997629064281,0.350388763481314,0.0466516177577126,0.00752445447705041,0.14126213592233,322.6,13.6,6.42,19.6,12642.794270465,18220.7475700995,9.01655687601556,16.2,7.45675126695824,13.4,1.8,1.56316912494784,0.097458097821002
759,2.6,0.000501630298470028,0.00200652119388011,0.000752445447705041,0,0,4160.19650749625,9655.05104350425,3491.03703413016,31.8301493084132,6210.23846214412,0.0912443154887675,0.466739780219987,49.4,150.8,0,1.56316912494784,0.0606867164998939,0.0937997629064281,0.350388763481314,0.0466516177577126,0.00752445447705041,0.14126213592233,322.6,13.6,6.42,19.6,12642.794270465,18220.7475700995,9.01655687601556,16.2,7.45675126695824,13.4,1.8,1.56316912494784,0.097458097821002
760,2.8,0.000468274408803559,0.00257550924841957,0.000234137204401779,0,0,2983.7355982525,7167.36062508898,2062.51986931258,31.9117552847347,6495.16850768945,0.113760147248283,0.536984552598482,57.2,169.8,0,2.15362574656446,0.0797938691523943,0.0886190665124808,0.344884102083821,0.0627487707796769,0.00749239054085694,0.150522964984084,354.6,19.4,11.2533333333333,20.8,7316.2077539988,9717.89374779355,8.49206966666431,14.4,5.77682675137796,10.8,1.6,2.15362574656446,0.102278567108905
761,4.6,0.000808407437348424,0.00303152789005659,0.000808407437348424,0,0,4009.44204778371,10769.3809765675,2609.74026470225,31.538852807708,5367.93931766753,0.120034923180672,0.670102635106143,64,194.2,0,5.81716756345846,0.117461847611356,0.20652734511151,0.340137429264349,0.0531527890056589,0.00586095392077607,0.148904567396955,395,17.2,9.64,21,9628.54495632636,10283.9590047535,11.5538287710402,17.2,7.44729057011634,15,2,5.81716756345846,0.123213250587362
762,6.2,0.00157790927021696,0.00433925049309665,0.00019723865877712,0,0,4471.14540504031,9820.6858064767,2961.55225176477,31.6981550204947,5714.12037688931,0.123524725631949,0.707589414857072,64.8,206,0,5.31734114085972,0.103304227900678,0.226774996263862,0.314792899408284,0.0544378698224852,0.00433925049309665,0.0827886710239651,378.8,24.8,12.5933333333333,24,8920.85967298954,10617.4397568398,10.6150470886984,18.4,9.10518355637926,18.2,1.8,5.31734114085972,0.131029867417704
763,6.2,0.00157790927021696,0.00433925049309665,0.00019723865877712,0,0,4471.14540504031,9820.6858064767,2961.55225176477,31.6981550204947,5714.12037688931,0.123524725631949,0.707589414857072,64.8,206,0,5.31734114085972,0.103304227900678,0.226774996263862,0.314792899408284,0.0544378698224852,0.00433925049309665,0.0827886710239651,378.8,24.8,12.5933333333333,24,8920.85967298954,10617.4397568398,10.6150470886984,18.4,9.10518355637926,18.2,1.8,5.31734114085972,0.131029867417704
764,5.4,0.00100462125778581,0.00361663652802893,0.000803697006228652,0,0,5836.36224449121,12311.1683020719,3570.10714530193,31.6881491098421,5023.81079068484,0.125833887115367,0.691344882124007,61.8,182.4,0,8.2725542852338,0.150294592519411,0.224628725558075,0.32368896925859,0.0524412296564195,0.00401848503114326,0.0961960497439649,378.4,18,10.4666666666667,20.2,6648.11260994848,7606.46731582257,8.31006800658108,15,9.01394843830228,19,1.8,8.2725542852338,0.127153416807608
765,6.6,0.000603743207888911,0.00583618434292614,0.00020124773596297,0,0,5526.81396413396,11679.6244608015,3498.1005905378,32.0012199661554,6051.81246855923,0.139850331101942,0.732420519193217,66.6,192.2,0,7.61361837368248,0.107125759664782,0.22014332246151,0.30146910847253,0.0561481183336687,0.00563493660696317,0.108501118568233,361,17.4,8.20666666666667,20.2,14213.4488826349,8277.57628996086,12.3582158735249,17.4,7.65688430079719,16.8,1.2,7.61361837368248,0.131513452610285
766,4.4,0.000794596742153357,0.00357568533969011,0,0,0,5307.11910782566,11347.0623538266,3171.18972500398,31.8018853023164,6464.4880477191,0.135464098590901,0.721213267043245,61.6,200.2,0,8.35419840331475,0.12841136136324,0.228739047875412,0.309296781883194,0.05621771950735,0.00595947556615018,0.155949741315595,374,16.4,8.29333333333333,21,12989.2238651563,10715.7707893969,11.4359832737725,16.6,9.12177823086846,18.2,1.6,8.35419840331475,0.129681134699398
767,5,0.000392464678178964,0.0043171114599686,0.000196232339089482,0,0,6490.97434161308,15233.6366171097,2976.15794576181,31.7119121416324,5409.40029354203,0.141233333170847,0.816969892103877,64,207.8,0,16.3659256889813,0.222814538018038,0.24398523732726,0.307692307692308,0.0525902668759812,0.00588697017268446,0.103174603174603,373.2,107,53.0133333333333,27.8,5871.32564635863,5083.36422901751,15.8047777862773,28.6,18.0084303445277,37,2,16.3659256889813,0.132253643757756
768,4.8,0.000390091671542813,0.00390091671542813,0.000390091671542813,0,0,5812.73937370128,12471.685422195,2801.48500388896,31.8735126762076,6783.28840943172,0.0963396858511642,0.804502564052449,59,211,0,11.720835426517,0.216898624953912,0.213711671768771,0.30368636629608,0.0573434757167934,0.00682660425199922,0.0799857803057234,377.2,82,33.36,28.2,7834.08496361888,8914.61553070872,16.7308458709512,33.8,21.4463383355663,42.8,1.6,11.720835426517,0.136567545128822
769,4.2,0.000394244037058939,0.00354819633353046,0.00019712201852947,0,0,6137.77446364914,13503.9614568547,2908.90865984501,31.7315333177545,6430.18804806461,0.0910431073613916,0.81747514223056,56,211.6,0,13.1940626815192,0.212704466235929,0.205155179762956,0.297654247979499,0.0565740193179578,0.00788488074117879,0.0841799709724238,367.4,85.2,39.22,28.2,6470.41585777063,6725.34342346222,16.0376298600655,28.6,17.6703514125776,35.6,1.8,13.1940626815192,0.135087597774045
770,6.4,0.000602530628640289,0.0054227756577626,0.000401687085760193,0,0,6198.9090180573,13298.3268245452,2582.26659467549,31.6129439871326,6808.06810357917,0.0986663622831579,0.894645495682098,61,229.8,0,17.1179475829438,0.361332572102491,0.197906506513484,0.307692307692308,0.0548302872062663,0.00421771440048202,0.0601614086573734,365.2,78,35.98,27.6,7857.22606115744,5664.30333872588,21.1923178059772,39.4,9.87037699108858,24,1.6,17.1179475829438,0.128365892545985
771,5.6,0.00105130361648444,0.00483599663582843,0,0,0,6310.41955634225,14952.132221125,1902.60214242398,31.593557233529,8159.75823015525,0.113387819604495,0.892687968418744,65.8,224,0,23.5045144662735,0.300387921696849,0.199846865528042,0.290370058873003,0.0515138772077376,0.00378469301934399,0.0283486888731396,328.8,89,41.5,28,6042.2064738487,4418.76495333031,18.0662131863121,39.4,6.10744493881306,14.8,2,23.5045144662735,0.12620341920955
772,5.6,0.00105130361648444,0.00483599663582843,0,0,0,6310.41955634225,14952.132221125,1902.60214242398,31.593557233529,8159.75823015525,0.113387819604495,0.892687968418744,65.8,224,0,23.5045144662735,0.300387921696849,0.199846865528042,0.290370058873003,0.0515138772077376,0.00378469301934399,0.0283486888731396,328.8,89,41.5,28,6042.2064738487,4418.76495333031,18.0662131863121,39.4,6.10744493881306,14.8,2,23.5045144662735,0.12620341920955
773,6,0.0012591815320042,0.00503672612801679,0,0,0,6110.46210018706,14491.1304903554,1930.99701485565,31.6208102600817,6936.89343029484,0.116521179727057,0.892624641549076,66.4,222.2,0,21.3981119213392,0.31436293685379,0.200767215141683,0.293599160545645,0.0507869884575026,0.00335781741867786,0.031095406360424,331.4,89,33.2533333333333,27,5599.7049885328,4177.31645200027,18.7247589477315,37.2,8.72396321902171,18.8,1.6,21.3981119213392,0.126557804444678
774,6,0.00148085466469219,0.00444256399407658,0.000423101332769198,0,0,6263.41954272037,14692.4571423334,2264.7954376773,31.6397238441755,7945.51099026153,0.108728297114581,0.877411594907157,68.2,233.6,0,18.5585127945033,0.236943721782743,0.211708471138849,0.296805584937593,0.052253014596996,0.00275015866299979,0.0261168384879725,332.6,72,32.36,26,8104.76593219402,7200.56310672694,23.5157676648201,45,8.65595717320951,19.2,1.4,18.5585127945033,0.124070860233507
775,5.4,0.000425350914504466,0.00489153551680136,0.000425350914504466,0,0,5973.60190750268,14099.0446588037,2338.51289602,31.3959815367463,8027.76764793042,0.117340420038731,0.877878860047547,70.8,229.2,0,20.3629977435385,0.349148031060169,0.215483203012336,0.287537218205019,0.0514674606550404,0.00510421097405359,0.0405643738977072,323.6,88,33.4466666666667,26.8,7164.40611349244,5179.76651005833,21.1628762613159,38.2,9.13951665122935,19,1.4,20.3629977435385,0.126959290327919
776,5.4,0.000425350914504466,0.00489153551680136,0.000425350914504466,0,0,5973.60190750268,14099.0446588037,2338.51289602,31.3959815367463,8027.76764793042,0.117340420038731,0.877878860047547,70.8,229.2,0,20.3629977435385,0.349148031060169,0.215483203012336,0.287537218205019,0.0514674606550404,0.00510421097405359,0.0405643738977072,323.6,88,33.4466666666667,26.8,7164.40611349244,5179.76651005833,21.1628762613159,38.2,9.13951665122935,19,1.4,20.3629977435385,0.126959290327919
777,6.2,0.000633981403212172,0.00528317836010144,0.000211327134404057,0.000211327134404057,0.000211327134404057,6643.38404205354,16678.3914886384,2710.58583918915,31.6003473315537,7175.40530586974,0.110043940889933,0.890489441168275,67.4,219.8,0,21.6875416597831,0.251986890535295,0.214381169843534,0.296914623837701,0.0502958579881657,0.00612848689771767,0.0355366027007818,334.4,92,42.4066666666667,27.8,6094.39452935725,4152.66696027004,16.9843710381306,30.4,7.61922456552801,16,2,21.6875416597831,0.128106940976628
778,5,0.00063911376224968,0.00426075841499787,0,0.000213037920749893,0.000213037920749893,6696.05103118741,16971.0798855845,2720.37658916262,31.6635681460057,7206.15236504768,0.109872380423865,0.890738872596083,68.6,221,0,21.8000882074783,0.275931730876839,0.215300568406962,0.294631444397103,0.0509160630592245,0.00575202386024712,0.0346946151066137,329.8,89.6,42.06,27.2,6344.61786267829,4330.00433171327,17.2265838917019,31.2,7.10290334620958,15.6,2,21.8000882074783,0.127205312160514
779,2,0,0.0035033086804204,0.000389256520046711,0,0,3216.15654858603,9348.91829249769,1679.24981057939,32.1230627161432,5673.36453562927,0.0677308903169474,0.451926922384717,40,127.2,0,3.79027791526343,0.0991071107445578,0.119562578500095,0.363176333203581,0.0887504865706501,0.0124562086414947,0.0681284259984338,238.6,71.5,23.2,25.2,5587.77844610212,4640.35486012069,13.6984778352137,26.2,6.33926436143637,13.4,1.4,3.79027791526343,0.120085600674414
780,1.4,0,0.00274079874706343,0,0,0,3146.86131372254,8486.10286248862,2020.60211848946,24.9670423974536,3336.25619376528,0.0677427779436283,0.508481060754998,42.2,143.4,0,2.01340385589899,0.136221551663232,0.164167974059313,0.35512920908379,0.0892717306186374,0.00587314017227878,0.0470332850940666,230,58.5,23.1733333333333,24.6,4437.9319207453,1503.844627706,15.677202967096,28.4,4.60774270158768,11,1,2.01340385589899,0.150419134569565
781,0.6,0,0.00121065375302663,0,0,0,2982.83757566802,8540.51322052808,1679.97558805433,24.7178891784165,4581.28356123639,0.0684660504966535,0.500603322253335,40.8,139.4,0,3.44176163233907,0.0620154409252391,0.232685936801312,0.339790153349475,0.0903954802259887,0.00484261501210654,0.0570739549839228,215.6,67,18.9066666666667,26,7888.41369119794,7798.24963463935,17.1204119774775,32.8,6.79961534253434,16,1.2,3.44176163233907,0.150542010757613
782,1.4,0.000389863547758285,0.00233918128654971,0,0,0,2808.5067770128,7273.14683439814,1834.4657346467,24.9222845822657,4680.48501240259,0.0698573640690796,0.494889015175946,42.4,141.6,0,2.38464997702741,0.0888933304827225,0.117656032868247,0.37270955165692,0.0966861598440546,0.00857699805068226,0.0877598152424942,245.2,71,29.48,25.8,5243.05762454674,3919.79576446398,11.7711219233267,25.6,4.13255547886749,12.6,1.6,2.38464997702741,0.122949005741852
783,3,0.000732064421669107,0.00402635431918009,0.000366032210834553,0.000366032210834553,0,3475.06930149813,8681.37323189245,2017.65966515863,24.6925497954974,6285.62548707842,0.0739960785738781,0.554667578149459,43.4,158.4,0,4.59502712867044,0.142961068008527,0.111297707899519,0.355051244509517,0.0845534407027818,0.00768667642752562,0.0537000654878847,244.4,56.4,25.7533333333333,25.2,7075.49014052198,6180.77667990201,16.744335947354,36.8,5.08744928856818,12,1.2,4.59502712867044,0.127650210879149
784,1,0.000392772977219167,0.00157109190887667,0,0,0,3181.65957586489,7980.20968664741,1676.54017521437,24.7424509397435,4304.2067224303,0.0690981711770087,0.570211962978068,40,140.4,0,4.05354076777747,0.061391073725548,0.102037282770958,0.360565593087196,0.0946582875098193,0.00785545954438335,0.064367816091954,235.8,63.75,24.6,24,4098.2047150067,3962.6138323926,15.4994275308359,31.4,5.3281684107059,10.8,1.2,4.05354076777747,0.102081779465138
785,0.8,0.000392464678178964,0.00117739403453689,0,0,0,3209.77250482971,8042.63305997892,1692.74729400358,24.7061188993749,4274.59662815767,0.0688592246460839,0.570228203583589,40.4,140.8,0,4.09956874897945,0.0601348899735769,0.101182504628863,0.360675039246468,0.0949764521193093,0.00784929356357928,0.0681992337164751,236.2,63.75,24.6,24.2,4098.2047150067,3962.6138323926,15.4926940104548,30.8,5.36322696671012,10.8,1.2,4.09956874897945,0.102118056715439
786,1.6,0.000386996904024768,0.00232198142414861,0,0,0.000386996904024768,3377.61577745235,8351.43309040644,1704.77056383967,24.8661952923554,4624.69333637371,0.0683564582790982,0.579055296057617,40.6,144.4,0,4.66403510472469,0.0603121925172594,0.0979499652511191,0.36687306501548,0.093266253869969,0.00851393188854489,0.0739329268292683,242.2,67.8,32.4,26,4084.26742866802,3440.31791251169,12.0545357525565,28.4,2.86920894119988,8.4,1.6,4.66403510472469,0.101577654099245
787,2.8,0.000775795190069822,0.0034910783553142,0,0.000387897595034911,0.000775795190069822,2568.39693410187,6242.28353390644,1634.52970402103,24.3660420326389,6212.3818655583,0.0704032878247594,0.528527678932003,40.2,143,0,2.3603342509557,0.112984189450805,0.129990307405237,0.361520558572537,0.0942591155934833,0.00814584949573313,0.0749034749034749,239.2,59.2,24,26.2,8269.91338299098,6896.9145439865,16.0094385063321,35.2,5.08873762438275,13.6,1.2,2.3603342509557,0.124910768119695
788,4.2,0,0.00841346153846154,0,0,0,3796.16891604793,9414.55368254846,2076.80446178625,25.218217987542,4679.30294956923,0.0685480650184464,0.578122048676248,41,156.2,0,4.23210419503593,0.13697961034053,0.146487865765407,0.351762820512821,0.0861378205128205,0.00600961538461538,0.0504201680672269,221.6,63.6,28.8933333333333,26.8,6438.94715970687,2995.29752472911,15.1512993026214,30.8,2.59351836518659,8,1.4,4.23210419503593,0.133127694674878
789,3.8,0,0.00666666666666667,0.000392156862745098,0.000392156862745098,0,2714.37672928451,7327.47022344177,2002.65236150204,25.0273821038903,4631.84347770112,0.0625814962175347,0.443439194988565,38.8,125.8,0,1.61508622854256,0.0836461968951016,0.119611976766295,0.366666666666667,0.0933333333333333,0.0105882352941176,0.0785219399538106,240,61.5,25.34,26.4,4413.40718835673,2672.77114727603,13.5082798483965,25.8,4.42106763280011,12.8,1,1.61508622854256,0.130656927898181
790,3.8,0.000822706705059646,0.0053475935828877,0.00164541341011929,0,0,2743.52710765051,7206.1893369337,1826.48798424377,25.1434104970523,3779.40810116724,0.0636576239684193,0.475568221071483,37.4,137.8,0,1.98208397083391,0.0608611154699342,0.0876192491713785,0.364870423693953,0.0983134512546277,0.00987248046071575,0.0566929133858268,230,81,42.2,26.6,356.666144006833,81.9181344471805,0.840180771535489,5.6,0.1460732497081,1.6,5.6,1.98208397083391,0.102686768034302
791,3.8,0.000822706705059646,0.0053475935828877,0.00164541341011929,0,0,2743.52710765051,7206.1893369337,1826.48798424377,25.1434104970523,3779.40810116724,0.0636576239684193,0.475568221071483,37.4,137.8,0,1.98208397083391,0.0608611154699342,0.0876192491713785,0.364870423693953,0.0983134512546277,0.00987248046071575,0.0566929133858268,230,81,42.2,26.6,356.666144006833,81.9181344471805,0.840180771535489,5.6,0.1460732497081,1.6,5.6,1.98208397083391,0.102686768034302
792,4,0.000355492356914326,0.00568787771062922,0.00106647707074298,0,0,4656.25110953248,11426.6395510897,2462.27745927178,25.0500407065969,4972.19505281524,0.0760308445611762,0.640419067839182,45,167,0,6.12520292273932,0.118833107601116,0.264605288447058,0.369356558833985,0.0835407038748667,0.00817632420902951,0.0422805893657912,259.4,101.4,52.3866666666667,27.4,797.562534911931,288.127309869548,2.33858092467647,12.2,0.551233313278453,3.4,4.4,6.12520292273932,0.138020690899444
793,0.8,0,0.000521376433785193,0.00104275286757039,0.000521376433785193,0,633.817624294606,1400.27734877794,748.636873009813,25.5422784003703,4066.60003437172,0.0837938391818516,0.223122686309637,45.2,86.8,0,0.311994417791137,0.0713246871581176,4.62167307671831e-05,0.37851929092805,0.0662148070907195,0.0104275286757039,0.0743073047858942,174.6,39.4,19.8666666666667,20.8,2152.13611884477,1413.49562604892,2.82326895323505,11.2,0.894097039347831,3.4,2.6,0.311994417791137,0.198340150312988
794,0.4,0,0.000457247370827618,0.000457247370827618,0,0,1234.30496548883,4054.32818780131,900.487627555035,25.6294276238723,4710.25983173301,0.0842302772745774,0.353725707156425,47.6,102.6,0,1.00264843499931,0.0250919694058465,0.00798063331845711,0.354366712391404,0.068129858253315,0.00914494741655236,0.147702407002188,188.8,37,17.5333333333333,23.2,4043.89761373361,4633.27704438389,5.48979963504699,14.2,3.59371820292304,8,3.2,1.00264843499931,0.166375516479407
795,0.4,0,0.000457247370827618,0.000457247370827618,0,0,1234.30496548883,4054.32818780131,900.487627555035,25.6294276238723,4710.25983173301,0.0842302772745774,0.353725707156425,47.6,102.6,0,1.00264843499931,0.0250919694058465,0.00798063331845711,0.354366712391404,0.068129858253315,0.00914494741655236,0.147702407002188,188.8,37,17.5333333333333,23.2,4043.89761373361,4633.27704438389,5.48979963504699,14.2,3.59371820292304,8,3.2,1.00264843499931,0.166375516479407
796,0.4,0,0.000457247370827618,0.000457247370827618,0,0,1234.30496548883,4054.32818780131,900.487627555035,25.6294276238723,4710.25983173301,0.0842302772745774,0.353725707156425,47.6,102.6,0,1.00264843499931,0.0250919694058465,0.00798063331845711,0.354366712391404,0.068129858253315,0.00914494741655236,0.147702407002188,188.8,37,17.5333333333333,23.2,4043.89761373361,4633.27704438389,5.48979963504699,14.2,3.59371820292304,8,3.2,1.00264843499931,0.166375516479407
797,0.6,0,0,0.0010515247108307,0.000525762355415352,0,484.608245392724,1444.64950184003,426.626333054892,24.9607222900438,4424.0281648468,0.0897840694316929,0.292964586648664,50.6,98.8,0,0.407596925746251,0.0576360290551494,0.000203559522124087,0.351209253417455,0.0562565720294427,0.00998948475289169,0.0995907230559345,158.8,37.8,20.1333333333333,23.2,3016.85474342515,3231.08127168605,3.67715566829302,11,2.57582092149706,6.6,2.8,0.407596925746251,0.127833301027549
798,0.2,0,0,0,0.000512295081967213,0,515.999525105355,1610.15212929172,383.07479995086,24.7468360029882,4552.44080753609,0.0900297125121355,0.313855536766877,51.4,106.8,0,0.648203275441896,0.058062518305861,0.00021910794923987,0.345286885245902,0.052766393442623,0.00870901639344262,0.0820512820512821,158.8,39.8,21.0133333333333,24.2,2901.71407276353,2993.71034063548,4.34422310411591,13,2.21329900088948,6,2.6,0.648203275441896,0.15430136319341
799,0.6,0.000544662309368192,0,0.00108932461873638,0,0,331.389428262211,1025.15658355027,374.685119407066,24.8271530591644,3645.23720088819,0.0807650736350464,0.250900335468166,46,88.8,0,0.162503684652233,0.0448574979297284,0.00012139078939119,0.354030501089325,0.0615468409586057,0.00544662309368192,0.13166144200627,154.6,34.6,16.88,22.2,6119.61934459622,7490.78126814915,6.11308555285283,14.2,3.54663123408451,7.4,2.2,0.162503684652233,0.12876862505832
800,1.2,0.000853606487409304,0.000426803243704652,0.000426803243704652,0.000853606487409304,0,1389.66833088385,6251.83542556777,428.993764393277,24.9066721630013,3924.32736338031,0.101125006208706,0.370913947528157,58.4,127,0,2.95365816575231,0.0596493455435878,0.00932956057220301,0.357234314980794,0.0495091762697396,0.00469483568075117,0.0926829268292683,192.8,81,37.6733333333333,27.4,3466.06382348959,2337.82175452432,6.9547636030725,17.2,3.07045778335667,13.4,3,2.95365816575231,0.0946556556911577
801,1.2,0.000853606487409304,0.000426803243704652,0.000426803243704652,0.000853606487409304,0,1389.66833088385,6251.83542556777,428.993764393277,24.9066721630013,3924.32736338031,0.101125006208706,0.370913947528157,58.4,127,0,2.95365816575231,0.0596493455435878,0.00932956057220301,0.357234314980794,0.0495091762697396,0.00469483568075117,0.0926829268292683,192.8,81,37.6733333333333,27.4,3466.06382348959,2337.82175452432,6.9547636030725,17.2,3.07045778335667,13.4,3,2.95365816575231,0.0946556556911577
802,0.6,0,0.000466853408029879,0.000933706816059757,0,0,606.265077050549,1660.50345780846,432.345208921761,25.115046622324,2849.20096047991,0.0895868787361834,0.343115692692978,51.4,116.8,0,0.561102819712594,0.0687569236447046,0.000480318152937135,0.301587301587302,0.0658263305322129,0.00466853408029879,0.203174603174603,159.4,92.8,38.3933333333333,27.2,4477.27763851097,3567.62044659325,8.58107757129457,24.2,7.25569879838255,26.6,2.2,0.561102819712594,0.167616699598078
803,0.2,0,0.000589970501474926,0,0,0,370.093831013111,1035.10917239575,367.089841960735,24.9041112114859,2496.32936597962,0.0782958242085962,0.246471452084406,45.2,92,0,0.265020455756146,0.0479698254258732,0.000224625044993561,0.335103244837758,0.0731563421828909,0.00707964601769911,0.175510204081633,140.8,73.4,39.54,27,1399.93054718877,1502.18472258964,2.27918131247679,13.4,1.97954430800789,12.2,3.4,0.265020455756146,0.154307660792599
804,1,0,0.00107700592353258,0.00107700592353258,0.00053850296176629,0,781.418655608563,1996.86042148962,798.607457701343,24.9968718924233,2366.83054045702,0.0806414194565828,0.277204471300112,46.2,97.4,0,0.272054655964723,0.043879641266524,0.000300529085013665,0.323101777059774,0.0770059235325794,0.00592353257942919,0.197247706422018,150.8,81.2,44.48,26.4,1382.68211240454,745.450580381066,2.4269862643297,16.6,1.12837658049361,11.2,3.4,0.272054655964723,0.119991285056378
805,0.4,0.0005941770647653,0,0.0005941770647653,0,0,904.117641456104,1688.99771477909,708.444780443857,24.8795378190204,3401.98206108098,0.0769552505389058,0.235994677753176,44.6,84.2,0,0.14268865391905,0.0454022467523763,8.13820675915456e-05,0.325014854426619,0.0808080808080808,0.0035650623885918,0.227513227513228,137.8,79.75,15.1533333333333,24.8,13534.5969946741,11126.089456868,18.1113730152719,27.4,18.85187722066,39,1,0.14268865391905,0.16471340731586
806,1.2,0,0.00104220948410631,0.00104220948410631,0.000521104742053153,0.000521104742053153,1079.14160362492,3640.95804336916,1071.84409617549,25.3265663761667,2715.67998663863,0.078533000472191,0.240040730604565,44.2,90.6,0,0.180837479861292,0.0820870702219981,0.000545056566456296,0.256904637832204,0.0974465867639396,0.00937988535695675,0.356958762886598,139.6,83.6,33.62,28,5776.46283128964,6277.4564617654,8.37154147518233,17.6,14.3397991036884,37.2,1.4,0.180837479861292,0.155943076018415
807,0.4,0.000619578686493185,0.000619578686493185,0,0,0,893.479535999146,2876.88651028543,956.937204205697,25.5080918022902,2377.76355636797,0.0656734349442157,0.155594186088688,36.2,67.6,0,0.0384826681728147,0.05010271180394,0.000272909856664286,0.299256505576208,0.103469640644362,0.00743494423791822,0.28928046989721,132.4,73.8,26.18,26.6,4889.56239041114,8462.57628874139,4.37182103007639,12.2,15.6297210369289,36.4,1.8,0.0384826681728147,0.0598345660384735
808,1,0,0.00150602409638554,0.00100401606425703,0,0,1451.2320777789,5598.78126074141,1256.06692523791,24.9827503006371,3043.17290927038,0.0713960003503353,0.214395743608377,43.4,99.6,0,0.396469949909494,0.0439905853819018,0.00073122065857448,0.279618473895582,0.0883534136546185,0.00853413654618474,0.225321888412017,150,84.8,29.4133333333333,27.2,5965.91941119553,9077.61185736754,7.37994306402778,16.8,19.426083858925,42.4,1.4,0.396469949909494,0.195008932177809
809,0.4,0,0,0.000596658711217184,0,0.000596658711217184,1074.70454302006,4369.90458838692,1171.82456906422,25.04727279455,2339.47098369017,0.0613548379090729,0.15692994080115,36.2,80,0,0.0605029467920867,0.0411548252467439,0.000182158816191008,0.318615751789976,0.10381861575179,0.00835322195704057,0.259259259259259,144.4,77.4,27.1533333333333,26.4,6725.18657516523,7153.44541687097,7.16785917555331,18,13.3497929460778,33.8,1.8,0.0605029467920867,0.127603988437496
810,0.2,0,0.000535045478865704,0,0,0,775.613608876498,2239.50750313867,692.551563505788,25.3646260497567,2017.27591939569,0.0675454040952348,0.160531417717976,44,84,0,0.276320824312201,0.0272037464582972,0.00108202501028772,0.311931514178705,0.086677367576244,0.00695559122525415,0.20173535791757,151.6,76,31.6933333333333,26.8,3575.95758914862,5083.39882204289,4.29987828914241,14,9.25897643620625,29.6,2,0.276320824312201,0.165860309218657
811,0.2,0,0.000535045478865704,0,0,0,775.613608876498,2239.50750313867,692.551563505788,25.3646260497567,2017.27591939569,0.0675454040952348,0.160531417717976,44,84,0,0.276320824312201,0.0272037464582972,0.00108202501028772,0.311931514178705,0.086677367576244,0.00695559122525415,0.20173535791757,151.6,76,31.6933333333333,26.8,3575.95758914862,5083.39882204289,4.29987828914241,14,9.25897643620625,29.6,2,0.276320824312201,0.165860309218657
812,0.4,0,0.000630914826498423,0,0,0.000630914826498423,984.536720472109,3286.51821577593,952.61374951678,25.3057297847127,2007.3965212065,0.0584195145728124,0.125691830559886,37.8,66.4,0,0.0142770581922024,0.0166272392382975,5.83092675550612e-05,0.331230283911672,0.0984227129337539,0.0082018927444795,0.264566929133858,138.8,69.5,24.32,26.4,3875.13739870654,4397.95888589641,5.25180045390444,13.8,13.8210671749193,31.8,1.4,0.0142770581922024,0.195450623450938
813,0.4,0,0.000630914826498423,0,0,0.000630914826498423,984.536720472109,3286.51821577593,952.61374951678,25.3057297847127,2007.3965212065,0.0584195145728124,0.125691830559886,37.8,66.4,0,0.0142770581922024,0.0166272392382975,5.83092675550612e-05,0.331230283911672,0.0984227129337539,0.0082018927444795,0.264566929133858,138.8,69.5,24.32,26.4,3875.13739870654,4397.95888589641,5.25180045390444,13.8,13.8210671749193,31.8,1.4,0.0142770581922024,0.195450623450938
814,1.6,0,0.00373831775700935,0,0,0,4748.06447783326,15163.9994620565,2509.1171289807,25.5067012088986,3933.54558632301,0.0813658694536131,0.377501036397789,50.2,120.2,0,6.63153106664408,0.117334849589418,0.333206079783866,0.33411214953271,0.0775700934579439,0.00747663551401869,0.178785286569718,179.4,84,26.5266666666667,27.8,4320.79273603493,7316.41389153338,6.35818975335841,14,17.6940262601416,40,1.6,6.63153106664408,0.111521046489624
815,0,0,0,0,0,0,1223.00281051532,4057.79085850823,957.387849479312,25.658378605652,2461.9139081996,0.0667350882195327,0.246765546829729,41.6,99,0,0.1847527072981,0.05784922840463,0.000255001402229065,0.321049692908989,0.0971524288107203,0.00390843104410944,0.272271016311167,151.2,79,15.22,27.4,8402.62199201267,12795.2689058632,9.51960965410435,16.4,28.6427338607202,58.2,1.2,0.1847527072981,0.202779197654292
816,0,0,0,0,0,0,1223.00281051532,4057.79085850823,957.387849479312,25.658378605652,2461.9139081996,0.0667350882195327,0.246765546829729,41.6,99,0,0.1847527072981,0.05784922840463,0.000255001402229065,0.321049692908989,0.0971524288107203,0.00390843104410944,0.272271016311167,151.2,79,15.22,27.4,8402.62199201267,12795.2689058632,9.51960965410435,16.4,28.6427338607202,58.2,1.2,0.1847527072981,0.202779197654292
817,0.8,0.00112359550561798,0.000561797752808989,0,0.000561797752808989,0,1174.53256234228,4352.09856298767,988.747032799651,25.0800817578857,2827.50931310259,0.0641056987590979,0.255998855297855,41.6,99.2,0,0.135285222203909,0.0562784860805037,0.000141249608365065,0.326966292134831,0.097752808988764,0.00617977528089888,0.265888456549935,153.4,78.2,21.6866666666667,27.8,7651.91286535553,11698.7768417307,8.076399643816,16.2,22.2245075812264,48,1.4,0.135285222203909,0.195464325270184
818,0.8,0,0.00117164616285882,0,0.000585823081429408,0.000585823081429408,433.009922254721,1137.87279372225,249.015802430028,25.3903917949215,2767.921279587,0.0622020080279743,0.192597628992672,41.2,84,0,0.0914757278956727,0.0317387728654371,0.00106763728096718,0.298183948447569,0.0878734622144113,0.00820152314001172,0.370015948963317,134.6,75.25,18.7133333333333,26.8,6279.61984569232,9035.61520091914,7.25589790937426,14.2,21.1191061754499,48.2,1,0.0914757278956727,0.202477013675663
819,0.8,0,0.00117164616285882,0,0.000585823081429408,0.000585823081429408,433.009922254721,1137.87279372225,249.015802430028,25.3903917949215,2767.921279587,0.0622020080279743,0.192597628992672,41.2,84,0,0.0914757278956727,0.0317387728654371,0.00106763728096718,0.298183948447569,0.0878734622144113,0.00820152314001172,0.370015948963317,134.6,75.25,18.7133333333333,26.8,6279.61984569232,9035.61520091914,7.25589790937426,14.2,21.1191061754499,48.2,1,0.0914757278956727,0.202477013675663
820,0.8,0,0.00117164616285882,0,0.000585823081429408,0.000585823081429408,433.009922254721,1137.87279372225,249.015802430028,25.3903917949215,2767.921279587,0.0622020080279743,0.192597628992672,41.2,84,0,0.0914757278956727,0.0317387728654371,0.00106763728096718,0.298183948447569,0.0878734622144113,0.00820152314001172,0.370015948963317,134.6,75.25,18.7133333333333,26.8,6279.61984569232,9035.61520091914,7.25589790937426,14.2,21.1191061754499,48.2,1,0.0914757278956727,0.202477013675663
821,0.8,0,0.00117164616285882,0,0.000585823081429408,0.000585823081429408,433.009922254721,1137.87279372225,249.015802430028,25.3903917949215,2767.921279587,0.0622020080279743,0.192597628992672,41.2,84,0,0.0914757278956727,0.0317387728654371,0.00106763728096718,0.298183948447569,0.0878734622144113,0.00820152314001172,0.370015948963317,134.6,75.25,18.7133333333333,26.8,6279.61984569232,9035.61520091914,7.25589790937426,14.2,21.1191061754499,48.2,1,0.0914757278956727,0.202477013675663
822,2.6,0.000422297297297297,0.00337837837837838,0.00126689189189189,0,0.000422297297297297,2178.72954594468,7122.97133531795,1164.85710648213,24.7274268611902,3752.20421996139,0.0938427191924169,0.383393149358476,62.2,135.8,0,1.63106084962759,0.145701296244743,0.0677418823573514,0.319679054054054,0.0713682432432432,0.00380067567567568,0.159491884262526,187,73.25,15.16,28.2,11368.7604621961,15269.1912287585,11.8685388566606,19.6,27.2554760624504,54.4,1,1.63106084962759,0.125290478578616
823,1.8,0.000925497454881999,0.001850994909764,0.001388246182323,0,0,1422.71363393411,5669.34839058923,1258.35266938483,24.9041636541505,2963.88203445129,0.0779771901037637,0.234279927940578,50.8,108.4,0,0.0654010784686465,0.108942754579289,0.000767347363607938,0.332716335030079,0.0791300323924109,0.010643220731143,0.275147928994083,182.6,93,33.9066666666667,28,5287.15776961345,7160.3662459764,6.50369271185392,15.6,16.0823608821741,39.8,1.8,0.0654010784686465,0.149695204865946
824,2,0.000894854586129754,0.00268456375838926,0.000894854586129754,0,0,1229.36060000009,4410.90553105002,988.187657064174,25.324565245236,3663.6082781444,0.0783394010974823,0.286189926583489,52,119,0,0.333963008416611,0.103978386341814,0.00173276530185497,0.302013422818792,0.0774049217002237,0.0129753914988814,0.264844486333647,175.4,88,28.4866666666667,27.8,7196.36227824589,9803.92219540314,8.63412147001447,18,21.8425414150264,44.8,1.6,0.333963008416611,0.151205179921775
825,1.6,0.000868055555555556,0.00217013888888889,0,0,0.000434027777777778,1342.40502625486,5099.81999659054,1214.63499677638,24.8599139596776,3556.3577728848,0.082025258393165,0.286541954082087,53.8,126,0,0.307472985159718,0.07307700801867,0.000562323278828377,0.328125,0.0802951388888889,0.0112847222222222,0.403659849300323,193.4,86.2,22.8066666666667,27.6,10396.6809976743,11994.4541319153,10.5231356114758,19.4,32.0615500575919,65.6,1.4,0.307472985159718,0.254825511755844
826,2.6,0.000757862826828344,0.00378931413414172,0,0,0.000378931413414172,1925.62912401111,6482.31027802747,1529.03279722357,25.2380412946891,4621.87656402782,0.0843148130823809,0.370975687565637,52.4,139.8,0,0.511346048636194,0.206994001553396,0.00286851298972185,0.309586964759379,0.0701023114816218,0.0125047366426677,0.342318059299191,207,94.4,28.0933333333333,28,8190.77306615664,11880.3174996304,9.95584077069774,17.8,32.5743698387682,61.4,1.6,0.511346048636194,0.142121963495952
827,1.4,0.00116640746500778,0.000777604976671851,0,0.000388802488335925,0.000388802488335925,1094.61023085385,3057.15745414998,807.742536481068,25.5137837862969,3285.95406602822,0.0853114231357385,0.359723932256792,55.6,137.2,0,0.374349967911377,0.124941696350112,0.00327394302320968,0.335925349922239,0.0715396578538103,0.00972006220839813,0.327144120247569,214.6,92.75,28.0533333333333,27.8,4508.14437976469,9148.70402997,8.97900249199664,16.2,32.2600875410802,62.8,1.2,0.374349967911377,0.196033642312462
828,1.4,0.00116640746500778,0.000777604976671851,0,0.000388802488335925,0.000388802488335925,1094.61023085385,3057.15745414998,807.742536481068,25.5137837862969,3285.95406602822,0.0853114231357385,0.359723932256792,55.6,137.2,0,0.374349967911377,0.124941696350112,0.00327394302320968,0.335925349922239,0.0715396578538103,0.00972006220839813,0.327144120247569,214.6,92.75,28.0533333333333,27.8,4508.14437976469,9148.70402997,8.97900249199664,16.2,32.2600875410802,62.8,1.2,0.374349967911377,0.196033642312462
829,1.4,0.00116640746500778,0.000777604976671851,0,0.000388802488335925,0.000388802488335925,1094.61023085385,3057.15745414998,807.742536481068,25.5137837862969,3285.95406602822,0.0853114231357385,0.359723932256792,55.6,137.2,0,0.374349967911377,0.124941696350112,0.00327394302320968,0.335925349922239,0.0715396578538103,0.00972006220839813,0.327144120247569,214.6,92.75,28.0533333333333,27.8,4508.14437976469,9148.70402997,8.97900249199664,16.2,32.2600875410802,62.8,1.2,0.374349967911377,0.196033642312462
830,1.4,0.00116640746500778,0.000777604976671851,0,0.000388802488335925,0.000388802488335925,1094.61023085385,3057.15745414998,807.742536481068,25.5137837862969,3285.95406602822,0.0853114231357385,0.359723932256792,55.6,137.2,0,0.374349967911377,0.124941696350112,0.00327394302320968,0.335925349922239,0.0715396578538103,0.00972006220839813,0.327144120247569,214.6,92.75,28.0533333333333,27.8,4508.14437976469,9148.70402997,8.97900249199664,16.2,32.2600875410802,62.8,1.2,0.374349967911377,0.196033642312462
831,1.4,0.00116640746500778,0.000777604976671851,0,0.000388802488335925,0.000388802488335925,1094.61023085385,3057.15745414998,807.742536481068,25.5137837862969,3285.95406602822,0.0853114231357385,0.359723932256792,55.6,137.2,0,0.374349967911377,0.124941696350112,0.00327394302320968,0.335925349922239,0.0715396578538103,0.00972006220839813,0.327144120247569,214.6,92.75,28.0533333333333,27.8,4508.14437976469,9148.70402997,8.97900249199664,16.2,32.2600875410802,62.8,1.2,0.374349967911377,0.196033642312462
832,1.6,0.000714030703320243,0.000714030703320243,0.00107104605498036,0,0.000357015351660121,3256.02388482167,10712.0816841929,1815.17944784759,24.8476702198612,3935.13966489727,0.0832567796532247,0.402421399028303,53.8,137,0,3.37099759329134,0.0842215138595284,0.0876539243079797,0.339521599428775,0.0667618707604427,0.00821135308818279,0.327117327117327,232.2,75.8,15.2333333333333,28,14153.8198756237,17126.0388316585,9.9043452761005,17.4,43.1942366513783,88.2,1.2,3.37099759329134,0.193907717252935
833,0.8,0,0.00076219512195122,0.00038109756097561,0,0.00038109756097561,1041.89371747078,2460.94922751835,604.595861985013,24.7174397390018,2732.720095387,0.0758187975436048,0.237234696807164,49.4,116.6,0,0.219092433734571,0.0945262762052745,0.000536287619998924,0.331173780487805,0.0663109756097561,0.00990853658536585,0.493827160493827,213.8,91.4,28.7733333333333,28.6,5880.86364863003,10108.7863838484,6.67790121462384,15.6,31.0305461806145,67.6,1.8,0.219092433734571,0.143474052924071
834,1,0.000410677618069815,0.00164271047227926,0,0,0,1685.90106578328,5839.97236095576,1485.47489318231,24.8777236502787,3063.36055739665,0.0710274112638434,0.297817139686583,45.4,123.2,0,0.23290504355249,0.0745580372217826,0.000690131777420115,0.324024640657084,0.0574948665297741,0.0119096509240246,0.382642998027613,191.6,91,20.6533333333333,27.8,7392.79178593579,10940.1639202283,9.81960809878886,15.6,35.5135349435813,65.2,1.2,0.23290504355249,0.141701430208657
835,2,0.000391389432485323,0.00313111545988258,0,0,0.000391389432485323,5279.69923238022,11356.480131174,4945.88180186726,24.871836980322,3053.21615512023,0.0594452445905989,0.333853070832495,35.6,123.8,0,0.540589298239235,0.0811061481173812,0.000911833143985449,0.311545988258317,0.0661448140900196,0.0101761252446184,0.285577841451767,198.2,88.2,28.5133333333333,27.8,6446.4950393094,8202.33835653127,7.34549522116355,16.8,20.9436110112406,49.6,1.6,0.540589298239235,0.139710653321948
836,1.6,0.00112697220135237,0.00187828700225394,0,0,0,5356.30561336442,11989.2349136984,4819.20656021777,31.7183954003755,3685.09798960801,0.0673020985910971,0.405874626488839,39.4,145.6,0,1.84889371835578,0.11606713663853,0.00158503680200348,0.330954169797145,0.0649887302779865,0.00901577761081893,0.241034195162636,215.6,98,22.4066666666667,28,7730.2183119584,9342.12790619812,11.8803750220487,20,26.626423274746,62.2,1.2,1.84889371835578,0.221300515850154
837,3.6,0.00229709035222052,0.00459418070444104,0,0,0,5122.27542356331,11947.2960077848,4359.31957437092,31.9306315702706,3794.02043872226,0.0673846973679072,0.479711479579396,39.2,156.6,0,2.0410277085992,0.117144869594026,0.00403258663240456,0.346860643185299,0.0669984686064319,0.00995405819295559,0.191489361702128,221.4,97.8,35.2333333333333,28,5067.66459447099,6107.63552691126,8.8868879545394,18.8,16.0233563068936,39.6,1.6,2.0410277085992,0.224708799357706
838,3.4,0.00037593984962406,0.00526315789473684,0.00037593984962406,0,0.00037593984962406,5133.4047879976,11295.3117871443,4970.70357382697,31.3132167818437,3999.44126751825,0.07015126228681,0.373223357446056,40.8,142,0,0.705480802777986,0.112752824347941,0.00175135614344241,0.316917293233083,0.0676691729323308,0.0139097744360902,0.25512715340443,212,79.8,20.8333333333333,28.4,9095.2143651196,12796.8761451564,7.7153027338758,15,31.1063768012219,63.8,1.4,0.705480802777986,0.178092805220746
839,3,0.000702000702000702,0.00456300456300456,0,0,0,5498.71594571929,12492.7341064544,4157.18227430193,31.4097259797255,3397.91348915323,0.0717938864039755,0.402417142647731,45.2,148.8,0,3.41074919039383,0.0941967465908823,0.28193939874266,0.321165321165321,0.0631800631800632,0.0126360126360126,0.251968503937008,226.2,86.2,31.2733333333333,28.6,3787.00983517301,7902.05083994465,4.87843027497612,10.4,25.2958434452522,59.2,1.4,3.41074919039383,0.266453318437905
840,3,0.00117416829745597,0.00391389432485323,0,0,0.000782778864970646,5163.93964725603,11126.3182055903,4973.71370119135,31.8920781439787,3628.74437162886,0.0619666446910415,0.336179705767038,38,129.2,0,0.564916657923501,0.14264328818438,0.00835936680661497,0.318590998043053,0.0700587084148728,0.0101761252446184,0.270199826238054,203.8,74.2,14.8533333333333,28.6,13695.9537800356,17057.2008961315,9.13766365646298,15,34.0793173992756,70.4,1,0.564916657923501,0.114944599647157
841,5,0.00152613506295307,0.00763067531476536,0.000381533765738268,0,0,5270.55992064172,11497.4979564135,5112.49498802884,31.3961218233968,3025.07774849837,0.0644054314986749,0.328425901229616,39.6,129.8,0,0.575484961670479,0.0728412425034756,0.00140118687570776,0.286150324303701,0.0667684090041969,0.0133536818008394,0.290760869565217,192,89.4,27.22,28.4,5357.25736458636,9528.98455768036,5.64709692012971,13,24.9400103952354,56.6,1.8,0.575484961670479,0.180560848981458
842,5,0.00152613506295307,0.00763067531476536,0.000381533765738268,0,0,5270.55992064172,11497.4979564135,5112.49498802884,31.3961218233968,3025.07774849837,0.0644054314986749,0.328425901229616,39.6,129.8,0,0.575484961670479,0.0728412425034756,0.00140118687570776,0.286150324303701,0.0667684090041969,0.0133536818008394,0.290760869565217,192,89.4,27.22,28.4,5357.25736458636,9528.98455768036,5.64709692012971,13,24.9400103952354,56.6,1.8,0.575484961670479,0.180560848981458
843,4.2,0.00117004680187207,0.00663026521060842,0.000390015600624025,0,0,5268.06039725603,11654.3075319168,5106.79628216851,31.6161722827645,3092.65523080107,0.0656548615759088,0.331237589112279,39.4,130.8,0,0.561177332776227,0.074758726252482,0.0011927109675908,0.288611544461778,0.0674726989079563,0.0136505460218409,0.299120234604106,189.6,89,27.16,28.4,5268.48756855672,9570.87268126476,5.68288739176747,13.6,24.92370398724,56.6,1.8,0.561177332776227,0.202829740680724
844,3.4,0.0003813882532418,0.0045766590389016,0.0007627765064836,0,0.0007627765064836,5685.30970859583,11776.1219385498,5526.27729474553,31.6606403501651,2338.6942424724,0.0587072224489823,0.319239984136646,38,131.2,0,0.42847473635847,0.0409261300081921,0.00921986235629558,0.3093058733791,0.0663615560640732,0.0091533180778032,0.345205479452055,201.8,81.3333333333333,17.1333333333333,27.8,4835.20005315231,9279.32571692739,8.30079687412718,16.6,42.910928450311,84.4,1,0.42847473635847,0.176919587282178
845,3.4,0.000748222970445193,0.00374111485222596,0.000748222970445193,0,0.00112233445566779,5791.02598096999,11832.7837076552,5562.53139988131,31.7346161929361,2319.72847234782,0.0589294274555034,0.326501832547329,37.8,132.6,0,0.434783129825701,0.0512935569855967,0.00931034567870429,0.306397306397306,0.0654695099139544,0.00897867564534231,0.355916892502258,203.6,82.3333333333333,17.0666666666667,27.8,5106.10818366915,9057.58026254023,8.43299357042195,17,43.0483085305307,85,1,0.434783129825701,0.173725169660868
846,2.8,0,0.00466786355475763,0.000359066427289048,0,0,5381.45344213608,11380.4909819837,5446.45290919346,31.5412437182015,3241.11851305606,0.0981739470265668,0.347970167994937,44.2,130.2,0,0.536053637509407,0.109078053007607,0.00114679921229167,0.318850987432675,0.0635547576301616,0.0107719928186715,0.371052631578947,219,85.8,26.2266666666667,28.6,6141.19753270277,11327.6569011878,6.3191932935003,13.2,34.0871899860477,72,1.6,0.536053637509407,0.238197060832439
847,2,0.000791452314998021,0.00277008310249307,0.000395726157499011,0,0,5088.42717908838,11223.4756804567,4965.3315822643,31.3658206940471,2619.27465621746,0.0979265658042384,0.287729988894135,41.2,112.6,0,0.392109175807181,0.0530966881185329,0.00177680666087811,0.306292045904234,0.0680648990898298,0.0110803324099723,0.350966429298067,194.8,87,24.52,29,4152.95978612471,7625.207411293,7.47239134063157,14,24.4857734324465,56.6,1.4,0.392109175807181,0.109574667374589
848,3.6,0.00114986584898429,0.00498275201226524,0,0.000383288616328095,0.000383288616328095,5389.04745908335,11597.1930977066,5291.06527634614,31.4550686971681,2916.55861016124,0.0997660479647752,0.252045235713296,43,111.6,0,0.205725477807587,0.093133923749349,0.00111038933820076,0.303564584131851,0.0689919509390571,0.0130318129551552,0.38145416227608,201.2,80,18.0666666666667,28.6,10693.2521267198,11789.0119874796,8.14937980121832,15.6,30.209498991072,65.8,1.4,0.205725477807587,0.153099113722376
849,3.6,0.00114986584898429,0.00498275201226524,0,0.000383288616328095,0.000383288616328095,5389.04745908335,11597.1930977066,5291.06527634614,31.4550686971681,2916.55861016124,0.0997660479647752,0.252045235713296,43,111.6,0,0.205725477807587,0.093133923749349,0.00111038933820076,0.303564584131851,0.0689919509390571,0.0130318129551552,0.38145416227608,201.2,80,18.0666666666667,28.6,10693.2521267198,11789.0119874796,8.14937980121832,15.6,30.209498991072,65.8,1.4,0.205725477807587,0.153099113722376
850,3.6,0.000379650721336371,0.00607441154138193,0,0,0.000379650721336371,5393.82940201411,11500.2539871489,5311.6351415229,31.6178025421084,2667.74255692156,0.10465173681009,0.263315595746572,45.4,112.4,0,0.227038042902322,0.0831332268777808,0.00122555308280043,0.305998481397115,0.0687167805618831,0.0148063781321185,0.359875904860393,205.2,83.2,23.56,28.8,7806.3876896529,9260.60671949179,6.52509906492933,13.4,25.2761175866785,57.6,1.6,0.227038042902322,0.186011851058885
851,1.4,0,0.0026615969581749,0,0,0,5255.27955315382,11192.3482156741,5184.9392356633,31.4836457937081,2572.81648454719,0.0949655635346456,0.237425048090802,42.2,114,0,0.115109958185858,0.0897320787078039,0.00218503727823743,0.300380228136882,0.0673003802281369,0.0133079847908745,0.413205537806177,200.4,82.5,18.7133333333333,28.8,8538.95160969024,10647.3487023618,8.26066222542764,15,33.6637908907833,71.4,1.4,0.115109958185858,0.189022536994481
852,1.8,0,0.00335695635956733,0,0,0,4954.96568200202,11174.6353471683,5047.44075423431,31.6269846727245,2526.07054791715,0.0854256505616578,0.216902105565088,41,111,0,0.092348898059101,0.0673847905277513,0.00166953417596741,0.312942931741887,0.0667661320402835,0.0152928011935845,0.444201312910284,211.8,86.2,30.68,29,4904.06080407651,8406.45485165182,4.88003133423128,12.2,23.2007118496792,51,2,0.092348898059101,0.203637534580536
853,3.6,0.00123793018073781,0.00272344639762317,0.000495172072295123,0,0,6984.38839697248,13745.1195687976,4805.07692312611,31.4708288368461,5309.75344714943,0.125721628954465,0.696465601275921,58.8,221.6,0,8.599053741875,0.231064884144044,0.134480978645286,0.260708096063382,0.0458034166872988,0.00940826937360733,0.192596298149075,255.2,91.2,34.56,28.2,9160.56562904484,9656.02690740358,13.9976678315,25.4,23.8818833783274,49.4,1.8,8.599053741875,0.13386495785708
854,3.6,0.00123793018073781,0.00272344639762317,0.000495172072295123,0,0,6984.38839697248,13745.1195687976,4805.07692312611,31.4708288368461,5309.75344714943,0.125721628954465,0.696465601275921,58.8,221.6,0,8.599053741875,0.231064884144044,0.134480978645286,0.260708096063382,0.0458034166872988,0.00940826937360733,0.192596298149075,255.2,91.2,34.56,28.2,9160.56562904484,9656.02690740358,13.9976678315,25.4,23.8818833783274,49.4,1.8,8.599053741875,0.13386495785708
855,4.8,0.00123092072870507,0.00443131462333826,0.000246184145741014,0,0,7200.7758737472,14187.7130171387,5041.44464795791,31.7686499025229,6013.22976977951,0.137160759938455,0.742069138367482,58.8,234.4,0,11.3600617629142,0.273341911185079,0.14773353497445,0.261939931068439,0.0438207779419005,0.00738552437223043,0.181999005469915,254.4,99.2,36.5333333333333,28,8588.06248872563,10713.9261213696,13.1726042150613,23.6,25.8239030686917,50,2,11.3600617629142,0.135739212510527
856,3.6,0.000723065798987708,0.00313328512894673,0.000241021932995903,0,0.000241021932995903,6477.90679270581,13638.6792246431,4684.67563227195,31.6175451929648,5831.31769461269,0.146656088218065,0.739975405108497,67.6,235.4,0,7.82591806236058,0.435047124951077,0.140972911259243,0.252590985779706,0.0426608821402748,0.00723065798987708,0.164886205294937,251,95.2,36.36,28.6,8884.85984214796,9769.52620945678,15.1951438321295,26.2,24.9096177652945,49.6,1.8,7.82591806236058,0.139598202152459
857,4,0.000473148805299267,0.00378519044239413,0.000473148805299267,0,0,6569.31837364423,13714.9461793711,4390.10688701225,31.502796344617,5348.09997989812,0.149514117296154,0.731850086036884,68.8,236.2,0,11.5299637839296,0.304033117560574,0.144466050497246,0.248876271587414,0.0428199668795836,0.00591436006624083,0.17752808988764,251.6,88,29.7866666666667,28.6,10709.5784156912,12584.6717018865,15.3061893954282,25,31.3974322932727,62,1.6,11.5299637839296,0.142214810773328
858,2.6,0.000942729201037002,0.001885458402074,0,0,0.000235682300259251,7132.07495502156,15057.8108812695,4452.58430385461,31.6594770936933,5364.12986669083,0.135237536294752,0.701347089606671,62.2,221,0,13.2354689103834,0.32000004612934,0.177683037581539,0.244638227669102,0.0395946264435541,0.00494932830544426,0.217794253938832,245.4,87.8,23.1866666666667,26.6,13277.0839971576,14563.2092386718,17.1086045132599,26.8,33.3750482992708,61,1.6,13.2354689103834,0.143235740863455
859,1.8,0.000276243093922652,0.00193370165745856,0,0,0.000276243093922652,2770.23654323803,7871.08559670461,1827.38850079766,34.9543369005267,5419.20926605486,0.131932071449003,0.653437002119927,63.6,177.8,0,3.12391077621077,0.0920769775703876,0.0468066480040289,0.277900552486188,0.0535911602209945,0.00994475138121547,0.229706390328152,247.2,33.4,19.9866666666667,24.2,3536.3471385864,2888.96500101428,8.27789792109875,15.6,5.44648756656192,13.6,4,3.12391077621077,0.0951911486355169
860,1.8,0.000276243093922652,0.00193370165745856,0,0,0.000276243093922652,2770.23654323803,7871.08559670461,1827.38850079766,34.9543369005267,5419.20926605486,0.131932071449003,0.653437002119927,63.6,177.8,0,3.12391077621077,0.0920769775703876,0.0468066480040289,0.277900552486188,0.0535911602209945,0.00994475138121547,0.229706390328152,247.2,33.4,19.9866666666667,24.2,3536.3471385864,2888.96500101428,8.27789792109875,15.6,5.44648756656192,13.6,4,3.12391077621077,0.0951911486355169
861,0.2,0,0.000271444082519001,0,0,0,2701.64623147884,7684.09925316817,1368.83595246138,35.3366228307721,6376.07468687412,0.117004282254763,0.691391729396664,59,173.6,0,5.33523793583475,0.137684522840706,0.0461474880775495,0.275515743756786,0.0532030401737242,0.00977198697068404,0.242117787031529,249.4,35.2,20.68,22,3170.50122067016,3418.15565084183,6.25189981416559,15.2,4.78454762437987,9.8,4,5.33523793583475,0.0981218485936419
862,1.2,0.000263574064312072,0.00131787032156036,0,0,0,3991.34886516371,11315.397398074,1273.98989187854,34.9743067160469,6630.60635668473,0.151699500278474,0.761919116913489,76.2,216.2,0,9.95932386566408,0.398210826281194,0.147753135599148,0.281497100685293,0.0466526093832367,0.00869794412229836,0.180528375733855,255.6,38.4,23.2466666666667,22.6,3339.73265236992,3819.33838111729,7.88342419391579,16,4.54837879034859,8.8,4,9.95932386566408,0.102001287757358
863,0.4,0.000265111346765642,0,0.000265111346765642,0,0,4135.38607512997,11133.3461644311,1122.35482939257,34.8873956957674,6849.24568087683,0.144156143448231,0.709203460083991,71.2,183,0,11.106129710824,0.415625979758109,0.293289526096084,0.281283138918346,0.0463944856839873,0.01033934252386,0.209604802401201,255,30.6,18.5666666666667,22,4610.28426761795,3452.68512289082,8.27633152382125,16,6.14358232641981,13,4,11.106129710824,0.0986839388244257
864,0.6,0.000263782643102084,0.000263782643102084,0.000263782643102084,0,0,4088.45921444566,11110.5026743206,1105.24078939475,34.9259363492413,6843.17970437835,0.142540402992526,0.712585381911528,72,183.8,0,11.108677367087,0.415598781835564,0.29361311667832,0.280400949617515,0.0461619625428647,0.0102875230809813,0.218483174284279,255.4,30.6,18.5666666666667,22.4,4610.28426761795,3452.68512289082,8.31601259438527,16,6.15833697790231,13.2,4,11.108677367087,0.0986113609410486
865,0.6,0.000289519397799653,0.000579038795599305,0,0,0,3328.09263859679,9316.12055110203,1245.69766819868,35.1000305235679,6892.49434544169,0.132502047918199,0.786102847304507,68.4,216.8,0,6.9683011555049,0.221716378911446,0.0776491713206817,0.285176606832658,0.0492182976259409,0.0118702953097858,0.184168865435356,239.2,39.6,24.34,25,3677.18268771565,3550.80423163106,9.34073664510828,19.8,5.98442511707719,13.4,4,6.9683011555049,0.0905188038308705
866,0.2,0,0.000282965478211658,0,0,0,2967.80135976407,8337.39884984703,1031.48312844415,34.8865122179308,6214.28485140449,0.133963236680267,0.735111205869709,66.6,213,0,6.96759190580751,0.206242096628731,0.0617457183190081,0.304753820033956,0.0466893039049236,0.00622524052065648,0.197557089750398,252.8,34,20.3733333333333,23.8,2973.41686500555,3990.79525893495,7.43513324682925,15.6,6.26899620658746,12,4,6.96759190580751,0.0941106738244057
867,0.6,0,0.000846262341325811,0,0,0,3659.54927500351,10070.3708885283,1331.88289091095,35.2177260350457,7037.71473243125,0.138557582075052,0.756821076457621,72.4,216.8,0,8.64483267868006,0.204750227919246,0.0609182782055219,0.29703808180536,0.0468265162200282,0.00959097320169252,0.177766393442623,250.6,32.8,20.4066666666667,21.4,2966.52997134643,3289.14940781817,6.11353198867838,13.6,5.16048158692499,10.6,4,8.64483267868006,0.0912091275373044
868,0.4,0,0.000589275191514437,0,0,0,3094.0032651247,9234.29181188754,992.14561135846,28.4528703202795,6657.23752400058,0.119489082417342,0.683883815997903,61,194,0,6.78351855425706,0.34086743324881,0.0616564515511079,0.286093105480259,0.0465527401296405,0.00883912787271656,0.232163742690058,231.8,33.6,21.4866666666667,22,2571.35404583347,3870.89489282287,6.97835830223784,15.4,5.08734398091123,11.8,4,6.78351855425706,0.0892184081642212
869,0.4,0,0.000589275191514437,0,0,0,3094.0032651247,9234.29181188754,992.14561135846,28.4528703202795,6657.23752400058,0.119489082417342,0.683883815997903,61,194,0,6.78351855425706,0.34086743324881,0.0616564515511079,0.286093105480259,0.0465527401296405,0.00883912787271656,0.232163742690058,231.8,33.6,21.4866666666667,22,2571.35404583347,3870.89489282287,6.97835830223784,15.4,5.08734398091123,11.8,4,6.78351855425706,0.0892184081642212
870,1,0.000300661455201443,0.00120264582080577,0,0,0,3240.47907659361,8367.5256243934,1081.87687453266,28.6147340371636,7704.7891613771,0.123421475408536,0.729185815359397,63.8,198,0,6.88968413544859,0.306770352965942,0.0511685802003724,0.303968731208659,0.0520144317498497,0.0090198436560433,0.144744744744745,242.8,31.6,19.64,21.2,2748.17578774006,2307.61513004069,6.10991364738176,13.8,2.76880270736981,6.2,4,6.88968413544859,0.086832813676091
871,0,0,0,0,0,0,2880.02916779775,7758.8831361717,1046.27637237093,28.3659458770073,6328.95989333267,0.128447733834289,0.704668649196375,66.4,196.6,0,6.38826015926918,0.250245852012476,0.0541653245682852,0.303435114503817,0.0521628498727735,0.0089058524173028,0.172435494021397,229.2,38.2,23.54,22,1956.95753692908,2064.5043473628,6.52868636637341,14.6,1.59652515497583,4.6,4,6.38826015926918,0.0825844220329529
872,0,0,0,0,0,0,2880.02916779775,7758.8831361717,1046.27637237093,28.3659458770073,6328.95989333267,0.128447733834289,0.704668649196375,66.4,196.6,0,6.38826015926918,0.250245852012476,0.0541653245682852,0.303435114503817,0.0521628498727735,0.0089058524173028,0.172435494021397,229.2,38.2,23.54,22,1956.95753692908,2064.5043473628,6.52868636637341,14.6,1.59652515497583,4.6,4,6.38826015926918,0.0825844220329529
873,0.8,0.000282805429864253,0.00084841628959276,0,0,0,4356.54730583661,11652.6817159326,1133.31266581585,28.1209538642264,6616.56865569663,0.135448219793472,0.809959398168697,71,214.8,0,16.6058942401066,0.212851265486549,0.0481028765465065,0.322680995475113,0.0492081447963801,0.0042420814479638,0.151945320715037,266,124.8,66.0266666666667,28,1868.81234643426,677.440834833603,5.49513485176901,17.4,1.41144127837681,11.6,4,16.6058942401066,0.0891301391706717
874,0.8,0.000287438919229664,0.000862316757688991,0,0,0,4392.48107040021,11680.5218584097,1128.92975459306,28.0311756816765,6639.52312664194,0.133163982949523,0.80998014749363,69,215.4,0,16.5895708581048,0.19989456964556,0.0484247669004695,0.32480597872952,0.0494394941075022,0.00431158378844496,0.154838709677419,263.4,126.4,66.26,28,1902.68335746935,676.157920439653,5.52499311186037,17.4,1.39092268913516,11.6,4,16.5895708581048,0.0883807352588424
875,0.8,0.000287438919229664,0.000862316757688991,0,0,0,4392.48107040021,11680.5218584097,1128.92975459306,28.0311756816765,6639.52312664194,0.133163982949523,0.80998014749363,69,215.4,0,16.5895708581048,0.19989456964556,0.0484247669004695,0.32480597872952,0.0494394941075022,0.00431158378844496,0.154838709677419,263.4,126.4,66.26,28,1902.68335746935,676.157920439653,5.52499311186037,17.4,1.39092268913516,11.6,4,16.5895708581048,0.0883807352588424
876,0.6,0,0.000613308800981294,0.000306654400490647,0,0,3072.81068685385,8885.50544636759,683.148756831161,28.4025224777657,5881.17553373563,0.134161100791086,0.757037211998162,67.6,212.4,0,10.3394612284734,0.176904545189317,0.0453768270293313,0.321373811714198,0.0484513952775222,0.005213124808341,0.141562853907135,244.6,119,65.0133333333333,28.4,1738.91579000698,821.31894040032,5.02013354731487,18,1.59587378059768,13.4,4,10.3394612284734,0.0818868486311446
877,0.6,0,0.000613308800981294,0.000306654400490647,0,0,3072.81068685385,8885.50544636759,683.148756831161,28.4025224777657,5881.17553373563,0.134161100791086,0.757037211998162,67.6,212.4,0,10.3394612284734,0.176904545189317,0.0453768270293313,0.321373811714198,0.0484513952775222,0.005213124808341,0.141562853907135,244.6,119,65.0133333333333,28.4,1738.91579000698,821.31894040032,5.02013354731487,18,1.59587378059768,13.4,4,10.3394612284734,0.0818868486311446
878,0.8,0.00028587764436821,0.000571755288736421,0.00028587764436821,0,0,4137.46795178756,10219.5752685508,1172.42223361483,28.2255095619481,6470.95990154977,0.139794244912454,0.855038016130988,72,231.2,0,15.0333677841488,0.205713761332828,0.0936546061160257,0.294453973699257,0.044882790165809,0.00457404230989137,0.137619553666312,240.6,126.8,67.3733333333333,28.6,2174.10907549118,1014.1614118279,7.08484572735113,22.2,1.93038187426233,16.2,4,15.0333677841488,0.0929103503641684
879,1,0.000240731824747232,0.000481463649494463,0.000481463649494463,0,0,4692.67079156611,12332.6292792351,1523.73679321409,28.4183521788551,6359.90369935619,0.149538479572369,0.892912836419637,79.6,237.6,0,19.3694768311768,0.224619507826924,0.189077141813928,0.296340876263842,0.0409244102070294,0.00481463649494463,0.143153526970954,284.2,138.4,70.0333333333333,28.6,2550.96051733677,805.227503467529,8.69138774687259,22.8,1.701288956304,12.8,4,19.3694768311768,0.106887975311426
880,1.6,0.000485083676934271,0.00121270919233568,0.000242541838467136,0,0,5007.36972834008,13504.1562028723,1221.21532607902,28.4993058656854,6647.90542068984,0.156884259475457,0.890278486400452,80.4,238.2,0,23.9221725670563,0.211082256927823,0.186041940364125,0.29808391947611,0.0426873635702159,0.00460829493087558,0.124236252545825,284.8,134,69.6,28.6,2343.39169644176,954.818859958913,7.64684032579591,22,1.90345538089093,16.6,4,23.9221725670563,0.109518239082505
881,2.4,0,0.00235404896421846,0.000235404896421846,0.000235404896421846,0,4930.20110720734,13420.85843802,1314.5738516428,28.4252925298323,7104.98100801865,0.15136698768993,0.892744388452047,80.4,240.2,0,22.4144937752582,0.20740669698563,0.185650654628357,0.301789077212806,0.0390772128060264,0.0117702448210923,0.129508196721311,299.6,135.8,65.9466666666667,28.2,2488.94873875619,997.64304942833,8.36807379549207,24.6,1.80932854444184,11.4,4,22.4144937752582,0.110481212764454
882,0.6,0.000539665407447383,0.000539665407447383,0.000539665407447383,0,0,974.357808769909,3765.71998815403,883.158022060468,28.7730820720864,3447.28255249133,0.103353047910675,0.236445500740656,51.2,100.4,0,0.135295555955895,0.0478001471243111,9.15498942050991e-05,0.40420939017809,0.0809498111171074,0.0188882892606584,0.160377358490566,186.8,56.4,32.8733333333333,26.8,1084.26114648266,883.48976819016,1.35494838609895,11.6,1.15322596256176,11.4,4,0.135295555955895,0.17973426824776
883,0.4,0,0.000502008032128514,0,0,0.000502008032128514,640.780281358217,1694.4484399557,465.146116088937,28.0704236542665,3440.08096046717,0.11009149769921,0.243239356757394,52,110.4,0,0.212242080460491,0.0613469372265486,0.000158726055633419,0.38855421686747,0.0742971887550201,0.0190763052208835,0.173076923076923,192,66.2,36.9,25.6,1088.29500645,615.050847457627,1.45258240421444,10.4,1.13695859584454,9.6,4,0.212242080460491,0.144437092496827
884,0.4,0,0.000477326968973747,0.000477326968973747,0,0,842.544989083727,2916.18175875863,471.068214927396,28.3095990590201,3523.41164411401,0.110661068677104,0.2382879685504,57.4,97.8,0,0.624432949294398,0.0637675857495806,0.000866651167925079,0.401431980906921,0.0706443914081146,0.0190930787589499,0.199029126213592,205.8,68.8,37.14,26.8,1208.85603771449,768.825019395963,1.83777520150598,11.4,1.22770520752994,12,4,0.624432949294398,0.0896246524408952
885,0.4,0,0.000477326968973747,0.000477326968973747,0,0,842.544989083727,2916.18175875863,471.068214927396,28.3095990590201,3523.41164411401,0.110661068677104,0.2382879685504,57.4,97.8,0,0.624432949294398,0.0637675857495806,0.000866651167925079,0.401431980906921,0.0706443914081146,0.0190930787589499,0.199029126213592,205.8,68.8,37.14,26.8,1208.85603771449,768.825019395963,1.83777520150598,11.4,1.22770520752994,12,4,0.624432949294398,0.0896246524408952
886,0.4,0,0.000477326968973747,0.000477326968973747,0,0,842.544989083727,2916.18175875863,471.068214927396,28.3095990590201,3523.41164411401,0.110661068677104,0.2382879685504,57.4,97.8,0,0.624432949294398,0.0637675857495806,0.000866651167925079,0.401431980906921,0.0706443914081146,0.0190930787589499,0.199029126213592,205.8,68.8,37.14,26.8,1208.85603771449,768.825019395963,1.83777520150598,11.4,1.22770520752994,12,4,0.624432949294398,0.0896246524408952
887,1.2,0,0.00192307692307692,0.000961538461538462,0,0,608.355573556445,1436.91544504018,497.052964915053,28.9974144996904,3867.35598156982,0.10707283168077,0.21285287095965,52.2,96.8,0,0.0664490796423846,0.0801223307075232,0.00560876272574017,0.386057692307692,0.0730769230769231,0.0168269230769231,0.206675224646983,198,70.8,30.6533333333333,26.4,5329.43644564038,4300.9426864125,7.0302381483295,17.4,7.00083287936105,23.6,2,0.0664490796423846,0.200354417174896
888,0.2,0,0.000478927203065134,0,0,0,751.614618269138,2050.55756691115,598.633215678822,28.1806921985593,4168.74955661158,0.101330852707481,0.189814520186841,60.6,98,0,0.165170072807784,0.0815552776068888,0.000572286088847497,0.396551724137931,0.0718390804597701,0.0210727969348659,0.16743119266055,204.4,75.8,31.54,26.2,6802.28863038257,3854.84971926996,10.0173659506171,21.4,5.70137749052596,19.6,2,0.165170072807784,0.0958681670066994
889,0.2,0,0.000478927203065134,0,0,0,751.614618269138,2050.55756691115,598.633215678822,28.1806921985593,4168.74955661158,0.101330852707481,0.189814520186841,60.6,98,0,0.165170072807784,0.0815552776068888,0.000572286088847497,0.396551724137931,0.0718390804597701,0.0210727969348659,0.16743119266055,204.4,75.8,31.54,26.2,6802.28863038257,3854.84971926996,10.0173659506171,21.4,5.70137749052596,19.6,2,0.165170072807784,0.0958681670066994
890,0.2,0,0.000478927203065134,0,0,0,751.614618269138,2050.55756691115,598.633215678822,28.1806921985593,4168.74955661158,0.101330852707481,0.189814520186841,60.6,98,0,0.165170072807784,0.0815552776068888,0.000572286088847497,0.396551724137931,0.0718390804597701,0.0210727969348659,0.16743119266055,204.4,75.8,31.54,26.2,6802.28863038257,3854.84971926996,10.0173659506171,21.4,5.70137749052596,19.6,2,0.165170072807784,0.0958681670066994
891,0.8,0,0.0017905102954342,0,0,0,790.255362604339,1890.34049349551,567.382291249164,28.3540134187252,4272.51925760946,0.118997111925872,0.248412925975039,66,108,0,0.168599923272534,0.10169633488927,0.000194986920139814,0.401521933751119,0.0698299015219337,0.0165622202327663,0.159199237368923,218,82.2,34.5333333333333,26.8,7689.9607323092,4046.66144129034,12.6416140200441,25.8,6.66984718094847,21.6,2,0.168599923272534,0.125776992028499
892,0.6,0.000415627597672485,0.000831255195344971,0,0,0,1212.56853077477,4010.46905427559,773.54080758381,28.2208060912354,5274.83204453399,0.11309514776333,0.246536341245781,64.4,104.6,0,0.309274832918012,0.305407157182186,0.0764714056141921,0.392352452202826,0.0606816292601829,0.0178719866999169,0.132848043676069,226.6,78.8,31.56,26.6,8258.27668094823,4946.43842217601,13.1683874562298,26.6,7.33495091750375,21.2,2,0.309274832918012,0.0745130563314837
893,0.6,0.000415627597672485,0.000831255195344971,0,0,0,1212.56853077477,4010.46905427559,773.54080758381,28.2208060912354,5274.83204453399,0.11309514776333,0.246536341245781,64.4,104.6,0,0.309274832918012,0.305407157182186,0.0764714056141921,0.392352452202826,0.0606816292601829,0.0178719866999169,0.132848043676069,226.6,78.8,31.56,26.6,8258.27668094823,4946.43842217601,13.1683874562298,26.6,7.33495091750375,21.2,2,0.309274832918012,0.0745130563314837
894,0.8,0.000439367311072056,0.000878734622144112,0.000439367311072056,0,0,1101.26268449829,3400.20407523224,726.284113364716,28.4859447815133,5145.29917564203,0.109904077659795,0.269862204934374,63,109.6,0,0.350686130739206,0.234111955190641,0.0858700695119995,0.37609841827768,0.062829525483304,0.0180140597539543,0.116835326586937,208,76.2,30.9733333333333,27.4,7942.51528374313,4632.76308299529,12.7248863291677,28,6.28058705402052,19.2,2,0.350686130739206,0.109176793608851
895,0.8,0.000439367311072056,0.000878734622144112,0.000439367311072056,0,0,1101.26268449829,3400.20407523224,726.284113364716,28.4859447815133,5145.29917564203,0.109904077659795,0.269862204934374,63,109.6,0,0.350686130739206,0.234111955190641,0.0858700695119995,0.37609841827768,0.062829525483304,0.0180140597539543,0.116835326586937,208,76.2,30.9733333333333,27.4,7942.51528374313,4632.76308299529,12.7248863291677,28,6.28058705402052,19.2,2,0.350686130739206,0.109176793608851
896,0.8,0,0.00163733115022513,0,0,0,1407.75980459994,4954.99981044441,1011.97411961032,28.2085009979977,5352.55269673224,0.113918369685108,0.277001329063521,63.6,127.6,0,0.607303852276759,0.167690287227784,0.00076663453671804,0.384772820302906,0.0712239050347933,0.0171919770773639,0.16793893129771,231.2,83.2,34.9066666666667,26,7780.86309732219,4864.47700128691,12.4926316478027,23.4,9.20565540557332,23.6,2,0.607303852276759,0.130758462085992
897,1,0.000442869796279894,0.00177147918511957,0,0,0,797.452273533228,2339.42215379043,530.051169584409,28.1753038838483,4798.48646049612,0.0715646044156967,0.256952278294113,54.4,129.6,0,0.167007556050496,0.142945902736719,0.000394548364351931,0.378653675819309,0.0682019486271036,0.0181576616474756,0.130885122410546,210,82.4,34.0333333333333,26.8,7108.88767791183,4643.17564713121,11.3528515025921,24.2,7.47094251238623,23.4,2,0.167007556050496,0.109909970533654
898,1,0.000442869796279894,0.00177147918511957,0,0,0,797.452273533228,2339.42215379043,530.051169584409,28.1753038838483,4798.48646049612,0.0715646044156967,0.256952278294113,54.4,129.6,0,0.167007556050496,0.142945902736719,0.000394548364351931,0.378653675819309,0.0682019486271036,0.0181576616474756,0.130885122410546,210,82.4,34.0333333333333,26.8,7108.88767791183,4643.17564713121,11.3528515025921,24.2,7.47094251238623,23.4,2,0.167007556050496,0.109909970533654
899,0.2,0,0,0,0,0.000455166135639508,1461.9520197608,6243.88421433193,645.781166116935,28.2336819719887,4566.77866753038,0.0724791117977937,0.334722267602553,58.6,136.4,0,2.08312619296934,0.158635218899985,0.00292405327650727,0.355029585798817,0.0687300864815658,0.0150204824761038,0.135542168674699,192.8,80.2,31.9333333333333,28,8326.92734838844,4115.9053048991,14.7981748276066,29.6,5.91552859706931,18.2,2,2.08312619296934,0.137128679353209
900,2,0.000414250207125104,0.00207125103562552,0.00124275062137531,0,0.000414250207125104,1786.09558457064,6650.66935809867,925.381472051665,28.2604886876486,4552.05473300534,0.0726181132576252,0.392144323558504,57,147,0,1.81657484198798,0.269436561387285,0.00326298208233907,0.352941176470588,0.0683512841756421,0.0140845070422535,0.160035366931919,210.2,80.8,32.2,28,9011.3278587125,4942.44775435673,15.6094200266147,29.6,7.54290508513078,20.6,2,1.81657484198798,0.202622318656256
901,2,0,0.00217296827466319,0.00173837461973055,0,0.000434593654932638,1842.8912251936,7019.76598771084,946.525877163233,28.3104022021777,4555.90515034925,0.0719050718238107,0.344692279293424,56.4,137.8,0,1.67659534371939,0.215996954478895,0.00278558459079514,0.360278139939157,0.0717079530638853,0.0121686223381139,0.15050784856879,204.4,73,25.7066666666667,26.8,10397.1015461406,8077.34957265345,15.9608302367177,28.2,10.7946567304789,23,1.6,1.67659534371939,0.140952202969937
902,2,0,0.00217296827466319,0.00173837461973055,0,0.000434593654932638,1842.8912251936,7019.76598771084,946.525877163233,28.3104022021777,4555.90515034925,0.0719050718238107,0.344692279293424,56.4,137.8,0,1.67659534371939,0.215996954478895,0.00278558459079514,0.360278139939157,0.0717079530638853,0.0121686223381139,0.15050784856879,204.4,73,25.7066666666667,26.8,10397.1015461406,8077.34957265345,15.9608302367177,28.2,10.7946567304789,23,1.6,1.67659534371939,0.140952202969937
903,1,0.000568181818181818,0.00113636363636364,0.00113636363636364,0,0,745.036137578597,1827.84672581048,383.172245595812,28.1467686104497,5502.98879054612,0.0620105216845101,0.228691604791972,50.2,113,0,0.268401564751253,0.150627482663323,4.42863940846502e-05,0.319886363636364,0.0795454545454545,0.00795454545454545,0.0652631578947368,143.4,76.2,26.6133333333333,25.4,10756.1033291378,6718.25969929166,16.064431490477,29.6,7.3236014197855,19.8,1.6,0.268401564751253,0.146724720626069
904,1.8,0,0.00269106566200215,0.00215285252960172,0,0,633.889549325834,1791.23591284511,354.862572751867,28.3506946258537,4394.28407121523,0.0738783004865121,0.282306797248584,57,123.2,0,0.246341327812862,0.123096499779535,0.00042761342075286,0.306243272335845,0.0705059203444564,0.0102260495156082,0.0522052205220522,143.8,77.2,25.4866666666667,25.4,9933.20468959449,6884.74771135499,16.4246112495238,29.8,7.093206628781,17.8,1.6,0.246341327812862,0.0984314613248668
905,1.8,0,0.00269106566200215,0.00215285252960172,0,0,633.889549325834,1791.23591284511,354.862572751867,28.3506946258537,4394.28407121523,0.0738783004865121,0.282306797248584,57,123.2,0,0.246341327812862,0.123096499779535,0.00042761342075286,0.306243272335845,0.0705059203444564,0.0102260495156082,0.0522052205220522,143.8,77.2,25.4866666666667,25.4,9933.20468959449,6884.74771135499,16.4246112495238,29.8,7.093206628781,17.8,1.6,0.246341327812862,0.0984314613248668
906,1.8,0,0.00269106566200215,0.00215285252960172,0,0,633.889549325834,1791.23591284511,354.862572751867,28.3506946258537,4394.28407121523,0.0738783004865121,0.282306797248584,57,123.2,0,0.246341327812862,0.123096499779535,0.00042761342075286,0.306243272335845,0.0705059203444564,0.0102260495156082,0.0522052205220522,143.8,77.2,25.4866666666667,25.4,9933.20468959449,6884.74771135499,16.4246112495238,29.8,7.093206628781,17.8,1.6,0.246341327812862,0.0984314613248668
907,1.8,0,0.00269106566200215,0.00215285252960172,0,0,633.889549325834,1791.23591284511,354.862572751867,28.3506946258537,4394.28407121523,0.0738783004865121,0.282306797248584,57,123.2,0,0.246341327812862,0.123096499779535,0.00042761342075286,0.306243272335845,0.0705059203444564,0.0102260495156082,0.0522052205220522,143.8,77.2,25.4866666666667,25.4,9933.20468959449,6884.74771135499,16.4246112495238,29.8,7.093206628781,17.8,1.6,0.246341327812862,0.0984314613248668
908,2.4,0.000491159135559921,0.00442043222003929,0.000982318271119843,0,0,1955.32981895778,6167.46636117849,1683.62471188902,28.4036005891732,4886.13864101398,0.0603970068440579,0.286551122968975,46,128.6,0,0.3130055835599,0.240962750170787,0.00037535729698647,0.295186640471513,0.0987229862475442,0.012278978388998,0.085995085995086,165.4,77.4,21.8866666666667,26.2,11508.5976531695,8597.44607934282,15.5647638147811,26.2,11.0274997157033,25.8,1.4,0.3130055835599,0.105413765895942
909,2.6,0.000478011472275335,0.00525812619502868,0.000478011472275335,0,0,2089.82163602264,6348.36825862908,1801.58170026208,28.2995940330848,4622.04116738514,0.0592813137185931,0.300014321210314,45.6,133.2,0,0.337407767682858,0.220936833646471,0.000345950108231109,0.301147227533461,0.0960803059273422,0.0133843212237094,0.103531300160514,171.8,73.8,27.5933333333333,27,8741.64078686744,7046.86690997545,13.9834288345136,26,10.0057315770836,25.6,1.4,0.337407767682858,0.111403279203706
910,3.2,0.000480538202787122,0.0067275348390197,0.000480538202787122,0,0,1750.77238472341,5943.14409444662,1614.04002306559,28.0674331511175,3744.96188959021,0.0654208012721523,0.250592066304602,51.6,118.6,0,0.148704641274535,0.225056314710417,0.000466765446115408,0.285920230658337,0.0879384911100432,0.0100913022585296,0.0944402132520944,159.8,82.6,28.96,26.6,8306.93478618586,5216.35400858902,12.1902108825124,25.6,7.85480571401336,20.6,1.8,0.148704641274535,0.0664322072115314
911,3.2,0.000480538202787122,0.0067275348390197,0.000480538202787122,0,0,1750.77238472341,5943.14409444662,1614.04002306559,28.0674331511175,3744.96188959021,0.0654208012721523,0.250592066304602,51.6,118.6,0,0.148704641274535,0.225056314710417,0.000466765446115408,0.285920230658337,0.0879384911100432,0.0100913022585296,0.0944402132520944,159.8,82.6,28.96,26.6,8306.93478618586,5216.35400858902,12.1902108825124,25.6,7.85480571401336,20.6,1.8,0.148704641274535,0.0664322072115314
912,3.4,0.000997506234413965,0.00598503740648379,0.000997506234413965,0,0.000498753117206983,2119.28456942363,7075.74072250592,2018.84692321304,28.1026149933456,3746.87850181209,0.0553932615992882,0.236188371567087,42.8,109.2,0,0.191945095071647,0.113813286699817,0.000388413468277368,0.328678304239401,0.0877805486284289,0.0129675810473815,0.0940975192472198,172.2,75.8,29.8133333333333,27.2,6939.09320311379,4167.47596554426,14.522144552878,29,5.64550014398014,16.4,1.6,0.191945095071647,0.0938597655022246
913,2.2,0.000553709856035437,0.0044296788482835,0.00110741971207087,0,0,2753.60647178946,8925.40326244755,2632.86580966859,28.1028792171573,3980.34059237812,0.0526668116859362,0.215739088262596,36.8,101.8,0,0.126223413975021,0.0649207231802624,0.00496888863065606,0.338870431893688,0.0808416389811739,0.0171650055370986,0.0813308687615527,157.8,75.8,24.9066666666667,27.4,8267.21981629717,6520.05209184736,11.0588323400055,24,8.4119925469907,23.8,1.6,0.126223413975021,0.168672882041881
914,3,0.000925497454881999,0.00555298472929199,0.000462748727441,0,0,3284.69625403105,9562.79532517335,3097.50891174508,28.4564286816724,3812.0614390173,0.0520650067922409,0.298559360921328,40,124.2,0,0.473707433888739,0.0877060386122061,0.000739917524900508,0.326237852845905,0.0698750578435909,0.013419713095789,0.0840909090909091,177,90.8,34.8133333333333,28.2,7847.15737622963,3628.72588691456,13.0813156459607,28.6,5.64662492810739,19.6,2,0.473707433888739,0.127911707044015
915,3,0.000508646998982706,0.00610376398779247,0.00101729399796541,0,0,4438.96219546068,11685.1670306508,3631.69297855304,28.0043631258372,4849.22428562799,0.059258495337681,0.315749004264064,47,126.8,0,1.64569290994556,0.181854567607815,0.101076125171772,0.230925737538149,0.0722278738555443,0.0142421159715158,0.111203319502075,124.8,84,27.28,24.6,12167.9123912154,7273.74054441544,22.6696715290747,41.2,8.32605164498828,25,1.8,1.64569290994556,0.141465413816707
916,6,0.00180831826401447,0.0113019891500904,0,0.000452079566003617,0,4508.34523237327,10861.5852397474,4112.04026365651,28.1000531865333,4159.39047808259,0.0637819527206591,0.36930504418468,48.2,144.4,0,1.20338471877756,0.166908640240664,0.0523822005775859,0.235533453887884,0.0700723327305606,0.0108499095840868,0.124547429398986,140,82.4,27.3333333333333,26.2,13324.9943640365,8232.98056298633,21.9000542388785,35.6,13.7250933173324,32.8,1.6,1.20338471877756,0.0850195412589115
917,2.6,0,0.0062015503875969,0.000516795865633075,0,0,3699.08887742509,10416.3111407889,3870.6667101951,28.481622967553,3402.9340642224,0.05338562130943,0.197615026973209,40.6,108.8,0,0.149545070707043,0.153472438684352,0.000336745203417795,0.241343669250646,0.0883720930232558,0.00981912144702842,0.117796610169492,131.4,76,19.0466666666667,26.4,12142.6354518672,8685.00384893969,21.8482707377663,37.8,12.1209130764455,30.6,1.2,0.149545070707043,0.191372266715026
918,2.6,0,0.0062015503875969,0.000516795865633075,0,0,3699.08887742509,10416.3111407889,3870.6667101951,28.481622967553,3402.9340642224,0.05338562130943,0.197615026973209,40.6,108.8,0,0.149545070707043,0.153472438684352,0.000336745203417795,0.241343669250646,0.0883720930232558,0.00981912144702842,0.117796610169492,131.4,76,19.0466666666667,26.4,12142.6354518672,8685.00384893969,21.8482707377663,37.8,12.1209130764455,30.6,1.2,0.149545070707043,0.191372266715026
919,2.6,0.00148662041625372,0.00445986124876115,0.000495540138751239,0,0,3715.17108198668,10380.9973762797,3624.88871185164,28.2418593448587,3784.06397141069,0.0587809930831303,0.239351601759646,44,116.4,0,0.323231177736296,0.127681812896908,0.00534423914060742,0.232903865213082,0.0802775024777007,0.0118929633300297,0.114285714285714,131.2,87,25.7933333333333,26,11222.2414348249,8573.52068616883,18.7996049775772,34.4,10.4263618627725,25.2,1.8,0.323231177736296,0.142926662025322
920,2.6,0.00048828125,0.00537109375,0.00048828125,0,0,3791.83506700946,10458.8460737574,3795.28211246145,28.3434618077093,3724.89102058861,0.0554688900250928,0.225272151927999,40.2,118.4,0,0.198212869746947,0.146747007593218,0.00584874154625759,0.23046875,0.0751953125,0.01318359375,0.103833865814696,130.6,77.2,25.0733333333333,26.6,11309.1275492076,8905.6336824606,19.4289217911696,35.4,10.4614336598377,24.8,1.6,0.198212869746947,0.104999983854288
921,2.6,0,0.00603318250377074,0,0,0.000502765208647562,3252.44433366735,9653.95311712979,3271.22855040515,28.2150704022567,3808.49620183406,0.0583396380645984,0.299451819396822,44,120.4,0,0.304390744809702,0.128605664345296,0.000427535041477305,0.22473604826546,0.0824534942182001,0.0135746606334842,0.130358705161855,127.6,90.6,31.5133333333333,26,9667.98094307184,4825.9389683525,17.5262303338452,33.6,6.26453178531628,19,2,0.304390744809702,0.202751479846378
922,3.8,0,0.00776143790849673,0,0,0,4599.59027268957,11104.0121204489,4402.28518361186,28.4707028260455,4427.67998764683,0.0639271908746505,0.361235026303924,50.4,154.2,0,0.495715504579224,0.265535646214054,0.0142345979636475,0.209967320261438,0.0661764705882353,0.00898692810457516,0.0880239520958084,139.6,103,36.4066666666667,27,10073.8130707664,6372.88223641935,21.0724616470488,40.4,11.9001408308455,31,2,0.495715504579224,0.249256999494036
923,5.6,0,0.0110717449069973,0.000885739592559787,0,0.000442869796279894,4856.43298640294,11955.0914066363,4258.76346741311,28.2500693627825,4941.27292887658,0.0648221813470118,0.360075497393432,50.8,141.8,0,1.61598257492965,0.430926410802284,0.0496298162389837,0.218777679362267,0.0682019486271036,0.00930026572187777,0.112143331121433,133.8,86.8,24.1,26.8,14828.3387931952,12762.3660526655,22.9370165058465,36.8,20.1932924131597,40.4,1.6,1.61598257492965,0.202643305894495
924,4.4,0,0.00936883629191321,0.0014792899408284,0,0,4761.07212790158,11213.5322267224,4504.7431152353,28.2448638500873,4115.91236680348,0.0514303016042227,0.262651365416052,40.4,124,0,0.215809020229931,0.147199615174379,0.00102986458637444,0.22879684418146,0.0853057199211045,0.0142998027613412,0.0679214402618658,133.2,80.8,27.1533333333333,25.8,9211.59852681941,6589.04370050248,15.559014263616,30.8,8.97552956098008,23.8,1.6,0.215809020229931,0.167483524515476
925,4.4,0.000635997456010176,0.0027559889760441,0.00105999576001696,0.000211999152003392,0,6232.69282596843,16148.6122514376,640.202474965803,25.0867671254891,9054.4909329216,0.188411950909942,0.937132476781414,97.8,250.2,0,43.2833738597218,0.215288040578166,0.339901336531105,0.221539113843545,0.0394318422726309,0.00911596353614585,0.184952978056426,254.8,95.2,53.6866666666667,28.8,3344.87228881029,2451.78728113296,9.92425755455192,21.4,5.79846452844692,16.4,3,43.2833738597218,0.148610546364302
926,4.4,0.000635997456010176,0.0027559889760441,0.00105999576001696,0.000211999152003392,0,6232.69282596843,16148.6122514376,640.202474965803,25.0867671254891,9054.4909329216,0.188411950909942,0.937132476781414,97.8,250.2,0,43.2833738597218,0.215288040578166,0.339901336531105,0.221539113843545,0.0394318422726309,0.00911596353614585,0.184952978056426,254.8,95.2,53.6866666666667,28.8,3344.87228881029,2451.78728113296,9.92425755455192,21.4,5.79846452844692,16.4,3,43.2833738597218,0.148610546364302
927,3.4,0.000630384534566085,0.00168102542550956,0.00126076906913217,0,0,6308.53854628769,15957.2867460113,547.546988180146,25.0790334911143,8920.27618161357,0.187781747690124,0.938172189252666,96.6,248.6,0,45.3632388144858,0.238039371569146,0.338856594851574,0.217692792603488,0.0378230720739651,0.00819499894935911,0.181724493301271,251,88.6,50.7933333333333,28.6,3845.75138138785,2496.14186554622,9.98911749545444,21.2,6.56806986575696,17.8,3,45.3632388144858,0.149848996888133
928,2.6,0.000206996481059822,0.00124197888635893,0.00124197888635893,0,0,6322.34303476548,15943.9529460417,550.000601725278,24.9934977960217,8666.04483971998,0.190209417610039,0.939414128944279,98.2,247.8,0,45.8149331897238,0.202613792685841,0.341537233692699,0.216104326226454,0.037259366590768,0.00869385220451252,0.193825042881647,253.2,91,52.88,28.6,3257.97598551339,2307.01786887021,8.76352667507782,19.2,6.69681896956401,19.4,3.6,45.8149331897238,0.151692170829426
929,4.2,0.000635727908455181,0.00233100233100233,0.00148336511972876,0,0,6415.71080537347,17631.6916270026,658.885379590408,25.1584145130264,8397.60930118026,0.189872064707403,0.923196638689014,98.4,253.8,0,46.184251676381,0.154636988047136,0.33865160930369,0.214876033057851,0.026912481457936,0.0116550116550117,0.194415357766143,239.2,89.2,55.78,28.8,2783.3468821307,2261.88208618765,8.7209974417108,18.4,6.99250414560059,18.4,3.8,46.184251676381,0.149298950048435
930,3.8,0.000202675314146737,0.00202675314146737,0.00141872719902716,0.000202675314146737,0,6356.4803237024,17791.8409138966,796.367650945019,24.93109271667,8621.26070256442,0.209415709393533,0.925988042721597,105.2,247.8,0,49.5262282921441,0.326033948057634,0.330663253667394,0.226185650587758,0.0261451155249291,0.00668828536684232,0.197312356604392,255.6,93.8,50.4933333333333,28.6,4119.58165245885,3998.88207027187,12.8044474699678,24.6,8.95457732903045,22.4,3.4,49.5262282921441,0.154941416793295
931,4.6,0.00060459492140266,0.00322450624748085,0.00060459492140266,0,0.000201531640467553,6466.62074423416,16860.0714917204,1278.88190223972,25.0368808057902,8331.66393630943,0.193808590236297,0.917491720399141,100.8,250.2,0,38.178431687426,0.363520698317008,0.32015541445442,0.221080209592906,0.0268037081821846,0.0110842402257154,0.210738255033557,257,87.4,52.0666666666667,29.2,3298.6081840702,2485.17062981125,10.7188649253512,21.4,6.92530754232069,18.2,3.6,38.178431687426,0.153815634585244
932,6,0.000412371134020619,0.00474226804123711,0.000824742268041237,0.000206185567010309,0,6209.52522290283,15674.6695728602,790.694868457713,25.1136932435823,8951.14281782085,0.137323200862334,0.926230356813818,95.6,267.2,0,40.4188107344283,0.406796852141891,0.331417926861905,0.216907216494845,0.0257731958762887,0.0123711340206186,0.112101474117244,247.4,90.2,52.9333333333333,29,3509.33422302906,2537.14747502323,10.8815524889241,21.4,6.97027011443767,19.2,3.8,40.4188107344283,0.151891888533087
933,3.2,0.000414679659962679,0.00207339829981339,0.000829359319925358,0,0,7049.16482983425,18077.9922878854,1340.84892460127,24.9277656445428,8409.90613236645,0.13362260869804,0.913512697566015,88.8,247.4,0,43.2513696741411,0.256820778527049,0.304719577404043,0.222682977399959,0.0286128965374248,0.0105743313290483,0.12350457424349,252.6,92.8,53.24,29,3138.19041872908,2424.14932389599,9.74203115817875,22.6,5.44520319597315,16,3.6,43.2513696741411,0.149814750136366
934,4.4,0.000204457166223676,0.00368022899202617,0.000204457166223676,0.000408914332447352,0,5555.23149369188,14718.5514113328,695.748169969253,25.1268814978143,7781.01897110598,0.135374535810467,0.917490282479685,91.8,261.4,0,37.6097443503982,0.329986264215181,0.2712964494448,0.233490083827438,0.0273972602739726,0.0108362298098548,0.141126158232359,265.8,93.2,54.02,28.8,2879.50639245212,2577.11260368397,10.3217368125927,23.6,7.02191394299587,21,3.8,37.6097443503982,0.147182568293651
935,4.4,0.000204457166223676,0.00368022899202617,0.000204457166223676,0.000408914332447352,0,5555.23149369188,14718.5514113328,695.748169969253,25.1268814978143,7781.01897110598,0.135374535810467,0.917490282479685,91.8,261.4,0,37.6097443503982,0.329986264215181,0.2712964494448,0.233490083827438,0.0273972602739726,0.0108362298098548,0.141126158232359,265.8,93.2,54.02,28.8,2879.50639245212,2577.11260368397,10.3217368125927,23.6,7.02191394299587,21,3.8,37.6097443503982,0.147182568293651
936,4.2,0.000405104314360948,0.00283573020052664,0.000810208628721896,0.000202552157180474,0,5777.44723470528,15623.8959901924,867.865911594855,24.9378938550705,8442.27653740853,0.145578551149017,0.907902814189771,96.8,246.2,0,41.6652095868619,0.203554416231003,0.285283449530581,0.239011545472959,0.0265343325906421,0.0123556815880089,0.152888273953649,274.4,86.8,50.1133333333333,29,3305.30827809007,3626.32737104365,11.5517321872112,24.4,8.05318766442938,18.8,3.8,41.6652095868619,0.148994012987525
937,3,0.000401848503114326,0.00221016676712879,0.000401848503114326,0,0,5895.23364218156,15303.2012533399,819.429281021594,24.6943342702423,10950.0142615004,0.147873017095921,0.916131965923273,100.8,241,0,35.3174300632718,0.427613568203297,0.262460684892772,0.248141450673096,0.0265220012055455,0.0148683946152301,0.132015531238969,288.2,43.6,21.4,27.4,9593.78491640849,7986.78963792724,14.1811182943093,26.6,9.36750216543716,18.2,3.4,35.3174300632718,0.149403442901477
938,4.4,0,0.00381602731472183,0.000602530628640289,0,0,5806.46526660406,14655.2600579758,1243.05206975917,24.9286620433399,8885.62096584324,0.146997878092615,0.922285323958951,101,258.2,0,34.9515772885329,0.398645047682712,0.310663497834092,0.243623217513557,0.0239003816027315,0.0192809801164893,0.118187787261983,285.6,55.2,34.84,27.4,4571.34368245429,5581.7629392732,11.089729133334,20,8.97556055678328,18.4,3.8,34.9515772885329,0.151604428665554
939,3.6,0.000788177339901478,0.00216748768472906,0.000591133004926108,0,0,5617.8135459466,14362.208351676,1174.20199714434,24.9364643722359,9019.65493395088,0.156614377270528,0.922078608231366,107,253,0,36.5953062259457,0.497820334685612,0.30224795096633,0.238817733990148,0.0240394088669951,0.0183251231527094,0.118341307814992,285.4,57.4,36.4466666666667,27.2,4472.19269256571,5329.67657685336,11.2470233980561,20.4,8.1810795349209,16.4,3.8,36.5953062259457,0.15505523322856
940,4.2,0.000800480288172904,0.00260156093656194,0.000800480288172904,0,0,5817.61772055535,14891.5139579799,1323.21671083377,25.1335610341018,8891.72600766495,0.147240424156488,0.913484952053517,99.8,244.2,0,34.3921723680938,0.391665122271166,0.308811898782869,0.232939763858315,0.0258154892935761,0.0182109265559336,0.130243572395129,276.8,58,35.78,28,4044.0578476045,5384.46300196835,10.8045348767732,21.2,9.01299260241838,18.4,4,34.3921723680938,0.154238594822831
941,4.8,0.000806776926179911,0.0036304961678096,0.000403388463089956,0,0,5709.84992484249,14354.1275132281,1326.47345044288,25.0516072211435,8887.59314696129,0.145839271522396,0.91364456689189,99.6,244.6,0,34.1401955571172,0.357311819393989,0.302082842002071,0.234772085518354,0.0262202501008471,0.018354175070593,0.136705399863295,277,56.8,35.44,27.8,4043.45604302489,5422.15079616896,10.6873963409019,20.8,8.98459198049895,18.4,4,34.1401955571172,0.153790076229817
942,5.8,0.000796495420151334,0.00438072481083234,0.000597371565113501,0,0,6165.99944181156,14824.9041542431,973.732682329366,24.9767917829916,10657.1847351869,0.152553462247618,0.930465603905323,103.4,258,0,29.0997155953761,0.461553668999731,0.383261366454405,0.230585424133811,0.0266825965750697,0.0171246515332537,0.112410656270305,275.6,64,38.32,29,6515.82205281192,4508.73635474073,19.8200737243331,39,9.03200106074193,19,3.8,29.0997155953761,0.15598674558129
943,4.2,0.000522193211488251,0.00417754569190601,0.000783289817232376,0,0,2339.02020673135,5876.990511827,503.179865047362,24.9962653940754,8304.9922284328,0.11833495723293,0.839127227842628,82.2,234.4,0,6.67405829712231,0.387641972373929,0.0750302580465618,0.246475195822454,0.0349869451697128,0.0216710182767624,0.158117647058824,232.2,61,38.0866666666667,28.6,6300.02041021996,6151.2198540451,17.7915425936126,34.6,7.48555378021076,18,3.8,6.67405829712231,0.113820669966235
944,3.6,0,0.00284311191522357,0.00180925303696045,0,0,2754.27267644274,6921.09193963711,829.693755324758,24.9277438679753,7452.2890745103,0.11337641838622,0.84342119941259,80.8,224.4,0,6.38585048314839,0.251815884768405,0.0745090854525858,0.241147583354872,0.0364435254587749,0.0204187128456966,0.203339882121807,230.6,63.4,40.08,29.2,4818.32150172503,6419.76058345388,14.7447426459711,28.6,9.56146607075197,18.8,3.8,6.38585048314839,0.115328215940452
945,3.6,0,0.00284311191522357,0.00180925303696045,0,0,2754.27267644274,6921.09193963711,829.693755324758,24.9277438679753,7452.2890745103,0.11337641838622,0.84342119941259,80.8,224.4,0,6.38585048314839,0.251815884768405,0.0745090854525858,0.241147583354872,0.0364435254587749,0.0204187128456966,0.203339882121807,230.6,63.4,40.08,29.2,4818.32150172503,6419.76058345388,14.7447426459711,28.6,9.56146607075197,18.8,3.8,6.38585048314839,0.115328215940452
946,3.6,0,0.00284311191522357,0.00180925303696045,0,0,2754.27267644274,6921.09193963711,829.693755324758,24.9277438679753,7452.2890745103,0.11337641838622,0.84342119941259,80.8,224.4,0,6.38585048314839,0.251815884768405,0.0745090854525858,0.241147583354872,0.0364435254587749,0.0204187128456966,0.203339882121807,230.6,63.4,40.08,29.2,4818.32150172503,6419.76058345388,14.7447426459711,28.6,9.56146607075197,18.8,3.8,6.38585048314839,0.115328215940452
947,2.2,0.000603500301750151,0.00211225105612553,0.000603500301750151,0,0,2543.04696129865,6493.11927334455,547.093389295574,25.0366009216291,7657.55145356731,0.113936460568443,0.812972603096026,76.6,228.2,0,6.8722195270819,0.258314833113556,0.0779867570448542,0.216053108026554,0.0350030175015087,0.0187085093542547,0.0786627335299902,178.8,81.8,47.4866666666667,28.8,4751.78985879831,3329.08168454512,16.2306183800942,30.4,3.71816106255495,9.8,3.6,6.8722195270819,0.102820868527927
948,2.4,0.000307787011388119,0.00184672206832872,0.00123114804555248,0,0.000307787011388119,2423.14245273605,5797.23931616841,514.871927003946,24.7760912474244,7577.04222637895,0.10962901856358,0.820293494070288,75,217,0,5.84031326286016,0.253400883026823,0.0756652631515959,0.221606648199446,0.0363188673437981,0.0166204986149584,0.0803618946248004,178.4,87.6,47.9,28.2,4674.63474798769,3204.875763893,16.0308587948824,29.4,3.63950686226251,8.6,3.6,5.84031326286016,0.100978586164458
949,2.4,0.000307787011388119,0.00184672206832872,0.00123114804555248,0,0.000307787011388119,2423.14245273605,5797.23931616841,514.871927003946,24.7760912474244,7577.04222637895,0.10962901856358,0.820293494070288,75,217,0,5.84031326286016,0.253400883026823,0.0756652631515959,0.221606648199446,0.0363188673437981,0.0166204986149584,0.0803618946248004,178.4,87.6,47.9,28.2,4674.63474798769,3204.875763893,16.0308587948824,29.4,3.63950686226251,8.6,3.6,5.84031326286016,0.100978586164458
950,1,0,0.00173160173160173,0.000432900432900433,0,0,1457.50071250405,3936.99442098164,715.413478359425,24.8179784331,5597.43324069594,0.0716577682012994,0.4397395974649,49.2,149.4,0,1.3119872881433,0.0904189885330961,0.0494360658118516,0.243722943722944,0.0510822510822511,0.0207792207792208,0.13003355704698,145.8,74.2,35.1666666666667,27.6,4209.0798613905,4029.55492097225,9.69255583789171,20.4,2.99876718560595,8,3.4,1.3119872881433,0.099323181221548
951,1,0,0.00173160173160173,0.000432900432900433,0,0,1457.50071250405,3936.99442098164,715.413478359425,24.8179784331,5597.43324069594,0.0716577682012994,0.4397395974649,49.2,149.4,0,1.3119872881433,0.0904189885330961,0.0494360658118516,0.243722943722944,0.0510822510822511,0.0207792207792208,0.13003355704698,145.8,74.2,35.1666666666667,27.6,4209.0798613905,4029.55492097225,9.69255583789171,20.4,2.99876718560595,8,3.4,1.3119872881433,0.099323181221548
952,2.8,0.000426439232409382,0.00255863539445629,0.00255863539445629,0,0.000426439232409382,1102.51690203029,2911.30662681583,406.496963544483,25.0261186365427,6012.7431982287,0.0757465670285419,0.498122522712971,52,153.6,0,1.19962754131294,0.12401365135404,0.0442738278860074,0.24136460554371,0.0520255863539446,0.0285714285714286,0.134953897736798,151,74,36.5533333333333,28.2,4157.5309379819,4358.96965471887,10.6989054612698,23.2,3.58742868515177,8,3.4,1.19962754131294,0.0990485388626592
953,0.4,0,0.000414593698175788,0,0,0.000414593698175788,1354.66867841687,3915.6359400401,499.959809819373,24.9473808628322,6721.05135479132,0.0811757449235369,0.49781213261372,55.4,148.6,0,1.99194815616771,0.0746789994418845,0.0924110526562861,0.228441127694859,0.0518242122719735,0.0186567164179104,0.132465543644717,144.2,50.8,19.6866666666667,26.4,11542.3067508995,12280.9906121001,18.951324318852,31,7.19501266823465,14.2,1.6,1.99194815616771,0.13190474853049
954,0.8,0.000458505272810637,0.000917010545621275,0,0,0.000458505272810637,1139.4285488658,3091.94906094209,438.139415504983,24.989621766291,6784.37798832451,0.0824143055356029,0.413198877373942,56,131,0,1.04369349730956,0.0747433284115976,0.091105546479092,0.266850068775791,0.056854653828519,0.0206327372764787,0.154059040590406,150.2,53.8,18.9,25.4,12672.2899193835,7793.34158496452,17.8730961717628,30,4.65339169081568,11.4,1.8,1.04369349730956,0.123470759252825
955,1.8,0.000422119037568594,0.00253271422541157,0.000844238075137189,0,0,1189.96183944463,3607.24996857679,380.336426422196,24.9076318567112,7242.84380437589,0.085887602111177,0.473227738968695,56,151.8,0,1.38576258104841,0.144878219223815,0.0608923012736283,0.257492612916843,0.0489658083579569,0.0249050232165471,0.142628205128205,157,56.2,23.8333333333333,26.4,9807.11400282489,9694.83720509832,18.7909172382319,32.6,6.54045938681078,13.4,1.8,1.38576258104841,0.103625024331295
956,1.6,0,0.00173913043478261,0.00173913043478261,0,0,1007.91888957379,2775.19741774146,448.427745856785,31.3956648582201,7922.01022891273,0.0809167108408101,0.433051470749717,56.8,146.8,0,0.932185981778004,0.137624933590656,0.0585513585209176,0.239130434782609,0.0504347826086957,0.021304347826087,0.144214162348877,143,59.2,21.7733333333333,26.8,10556.4121728313,8729.80479133186,18.948799627571,29.6,4.91561356347283,9.8,2,0.932185981778004,0.10070035086622
957,1.6,0,0.00173913043478261,0.00173913043478261,0,0,1007.91888957379,2775.19741774146,448.427745856785,31.3956648582201,7922.01022891273,0.0809167108408101,0.433051470749717,56.8,146.8,0,0.932185981778004,0.137624933590656,0.0585513585209176,0.239130434782609,0.0504347826086957,0.021304347826087,0.144214162348877,143,59.2,21.7733333333333,26.8,10556.4121728313,8729.80479133186,18.948799627571,29.6,4.91561356347283,9.8,2,0.932185981778004,0.10070035086622
958,1.6,0.00127334465195246,0.00127334465195246,0.000848896434634975,0,0,1237.09652942919,3957.0102623757,427.827710337801,31.7256647959891,8005.80593565489,0.083197702160129,0.424173157394258,57.4,140,0,1.64712966299634,0.0576298769216348,0.0572529237686242,0.271222410865874,0.0475382003395586,0.0131578947368421,0.211538461538462,156.4,14,6.54,18.2,13101.3835038801,14880,10.0651495663261,16.6,0.922717743579262,1.25,1.6,1.64712966299634,0.101519169781398
959,1.6,0.00127334465195246,0.00127334465195246,0.000848896434634975,0,0,1237.09652942919,3957.0102623757,427.827710337801,31.7256647959891,8005.80593565489,0.083197702160129,0.424173157394258,57.4,140,0,1.64712966299634,0.0576298769216348,0.0572529237686242,0.271222410865874,0.0475382003395586,0.0131578947368421,0.211538461538462,156.4,14,6.54,18.2,13101.3835038801,14880,10.0651495663261,16.6,0.922717743579262,1.25,1.6,1.64712966299634,0.101519169781398
960,1.6,0.000865051903114187,0.000865051903114187,0.00173010380622837,0,0,1117.63199790877,3283.63358806431,481.80704303219,31.3386767064041,8840.07219985951,0.0803425744719847,0.399957237806481,55.4,138,0,1.04805656734464,0.0455185651894609,0.0496670399701631,0.252162629757785,0.0536332179930796,0.0151384083044983,0.201203783319003,148.4,13.8,6.5,18.2,12968.7292132884,9991.87984072864,9.11083961416498,15.4,1.16873346445681,2,1.8,1.04805656734464,0.100569926983912
961,1.2,0,0.00134952766531714,0.00134952766531714,0,0,1335.30903344948,3509.6214153722,719.264100386296,32.2375801876053,10425.4999799848,0.0832725396682703,0.43905455225835,53.8,146.2,0,1.13330871242812,0.0599867991111455,0.0454557421402528,0.214125056230319,0.0557804768331084,0.0256410256410256,0.243486073674753,131.4,12.8,6.16,16.6,14141.028049023,12960,9.68964764405074,16.8,0.841778469826429,1,2,1.13330871242812,0.106416209154024
962,1.2,0,0.00134952766531714,0.00134952766531714,0,0,1335.30903344948,3509.6214153722,719.264100386296,32.2375801876053,10425.4999799848,0.0832725396682703,0.43905455225835,53.8,146.2,0,1.13330871242812,0.0599867991111455,0.0454557421402528,0.214125056230319,0.0557804768331084,0.0256410256410256,0.243486073674753,131.4,12.8,6.16,16.6,14141.028049023,12960,9.68964764405074,16.8,0.841778469826429,1,2,1.13330871242812,0.106416209154024
963,1.4,0,0.00192529842125529,0.000770119368502118,0,0,1717.41022400192,5305.50029159288,510.250056197753,31.9917508699817,8696.8971993698,0.100798753808775,0.646856051105755,68,183.8,0,3.43736008277799,0.063697750547605,0.0870235787638362,0.21832884097035,0.0485175202156334,0.0150173276857913,0.159517426273458,146.4,13,4.56,17.4,21143.62498033,17109.1064205508,13.155911341576,20.6,0.645503292996907,1,1.8,3.43736008277799,0.139231361912205
964,1.2,0,0.0015552099533437,0.000777604976671851,0,0,1740.12460620459,5335.77225611495,514.373579235641,32.0246111612325,9117.10851508083,0.100193768851868,0.649130260167493,67,183.6,0,3.44261788888903,0.0635374662324206,0.087600187891785,0.22045101088647,0.0486003110419907,0.0151632970451011,0.153122901276024,146.2,13,4.57333333333333,17.4,21123.8767559754,17109.1064205508,13.1747320679527,20.8,0.645503292996907,1,1.8,3.44261788888903,0.139373233096512
965,1,0.000373273609555804,0.00111982082866741,0.000373273609555804,0,0,1188.25402893362,4162.24604280274,442.411180650867,31.3516803047629,8315.17982673235,0.0929626062357194,0.454816409712687,71,174.4,0,1.87272295093321,0.01814670231637,0.0262276975309302,0.231802911534155,0.0459126539753639,0.017170586039567,0.16887417218543,158,17.6,8.68666666666667,20,11636.6281902324,9196.29290782278,10.8971834978247,19.2,1.59020891030916,2.4,2,1.87272295093321,0.0860324539563352
966,2.2,0,0.00352526439482961,0.000783392087739914,0,0,3548.39801280478,9237.88322437991,3041.34116929484,31.720508012259,7868.42288168988,0.0720398475148871,0.432344924381506,55,166.6,0,0.950675067012362,0.04794141187903,0.0731835373714751,0.233059146102624,0.0701135918527223,0.0133176654915785,0.141586360266864,161.6,14.6,6.82666666666667,20.2,12327.6945046048,14400,9.71568004316982,18.4,0.956375111566791,1.4,1.8,0.950675067012362,0.137306988391588
967,2.2,0.00107874865156419,0.00179791441927364,0.00107874865156419,0,0,2955.1451953338,8872.70975262642,2253.53887709713,31.6308369124752,8659.82906872903,0.0974543706066761,0.600180283690019,75.6,202.4,0,2.09204151672514,0.0573322698938137,0.0766057177439893,0.246314275440489,0.0571736785329018,0.0125854009349155,0.0387215734480639,175.8,15.2,5.7,20.2,16314.3861003348,7071.30298522375,13.1142103450887,22.4,0.809529577189872,1,1.6,2.09204151672514,0.141845759667062
968,1.8,0.000681431005110733,0.0020442930153322,0.000340715502555366,0,0,3750.72802822117,9955.12927582274,2495.29016652168,31.5782115766072,8567.1614913588,0.10600136325469,0.693220157385443,81.8,226.2,0,4.50483987209446,0.168029912111961,0.120116578220363,0.18160136286201,0.0568994889267462,0.00851788756388416,0.0619930475086906,145,21,8.07333333333333,18.8,16525.9645459104,18090.3581015371,14.9764752235567,21.4,0.929691962585961,1.33333333333333,1.8,4.50483987209446,0.155110293509063
969,1.4,0.000383288616328095,0.00153315446531238,0,0.000383288616328095,0.000383288616328095,2779.84482168228,8087.73715870367,2107.28805048971,31.5769478566675,8470.75401521783,0.0921248611446644,0.532546339867276,75.2,196,0,2.14433812108233,0.119312255987138,0.0619835772165508,0.199310080490609,0.06439248754312,0.0130318129551552,0.0697831978319783,144.4,17,6.92,19.2,18446.0164720143,22349.6458407921,14.9341558971936,24.6,1.29411677081398,2,1.6,2.14433812108233,0.140379972605709
970,2.6,0.000745990302126072,0.00372995151063036,0.000372995151063036,0,0,2925.48319119892,8674.41521100077,1783.34593903928,31.4710797307702,9030.87760954835,0.0902632509989283,0.553949593870487,73,195.8,0,3.42291140117809,0.0425499725450887,0.0489909992307225,0.188362551286833,0.0555762775083924,0.0141738157403954,0.0563106796116505,138.4,20.6,10.06,18.8,10630.7604207796,9851.65789903236,13.8364545667882,22.6,0.957883287463155,1.2,2,3.42291140117809,0.116371678345473
971,1.6,0.000356633380884451,0.0021398002853067,0.000356633380884451,0,0,3499.77410768583,9338.20600850175,2463.73072790319,31.7669496320283,8400.85525541686,0.0963013804723833,0.596019375915174,76.4,215.8,0,3.70614341854392,0.0898222711563273,0.0755107577197253,0.174393723252496,0.0570613409415121,0.011055634807418,0.0612373737373737,136,20.2,10,20.4,12183.9477708558,8504.15056345039,14.8284801137878,23.4,2.00539570865467,2.66666666666667,2,3.70614341854392,0.122781017498837
972,2,0.000345542501727712,0.0027643400138217,0.000345542501727712,0,0,3639.88173778296,9569.03867210067,2538.60219430534,31.5656112784301,8051.3786226283,0.0967004630857009,0.589003572200428,76,217.6,0,4.06151902219567,0.107933003054337,0.0795846522563003,0.169661368348307,0.0545957152729786,0.0103662750518314,0.063030303030303,135.8,21,10.16,19.6,12166.1728656441,9303.44152382334,15.0360464339232,23.6,1.71345242301673,2.33333333333333,2,4.06151902219567,0.126830076282046
973,2,0.000345542501727712,0.0027643400138217,0.000345542501727712,0,0,3639.88173778296,9569.03867210067,2538.60219430534,31.5656112784301,8051.3786226283,0.0967004630857009,0.589003572200428,76,217.6,0,4.06151902219567,0.107933003054337,0.0795846522563003,0.169661368348307,0.0545957152729786,0.0103662750518314,0.063030303030303,135.8,21,10.16,19.6,12166.1728656441,9303.44152382334,15.0360464339232,23.6,1.71345242301673,2.33333333333333,2,4.06151902219567,0.126830076282046
974,2,0.000345542501727712,0.0027643400138217,0.000345542501727712,0,0,3639.88173778296,9569.03867210067,2538.60219430534,31.5656112784301,8051.3786226283,0.0967004630857009,0.589003572200428,76,217.6,0,4.06151902219567,0.107933003054337,0.0795846522563003,0.169661368348307,0.0545957152729786,0.0103662750518314,0.063030303030303,135.8,21,10.16,19.6,12166.1728656441,9303.44152382334,15.0360464339232,23.6,1.71345242301673,2.33333333333333,2,4.06151902219567,0.126830076282046
975,4,0,0.00613695090439277,0.000322997416020672,0,0,4434.13969163766,10825.0826352085,2631.81249819006,31.5054105165094,8925.80383724309,0.100902828954727,0.646209776269077,80.6,213.2,0,7.89656645141943,0.0729565118605171,0.0744322411378726,0.175710594315245,0.0516795865633075,0.0113049095607235,0.0708661417322835,147.8,20.6,9.78666666666667,18.8,11839.4662145741,9517.41890350043,13.8017459920428,22.2,1.22111950190707,2.2,2,7.89656645141943,0.132160837807074
976,3,0,0.00448275862068965,0.000344827586206897,0.000344827586206897,0,4131.69579384436,10277.8527338901,2451.4212150548,31.6510615512281,8761.76502871513,0.0959136402731758,0.595547377543897,77.8,211.4,0,5.91836761669473,0.047924199249788,0.0455463173113147,0.17448275862069,0.0575862068965517,0.0124137931034483,0.0673575129533679,141.8,23.8,11.5266666666667,20,10172.0461089165,6642.98724731581,13.6409724999735,24,1.25305606552535,2.6,1.8,5.91836761669473,0.124866928524118
977,2,0,0.00316233309908644,0.000351370344342937,0,0,3777.95925973124,9630.17013032608,2321.47058377682,31.4903699954824,8964.25392584899,0.097183899820197,0.627938285718626,77.2,208.8,0,4.8702229145997,0.161040499313713,0.0526894659093929,0.16268446943078,0.0604356992269852,0.0122979620520028,0.073200241984271,134,18,8.27333333333333,18.2,11777.7139034642,10385.8117772925,12.1084663000679,18,0.814746271312812,1.4,1.8,4.8702229145997,0.126363264409688
978,3.4,0.000356379187455453,0.00570206699928724,0,0,0,4148.57137496726,9835.97223077553,3525.3111927009,31.5846017132043,8308.47415290938,0.086299304733238,0.492009075012657,67.4,193.6,0,1.72158051997144,0.0433240990519396,0.0350957954947794,0.178902352102637,0.063791874554526,0.0124732715609408,0.128440366972477,143.2,15,6.31333333333333,19.4,14054.2352014338,12843.1614765686,12.167737868406,19.8,1.76062247709613,3,1.6,1.72158051997144,0.0970656689820835
979,3,0.000358551452133381,0.00501972032986734,0,0,0,4421.03576916327,10814.9922298676,2385.94039181585,31.8333119348583,7589.75378180692,0.0929650374016702,0.674575382593657,72.6,210.2,0,7.06890797183543,0.0723968395284009,0.123639534361695,0.172104697024023,0.0656149157404087,0.00896378630333453,0.0615873015873016,137.6,17.2,8.76666666666667,19.8,13129.2705428222,17280,13.321474849251,20.6,1.67561402524523,3,2,7.06890797183543,0.149570187781972
980,2,0.00037397157816006,0.00299177262528048,0,0.00037397157816006,0,4130.78980920882,11272.8830418597,2118.31551344385,31.505727619849,8948.29298373593,0.0905424617443465,0.60996522258896,72,206.4,0,6.65719442173796,0.117859438895914,0.0861569835717106,0.163051608077786,0.0602094240837696,0.00972326103216156,0.0580645161290323,124.6,18.8,7.38666666666667,16.8,17134.7313144191,14984.257954706,14.369190622933,20.4,1.30037367832306,2,1.8,6.65719442173796,0.0905900768949032
981,3,0.000965561635017702,0.00354039266173157,0.000321853878339234,0,0,5973.88031162982,14126.9612750526,2805.4142998773,31.3398395750483,9950.25887544707,0.111070626081866,0.728952398536138,87.2,246.6,0,12.4767450165505,0.351059891764466,0.274093917559153,0.159961377534599,0.0527840360476344,0.00869005471515932,0.0776545166402536,137.6,20,6.92,19,21208.8388286526,21178.7067907789,18.2496592392238,27.6,2.49500304031343,3,1.6,12.4767450165505,0.142438815316144
982,3.4,0.000323624595469256,0.00453074433656958,0.000647249190938511,0,0,4066.7962285822,10279.6147969256,2706.32271309891,31.7002234551486,8337.67884176281,0.0813741721037893,0.631925196953311,65,200,0,4.06653395202311,0.0989295369305785,0.0749211443442166,0.266990291262136,0.0517799352750809,0.00744336569579288,0.088875453446191,201.6,15.4,5.92,17.4,18787.2204078763,14400,13.1827400289275,20.4,1.32265644328051,1.8,1.6,4.06653395202311,0.136761313227896
983,3.4,0.000323624595469256,0.00453074433656958,0.000647249190938511,0,0,4066.7962285822,10279.6147969256,2706.32271309891,31.7002234551486,8337.67884176281,0.0813741721037893,0.631925196953311,65,200,0,4.06653395202311,0.0989295369305785,0.0749211443442166,0.266990291262136,0.0517799352750809,0.00744336569579288,0.088875453446191,201.6,15.4,5.92,17.4,18787.2204078763,14400,13.1827400289275,20.4,1.32265644328051,1.8,1.6,4.06653395202311,0.136761313227896
984,3.2,0.000328947368421053,0.00427631578947368,0.000657894736842105,0,0,3885.37420133614,10049.9423892287,2835.12872549715,31.6383548290059,8107.84657760777,0.075854898249447,0.584603424514429,60.8,188.4,0,2.89709756332676,0.110400881579494,0.0572119284718689,0.269407894736842,0.0549342105263158,0.00855263157894737,0.0933753943217666,202.4,16.4,7.16666666666667,17,15611.5466219103,14400,12.1019568116749,19,1.24339025944114,1.6,1.8,2.89709756332676,0.132918439737055
985,4.8,0.000696378830083565,0.00661559888579387,0.00104456824512535,0,0,3825.35175534293,9968.76612582759,2151.39636804337,31.5638372868658,7470.01812790557,0.0892748467570244,0.589476703570454,70,197.6,0,5.6378728888974,0.0322790002794748,0.135215969697656,0.248607242339833,0.056058495821727,0.008008356545961,0.0420806545879603,179.6,18.4,7.75333333333333,19.2,15891.5774707502,10080,14.957855670502,24.8,1.42251582468997,2.2,1.8,5.6378728888974,0.160343247018983
986,5.4,0.000334112930170398,0.00668225860340795,0.00200467758102239,0,0,3888.54472050845,9997.95867172823,2159.21636777625,31.6463859782851,7420.70665755051,0.0918319901340424,0.613641141050588,73,201,0,6.25152920680206,0.0518329970974679,0.134017631940219,0.242565987303709,0.0544604076177748,0.00768459739391914,0.0317286652078775,182.4,20.2,8.77333333333333,18.6,14480.9476003125,4491.73230921603,14.9817580810769,25,1.00247757983814,1.8,1.6,6.25152920680206,0.164630867204348
987,5.4,0.000677048070412999,0.00744752877454299,0.0010155721056195,0,0,3914.05521222941,10286.2332333919,2189.75907465557,31.7702307981373,9803.38781197571,0.0941196829807235,0.703634835194674,75.4,222.4,0,5.80030869844292,0.154819093400632,0.122044726839534,0.248476641841571,0.0551794177386594,0.00981719702098849,0.032,185.2,19.2,8.38,18.2,14891.5623279506,14548.058785686,12.91557634173,20.8,0.922438528557528,1.75,1.6,5.80030869844292,0.162903837641809
988,5.4,0.000677048070412999,0.00744752877454299,0.0010155721056195,0,0,3914.05521222941,10286.2332333919,2189.75907465557,31.7702307981373,9803.38781197571,0.0941196829807235,0.703634835194674,75.4,222.4,0,5.80030869844292,0.154819093400632,0.122044726839534,0.248476641841571,0.0551794177386594,0.00981719702098849,0.032,185.2,19.2,8.38,18.2,14891.5623279506,14548.058785686,12.91557634173,20.8,0.922438528557528,1.75,1.6,5.80030869844292,0.162903837641809
989,3,0,0.00550614146548073,0.000847098686997035,0,0,2496.84317998485,7871.61748236568,1984.6552426811,31.7706520406696,7982.42975560395,0.0741732787124332,0.381218732665798,57.6,160.6,0,1.15611474702471,0.0623939068980539,0.060838845171744,0.239305379076662,0.0703091910207539,0.013130029648454,0.0278460278460278,152.4,21.6,10.1,18.8,9397.46503379489,4726.15749704138,9.38658889048338,18.2,0.434267287941066,1.4,1.8,1.15611474702471,0.112034933979974
990,3.2,0.000406173842404549,0.00609260763606824,0,0,0,3648.8223734057,9371.1444304522,3357.77513246854,31.8732830923033,7075.3255717642,0.066947617469584,0.340952876766202,50.2,137.6,0,0.587960759438526,0.0621144694136727,0.051549909789939,0.267668562144598,0.0751421608448416,0.0142160844841592,0.0629978276611151,175.8,16.6,5.66,18,17330.1704867625,13179.5922315682,10.124508935994,18.2,3.2030765390633,4.4,1.6,0.587960759438526,0.115616874999894
991,7.4,0.000239291696578129,0.00717875089734386,0.00143575017946877,0,0,6445.31216514584,14808.5724387937,1693.51598696615,34.8150471587582,9606.90222389223,0.190293479067153,0.934188485398206,95.6,263.6,0,35.3976853711419,0.365098108913221,0.193256929872738,0.164871978942331,0.0550370902129696,0.0141182100981096,0.12043512043512,195.6,79,43.4333333333333,28.2,3194.86243460211,2611.7059919694,10.8808660752288,24,2.87159716215454,7.6,4,35.3976853711419,0.150851301884596
992,8,0.00023906287353574,0.00788907482667942,0.00143437724121444,0,0,6552.16306423266,14976.0667488752,1879.70799739606,34.8913333035049,9327.86160237695,0.18593336806361,0.93412024777284,91.8,269.2,0,34.1566862367432,0.386251162105135,0.192188515773102,0.16949557733684,0.0557016495338274,0.0133875209180014,0.115925058548009,199.6,79.8,44.4133333333333,28.2,3166.65450067525,2974.74946984064,10.9603825207356,24.8,2.68210131137752,7.2,4,34.1566862367432,0.150196174205974
993,9,0.000229042601923958,0.00847457627118644,0.00137425561154375,0.000229042601923958,0,6167.13681358605,15978.9618902494,1812.97203898292,34.8807742284814,9631.39648925181,0.182424532499081,0.943635572189254,92,265.4,0,32.9054594542133,0.284953855779393,0.117537431188046,0.26042143838754,0.0517636280348145,0.0100778744846541,0.0849364791288566,281.4,93.4,51.4333333333333,28.6,2978.78450796948,2698.46592801265,9.68397598128684,21.6,2.2923903562025,6,4,32.9054594542133,0.139683312320131
994,7.4,0,0.0069788383610986,0.00135074290859973,0,0,6326.73194409685,15348.7676400413,1723.55988145716,34.8169489576083,9987.24393262661,0.171328731036178,0.943520995095414,85,264.8,0,31.0722440667148,0.336951032538963,0.118756024770793,0.260468257541648,0.0513282305267897,0.0117064385411977,0.0786305492851768,287.4,85.8,49.2,28.2,3272.92355789957,2244.55212024793,10.0328305047436,23.4,2.32791302504844,6.4,4,31.0722440667148,0.14110350673575
995,7.6,0.000224466891133558,0.00718294051627385,0.00112233445566779,0,0,5307.21659688935,12749.8485950885,1924.82698732122,35.1760584538626,9238.1373158083,0.173278585330135,0.942100764764799,89,258,0,23.082087923898,0.198589047149521,0.117010486979064,0.274747474747475,0.0496071829405163,0.0118967452300786,0.0662717512032581,299.6,85,47.52,28,3148.5057435637,2490.05062086255,9.96840246898095,21.8,2.37917832452826,6,4,23.082087923898,0.138350317316589
996,4.6,0,0.00468274408803559,0.000702411613205338,0,0,5737.08120853966,13761.8586614635,1514.58212790274,34.9971492280776,9609.55341163611,0.18177855866019,0.965707908917251,94.8,263.8,0,27.0103559381612,0.338592802359267,0.12412690387025,0.266916413018029,0.0487005385155701,0.0105361741980801,0.048951048951049,278.6,90.8,48.6066666666667,27.6,3118.29757477029,2500.22198752269,10.0412635108133,22.8,1.88880706021241,5.4,4,27.0103559381612,0.134726605055442
997,5.6,0,0.0048951048951049,0.00163170163170163,0,0,6152.00299438618,15347.6792863166,1691.35674241344,34.9148173370427,10180.0032125916,0.181648708578978,0.914525220606996,90.6,260.6,0,32.5303493245599,0.291065624293558,0.107935459073828,0.272960372960373,0.0482517482517483,0.0114219114219114,0.0688057040998217,285.4,97,50.74,28.2,2601.08288387108,2945.33755300974,8.95846598164336,20.8,2.08952773353511,7,4,32.5303493245599,0.135275417712495
998,7.6,0,0.00727699530516432,0.00164319248826291,0,0,6775.94843233292,15934.5181295268,2497.5692857031,35.0305097409875,8543.36596700944,0.184702065911965,0.87025493950981,90.8,234.2,0,29.2916387413217,0.25382884781877,0.114211880720752,0.276525821596244,0.0375586854460094,0.0119718309859155,0.0646840148698885,277.8,85.2,47.8533333333333,28.2,2122.24125682031,1324.58278342689,6.87217628884205,17.4,1.29282681957301,5.2,4,29.2916387413217,0.132877355780655
999,5.6,0,0.00549587809143143,0.00149887584311766,0,0,6298.79544355019,14802.7587302771,2736.90104995726,35.1100671018727,8383.79280367037,0.172942958117918,0.867353706302421,84.6,248,0,19.7074508798055,0.345830175994656,0.0762604008673653,0.285036222832875,0.0437172120909318,0.0139895078690982,0.0666931321953156,274.4,78.8,42.76,28,2267.61789773232,2241.71117470938,8.53098478907337,18.8,2.2974312812921,6.6,4,19.7074508798055,0.124321493706268
1000,3.8,0,0.005496662740479,0.00157047506870828,0.000392618767177071,0,2981.28394922117,8832.21649378012,1905.29368551749,35.0328050622614,5714.19441134336,0.124587198704775,0.678758523514322,64.2,200.6,0,4.5104054464556,0.158306853403333,0.0211014745196893,0.281115037298783,0.0655673341185709,0.0196309383588536,0.0761014686248331,186.6,87.2,46.3733333333333,28.2,2178.6513684341,1324.5170427616,6.29779836332783,22,0.976475309957712,4.4,4,4.5104054464556,0.117853116977926
1001,4.2,0,0.00682456844640707,0.00160578081091931,0,0,2661.63747068292,8089.27465195695,2004.26153466852,34.9654411264374,5444.28163749851,0.123251127846361,0.655682897406173,63.6,202.6,0,2.4963883607008,0.187051643775162,0.0198610178047633,0.276595744680851,0.0694500200722601,0.0192693697310317,0.0764912280701754,182,82.8,45.56,28.2,2321.0493217084,1403.05402355109,6.7227868106765,23.4,1.12256621699286,4.4,4,2.4963883607008,0.115456542749318
1002,3.8,0,0.005496662740479,0.00157047506870828,0.000392618767177071,0,2981.28394922117,8832.21649378012,1905.29368551749,35.0328050622614,5714.19441134336,0.124587198704775,0.678758523514322,64.2,200.6,0,4.5104054464556,0.158306853403333,0.0211014745196893,0.281115037298783,0.0655673341185709,0.0196309383588536,0.0761014686248331,186.6,87.2,46.3733333333333,28.2,2178.6513684341,1324.5170427616,6.29779836332783,22,0.976475309957712,4.4,4,4.5104054464556,0.117853116977926
1003,2,0,0.0032798833819242,0.000364431486880466,0,0,3344.48409288641,9515.83915615951,2305.2213303925,35.090330195799,5495.55621855991,0.121568722543133,0.681084573374415,61.8,205.6,0,3.8760509225251,0.130317233280045,0.0651860193276798,0.302113702623907,0.0623177842565598,0.0185860058309038,0.0839646464646465,210.2,93,46.82,27.8,1842.63356291665,1290.62720998732,5.7643384591842,22.2,0.929890051006798,3.6,4,3.8760509225251,0.170168708091407
1004,3,0,0.00505246793626117,0.000388651379712398,0.000388651379712398,0,2958.47272243815,8704.79832615893,2298.63865074891,34.9568586333029,5746.81908780303,0.126103843232981,0.476779272479563,59.6,167,0,1.6236717458216,0.216562332959287,0.0385487646353303,0.315584920326467,0.0621842207539837,0.0240963855421687,0.127384196185286,206.8,71.4,39.38,27.2,2863.60367448174,2476.14191623178,9.036689573722,22.8,3.03721059504896,7.2,4,1.6236717458216,0.108726702704779
1005,2,0,0.00286181520850368,0.00122649223221586,0,0,2431.91657506909,8402.51574643519,2142.4419021106,34.3996733487581,5461.37307329944,0.114132880362639,0.430252613422863,59.6,155.4,0,0.601163568683818,0.148315970646623,0.0344710816729033,0.30539656582175,0.0695012264922322,0.0241210139002453,0.0852187028657617,195.2,74.4,41.34,27.2,2493.0039132788,1982.99479170262,6.72476000968161,20.6,0.998674337781251,3.2,4,0.601163568683818,0.108755810485704
1006,2.6,0,0.0032599837000815,0.00203748981255094,0,0,2305.27679250476,7285.09969792801,1714.69646418324,35.1288822064859,5809.73300884088,0.126399428372486,0.526910009739275,65.8,169,0,1.29546954786668,0.216376513253825,0.0281532370383284,0.331295843520782,0.0578647106764466,0.019559902200489,0.0447761194029851,200.6,79.2,44.34,27,2815.0301386799,2579.8214449917,8.79504295694546,25,0.993332341654655,3.8,4,1.29546954786668,0.132672703510631
1007,2.8,0,0.00446428571428571,0.00037202380952381,0.00037202380952381,0,2812.54511806836,8324.75536789054,1624.52648086591,35.2343972366767,5919.84430669021,0.141395414909414,0.548388983790033,72.8,172.4,0,3.79872800029605,0.178210753709663,0.115705972928321,0.322916666666667,0.0517113095238095,0.0159970238095238,0.0471524800979792,210,93,47.6,27.2,2389.85662874226,1440.36492853889,7.75538753674312,19.2,0.770374488186761,3.6,4,3.79872800029605,0.13882881720524
1008,2.8,0,0.00446428571428571,0.00037202380952381,0.00037202380952381,0,2812.54511806836,8324.75536789054,1624.52648086591,35.2343972366767,5919.84430669021,0.141395414909414,0.548388983790033,72.8,172.4,0,3.79872800029605,0.178210753709663,0.115705972928321,0.322916666666667,0.0517113095238095,0.0159970238095238,0.0471524800979792,210,93,47.6,27.2,2389.85662874226,1440.36492853889,7.75538753674312,19.2,0.770374488186761,3.6,4,3.79872800029605,0.13882881720524
1009,4.6,0,0.00622621930127983,0.0013836042891733,0.000345901072293324,0,3281.7127227269,9200.22670914864,1761.3731389934,35.0744481515355,6729.26696276577,0.142655731763762,0.614952809673852,72.6,179.6,0,5.14124276035917,0.446131530653372,0.106719826531549,0.320996195088205,0.0518851608439986,0.0145278450363196,0.0622837370242214,224,89.2,44.96,27.4,2426.87311950062,1533.33846084751,9.70227076586816,20.6,0.899997809525124,3.6,4,5.14124276035917,0.143618387716259
1010,3.6,0.00034435261707989,0.00447658402203857,0.00137741046831956,0,0,3729.26405608096,10099.7931169364,1558.49659273094,34.8763799728351,6505.5514241087,0.152819486538319,0.727511042062556,77.8,197.4,0,8.99593062313112,0.144653918116131,0.144093982516183,0.327823691460055,0.0516528925619835,0.0144628099173554,0.0298177802319161,228.8,96.2,47.1666666666667,27.6,1875.66836004284,1367.0864016079,6.66321961479766,16.6,0.732642437531632,3.2,4,8.99593062313112,0.148030885501621
1011,4.2,0,0.00680966973101805,0.000340483486550902,0,0,2908.49606807481,7985.5397061099,1360.23811444503,35.2992149847676,5756.25061711758,0.157703693068081,0.735008182932032,78.4,202.2,0,6.504390515461,0.201418574037319,0.087746778330271,0.324140279196459,0.0456247871978209,0.0156622403813415,0.0553814002089864,226.4,99,49.64,27.2,2035.28197465972,897.232982992823,7.76211219013177,21.6,0.613686216324259,3.2,4,6.504390515461,0.12161207029753
1012,4.2,0,0.00680966973101805,0.000340483486550902,0,0,2908.49606807481,7985.5397061099,1360.23811444503,35.2992149847676,5756.25061711758,0.157703693068081,0.735008182932032,78.4,202.2,0,6.504390515461,0.201418574037319,0.087746778330271,0.324140279196459,0.0456247871978209,0.0156622403813415,0.0553814002089864,226.4,99,49.64,27.2,2035.28197465972,897.232982992823,7.76211219013177,21.6,0.613686216324259,3.2,4,6.504390515461,0.12161207029753
1013,3.2,0,0.00545888775162061,0,0,0,2848.41197171875,7641.59645895584,1401.11695658264,35.2395881555308,5825.17179695238,0.156910230610975,0.734821958762744,77.8,202.4,0,6.24685512645421,0.189922040457337,0.0863027746179419,0.322756738314568,0.0460593654042989,0.0156943022859092,0.0571131879543094,225.4,98,49.56,27,2018.3242456908,930.155146580528,7.54901303159574,21.2,0.616187347396225,3.2,4,6.24685512645421,0.12114550215168
1014,2.6,0,0.0026697177726926,0.0015255530129672,0.0007627765064836,0,2368.40214484621,7320.35854796176,1370.32215862514,35.0407483269639,5127.05140710236,0.138609781867131,0.614674608412415,70.8,176.4,0,2.82401475889307,0.126814197273254,0.0420513715178539,0.331045003813883,0.0491990846681922,0.0148741418764302,0.0274584929757344,207.2,96.6,47.7466666666667,26.8,1973.50918454106,785.278215399277,7.31797771086716,18.8,0.301348205009921,2.2,4,2.82401475889307,0.0813329817563788
1015,2.8,0,0.00453857791225416,0.00075642965204236,0,0,3351.03398991692,9201.46573616673,3076.21091327005,34.8259422631943,4617.85481790945,0.112776453889463,0.401459973378687,53.6,140,0,0.616828062081779,0.133196258381472,0.0463041729379335,0.34606656580938,0.0711043872919818,0.0208018154311649,0.0654613466334165,231.6,81.8,41.5533333333333,26.6,1175.73564497481,842.588901858049,3.83823262845856,13.6,1.01360082969653,4.6,4,0.616828062081779,0.0834542426834387
1016,2.8,0.000784929356357928,0.0043171114599686,0.000392464678178964,0,0,3088.12915007422,8812.55939686804,2728.62772982365,34.7517132457972,3520.13289981438,0.104203580044802,0.435310930301226,51.6,145.2,0,1.04082805109263,0.0640667505121206,0.0687763233706084,0.324960753532182,0.0702511773940345,0.0164835164835165,0.0727650727650728,209.8,85,44.1,27.2,1290.1110494982,623.979894027544,3.57877319164852,14.6,0.997205842411448,5,4,1.04082805109263,0.106071270029212
1017,3.8,0.000373412994772218,0.00597460791635549,0.000746825989544436,0,0,3838.25683759421,10072.2477107064,2999.47495826344,34.8098990580136,4369.70342630099,0.106689778528465,0.532648621370774,52.6,153.4,0,2.99661129847797,0.0635328332947286,0.0821028499205504,0.312173263629574,0.0683345780433159,0.0175504107542943,0.0685854255970606,213.2,84.6,42.96,26.8,1328.38970218464,901.633957234871,4.05086246557907,14.2,1.23375890320358,4.6,4,2.99661129847797,0.11136979104636
1018,3.8,0.000373412994772218,0.00597460791635549,0.000746825989544436,0,0,3838.25683759421,10072.2477107064,2999.47495826344,34.8098990580136,4369.70342630099,0.106689778528465,0.532648621370774,52.6,153.4,0,2.99661129847797,0.0635328332947286,0.0821028499205504,0.312173263629574,0.0683345780433159,0.0175504107542943,0.0685854255970606,213.2,84.6,42.96,26.8,1328.38970218464,901.633957234871,4.05086246557907,14.2,1.23375890320358,4.6,4,2.99661129847797,0.11136979104636
1019,4.4,0.000363108206245461,0.00726216412490922,0.000363108206245461,0,0,3834.75989099339,10288.0895684279,3103.97532420985,34.7740663177061,4757.60960528423,0.111695756692049,0.540957053749551,56,157.6,0,2.65126803519912,0.1215961069377,0.0841517426652506,0.320624546114742,0.0620915032679739,0.0199709513435004,0.072922893006575,221.8,80.4,43.0866666666667,26.8,1950.20638293767,1289.69536855388,5.82087082833348,16.8,1.43371819343629,5,4,2.65126803519912,0.112902385462223
1020,3,0,0.00514756348661633,0,0,0,3795.33731229549,10645.8198929608,3142.2310989365,35.307751873831,4584.94214594938,0.117339281363053,0.40438108644428,59.2,144.8,0,1.6905062627487,0.10465821864344,0.0733013940357835,0.381262868908717,0.060398078242965,0.0175017158544955,0.0522133938706016,267.6,67.4,37,27.2,2049.84351146843,1029.362713921,4.99761516076105,18,1.68434580681809,6.6,4,1.6905062627487,0.109481591659636
1021,2.6,0,0.0046796256299496,0,0,0,3204.75952691782,9464.18026171625,2571.60426454585,35.5807243341156,4584.32884846137,0.117749952209784,0.411773725173418,58.8,142.6,0,1.42217084131685,0.0590362735164132,0.0755736739519337,0.377249820014399,0.0626349892008639,0.017638588912887,0.039766081871345,254.2,68.4,38.5533333333333,27.2,2059.22010320009,1121.66907931018,4.79634594700683,18,1.73313927880039,5.6,4,1.42217084131685,0.106649760810768
1022,2.6,0,0.00352338244714926,0.000640614990390775,0,0,3867.06515902463,10433.3759608528,2787.36426074606,35.0794424743597,4766.80142266319,0.116043827112807,0.558008203209151,62.4,168.6,0,3.55947974800211,0.0873814405776089,0.0780092780102868,0.393337604099936,0.0509288917360666,0.0176169122357463,0.0396135265700483,288.4,83.4,44.12,27.8,1911.40584443,1587.20495351702,5.74126209218005,17.6,1.94510581180882,6.4,4,3.55947974800211,0.0857976259112053
1023,4.8,0.000337381916329285,0.0067476383265857,0.000674763832658569,0.000337381916329285,0,3434.90302710707,9532.43823132518,2211.12540288434,34.8471980308092,4515.48582926001,0.121232122793633,0.528947985181788,60.8,167,0,3.01260658895718,0.225602187576985,0.214219488999202,0.349865047233468,0.0539811066126856,0.0158569500674764,0.0388399792853444,248.8,84,45.5266666666667,28.2,1292.72194842511,962.842119565752,4.18184623666728,15.8,1.37595863285413,6.4,4,3.01260658895718,0.115953335928998
1024,3.4,0,0.00555170020818876,0.000346981263011797,0,0,3589.47850030123,9513.93795897061,3371.51095416746,34.9868211696965,3752.10517598928,0.121894368974416,0.406695640922925,59.6,144.2,0,0.988027606775992,0.127265255828938,0.104254700619431,0.351492019430951,0.0551700208188758,0.0135322692574601,0.0228539576365663,242.2,66.6,37.0533333333333,27,1588.44463781555,1036.00562943502,3.9542479296215,14.6,1.50322021399247,7.2,4,0.988027606775992,0.115214429570215
1025,3.4,0,0.00555170020818876,0.000346981263011797,0,0,3589.47850030123,9513.93795897061,3371.51095416746,34.9868211696965,3752.10517598928,0.121894368974416,0.406695640922925,59.6,144.2,0,0.988027606775992,0.127265255828938,0.104254700619431,0.351492019430951,0.0551700208188758,0.0135322692574601,0.0228539576365663,242.2,66.6,37.0533333333333,27,1588.44463781555,1036.00562943502,3.9542479296215,14.6,1.50322021399247,7.2,4,0.988027606775992,0.115214429570215
1026,2.6,0,0.00452961672473868,0,0,0,3609.76161905299,9538.0908054031,3043.05256446773,34.5236764542973,4411.69104274503,0.113295247319654,0.439167356597196,54.6,135.2,0,1.46216455486448,0.0657469022965161,0.0507687204128403,0.346689895470383,0.0599303135888502,0.0153310104529617,0.0496277915632754,242.2,71.6,37.1933333333333,26.6,1452.95074930066,758.382150447535,3.48142160966925,14.8,0.995642847745569,5.8,4,1.46216455486448,0.0849982114155552
1027,3.2,0,0.00548646671543526,0.000365764447695684,0,0,2943.80087304633,8803.51841289952,2304.66944809341,35.2160594978442,3273.71348293034,0.111208836088071,0.409895071518414,55,138.4,0,1.3413189683248,0.082280151205936,0.100945827049783,0.321506949524506,0.0577907827359181,0.0120702267739576,0.043449637919684,214,78.2,40.8533333333333,27,1203.17176572015,575.487006571744,2.68840870064476,14.4,1.39419515221743,5.8,4,1.3413189683248,0.112075171523741
1028,3.2,0,0.00548646671543526,0.000365764447695684,0,0,2943.80087304633,8803.51841289952,2304.66944809341,35.2160594978442,3273.71348293034,0.111208836088071,0.409895071518414,55,138.4,0,1.3413189683248,0.082280151205936,0.100945827049783,0.321506949524506,0.0577907827359181,0.0120702267739576,0.043449637919684,214,78.2,40.8533333333333,27,1203.17176572015,575.487006571744,2.68840870064476,14.4,1.39419515221743,5.8,4,1.3413189683248,0.112075171523741
1029,3.2,0.000341413451689997,0.00443837487196996,0.000682826903379993,0,0,2603.1306328367,7040.02754615583,2142.43754549227,35.0000300137104,4337.30806570446,0.104285886825172,0.382831638074266,50.2,123.4,0,0.709787703324388,0.0675910967038354,0.0428568459737313,0.325025606008877,0.0607715944008194,0.0153636053260498,0.0541638456330399,235,72,38.9666666666667,26,1639.52446465375,1033.26893712374,3.64250230471005,14.2,0.91112820627037,4.8,4,0.709787703324388,0.088195651406423
1030,2.2,0,0.00433412135539795,0,0,0,2574.03150635219,7430.55036571092,2081.15615663965,35.5077670593987,4673.20915999585,0.0869912806491903,0.363165188183385,42.6,110.2,0,0.58311958586011,0.0442855617402417,0.121753861842905,0.303782505910165,0.0575256107171001,0.0169424743892829,0.0473321858864028,192,59.2,29.8,24.4,1211.90804409605,1346.10830642408,2.76837795438379,9.6,1.24469290089447,5.4,4,0.58311958586011,0.104946022366622
1031,2.2,0,0.00448613376835237,0,0,0,2619.46024901203,7976.84423011334,2150.55932841617,35.3775342596188,4651.9013547976,0.0839380190377029,0.358830780028068,40.8,107.4,0,0.581185946981888,0.0477801962478601,0.121381685966284,0.301794453507341,0.0599510603588907,0.017536704730832,0.0501792114695341,186,60.2,30.1133333333333,24.2,1200.53901282029,1249.09149154666,2.72508317953278,9.6,1.23447480361178,5.4,4,0.581185946981888,0.102612639278767
1032,2.6,0,0.00542118432026689,0,0,0,2427.70445737427,7552.77804997077,1948.71011496994,35.5816044142009,4865.68645026262,0.0851448145017528,0.338686607565615,41,105,0,0.613229882602892,0.0636385159499545,0.116218507675017,0.297331109257715,0.0621351125938282,0.0179316096747289,0.0379746835443038,181,59.8,30.1733333333333,24.2,1208.15926253457,1189.87453593085,2.30041803659152,8,0.81313057099836,4.4,4,0.613229882602892,0.100781494000893
1033,2.6,0,0.00542118432026689,0,0,0,2427.70445737427,7552.77804997077,1948.71011496994,35.5816044142009,4865.68645026262,0.0851448145017528,0.338686607565615,41,105,0,0.613229882602892,0.0636385159499545,0.116218507675017,0.297331109257715,0.0621351125938282,0.0179316096747289,0.0379746835443038,181,59.8,30.1733333333333,24.2,1208.15926253457,1189.87453593085,2.30041803659152,8,0.81313057099836,4.4,4,0.613229882602892,0.100781494000893
1034,2.6,0,0.00542118432026689,0,0,0,2427.70445737427,7552.77804997077,1948.71011496994,35.5816044142009,4865.68645026262,0.0851448145017528,0.338686607565615,41,105,0,0.613229882602892,0.0636385159499545,0.116218507675017,0.297331109257715,0.0621351125938282,0.0179316096747289,0.0379746835443038,181,59.8,30.1733333333333,24.2,1208.15926253457,1189.87453593085,2.30041803659152,8,0.81313057099836,4.4,4,0.613229882602892,0.100781494000893
1035,2.4,0.00132216835610401,0.00352578228294403,0.000440722785368004,0,0,2203.33031695742,6216.23533926547,1691.33416168843,34.8239563876807,4082.14920192795,0.0895633777169325,0.330349600258054,43.2,94.8,0,0.703990083018221,0.0726784410884738,0.175369075126731,0.314676068752755,0.0656676950198325,0.0136624063464081,0.0421860019175455,178.8,58,30,24.8,1208.95308154926,1557.0436349969,2.63832342256092,9.6,1.01935310132275,5.6,4,0.703990083018221,0.128247735284963
1036,4.4,0.000712250712250712,0.00605413105413105,0.00106837606837607,0,0,3309.822930769,8860.15605314828,2306.36916785654,35.2592749101273,5170.82644271053,0.0714567968707454,0.498929333015513,44.4,151.6,0,1.95630901837937,0.0904240253011053,0.0664874365508764,0.337962962962963,0.0587606837606838,0.0192307692307692,0.0271668822768435,233.6,73.8,37.5066666666667,25.6,1242.03338347564,901.319808249036,3.27494972780097,12.6,1.01931941291232,4.6,4,1.95630901837937,0.0877938762366901
1037,2.8,0,0.00462784419591207,0.000771307365985345,0,0,3034.13553338643,8764.73385747316,2475.35071435063,35.0896593063229,5285.422285178,0.0727599851491251,0.401462747367251,44,138.8,0,0.787296420950043,0.13608129171498,0.068830768688759,0.326263015811801,0.0628615503278056,0.0142691862707289,0.01506456241033,209.2,62.2,24.8666666666667,25.6,7109.98767695199,4081.09582965652,11.3924805233125,23,3.07211040844808,8,2,0.787296420950043,0.115401732793952
1038,3,0,0.0045489006823351,0.000379075056861259,0.000758150113722517,0,2877.42935376477,8569.79132501847,1934.59694854857,35.2115938164595,4952.65892105516,0.0519946925958617,0.403563698686651,35,136.6,0,1.610173623504,0.124178952199034,0.0433079843540544,0.324488248673237,0.0595147839272176,0.0128885519332828,0.0242468772961058,209.4,65,25.26,24.4,7396.72390588744,6392.18456228074,11.8355099003295,22.8,4.46516180729102,12.4,2,1.610173623504,0.0732020909967319
1039,2.8,0,0.00430359937402191,0.000782472613458529,0.000391236306729264,0,2150.59132148385,6589.00979452295,1115.66217293891,34.9954086749463,5613.26728959152,0.0683552980945948,0.44211617495406,44,142.6,0,1.8823920414507,0.115510051674988,0.0453007082070863,0.323552425665102,0.0582942097026604,0.014866979655712,0.0376811594202899,202.8,68.4,26.8933333333333,25.6,7733.63687290347,5885.93838511271,12.5979195612106,24.6,4.50739504540115,10.8,2,1.8823920414507,0.07166600721922
1040,3.2,0,0.00551615445232467,0.000394011032308905,0.000394011032308905,0,2339.98900625868,7794.91501450682,1449.29353689238,27.9531103004351,5417.02064751435,0.0690342167731645,0.452901406259719,45,138.8,0,1.4584761476907,0.136874806205975,0.0425529122700246,0.308510638297872,0.0583136327817179,0.0141843971631206,0.0497737556561086,193.4,58.6,25.8933333333333,24.4,7458.11572851572,6120.36297554948,10.4627702780798,20,4.40716451249442,12.2,2,1.4584761476907,0.0720724220249985
1041,4.2,0,0.00703674745895231,0.000781860828772478,0.000390930414386239,0,2144.59752737999,7514.52232687699,1427.15250734595,28.0414689634521,5413.03013374905,0.0649472489367261,0.413865213303943,42.2,136.6,0,1.14726071583987,0.145104980274588,0.0415444736461853,0.295934323690383,0.0547302580140735,0.0140734949179046,0.0442610652663166,186.6,61.4,26.4466666666667,24.2,7451.35206419281,6027.2123991861,10.6841333329147,19.8,4.8065756861312,12.8,2,1.14726071583987,0.0735920868180615
1042,2.6,0,0.00344530577088717,0.00172265288544358,0.000430663221360896,0,1792.0944867885,6581.3517119195,1412.08947957087,28.6265476724843,5266.05119680595,0.062441987503055,0.309961410142913,41.2,111.4,0,0.342031044945666,0.100656354485018,0.0510702749560988,0.316968130921619,0.0590008613264427,0.0146425495262705,0.0382695507487521,181.4,55.6,24.2466666666667,25.8,6882.82057491555,6642.15622216064,9.70689941499496,20.4,4.08923905426527,9.6,2,0.342031044945666,0.0911503630578363
1043,2.8,0.000434782608695652,0.00391304347826087,0.000434782608695652,0.000869565217391304,0.000434782608695652,2277.45718447897,7416.96395407792,1876.40548330084,28.3446545018499,5012.00879666463,0.0509514294691146,0.282707601465804,32.8,101,0,0.437641344473248,0.0495343444340512,0.0591105345162264,0.323913043478261,0.0665217391304348,0.0160869565217391,0.0741410488245931,187,59.4,24.12,23.2,6482.82928369934,5632.00196406533,9.50646258458294,19.8,3.80828952981103,11.2,2,0.437641344473248,0.0914382118807022
1044,2.6,0.000430477830391735,0.00430477830391735,0.000430477830391735,0,0.000430477830391735,1839.37706041098,6698.27253045064,1467.7107594426,28.4468602063198,5370.18722686087,0.0547877782457639,0.294223731310598,35,107.6,0,0.371264615657024,0.112735018555776,0.0609243012559701,0.303056392595781,0.063280241067585,0.0172191132156694,0.0612244897959184,178.2,58.6,22.6133333333333,24.2,6490.18377281271,5265.32891341437,10.2695451746753,21.8,3.99446168551544,10.4,2,0.371264615657024,0.0910201354919084
1045,3,0,0.00519584332533973,0.000799360511590727,0,0,2704.46209107536,8605.31982208423,2267.59456459589,28.6698087429834,4291.73467529422,0.0580955204638436,0.315156152110219,36,106.4,0,0.731682299461239,0.0736988442583355,0.0653392043729541,0.334932054356515,0.0667466027178257,0.00919264588329336,0.0890756302521008,205.6,73.4,26.9,25,7846.69292195743,4609.25671459157,12.7382359253231,27.8,4.25430770008489,13,2,0.731682299461239,0.0997214155912658
1046,1.4,0,0.00231570822076418,0,0,0.000385951370127364,2419.84775187038,8225.79134546248,2119.4127118255,28.5858417695977,4762.49521936438,0.0535315522632189,0.222931625616283,41.6,110.6,0,0.206310913295688,0.053681446005952,0.0395510290672724,0.317637977614821,0.0609803164801235,0.0119644924739483,0.0917431192660551,202.4,73.6,27.0133333333333,24.8,7217.59140425145,7102.70153089955,11.9988547761216,23.6,7.47865954800055,17.6,2,0.206310913295688,0.071976103304973
1047,2,0,0.00336275746111812,0.000840689365279529,0,0,2295.03807314819,7884.77715796006,2042.98849182953,27.555221114599,4342.85313378547,0.0535061389671915,0.247905746013559,36.8,106.4,0,0.255660442507833,0.0688430694823081,0.0413179673351012,0.293400588482556,0.0689365279529214,0.0113493064312736,0.0746268656716418,177.8,71.2,27.6266666666667,26.2,6944.02194506358,5170.98694843359,10.4571405094541,21.2,5.65164820751994,14.2,2,0.255660442507833,0.0689905385707212
1048,2,0,0.00327064595257563,0.000817661488143908,0,0,2347.66673772258,7943.82780562075,2119.65033702526,27.5473696388,4347.35176672059,0.0524030977427606,0.273871896022131,37.8,108.6,0,0.38145310543362,0.0633037694472219,0.040012425491827,0.293949304987735,0.0678659035159444,0.0114472608340147,0.079734219269103,182.6,70.6,27.62,26.2,7073.32359856499,5143.66761813289,10.3531498029804,20.4,5.77958179609671,14.8,2,0.38145310543362,0.0697270167086147
1049,2.6,0,0.00485240598463405,0.000404367165386171,0,0,2605.63864082489,8657.23507551349,2142.37393239031,28.1641297263765,4233.5526486132,0.047212857627076,0.282178222886623,35.6,105.4,0,0.340193849872907,0.0986571384561166,0.0427495490068067,0.303679741205014,0.0671249494541043,0.00808734330772341,0.0683012259194396,187.4,70.4,28.52,24.6,7688.09347999962,4415.19467494873,10.8418842437059,20.4,4.91364085259288,13,2,0.340193849872907,0.0778495946135897
1050,1.2,0,0.00239520958083832,0,0,0,2804.4306460769,8444.69700458595,2251.64405274602,27.7898436577705,4077.03600017701,0.0480817006824544,0.312085468570206,36.2,115.2,0,0.666222534880373,0.0913335560938992,0.0540440979716713,0.32375249500998,0.0654690618762475,0.00798403193612774,0.0655475619504396,199,70.2,28.4533333333333,25.2,8000.12805630237,4773.20475828879,11.872452222148,21.8,5.17579138524643,13.8,2,0.666222534880373,0.0978630228221138
1051,1.4,0,0.00241254523522316,0,0.000402090872537193,0,2788.05002185937,8444.69700458595,2233.02097693978,27.8751296586399,4052.59975160636,0.0484940709279987,0.312007914931767,35.8,114.8,0,0.665788250693202,0.0897291077013311,0.0540659901941245,0.328910333735424,0.0655408122235625,0.00804181745074387,0.0606060606060606,200.2,71.4,28.88,25,7946.73788922892,4800.95594874395,11.878677397462,21.8,5.17579138524643,13.8,2,0.665788250693202,0.0975914874597002
1052,1.6,0.00076657723265619,0.00191644308164048,0,0.000383288616328095,0,2565.12967581858,8138.45929793793,2014.22370429678,27.8580283695523,4014.73053920473,0.0468460960903549,0.289139485522017,35.4,114.2,0,0.635996685266343,0.0884691572045359,0.056277519173561,0.311613645074741,0.0609428899961671,0.00804906094289,0.0664179104477612,198.6,71,28.7866666666667,24.6,7905.62029788228,4724.87042632471,11.6449250639227,21.8,5.02931945558639,13.8,2,0.635996685266343,0.100289526837573
1053,0.8,0,0.00108303249097473,0.00036101083032491,0,0,2530.81176045501,7900.89719202118,2277.63750241508,28.0929255555976,3556.72669552535,0.0518912887731618,0.192174328206981,36.8,96.2,0,0.131837813407699,0.076480921459439,0.0480908578757562,0.363537906137184,0.0628158844765343,0.0140794223826715,0.190382728164868,244,66,26.5733333333333,24.4,4238.48762411107,3714.49781419095,6.35326136713416,16.4,5.26883772613494,15.2,2,0.131837813407699,0.0952778416738592
1054,0.8,0,0.00108303249097473,0.00036101083032491,0,0,2530.81176045501,7900.89719202118,2277.63750241508,28.0929255555976,3556.72669552535,0.0518912887731618,0.192174328206981,36.8,96.2,0,0.131837813407699,0.076480921459439,0.0480908578757562,0.363537906137184,0.0628158844765343,0.0140794223826715,0.190382728164868,244,66,26.5733333333333,24.4,4238.48762411107,3714.49781419095,6.35326136713416,16.4,5.26883772613494,15.2,2,0.131837813407699,0.0952778416738592
1055,2,0.000359712230215827,0.00251798561151079,0.000719424460431655,0,0,2326.10137433088,7427.74908104185,2168.49404485462,28.2610330987958,8107.449001614,0.0484493331507074,0.207875819515222,37,95.8,0,0.14627932961467,0.0240306568448615,0.0810587004416237,0.355755395683453,0.0607913669064748,0.0122302158273381,0.17037037037037,238.4,11,5.15333333333333,14.6,7691.57495579308,11474.723792666,6.13857873068002,13.2,2.21250842346104,4.2,2,0.14627932961467,0.131227698698156
1056,2,0.000359712230215827,0.00251798561151079,0.000719424460431655,0,0,2326.10137433088,7427.74908104185,2168.49404485462,28.2610330987958,8107.449001614,0.0484493331507074,0.207875819515222,37,95.8,0,0.14627932961467,0.0240306568448615,0.0810587004416237,0.355755395683453,0.0607913669064748,0.0122302158273381,0.17037037037037,238.4,11,5.15333333333333,14.6,7691.57495579308,11474.723792666,6.13857873068002,13.2,2.21250842346104,4.2,1.8,0.14627932961467,0.131227698698156
1057,6.2,0.000816493161869769,0.00510308226168606,0.000408246580934885,0,0,4929.36357479063,13093.4291017017,1608.44957275852,31.7498704522099,10279.2030428285,0.116598734550147,0.91404657455725,78.2,254.6,0,19.0068462609466,0.45222495782648,0.197632026407565,0.313737497448459,0.0418452745458257,0.0110226576852419,0.0913274336283186,359.2,15.6,7.22,21.6,13834.0118898099,14331.7170234518,9.76068276630819,15.4,8.82187979377078,14.6,2,19.0068462609466,0.137975713343633
1058,4,0.000394244037058939,0.00315395229647152,0.000394244037058939,0,0,4304.28219861638,10637.5181696377,1747.47902644878,31.5718822884532,9291.55013243755,0.120392246995052,0.855483737977347,84.6,247.2,0,12.1697414689965,0.386256295276386,0.209174036136919,0.308101714961561,0.0427754780208949,0.010053222945003,0.0740381506627869,366.2,20.2,9.24666666666667,22.2,12654.8224071401,12315.1942069535,11.8322576204629,18.6,9.39813758324374,16.8,2,12.1697414689965,0.142737206600781
1059,4,0.000394244037058939,0.00315395229647152,0.000394244037058939,0,0,4304.28219861638,10637.5181696377,1747.47902644878,31.5718822884532,9291.55013243755,0.120392246995052,0.855483737977347,84.6,247.2,0,12.1697414689965,0.386256295276386,0.209174036136919,0.308101714961561,0.0427754780208949,0.010053222945003,0.0740381506627869,366.2,20.2,9.24666666666667,22.2,12654.8224071401,12315.1942069535,11.8322576204629,18.6,9.39813758324374,16.8,2,12.1697414689965,0.142737206600781
1060,4.6,0.00039177277179236,0.00352595494613124,0.00039177277179236,0.00019588638589618,0,4353.66532587303,10624.9605072295,1802.15012862288,31.6156768233966,9365.37738860853,0.123060247854029,0.862163133918798,86.2,251.2,0,12.2976077529731,0.420054175088643,0.209908600132529,0.310284035259549,0.0423114593535749,0.00999020568070519,0.0740384615384615,370.2,20.2,9.24666666666667,22.8,12654.8224071401,12315.1942069535,11.8538391407914,18.8,9.62965744167477,17,2,12.2976077529731,0.143347062885326
1061,6,0.000609880056922139,0.00426916039845497,0.00121976011384428,0,0,5992.74929383628,15855.4671870837,1663.62978939533,31.5856998418028,11145.8146379593,0.130257307532796,0.833503880159746,86.2,230.6,0,19.8794062293021,0.482839423445998,0.248018025913988,0.263061597885749,0.0445212441553161,0.0132140678999797,0.102889358703312,315.6,13.6,6.10666666666667,22,14942.2169894717,14034.6111534258,9.60830114620249,15.8,8.8306154254179,15.4,2,19.8794062293021,0.146417309029424
1062,5.2,0.000688231245698555,0.00389997705895848,0.00114705207616426,0.000229410415232852,0,4416.4513386862,11300.4761761746,1557.62762660653,31.5003084621558,9446.16299952317,0.115837154751104,0.82525844392327,77.4,239.6,0,11.3516736029332,0.360016355731916,0.133055700489914,0.267721954576738,0.0520761642578573,0.00894700619408121,0.105575326215896,286.6,20.6,9.77333333333333,21.2,12529.0820085752,13285.7079514605,10.9941369023206,17.2,8.01468750249082,14.2,2,11.3516736029332,0.126754347963671
1063,5.2,0.000688231245698555,0.00389997705895848,0.00114705207616426,0.000229410415232852,0,4416.4513386862,11300.4761761746,1557.62762660653,31.5003084621558,9446.16299952317,0.115837154751104,0.82525844392327,77.4,239.6,0,11.3516736029332,0.360016355731916,0.133055700489914,0.267721954576738,0.0520761642578573,0.00894700619408121,0.105575326215896,286.6,20.6,9.77333333333333,21.2,12529.0820085752,13285.7079514605,10.9941369023206,17.2,8.01468750249082,14.2,2,11.3516736029332,0.126754347963671
1064,5.2,0.000688231245698555,0.00389997705895848,0.00114705207616426,0.000229410415232852,0,4416.4513386862,11300.4761761746,1557.62762660653,31.5003084621558,9446.16299952317,0.115837154751104,0.82525844392327,77.4,239.6,0,11.3516736029332,0.360016355731916,0.133055700489914,0.267721954576738,0.0520761642578573,0.00894700619408121,0.105575326215896,286.6,20.6,9.77333333333333,21.2,12529.0820085752,13285.7079514605,10.9941369023206,17.2,8.01468750249082,14.2,2,11.3516736029332,0.126754347963671
1065,4.4,0.000454235748353395,0.00386100386100386,0.000681353622530093,0,0,4235.7503424106,10672.8987167533,1618.51734072176,31.8747460681096,11573.5076675864,0.111131797252667,0.842879791960415,76.2,251.2,0,10.4347771338568,0.305180277464334,0.141426010124381,0.276629570747218,0.0476947535771065,0.0115830115830116,0.117306897976043,295.8,18,8.10666666666667,22.8,13321.9951131957,12776.6098772294,10.9814120542533,18.2,7.63139913197383,13.8,2,10.4347771338568,0.126870882752968
1066,3.4,0.000214408233276158,0.00235849056603774,0.00107204116638079,0,0,4172.47093921464,10551.3070213241,1311.84079164552,31.7199516656548,10627.6431525483,0.116523944467323,0.867346134009374,81.8,246,0,12.9386860268155,0.323508920884252,0.142399336335402,0.258576329331046,0.0480274442538593,0.010934819897084,0.110130468150422,296.2,16.6,7.68666666666667,23,15154.1123328319,14418.7056717647,9.58257920131787,15,7.5108288225182,14.4,2,12.9386860268155,0.136937095622182
1067,3.8,0.000212630236019562,0.00276419306825431,0.000637890708058686,0,0.000425260472039124,4884.67968992965,12277.6700645488,1663.20621994155,31.4331632154881,8343.24805028441,0.123103530920334,0.916585912087288,83.4,252,0,13.1978849854452,0.802716040144432,0.148315427371556,0.27684456729747,0.0499681054645971,0.0089304699128216,0.106853352984525,315.8,103.2,37.5866666666667,28.8,10771.7308752843,11899.9907185803,19.0127649922382,34,30.818222148407,54,2,13.1978849854452,0.134041475756383
1068,2.2,0,0.00240017455814968,0,0,0,3977.13226652299,9347.19278696037,1394.60072991972,31.7198618048658,7976.34912863067,0.116473428916657,0.844092848270328,84.6,254.6,0,10.0080879559127,0.551634823043056,0.166863221234704,0.254200305476762,0.0477852934758892,0.00872790748418067,0.113317757009346,284.8,100,37.04,28.8,10993.2715108148,12521.5062480761,20.3397967825622,34.2,34.2895161153932,61.4,2,10.0080879559127,0.13679586133136
1069,5.8,0.000210128178188695,0.0042025635637739,0.00168102542550956,0,0,4048.76233655184,11061.9615575607,1669.13175095318,31.9344742173375,8414.77135967618,0.122440008951624,0.830999848470122,81,239.2,0,11.2269459247293,0.722775341195548,0.230910955637728,0.271905862576171,0.049590250052532,0.0128178188695104,0.0985454545454545,318.2,97.6,37.2466666666667,28,10615.3923630345,12004.0264345033,18.1244730009167,30.6,30.8500134788604,57.2,2,11.2269459247293,0.160487015721653
1070,5.4,0.00021795989537925,0.00501307759372276,0.000653879686137751,0,0,4326.07909546819,10910.3374619989,1581.24201655686,31.7145686259137,6116.19489552168,0.120395286893555,0.836602538422016,82.6,249,0,13.2176727623323,0.504292207863086,0.227512933303966,0.257410636442895,0.0490409764603313,0.018308631211857,0.102868068833652,298,159.2,82.46,29,2197.77666937842,1717.17630750412,7.78705720681704,22.8,6.00204264431796,25.6,4,13.2176727623323,0.158084190556829
1071,5.4,0.000438404208680403,0.00438404208680403,0.000876808417360807,0.000219202104340202,0,4240.15447775042,10139.8867429143,1532.56233195339,31.7573898436946,6226.08833333267,0.123284621987099,0.857844005654975,85.4,254.8,0,11.7507551182308,0.553782565469364,0.224896265320347,0.264138535729943,0.0484436650591846,0.0177553704515563,0.0957487552661815,301.4,165.2,83.92,29.2,2444.95873807251,1775.97455060618,7.95797459327038,22.2,6.73266751619638,25.4,4,11.7507551182308,0.155367879600057
1072,4,0.000215146299483649,0.00344234079173838,0.000645438898450947,0,0,4395.43757363655,10916.0756935788,1695.12703858494,31.7554924631254,5722.03894513661,0.121721918838437,0.833340807250335,83.4,231,0,15.3488037951596,0.20308497534929,0.22181173057598,0.276678141135972,0.0494836488812392,0.0144148020654045,0.0984281437125749,316.6,162.6,85.08,29.2,1922.62980821648,2011.43346059286,6.48608690048099,18,7.51563932247342,27.2,4,15.3488037951596,0.155229758578869
1073,6.8,0,0.00610654874710465,0.000842282585807538,0,0.000210570646451885,3939.19446777256,9174.25435969091,2242.98291155743,31.5849164499297,4681.63725494311,0.11388591879157,0.770792253132773,77.4,229.8,0,5.92849275599355,0.342617323102724,0.253714988083059,0.272899557801642,0.05474836807749,0.0147399452516319,0.131049888309754,325.2,161.8,83.0666666666667,29.2,2300.96025169509,3148.01905058518,7.39081705836294,19.6,16.6672832321895,39.6,4,5.92849275599355,0.160705845787327
1074,5.2,0,0.00485928325571978,0.000202470135654991,0.000202470135654991,0,5103.43580343319,10937.9905616596,2362.40998155189,31.406414712408,5132.90985477881,0.105522271093588,0.814992554043518,72.6,232.6,0,10.9613306191158,0.15830657254995,0.234615577227929,0.269892690828103,0.0508200040494027,0.0141729094958494,0.117522871217453,330.8,164.8,86.32,29.2,1909.1570844265,2991.72324478245,5.15842276988271,13.6,14.6109021097426,39.2,4,10.9613306191158,0.165043167870385
1075,4.4,0.000680426400544341,0.00408255840326605,0.000226808800181447,0,0,4221.0512572245,10182.2386045542,2293.50522635566,31.850344287737,4695.61520999944,0.106136560764462,0.794707523960463,69.2,225.4,0,7.08219314041998,0.130694201136242,0.221373644184472,0.261283737809027,0.0551145384440916,0.0183715128146972,0.10847730012053,295.2,161.8,86.62,28.6,1464.79309276606,2486.31865793697,3.89101669906685,11.2,11.6042151780392,31.2,4,7.08219314041998,0.151550261726988
1076,4.4,0.000680426400544341,0.00408255840326605,0.000226808800181447,0,0,4221.0512572245,10182.2386045542,2293.50522635566,31.850344287737,4695.61520999944,0.106136560764462,0.794707523960463,69.2,225.4,0,7.08219314041998,0.130694201136242,0.221373644184472,0.261283737809027,0.0551145384440916,0.0183715128146972,0.10847730012053,295.2,161.8,86.62,28.6,1464.79309276606,2486.31865793697,3.89101669906685,11.2,11.6042151780392,31.2,4,7.08219314041998,0.151550261726988
1077,9.6,0.000440625688477638,0.00947345230226922,0.000660938532716457,0,0,4505.41757348575,10133.2398629294,2345.50581699737,31.7738587193366,4901.26282038266,0.102523720100286,0.832005588340856,68.2,230.8,0,8.09931805432196,0.166394676300413,0.217467224046915,0.278695747962106,0.0557391495924212,0.0163031504736726,0.10958904109589,318.4,167.8,87.8666666666667,28.2,1604.31064934275,2319.11151587739,4.07014812767367,11.8,11.4350701319269,30,4,8.09931805432196,0.154201306464347
1078,9.6,0.000440625688477638,0.00947345230226922,0.000660938532716457,0,0,4505.41757348575,10133.2398629294,2345.50581699737,31.7738587193366,4901.26282038266,0.102523720100286,0.832005588340856,68.2,230.8,0,8.09931805432196,0.166394676300413,0.217467224046915,0.278695747962106,0.0557391495924212,0.0163031504736726,0.10958904109589,318.4,167.8,87.8666666666667,28.2,1604.31064934275,2319.11151587739,4.07014812767367,11.8,11.4350701319269,30,4,8.09931805432196,0.154201306464347
1079,6.4,0.000218674830527006,0.00590422042422917,0.000874699322108025,0,0,4419.90496703576,10363.2735894578,2478.75626002231,31.7728420669414,4760.76974162727,0.101364662641422,0.856169800137426,68.8,228.2,0,6.83499672123626,0.165588488904932,0.210329428860457,0.283402580363,0.0548873824622786,0.0174939864421605,0.117329216518719,325.4,167,86.7066666666667,28,1790.14756428575,2553.28366161518,4.64824899798517,13.2,12.4098394589954,34,4,6.83499672123626,0.152027728401729
1080,8,0.000213265088505012,0.0072510130091704,0.00106632544252506,0,0,4131.2207077482,9847.7064689193,2507.06202128336,31.6923119796287,5898.09520965096,0.109265553394198,0.795039679999363,72.2,223.4,0,5.21578751782375,0.224165197938833,0.21878139044327,0.27447216890595,0.0533162721262529,0.00959692898272553,0.111400894187779,316.4,111,46.36,27.8,5061.92586021378,6741.40419766319,9.79114686565753,21.2,32.9728222934896,73.2,2,5.21578751782375,0.15671533189915
1081,6,0,0.00560980677332225,0.000415541242468315,0,0.000207770621234157,4277.83712122193,10130.217361771,2151.74943438436,31.4587153567647,5814.451987318,0.107195623311599,0.788591240740585,72,221.4,0,7.7931604739493,0.182890875108869,0.220854051928478,0.251194681072096,0.0563058383544567,0.0124662372740494,0.139100609756098,308,131.4,63.66,29.2,3648.06112746121,5731.22085005348,10.1102130882401,21.6,28.9608364627528,62.2,3,7.7931604739493,0.167189464541397
1082,5.4,0,0.00508849557522124,0.000663716814159292,0,0.000221238938053097,4381.81678339489,10566.2022439453,2125.53000394177,31.5824213660965,5411.7674417468,0.106787796230975,0.725087126204107,69,203.6,0,7.87487271945654,0.254833916013349,0.216099962047144,0.249557522123894,0.0524336283185841,0.00575221238938053,0.145393068469992,278.2,142.4,61.7,28.8,4446.02928067558,6863.16519757748,9.643638105555,21.4,31.5310371525246,65,3,7.87487271945654,0.157440016579885
1083,7.6,0.000202265372168285,0.00647249190938511,0.00040453074433657,0,0.000606796116504854,5048.70612981072,11447.2783158071,2268.52857262306,31.7985726588906,4886.14174788256,0.106146302032343,0.775462030274825,71.4,234,0,8.63001082009191,0.313379238522455,0.541076906602881,0.257483818770227,0.0475323624595469,0.00485436893203883,0.144595064303093,306.4,126.4,58.4466666666667,28.8,6221.86680856419,8470.97757910736,12.5997050267021,26,43.3122645766505,89.2,2.8,8.63001082009191,0.169655459479069
1084,7.6,0.000202265372168285,0.00647249190938511,0.00040453074433657,0,0.000606796116504854,5048.70612981072,11447.2783158071,2268.52857262306,31.7985726588906,4886.14174788256,0.106146302032343,0.775462030274825,71.4,234,0,8.63001082009191,0.313379238522455,0.541076906602881,0.257483818770227,0.0475323624595469,0.00485436893203883,0.144595064303093,306.4,126.4,58.4466666666667,28.8,6221.86680856419,8470.97757910736,12.5997050267021,26,43.3122645766505,89.2,2.8,8.63001082009191,0.169655459479069
1085,8.8,0.000606428138265616,0.0076814230846978,0.000202142712755205,0,0.00040428542551041,6040.76638542773,15194.2454479897,2579.8534721347,31.8683077795968,5053.98495456326,0.108165478192972,0.798024802344544,72.2,213,0,13.5191710981888,0.263963782501678,0.594764117857325,0.265413381847584,0.0501313927632909,0.00525571053163533,0.151311126860383,317.4,122.4,58.2466666666667,28.6,6125.36245224592,9471.87046688342,11.2481640999105,25.4,44.4413881362988,90.2,3,13.5191710981888,0.17232989509055
1086,7.4,0.000207296849087894,0.00601160862354892,0.000829187396351575,0,0.000621890547263682,4879.63209612213,11540.8153112198,1895.53286530706,31.5811609616135,5270.90261716259,0.095342819139051,0.809748673857301,66,218.2,0,8.81611266952342,0.186012868862707,0.514021179764523,0.279436152570481,0.0512023217247098,0.00580431177446103,0.144839857651246,324.6,150.4,75.1066666666667,28.8,3844.67814597088,5494.26242541442,10.5590825109741,21.4,27.2253691822862,58.8,3,8.81611266952342,0.160216067758605
1087,6.2,0.000213583938487826,0.00555318240068347,0.000427167876975651,0,0.000427167876975651,3850.23859254993,9682.41859156335,2008.96235592046,31.8151352819889,3877.89225781104,0.0915866558244156,0.641322600954619,61.4,195.4,0,6.25071728148545,0.141322134681479,0.163074285507171,0.280435711234515,0.0536095685604443,0.0074754378470739,0.15086887835703,319.8,155.6,78.7,28.6,2169.79009384648,3172.84003818588,6.16340939929467,16.6,14.9072838527066,38.2,3.2,6.25071728148545,0.15398778371204
1088,6.2,0.000403877221324717,0.00545234248788368,0.000403877221324717,0,0,4277.00976999012,10470.3589815993,2370.61797697661,25.0423478650992,3782.44328018247,0.0888999889060973,0.72638854814309,62,210.8,0,7.30279377617852,0.162829048872811,0.168464833199884,0.267770597738288,0.0514943457189015,0.00747172859450727,0.184828648440508,323.6,170.2,87.3066666666667,28.8,2131.43660263084,3187.43015374327,5.8949373871627,15.8,16.0498342449958,49.2,3.8,7.30279377617852,0.165003964870784
1089,6.2,0.000403877221324717,0.00545234248788368,0.000403877221324717,0,0,4277.00976999012,10470.3589815993,2370.61797697661,25.0423478650992,3782.44328018247,0.0888999889060973,0.72638854814309,62,210.8,0,7.30279377617852,0.162829048872811,0.168464833199884,0.267770597738288,0.0514943457189015,0.00747172859450727,0.184828648440508,323.6,170.2,87.3066666666667,28.8,2131.43660263084,3187.43015374327,5.8949373871627,15.8,16.0498342449958,49.2,3.8,7.30279377617852,0.165003964870784
1090,5.2,0.000438788942518649,0.00460728389644581,0.000438788942518649,0,0.000219394471259324,3715.49423572488,9957.61286016853,2595.74084884708,24.972056485917,3554.03765381952,0.0925156473430627,0.704136782224082,62.8,201.6,0,3.28596218743972,0.176932529080589,0.166833686035915,0.259982448442299,0.0519964896884599,0.0072400175515577,0.174703891708968,291,159.6,81.5133333333333,28.8,2519.9397342989,2726.36354472377,7.08583078822462,16.4,12.9015540892495,40.2,3.6,3.28596218743972,0.153940119076258
1091,5.4,0.000208637596494888,0.00438138952639266,0.000417275192989777,0,0.000625912789484665,3636.01076489414,9233.90805387537,2319.13531682929,25.0745160667626,3508.44285753802,0.0973225298944275,0.706814488101498,67.8,207,0,3.92213371000892,0.195919344652956,0.17971956445688,0.262674733987064,0.0509075735447528,0.00521593991237221,0.180582524271845,305.6,146.6,79.8,29,2160.20069549639,3940.03860743883,6.59478440470786,18.4,20.6654402610826,50.6,3.4,3.92213371000892,0.15830332807368
1092,5.4,0.000208637596494888,0.00438138952639266,0.000417275192989777,0,0.000625912789484665,3636.01076489414,9233.90805387537,2319.13531682929,25.0745160667626,3508.44285753802,0.0973225298944275,0.706814488101498,67.8,207,0,3.92213371000892,0.195919344652956,0.17971956445688,0.262674733987064,0.0509075735447528,0.00521593991237221,0.180582524271845,305.6,146.6,79.8,29,2160.20069549639,3940.03860743883,6.59478440470786,18.4,20.6654402610826,50.6,3.4,3.92213371000892,0.15830332807368
1093,5.8,0,0.00483803113167859,0.001051745898191,0,0.000210349179638199,3951.77489489381,10040.9333660928,2524.44849121892,25.1152001183075,3812.2935979701,0.0945376448350152,0.702019010851884,63.2,221.6,0,5.02074428690177,0.209486678988484,0.174538153218357,0.272402187631468,0.0563735801430374,0.00715187210769878,0.181990881458967,319.4,162.4,80.06,29.2,3434.78047376615,3818.84112243458,11.7746823272016,28.4,18.1590170255882,42.6,3.2,5.02074428690177,0.159066756105873
1094,5.4,0.000426348326582818,0.00490300575570241,0.000426348326582818,0,0,3507.96358625999,8229.04255070115,2369.71778645509,24.8317216191981,3354.83216224702,0.093576187707831,0.644202395958656,63.8,191.8,0,3.27862695655663,0.278546619464605,0.159711639327354,0.262843743338307,0.0577701982519719,0.00554252824557664,0.184718393068137,306,128.4,59.66,28.8,3707.26675927886,4811.95284015887,10.5704362956238,24.6,28.1042079684638,57.8,2.8,3.27862695655663,0.156985622572287
1095,9.2,0.000641299700726806,0.00790936297563061,0.00106883283454468,0,0.000213766566908935,3758.31468411259,9092.52823097724,2620.85026340289,24.6335690394838,3998.0627769489,0.0920940965010303,0.673725014967051,64.2,199.4,0,3.41323868407947,0.223205138780652,0.152559881205726,0.258443779392903,0.0557930739632322,0.00641299700726806,0.17902711323764,300,137.8,69.04,29,3270.04341774743,4632.79136919121,10.4824366733478,27.6,21.1729226044584,48.8,2.6,3.41323868407947,0.158257267145618
1096,10.4,0.000862254796292304,0.00862254796292304,0.000862254796292304,0,0.000862254796292304,3767.48535833186,9535.12434112516,1978.39156651635,25.0023220580044,3821.03342123228,0.0938611670065493,0.723250368789878,63.6,205.2,0,5.58413986041518,0.20815608857445,0.159489527685772,0.258892002586764,0.0541064884673421,0.0103470575555077,0.188550840672538,300,164.6,86.12,29,2822.59053187622,2857.14594050571,9.16732485755772,24.2,13.4162181131257,34.8,3.8,5.58413986041518,0.1595446078268
1097,9.2,0.000643915003219575,0.00815625670744795,0.00042927666881305,0,0.000643915003219575,3619.08371485013,9481.4639847393,2201.97677587397,24.7070711787363,4736.55902194547,0.0852765710005954,0.695059748468378,55.2,199.6,0,4.71789567742929,0.188476384367192,0.165442065831032,0.263790512985619,0.0519424769263791,0.00751234170422837,0.207759699624531,301.2,137,60.8133333333333,28.6,4216.66666345851,6072.69189826113,11.3790245178938,29,26.5175303346082,53.6,3,4.71789567742929,0.155349760179805
1098,4.6,0.000315059861373661,0.00472589792060491,0.00126023944549464,0.000315059861373661,0.000630119722747322,2444.74157258017,7528.215892841,1913.64416354061,24.6197195351678,2936.29216877097,0.0718965503860782,0.435364046333884,46.4,144.2,0,1.00421303218437,0.148917825166775,0.0770382354097188,0.26591052299937,0.0759294265910523,0.0100819155639572,0.316151202749141,223.4,114.8,54.62,28,3351.9763954437,4012.02165428101,8.02736508867546,17.2,14.8433433193099,37.4,3.2,1.00421303218437,0.137573915669752
1099,4.4,0.000346260387811634,0.00623268698060942,0.0010387811634349,0,0,1847.59862341231,5472.33787322059,1437.68037671363,24.8638148159637,2328.23252517131,0.0670138219648156,0.366925785823224,43.2,124.8,0,0.591018496182931,0.0478799703521191,0.062943131100162,0.269390581717452,0.0806786703601108,0.0110803324099723,0.288905435591958,208.6,113.2,59.1,28.2,1598.24727823458,978.573319623176,5.34762776949664,17.4,4.72321190433897,22.6,3,0.591018496182931,0.127042264776522
1100,4.4,0.000346260387811634,0.00623268698060942,0.0010387811634349,0,0,1847.59862341231,5472.33787322059,1437.68037671363,24.8638148159637,2328.23252517131,0.0670138219648156,0.366925785823224,43.2,124.8,0,0.591018496182931,0.0478799703521191,0.062943131100162,0.269390581717452,0.0806786703601108,0.0110803324099723,0.288905435591958,208.6,113.2,59.1,28.2,1598.24727823458,978.573319623176,5.34762776949664,17.4,4.72321190433897,22.6,3,0.591018496182931,0.127042264776522
1101,6.6,0.00104493207941484,0.00766283524904215,0.00243817485196796,0,0.000348310693138279,1995.62880101672,5926.46954729539,1338.85651877629,24.7829286195674,2933.91650468081,0.0635471807233416,0.397077730204307,43.6,116.6,0,1.04671146085855,0.0611131119628961,0.0998429572528691,0.256008359456635,0.0828979449669105,0.00905607802159526,0.325795644891122,199.8,112.8,57.1466666666667,28.2,2318.4620187628,2734.71311000928,4.57381680457163,15,8.01966304354044,29.4,3.2,1.04671146085855,0.136272586758872
1102,5.4,0.000342231348391513,0.0054757015742642,0.0027378507871321,0,0.000684462696783025,1637.0038151555,4350.07665044317,1069.77658613997,25.0175340860435,2879.49819763729,0.0711594661654912,0.383216216510429,47.2,121.2,0,0.879690301775266,0.068482062358269,0.0889416346284587,0.263175906913073,0.0770020533880904,0.00855578370978782,0.321342925659472,203.8,119.2,58.84,28.2,2416.63097426641,2787.08834633949,5.22126801065883,15.4,8.48589911655658,29.4,3.4,0.879690301775266,0.128096597918623
1103,5.4,0.000342231348391513,0.0054757015742642,0.0027378507871321,0,0.000684462696783025,1637.0038151555,4350.07665044317,1069.77658613997,25.0175340860435,2879.49819763729,0.0711594661654912,0.383216216510429,47.2,121.2,0,0.879690301775266,0.068482062358269,0.0889416346284587,0.263175906913073,0.0770020533880904,0.00855578370978782,0.321342925659472,203.8,119.2,58.84,28.2,2416.63097426641,2787.08834633949,5.22126801065883,15.4,8.48589911655658,29.4,3.4,0.879690301775266,0.128096597918623
1104,5.4,0.000342231348391513,0.0054757015742642,0.0027378507871321,0,0.000684462696783025,1637.0038151555,4350.07665044317,1069.77658613997,25.0175340860435,2879.49819763729,0.0711594661654912,0.383216216510429,47.2,121.2,0,0.879690301775266,0.068482062358269,0.0889416346284587,0.263175906913073,0.0770020533880904,0.00855578370978782,0.321342925659472,203.8,119.2,58.84,28.2,2416.63097426641,2787.08834633949,5.22126801065883,15.4,8.48589911655658,29.4,3.4,0.879690301775266,0.128096597918623
1105,6.8,0,0.00875043752187609,0.00245012250612531,0,0.000700035001750087,2475.08336650137,7546.3189378586,2176.6951527342,24.7280856438914,2079.34943759564,0.0578613544950508,0.293054791090837,38.6,108.2,0,0.389143666470932,0.0393155712922151,0.0873616906101602,0.256212810640532,0.0829541477073854,0.00945047252362618,0.283245679939895,199.2,108.8,59.26,28.4,1316.14690648346,1343.5103816968,2.73978171748798,12.6,4.01379708397015,20.8,3.4,0.389143666470932,0.136272908519163
1106,6.8,0,0.00875043752187609,0.00245012250612531,0,0.000700035001750087,2475.08336650137,7546.3189378586,2176.6951527342,24.7280856438914,2079.34943759564,0.0578613544950508,0.293054791090837,38.6,108.2,0,0.389143666470932,0.0393155712922151,0.0873616906101602,0.256212810640532,0.0829541477073854,0.00945047252362618,0.283245679939895,199.2,108.8,59.26,28.4,1316.14690648346,1343.5103816968,2.73978171748798,12.6,4.01379708397015,20.8,3.4,0.389143666470932,0.136272908519163
1107,5.8,0,0.00520325203252033,0.0032520325203252,0,0.000975609756097561,1767.95719778435,5596.54631547107,1643.28426303951,24.975378406164,1976.73895670933,0.0520682274493894,0.217992919253971,41,99.6,0,0.132056851429426,0.061404230443312,0.055096391061474,0.239024390243902,0.0819512195121951,0.0107317073170732,0.334683954619125,204,103,57.4933333333333,28.6,1412.61538103561,1565.42026025743,2.74071384496077,13.6,4.69700146444817,23,3.6,0.132056851429426,0.108155445301007
1108,4.2,0.000330797221303341,0.00363876943433675,0.00231558054912339,0,0.000661594442606682,1881.70417909931,5901.85261917328,1832.13665473882,24.8391297114046,1966.65038237006,0.0488771587524096,0.200241595153894,38.4,94.8,0,0.136115006030756,0.0417166049560261,0.0452976950756441,0.243135957657956,0.084353291432352,0.0109163083030103,0.360375747224594,204.6,84.6,47.5866666666667,28.6,2319.53169262442,2478.16510110896,4.87097203714949,15.8,7.85472076849853,28.6,3.2,0.136115006030756,0.105649984360473
1109,4.2,0,0.00459468329504431,0.00196914998359042,0,0.000328191663931736,2343.1566312342,6807.94586749895,1974.94771378056,25.3087367637696,2221.38541652876,0.0500652495791443,0.27383287059823,38.8,108.8,0,0.519479335583825,0.0389759760939772,0.0466199181545085,0.259599606170003,0.0817197243190023,0.0108303249097473,0.322743682310469,214.6,117,59.9133333333333,28.8,2330.5273286072,1934.1670242087,5.59260868316474,19,5.75494183833225,24.6,2.8,0.519479335583825,0.107006229078902
1110,4.8,0.000309405940594059,0.00464108910891089,0.00216584158415842,0,0.000309405940594059,2159.59503309743,6400.95910972151,1981.48290613644,24.9028110097636,2425.73436886533,0.0608509176590662,0.244040665667934,45,111.4,0,0.280733411275511,0.0775276568809413,0.148914252341038,0.268254950495049,0.0764232673267327,0.00587871287128713,0.283601286173633,226.6,118.2,51.0466666666667,28.6,3425.92967585176,4265.61500839172,6.83244015670655,16.4,15.6061756227751,41,2.8,0.280733411275511,0.166564891015191
1111,4,0.000311526479750779,0.00529595015576324,0.000311526479750779,0,0.000311526479750779,2582.91989977566,6564.81397694361,2389.02064733273,25.0038964071404,2839.72677003049,0.0879794057033323,0.309376932718827,49,112.6,0,0.45630808844836,0.0674915569923221,0.0509439280508874,0.274143302180685,0.0822429906542056,0.00716510903426791,0.322797579018157,233.4,103.4,49.04,28.8,3057.30704320952,4399.88465266614,6.81682382770028,20.8,17.3562114372889,45.2,3.4,0.45630808844836,0.111421520046478
1112,3.4,0,0.00518134715025907,0.000345423143350604,0,0.000345423143350604,2180.15270093066,6585.30987341861,1974.26469044943,25.3877706227996,2099.48016904179,0.0862463859711652,0.232020074730313,51,89.2,0,0.281126333417945,0.0696413788708339,0.0777049644298824,0.30846286701209,0.0801381692573402,0.00898100172711572,0.287234042553192,230.2,91,40.62,27,5258.8506796428,5877.69596306597,11.3245244112682,24.2,16.8639361067942,40.6,2.2,0.281126333417945,0.124834513997337
1113,4.8,0.000639795265515035,0.00479846449136276,0.00159948816378759,0,0.000639795265515035,1949.67046001683,6043.66213713244,1895.62465150456,24.7165468140036,2097.68755611862,0.0962805101198358,0.175423715360909,53.6,94.2,0,0.0495903875382816,0.0511329077700796,0.0774718905116979,0.304542546385157,0.0758157389635317,0.0115163147792706,0.285611510791367,245,116.6,59.9333333333333,28,3274.35808042941,2615.62412022573,7.14963880554429,20.4,6.88038341805101,28.2,3.2,0.0495903875382816,0.125879966463014
1114,3.6,0,0.00547151593176698,0.000321853878339234,0,0,3324.84509650435,7782.49099578194,3292.71059079615,24.9405509558582,1941.86327393806,0.0786128040545487,0.187417755965728,48.6,92.2,0,0.0947594587220279,0.0748934523394924,0.0591847269052847,0.30254264563888,0.0943031863533956,0.00708078532346315,0.194147037830121,251,103,53.0466666666667,27.8,3253.59556677041,1642.55914092171,7.80357939751477,23.4,4.2533667178716,22.4,2.6,0.0947594587220279,0.127266688507018
1115,3.6,0,0.00565912117177097,0.00033288948069241,0,0,4889.86330201069,10009.0548473137,4764.37913987381,24.4507476341267,1407.20096620958,0.07285001436767,0.214120258860955,43.4,92.6,0,0.267534358173327,0.0553295789805428,0.0757547348315807,0.29693741677763,0.0682423435419441,0.00532623169107856,0.212034383954155,222.6,103.8,48.2066666666667,27.8,1984.28356301922,1580.30266376121,4.39192741567925,15,4.92082967445435,17.4,3.4,0.267534358173327,0.127963454010748
1116,3.6,0,0.00565912117177097,0.00033288948069241,0,0,4889.86330201069,10009.0548473137,4764.37913987381,24.4507476341267,1407.20096620958,0.07285001436767,0.214120258860955,43.4,92.6,0,0.267534358173327,0.0553295789805428,0.0757547348315807,0.29693741677763,0.0682423435419441,0.00532623169107856,0.212034383954155,222.6,103.8,48.2066666666667,27.8,1984.28356301922,1580.30266376121,4.39192741567925,15,4.92082967445435,17.4,3.4,0.267534358173327,0.127963454010748
1117,3.6,0,0.00565912117177097,0.00033288948069241,0,0,4889.86330201069,10009.0548473137,4764.37913987381,24.4507476341267,1407.20096620958,0.07285001436767,0.214120258860955,43.4,92.6,0,0.267534358173327,0.0553295789805428,0.0757547348315807,0.29693741677763,0.0682423435419441,0.00532623169107856,0.212034383954155,222.6,103.8,48.2066666666667,27.8,1984.28356301922,1580.30266376121,4.39192741567925,15,4.92082967445435,17.4,3.4,0.267534358173327,0.127963454010748
1118,4.2,0.000404367165386171,0.00606550748079256,0.00121310149615851,0,0.000808734330772341,4178.65955805887,9684.78449484175,4178.91356959216,24.6017874624949,1511.52641066452,0.0664519183812488,0.193114247298338,35.2,77.4,0,0.197661679788641,0.0169724318856819,0.0940101804164298,0.279417711281844,0.0739991912656692,0.00404367165386171,0.0994295028524857,176.8,65,29.4,26.4,3351.83590655323,3736.41645353864,5.86614861995604,13.4,9.32912695800589,25.4,2.8,0.197661679788641,0.143948518229535
1119,4.6,0,0.00781781101291638,0,0,0,4678.24065895896,10476.4815827712,3525.92160362797,24.9356911348366,3797.34883994628,0.0998871367562617,0.348693677309972,48.8,117.2,0,2.19826585115545,0.0643233844042553,0.277477142152331,0.289259007477906,0.0690006798096533,0.00475866757307954,0.0931603773584906,213.6,122.8,48.66,27.2,4648.33797321923,4881.63711188922,13.4698569211923,30.6,11.0289031353314,30.4,2.6,2.19826585115545,0.127500095829377
1120,4.2,0.000395569620253165,0.00751582278481013,0.000395569620253165,0,0,4493.43686688209,10092.3666241274,4210.72051558221,25.1952354954853,1973.10972725363,0.0793095549219712,0.246115652047994,44.2,99.4,0,0.490431010423505,0.0290547859023667,0.118832710070072,0.21004746835443,0.0791139240506329,0.00712025316455696,0.15408560311284,149.8,102.8,52.9133333333333,27.4,2316.71140904045,1229.25582325285,6.2234884574697,19.4,2.77949396267019,13.6,3,0.490431010423505,0.152195586792795
1121,4.6,0.000366703337000367,0.0077007700770077,0.000366703337000367,0,0,4450.30490034956,9909.16458651683,4325.40483700418,25.017537770753,1748.25224261422,0.0880779409505678,0.300171142107936,49,112,0,0.351443506542892,0.0517298587580229,0.109313463507166,0.191419141914191,0.07004033736707,0.0099009900990099,0.234749034749035,148,134.2,66.6133333333333,28,2013.60291781076,1387.32646527659,5.54684948489906,20.8,3.50414429397689,17.4,3.4,0.351443506542892,0.133354889532264
1122,7.8,0,0.0136330140014738,0.000736919675755343,0,0,5175.95263136157,11094.7047079216,4027.36387597709,24.6210849760657,2969.59651785452,0.0941379191704481,0.326866010797242,52.4,128.4,0,2.86790625927533,0.130139059766832,0.119441513769795,0.196020633750921,0.0729550478997789,0.0051584377302874,0.123225806451613,148.8,118.8,55.2333333333333,28.2,3828.58086714485,2910.8122501096,11.9950719371477,31.6,7.02470574858645,19.4,3.2,2.86790625927533,0.133050738796034
1123,1,0,0.00230733733271804,0,0,0,2330.82836794252,8878.52294001797,2490.59568010464,35.0676809453815,6909.63159759401,0.0472391288797924,0.276139467063115,35.2,115.6,0,0.316002868954958,0.0573210619339827,0.00552251437911491,0.231656668204892,0.0609137055837563,0.0216889709275496,0.501312335958005,136.2,13,3.86666666666667,20.8,14348.5017405323,14485.3226019946,7.24137900875133,11.2,9.31038141262226,15.4,1.2,0.316002868954958,0.162576770874579
1124,1,0,0.00230733733271804,0,0,0,2330.82836794252,8878.52294001797,2490.59568010464,35.0676809453815,6909.63159759401,0.0472391288797924,0.276139467063115,35.2,115.6,0,0.316002868954958,0.0573210619339827,0.00552251437911491,0.231656668204892,0.0609137055837563,0.0216889709275496,0.501312335958005,136.2,13,3.86666666666667,20.8,14348.5017405323,14485.3226019946,7.24137900875133,11.2,9.31038141262226,15.4,1.2,0.316002868954958,0.162576770874579
1125,1.2,0,0.0023551577955723,0.000471031559114461,0,0,2512.49162934037,9786.49068479558,2522.91443985224,35.0780691729256,6720.16546323829,0.0481855598896612,0.266621048789046,33.8,115.8,0,0.484220320337292,0.0558038574378696,0.00661461322845708,0.233160621761658,0.0626471973622233,0.0221384832783797,0.485791610284168,135,14.2,5.38,20.6,12775.4924037875,12757.6183930474,6.99554699133129,11,8.21789181347855,13.4,1.6,0.484220320337292,0.17754504159408
1126,0.8,0,0.000879120879120879,0.00043956043956044,0.00043956043956044,0,2934.88534167434,9482.49986288419,2561.52184592965,35.3810244403053,6071.45388524592,0.0564278372806645,0.283430640629089,42.8,121.2,0,1.94906295992277,0.0772616062682885,0.232123711286603,0.254945054945055,0.0624175824175824,0.0193406593406593,0.40913921360255,153.2,16.2,6.17333333333333,21.8,13630.0363302483,14713.0101649692,6.64242874998882,11.6,9.47184900636696,16.6,1.8,1.94906295992277,0.18794847202126
1127,1,0,0.00196656833824975,0,0.000491642084562439,0,1486.1006595536,6237.58032735708,1829.85002431978,34.8518334248091,4839.87346383377,0.047717085796857,0.127324338675069,37,90.6,0,0.0079183469026298,0.0582817969293292,0.000172316333908484,0.252212389380531,0.0688298918387414,0.0147492625368732,0.56221198156682,136.6,20.2,7.66,21,10310.603908855,12012.9710439005,4.70785740902935,9.2,7.37988218771208,13.6,1.4,0.0079183469026298,0.12894599227061
1128,1.2,0,0.0014292520247737,0.000476417341591234,0.000952834683182468,0,1457.72166348177,6275.79085203208,1801.24827503876,34.7642062035708,4576.85527437233,0.0487646297060758,0.129564650477131,37.6,92.2,0,0.00770322211829214,0.035202605938349,0.000172160021393282,0.261076703191996,0.065269175797999,0.0133396855645545,0.596599690880989,142.6,19.4,7.14,21.2,10824.791425135,12591.9453615867,4.92842570368515,9.6,7.73556962275243,14,1.6,0.00770322211829214,0.0997186319794263
1129,1.4,0,0.00248756218905473,0.000497512437810945,0.000497512437810945,0,1730.29406282364,7000.49941881041,1930.65358779056,34.7583878443914,4581.4297094713,0.0426790157016053,0.15960467859236,33.6,94.4,0,0.0272345403296646,0.0211513320434859,0.000506835575219201,0.225373134328358,0.0701492537313433,0.0139303482587065,0.493333333333333,124.4,19.2,7.59333333333333,20.2,9203.33225523195,12200.3264389106,5.56808290630861,11.2,6.49341073964899,12.4,1.8,0.0272345403296646,0.136006559997927
1130,1.6,0,0.00290275761973875,0.000483792936623125,0.000483792936623125,0,1810.55612038831,7690.97795525201,2037.75054694476,34.8145085112758,4420.37026340362,0.0418291649835271,0.169963554635355,31.8,95.6,0,0.0256436470401969,0.0268893887791989,0.000597593531566382,0.230285437832608,0.0677310111272375,0.0130624092888244,0.525033829499323,128.6,17.6,6.9,20.6,9929.1061794126,13564.527138419,5.56108000249391,11,7.07359181129453,13.8,1.6,0.0256436470401969,0.137170619682018
1131,1.6,0,0.00290275761973875,0.000483792936623125,0.000483792936623125,0,1810.55612038831,7690.97795525201,2037.75054694476,34.8145085112758,4420.37026340362,0.0418291649835271,0.169963554635355,31.8,95.6,0,0.0256436470401969,0.0268893887791989,0.000597593531566382,0.230285437832608,0.0677310111272375,0.0130624092888244,0.525033829499323,128.6,17.6,6.9,20.6,9929.1061794126,13564.527138419,5.56108000249391,11,7.07359181129453,13.8,1.6,0.0256436470401969,0.137170619682018
1132,0.6,0,0.000493339911198816,0.000986679822397632,0,0,2142.17945438963,7312.73945033595,2248.06464860287,35.3703307519604,7553.45868681795,0.0462596739418601,0.236160352120758,37.4,120,0,0.200011269641062,0.0574016034670752,0.000513009581395797,0.175629008386779,0.0705476073014307,0.0212136161815491,0.570833333333333,108.4,14.2,6.08,19.8,10926.1944541287,11098.3287495219,7.03166732671969,12.4,6.15127916366283,12.2,1.6,0.200011269641062,0.202398912849636
1133,0.6,0,0.00110558319513543,0.000552791597567717,0,0,1511.79817206718,6206.85845347646,1597.3616373515,34.8749042870003,6592.01721061325,0.0538923737623783,0.268843203305781,41.2,122.8,0,0.133129495907347,0.125297796055476,0.000123432329951586,0.201216141514649,0.0784964068546158,0.0154781647318961,0.535335689045936,106.8,16,5.18,18.6,16526.7418897685,18518.0746016502,8.47873671567799,13.4,7.19437225581822,12.2,1.6,0.133129495907347,0.203741525626802
1134,1.2,0,0.0027972027972028,0,0,0,3308.48486803445,11185.3270184917,2712.8183979236,34.679629941867,4813.34321934222,0.0672973849088375,0.317745649910623,46.6,146.2,0,3.49209891152632,0.149777328132589,0.237356700522243,0.194405594405594,0.0601398601398601,0.0116550116550117,0.307692307692308,114.2,21,8.33333333333333,21.4,11440.0401294186,10760.2869542821,7.3306729193057,11.6,8.47034956739549,17.2,1.8,3.49209891152632,0.179928589775542
1135,0.6,0,0.00050761421319797,0.00050761421319797,0.00050761421319797,0,1153.70721012871,4365.10204792043,1217.62580073983,35.12614822836,5774.75779820709,0.0514945900429974,0.253957598119924,39.8,126.4,0,0.131999647907792,0.0879688711797184,0.000599953477237785,0.247208121827411,0.067005076142132,0.0131979695431472,0.419968304278922,129,22.8,8.32666666666667,20.4,11620.1895795757,11620.3908690319,8.51742495324329,14.8,5.29176985137866,10.4,1.8,0.131999647907792,0.161508483601271
1136,1,0,0.00106157112526539,0.000530785562632696,0.00106157112526539,0,1265.36447075751,4713.42463724726,1392.73398410449,34.8519032314486,5414.37951804681,0.0491626948464474,0.209078092422622,38.4,120.4,0,0.0614901681212761,0.0568771819602997,0.000253585155720229,0.240445859872611,0.0700636942675159,0.0127388535031847,0.350877192982456,121.8,24.6,8.74666666666667,20,11759.9953533998,12973.3419541235,8.90747349443538,15.8,5.47690046297517,10,1.6,0.0614901681212761,0.181380528749795
1137,4.2,0.000688547165480835,0.00321322010557723,0.000918062887307781,0,0,6213.13729849543,14990.5486215902,3243.76118771062,35.1080443676504,6313.91498595403,0.11205170731561,0.827221932857221,86.2,262.6,0,22.0228203997072,0.256042112128361,0.692535675186249,0.190039017672711,0.0298370438375029,0.00596740876750057,0.106316202432326,196.8,35.6,16.48,23.4,9321.11397298045,10127.4866025703,11.0996135097261,21,11.8177884527943,21.2,1.8,22.0228203997072,0.136981231621599
1138,7,0.000992309600595386,0.00645001240387001,0.00124038700074423,0,0,5617.89086260075,13719.0150914761,2840.21007686712,35.1991622180071,6605.29495295608,0.112297170785181,0.836681491615336,71.2,224.6,0,20.8263670938383,0.282790708603768,0.333860857497844,0.186058050111635,0.0334904490200943,0.00793847680476309,0.149976492712741,183.4,24.8,11.4133333333333,23.8,9749.12128698465,12461.0691196648,11.0448882981667,19.8,11.768721576454,23.6,1.6,20.8263670938383,0.13437494185582
1139,6.8,0.000475624256837099,0.00665873959571938,0.000951248513674197,0,0,5807.27982824713,13836.4539629221,2887.6914263085,35.1301714096885,7002.28102156475,0.1144503720541,0.840052643412197,74.6,228,0,20.8468083741005,0.239911704238161,0.324569040534268,0.190963139120095,0.0328180737217598,0.00760998810939358,0.131213613972235,194.6,26.4,11.6666666666667,25.4,9146.04899085871,12548.7622570258,11.5159843198817,21,11.7187924057285,24.2,1.8,20.8468083741005,0.137577136225084
1140,4.4,0.000223164472216023,0.00424012497210444,0.000446328944432046,0,0,6128.78369470566,15206.0349090752,3191.87958872057,34.9588777420823,7255.45593066997,0.118648763156065,0.842417880996585,79.6,239.2,0,19.256996344207,0.494276032456311,0.276586600447887,0.193483597411292,0.0319125195268913,0.00758759205534479,0.163698049194232,208.8,23.8,11.0466666666667,24.2,11726.8754157975,11326.0522924399,12.0039807613415,19.4,9.77347747127823,19.8,2,19.256996344207,0.14198412611411
1141,6,0.00023089355806973,0.00623412606788271,0.00046178711613946,0,0,5737.18324096714,13721.1932175666,3301.18340286992,34.8199796810562,7757.76104784178,0.122781763272512,0.906237272747303,84,253.4,0,18.4620619005567,0.438814890357231,0.304251464322206,0.173401062110367,0.0337104594781806,0.0106211036712076,0.198173515981735,188.6,19.2,8.78,23.6,12787.8959097426,13240.2050565892,11.569700875086,18.4,10.062486329933,20,1.8,18.4620619005567,0.14365459761009
1142,3.8,0.000680889695869269,0.00317748524738992,0.000453926463912846,0,0,5723.81267705115,14087.9913503333,2502.04307107149,34.9164072819082,7727.25181980285,0.122454202243117,0.902434568965666,78,248.2,0,20.3692971293613,0.3705584396818,0.251464175486466,0.180435769405356,0.0313209260099864,0.00839763958238765,0.205298013245033,194,18.6,6.74666666666667,25.2,14882.0848115223,20376.3548905815,11.6216247799719,18.8,10.475232850586,22.4,1.8,20.3692971293613,0.142775465811297
1143,4.8,0.000230467849734962,0.00460935699469924,0.000691403549204886,0,0,5381.04165121371,14179.7612204955,2768.46878054181,34.8522697667456,6378.40413462924,0.126719872254648,0.930812352488588,85.4,244.6,0,23.2199300961516,0.232308406333062,0.311298314098388,0.176307905047246,0.0324959668126296,0.00645309979257894,0.188061041292639,186.8,24.2,10.9066666666667,24.8,9541.11356904307,12080.5381097717,13.118946873789,21,11.6629386745613,24.8,1.8,23.2199300961516,0.14135184561779
1144,4.2,0,0.00400444938820912,0.000667408231368187,0,0,5299.01195676658,12872.9572180786,3019.47067545416,35.0914681692258,7461.33070709345,0.111557247072014,0.89240736260937,77.4,259.8,0,14.4578392033171,0.496709132749827,0.280869736715232,0.174638487208009,0.0331479421579533,0.00778642936596218,0.214186369958275,193.8,22,9.45333333333333,23.2,11888.5329942424,13091.3374882673,11.360662470348,18.2,10.5483847474441,20.2,2,14.4578392033171,0.14484872339394
1145,5.8,0.000700280112044818,0.0053688141923436,0.000700280112044818,0,0,5937.97358368954,14813.3812620193,2624.804921931,35.0351290756412,6647.26206928387,0.116543043833233,0.892925418671231,79.2,252.4,0,23.4433370066755,0.528435688228254,0.199323716872497,0.17156862745098,0.0340802987861811,0.00700280112044818,0.21297192642788,182.2,20.4,5.36666666666667,23,23524.0685595607,19234.642012414,13.5680822315912,20.6,11.3572864167309,21,1.6,23.4433370066755,0.14283864996298
1146,3.8,0.000240500240500241,0.00384800384800385,0.000481000481000481,0,0,6233.41274820858,13935.8819728909,3345.34786801052,34.9570610203979,7887.6883813655,0.114975201861344,0.897523473722832,76.8,266.2,0,18.9649385839421,0.463184834901874,0.197186020867155,0.193362193362193,0.0346320346320346,0.0108225108225108,0.236816874400767,198.6,21.8,9.60666666666667,24.4,12189.7712435156,12940.5571157373,11.4506931186343,18,11.911454985844,23.2,2,18.9649385839421,0.13461851573805
1147,3.8,0.000243013365735115,0.00437424058323208,0,0,0,6183.04311073527,13768.272393986,3460.88154154778,34.931166635093,7681.89866987815,0.116659418041032,0.897543744406796,75.8,268.8,0,17.3846971802613,0.459664855400345,0.199702369947681,0.188821385176185,0.035722964763062,0.0114216281895504,0.24188075618032,194.2,20.8,9.02,23.6,12860.5110861105,13504.2334006999,10.704446291269,17,13.2272246670666,25,2,17.3846971802613,0.132418486012405
1148,3.8,0.000243013365735115,0.00437424058323208,0,0,0,6183.04311073527,13768.272393986,3460.88154154778,34.931166635093,7681.89866987815,0.116659418041032,0.897543744406796,75.8,268.8,0,17.3846971802613,0.459664855400345,0.199702369947681,0.188821385176185,0.035722964763062,0.0114216281895504,0.24188075618032,194.2,20.8,9.02,23.6,12860.5110861105,13504.2334006999,10.704446291269,17,13.2272246670666,25,2,17.3846971802613,0.132418486012405
1149,4.8,0,0.0048618219037871,0.00127942681678608,0,0,6716.2506446112,15565.1053657692,3594.97383331452,34.7094986248918,8161.34091821245,0.109012007433287,0.875336188863124,74.2,236,0,19.5441074644534,0.235266009016218,0.250858642800123,0.184237461617196,0.0388945752302968,0.0107471852610031,0.216516675489677,182.8,26.4,11.6466666666667,24.4,11846.3616032481,11674.8808899511,11.4222336696873,17.8,8.3324616240949,16,2,19.5441074644534,0.130363396108898
1150,4.8,0,0.0048618219037871,0.00127942681678608,0,0,6716.2506446112,15565.1053657692,3594.97383331452,34.7094986248918,8161.34091821245,0.109012007433287,0.875336188863124,74.2,236,0,19.5441074644534,0.235266009016218,0.250858642800123,0.184237461617196,0.0388945752302968,0.0107471852610031,0.216516675489677,182.8,26.4,11.6466666666667,24.4,11846.3616032481,11674.8808899511,11.4222336696873,17.8,8.3324616240949,16,2,19.5441074644534,0.130363396108898
1151,5.2,0,0.00537496800614282,0.00102380342974149,0.000255950857435372,0,6491.1832106643,14908.158320403,3028.63000995096,34.6372162132342,7989.39965123919,0.105378859663655,0.875360914774951,72,240.8,0,19.7004960123579,0.246832663292705,0.241399156243909,0.182492961351421,0.0389045303301766,0.0107499360122856,0.233440170940171,181.4,26,11.32,24.2,12082.2374734846,11846.2031859037,11.3501786438391,17.8,9.23797534201039,18,2,19.7004960123579,0.130456153939652
1152,5,0.00024443901246639,0.00439990222439501,0.00122219506233195,0.00024443901246639,0,6172.45781490034,13873.6138468293,3560.67551491836,34.9532978843852,6516.99661792912,0.0984259921812247,0.795545831768712,65.4,230.8,0,13.1451027857504,0.369803008920795,0.18014986456903,0.217061843070154,0.0361769738450257,0.00806648741139086,0.27027027027027,213.8,21.8,10.0266666666667,24.2,12376.4247592849,12915.9767660597,10.6670496077221,16.8,10.7907831758637,19.6,2,13.1451027857504,0.12798425412272
1153,4.2,0,0.00422052228963334,0.00105513057240834,0.000263782643102084,0,5275.64908283334,12888.2650482077,3193.99723375965,35.22076752033,7048.23878441391,0.0879702422857331,0.796203344747294,59.8,223,0,9.6682986339564,0.231117901066491,0.133661114230841,0.215774202057505,0.0385122658929042,0.0108150883671854,0.278099652375435,201,18.6,8.31333333333333,23.8,13739.0861815315,12333.9397695776,9.23962895360431,16.4,12.1162297509474,24.6,1.8,9.6682986339564,0.11865210290607
1154,4.2,0,0.00422052228963334,0.00105513057240834,0.000263782643102084,0,5275.64908283334,12888.2650482077,3193.99723375965,35.22076752033,7048.23878441391,0.0879702422857331,0.796203344747294,59.8,223,0,9.6682986339564,0.231117901066491,0.133661114230841,0.215774202057505,0.0385122658929042,0.0108150883671854,0.278099652375435,201,18.6,8.31333333333333,23.8,13739.0861815315,12333.9397695776,9.23962895360431,16.4,12.1162297509474,24.6,1.8,9.6682986339564,0.11865210290607
1155,1.8,0,0.00185873605947955,0.000531067445565587,0,0,4922.30199044794,11956.3402538561,2838.96198606498,34.9246620756017,7889.82655080703,0.096541964710319,0.787415721400655,61.6,226.8,0,11.1015868021919,0.155812390236275,0.146969204393554,0.217206585236325,0.0395645246946362,0.0111524163568773,0.263431542461005,201.8,19.8,7.59333333333333,24.4,16249.3871491545,16451.4505076613,10.9635483693332,17.8,10.9455019181225,21.8,1.6,11.1015868021919,0.114167469192451
1156,1.6,0,0.00201511335012594,0,0,0,6606.81487592663,15503.0484351644,3555.07538801695,35.0036070346622,8357.54953293709,0.0978833448450684,0.861112969208,67.4,230,0,16.8326984626834,0.407435975849679,0.152583399897865,0.203778337531486,0.0347607052896725,0.0113350125944584,0.258817145957678,198.4,21.2,9.09333333333333,22.2,13518.5484251233,11422.9773174334,7.94978109975736,12.6,12.2961390778299,23.2,2,16.8326984626834,0.121483698227745
1157,1.6,0,0.00182481751824818,0.000260688216892596,0,0,4553.26221376336,11787.8144989841,2467.60080159554,35.0744539374072,6379.36218797328,0.0980622418751435,0.757350516481537,65.4,212.2,0,8.89918450213674,0.278620618166672,0.149969245118368,0.204118873826903,0.0393639207507821,0.0112095933263816,0.326359832635983,195.4,17.6,7.64,22.6,15886.917919444,12973.0720106828,11.8279521896746,17.4,12.8274163561253,22.4,1.6,8.89918450213674,0.122770909756521
1158,1.4,0,0.00155400155400155,0.000259000259000259,0,0,4574.26169020821,11729.9898454151,2513.19467396905,35.0363307211498,6333.12351200944,0.0944123066132396,0.75326595222229,63.2,212.6,0,8.56314802546043,0.284867822059825,0.149684243321637,0.206423206423206,0.0391090391090391,0.0111370111370111,0.323634204275534,198.2,17.6,7.64,23.2,15891.6675485348,12973.0720106828,11.7986075858873,17.4,12.9210402810741,22.6,1.8,8.56314802546043,0.122384567874881
1159,1,0,0.00098497906919478,0.000246244767298695,0,0,4928.50433689463,12068.0853681964,2717.65347938108,35.0111454137327,6234.55298940261,0.0996769406024485,0.791703332600932,66,215.2,0,10.0159639157974,0.279876911096309,0.159309063508204,0.200935730115735,0.0376754493967003,0.0105885249938439,0.312257348863006,202.4,17.2,7.54,24.4,15841.5530884775,13911.8248307517,11.2666624588629,16.6,13.6144401007644,24.2,1.8,10.0159639157974,0.129156153029924
1160,1,0,0.00098497906919478,0.000246244767298695,0,0,4928.50433689463,12068.0853681964,2717.65347938108,35.0111454137327,6234.55298940261,0.0996769406024485,0.791703332600932,66,215.2,0,10.0159639157974,0.279876911096309,0.159309063508204,0.200935730115735,0.0376754493967003,0.0105885249938439,0.312257348863006,202.4,17.2,7.54,24.4,15841.5530884775,13911.8248307517,11.2666624588629,16.6,13.6144401007644,24.2,1.8,10.0159639157974,0.129156153029924
1161,1,0.000269251480883145,0.00107700592353258,0,0,0,4995.98505025441,12318.6089148486,2974.14231331053,34.9167348325764,7498.62402357123,0.0958902938154839,0.745937279395239,66.4,229.2,0,8.03689991782204,0.309115113418808,0.15793407543655,0.200592353257943,0.0414647280560043,0.0134625740441572,0.264393515930688,189.8,21.6,7.17333333333333,25.2,19299.7132185798,17188.9919594132,12.9943101300325,21.4,15.0154441448104,27.2,1.6,8.03689991782204,0.119163065200227
1162,1.2,0,0.0016220600162206,0,0,0,4552.21795959021,12009.7372248345,2962.32225206413,35.0189276260813,7346.63405259405,0.0937226788419809,0.692130991299821,64.2,214,0,7.27869369479262,0.191905569846789,0.151572560892597,0.198432008650987,0.0402811570694782,0.0159502568261692,0.306134969325153,188.4,21.2,12.2666666666667,24.4,6735.87083983456,9611.77227349887,8.88436189418973,14.2,12.2576479370116,23.8,3.6,7.27869369479262,0.11951858822122
1163,0.6,0,0.000776799585706888,0,0,0,4629.57649244768,11234.0014734497,2851.71684635675,34.9383487867491,11141.9430203093,0.0962603764306783,0.700171052100935,66.8,211.4,0,6.35796634799032,0.164127803337961,0.147109394704257,0.21387881926463,0.0378042465044019,0.0227861211807354,0.313666465984347,212,11.4,6.8,21.8,8778.6865106858,12930.5874558496,7.0366423918636,14.6,6.80130945955455,13.4,3.8,6.35796634799032,0.117192380433957
1164,1,0,0.00107066381156317,0.000267665952890792,0,0,3370.03040028334,9011.60036741524,1886.07783220392,35.1538018762927,10823.8683208825,0.100627073756352,0.740489294421446,68,225.6,0,4.99832739683152,0.157242694967037,0.162434943335269,0.200214132762313,0.0511241970021413,0.0208779443254818,0.238067855089132,203.4,14.8,8.61333333333333,21.6,5260.44488307561,7475.61506892818,7.21194904925922,14.6,5.8088894921028,12.2,3.8,4.99832739683152,0.123143498695054
1165,1.2,0,0.00140121438580103,0,0,0,4407.62471510437,10951.2844366798,2225.75755474467,34.9471023069745,9683.17674804537,0.120186581847888,0.872239184916931,84,254.8,0,11.4322534420015,0.387749133808356,0.283916886431041,0.204343764595983,0.0460065390004671,0.017281644091546,0.192275042444822,229.2,17.4,11.24,23.2,8323.24835179415,10128.5025718186,9.74257902853291,16.4,8.1568232878562,16.8,4,11.4322534420015,0.130876112100334
1166,0.6,0,0.000747011952191235,0,0,0,3830.10932020365,9456.58692538722,1439.47412265051,34.9571798296217,10662.1278805169,0.113571184114671,0.872370349184541,77.8,245,0,11.3059480266698,0.327438337644933,0.166080190010745,0.213147410358566,0.0413346613545817,0.0176792828685259,0.227697095435685,218.6,17.8,10.7866666666667,23,7425.0398326223,11868.8218124832,8.20998262255537,14.8,7.84467326147772,17.2,4,11.3059480266698,0.125078048189084
1167,0.6,0,0.000756238971514999,0,0,0,3685.98350443082,8965.25459620234,1171.99266492913,35.0760478732097,10866.2575553889,0.113466451627482,0.872313341123868,77,247,0,10.2663303221983,0.337835791997159,0.155818566496911,0.22082177968238,0.0408369044618099,0.0178976556591883,0.239978621058258,221.8,17.8,10.7866666666667,21.6,7421.14438713068,11868.8218124832,8.13698254549703,14.6,7.53061933341856,16,4,10.2663303221983,0.121959253768775
1168,1.2,0,0.00139827546026567,0,0,0,5008.89754010652,11871.5693449101,1508.25697809187,35.0845458585707,10220.5862902103,0.124330458098548,0.881417027235264,85.8,254,0,18.5557383532341,0.357233609292854,0.16713482489379,0.208576089489629,0.0421813097180144,0.0165462596131438,0.199907876554583,229.4,17.2,10.0733333333333,21.8,7576.39346753759,8457.3857795834,9.58719867231734,16.8,6.94767048469107,11.4,4,18.5557383532341,0.136242149674453
1169,1.2,0,0.00139827546026567,0,0,0,5008.89754010652,11871.5693449101,1508.25697809187,35.0845458585707,10220.5862902103,0.124330458098548,0.881417027235264,85.8,254,0,18.5557383532341,0.357233609292854,0.16713482489379,0.208576089489629,0.0421813097180144,0.0165462596131438,0.199907876554583,229.4,17.2,10.0733333333333,21.8,7576.39346753759,8457.3857795834,9.58719867231734,16.8,6.94767048469107,11.4,4,18.5557383532341,0.136242149674453
1170,1.8,0,0.0018810251587115,0.000235128144838937,0,0,6539.37921699329,14097.5869852451,3339.65518674267,35.1107833990792,10768.8775013796,0.108737129608528,0.819090553188474,74.4,239.6,0,16.5857171224264,0.21185163440326,0.152956649803583,0.209499177051493,0.056195626616506,0.0169292264284035,0.128986866791745,240.4,15.8,10.1533333333333,24.4,6392.30377231747,7505.20421954318,7.23259472790712,15.8,6.47375558716598,14,3.8,16.5857171224264,0.133239958384761
1171,1.6,0,0.00147306397306397,0.00021043771043771,0,0,7156.85162720288,14156.0341709015,4368.09735374996,35.0635427023148,6768.79949985506,0.114294888136101,0.786702751679777,77.6,232.6,0,14.7633040713982,0.281897896409782,0.228960381976733,0.199705387205387,0.0500841750841751,0.0134680134680135,0.153877059059863,250.2,15.6,8.16666666666667,24,13167.5609137624,13214.8834789951,9.86916032952663,15.6,16.9752969936893,32.4,3.4,14.7633040713982,0.149205782480958
1172,1,0.00023906287353574,0.00095625149414296,0,0,0,5613.44395295677,12047.8581275613,3584.23174442978,34.9937949530757,6997.63603532189,0.0974143478995092,0.80222647724533,64,233.4,0,8.45596064102752,0.207158682174831,0.161942434646822,0.219220655032273,0.0600047812574707,0.0148218981592159,0.149106302916275,246,23,13.0533333333333,26.6,8245.19720732693,9403.4502376008,8.48752153152385,16.4,13.0308478536192,27.2,3.8,8.45596064102752,0.12947314657941
1173,1.4,0.000238834487700024,0.00119417243850012,0.000238834487700024,0,0,5601.71777843288,12057.5134349784,3630.01717873887,35.2648338826776,7078.87854831118,0.0929162070839359,0.792388433022106,61.8,224.8,0,8.44456971505023,0.203462625141829,0.156600662532272,0.221399570097922,0.0606639598758061,0.0148077382374015,0.14739336492891,248.6,22.6,12.9533333333333,26.6,8303.46187163418,9065.2110407679,8.50405509488744,16.2,12.7422477280946,27.4,3.4,8.44456971505023,0.129226583393051
1174,1.4,0,0.00143266475644699,0,0,0.000238777459407832,5867.03456640731,12699.7910244327,3465.48480176826,35.2706759146868,4265.44589181336,0.0996117546679783,0.792320436179985,66.4,234.6,0,10.5416795603009,0.281242665481048,0.169591383535787,0.229226361031519,0.061127029608405,0.0162368672397326,0.146088595664467,256.8,156.4,80.4,29.2,3132.46143555431,1448.55217622091,9.42501404814449,22.2,5.47001924062194,25.2,3.8,10.5416795603009,0.129681114359858
1175,2.6,0.000236462520690471,0.00236462520690471,0,0,0.000472925041380941,6465.4941829236,13536.9023374645,3665.0123783146,34.9982627228794,4782.6878000801,0.0954587206632671,0.817649756623087,64.4,229.8,0,12.6717873020951,0.308733764290726,0.165793167842681,0.222747694490423,0.0593520926933081,0.0141877512414282,0.144465290806754,250.6,168.2,83.7066666666667,28.8,1637.66873224091,950.679273702589,5.6739734042494,18.2,4.00365509962493,19.4,3.6,12.6717873020951,0.129805591611209
1176,2,0.0002389486260454,0.0016726403823178,0,0,0.0004778972520908,6367.63997907692,13200.1400706866,3707.76671576741,35.0179789579375,4794.62273061431,0.0946621236037948,0.817630077645357,63.8,228.8,0,12.43660905808,0.288131266258055,0.165724400130626,0.225567502986858,0.0592592592592593,0.014336917562724,0.14115969581749,250.4,165,83.8533333333333,28.8,1621.3092207289,953.092911619511,5.70344016822756,18.2,3.86745966354349,19.4,3.6,12.43660905808,0.128239530315294
1177,1.2,0,0.0014194464158978,0,0,0,6294.31408208647,13463.0005406591,3683.83721200081,35.0756072234014,4885.05816410465,0.0921602399723551,0.790020914784125,59,233.2,0,11.9046069629128,0.196569758617113,0.165917015373689,0.222853087295955,0.0563047078306127,0.0158504849775254,0.155353728489484,249.4,165.6,77.4333333333333,28.8,2233.55279107876,2172.98639624319,6.76027488836284,18.2,9.54354046794155,32.6,3.6,11.9046069629128,0.130588127182738
1178,2.2,0.000700280112044818,0.00186741363211951,0,0,0,6475.68127115185,13255.8937681577,3840.4510448831,35.4163076347758,4744.4652490757,0.0921135306064478,0.792717440657718,60,223.2,0,11.4740777534924,0.214029311398572,0.173367736304354,0.217553688141923,0.0550887021475257,0.0200746965452848,0.166426166426166,250.8,162.2,80.32,28.4,1608.50275702004,1703.57327495667,5.16504102348782,16.8,7.20781098028246,25.2,3.8,11.4740777534924,0.134985347526929
1179,2.2,0.000700280112044818,0.00186741363211951,0,0,0,6475.68127115185,13255.8937681577,3840.4510448831,35.4163076347758,4744.4652490757,0.0921135306064478,0.792717440657718,60,223.2,0,11.4740777534924,0.214029311398572,0.173367736304354,0.217553688141923,0.0550887021475257,0.0200746965452848,0.166426166426166,250.8,162.2,80.32,28.4,1608.50275702004,1703.57327495667,5.16504102348782,16.8,7.20781098028246,25.2,3.8,11.4740777534924,0.134985347526929
1180,2.6,0.000236574402649633,0.0028388928317956,0,0,0,5957.76474195143,12876.1935098006,3590.54534682286,34.8809592622405,4596.34463486082,0.0900029084036915,0.762468737085643,60.4,212.6,0,10.6302885619556,0.221198557286304,0.244328662024444,0.216229004021765,0.056777856635912,0.0170333569907736,0.158043273753528,245.2,157.4,77.2333333333333,29,2044.46230447021,2523.2757667139,5.91262505651021,16.8,11.2022235609299,35.2,3.8,10.6302885619556,0.15211019847693
1181,1.6,0.00048780487804878,0.00146341463414634,0,0,0,5666.4205980941,11917.0395465121,3761.9145865445,34.6668938345841,4230.32899759347,0.131483987458145,0.736416174129955,71.4,224,0,8.09622077448871,0.332549970151237,0.216798581209608,0.229512195121951,0.0595121951219512,0.0182926829268293,0.181686046511628,252,169.4,86.3866666666667,29,1924.1822892542,1436.74428795499,6.47668043699475,18.6,5.89949935070162,23.4,3.6,8.09622077448871,0.146400267126665
1182,2.4,0.000475059382422803,0.00237529691211401,0,0,0,6387.41820494186,13318.755479289,4084.27861040402,34.9518176834355,4950.01614707201,0.131147166730094,0.762539937842905,66.6,226.4,0,10.0574473529709,0.233984399491384,0.219996482395473,0.223515439429929,0.0574821852731591,0.0168646080760095,0.169673330082886,250.8,160.8,78.04,29,2774.44521689497,2556.46539560529,8.55952197938059,21.8,10.4662997248929,35.4,3.6,10.0574473529709,0.152212431646304
1183,1.2,0.000457456541628545,0.000914913083257091,0,0,0,6536.20131051405,13614.345390633,4183.44783080336,35.1812635740689,4423.21527489865,0.131411618749448,0.739914562615109,68.2,226,0,10.3536205341686,0.225303752319077,0.215330672566853,0.230329368709973,0.0532936870997255,0.0185269899359561,0.193131132917038,264.2,169.2,87.32,29,2689.82451702072,2221.10760808104,8.45843713513927,21.4,10.1092275392163,35.8,3.8,10.3536205341686,0.152037242777802
1184,1.2,0.000457456541628545,0.000914913083257091,0,0,0,6536.20131051405,13614.345390633,4183.44783080336,35.1812635740689,4423.21527489865,0.131411618749448,0.739914562615109,68.2,226,0,10.3536205341686,0.225303752319077,0.215330672566853,0.230329368709973,0.0532936870997255,0.0185269899359561,0.193131132917038,264.2,169.2,87.32,29,2689.82451702072,2221.10760808104,8.45843713513927,21.4,10.1092275392163,35.8,3.8,10.3536205341686,0.152037242777802
1185,2.4,0,0.00323101777059774,0,0,0,5081.47592632457,10755.4106428176,3997.81579264835,34.8003251398091,4071.77384868039,0.125104315820248,0.598130866062033,63.6,194.2,0,4.55233859006334,0.15047016293085,0.117024751198967,0.21917070543888,0.0643511039310716,0.014808831448573,0.183136412459721,221.6,151.6,74.5066666666667,29,2546.35000319512,1934.35328888697,9.11324377581407,24.4,6.66976281320896,24.4,3.4,4.55233859006334,0.129553376225523
1186,2.6,0.000262054507337526,0.00314465408805031,0,0,0,5879.13188657245,12078.3242172908,3705.24671702945,35.1121094173518,4824.16303110012,0.129419449798885,0.689019709078706,65.8,213.8,0,8.14292184202686,0.276797954438796,0.282765119116858,0.236373165618449,0.0639412997903564,0.0128406708595388,0.164943123061013,239,158.2,79.16,29,3330.00788972224,2483.49003644746,11.1403457655163,29.4,8.50990169061155,28.8,3.8,8.14292184202686,0.130597361978257
1187,2,0.000266240681576145,0.0023961661341853,0,0,0,5760.96170128168,12422.0174560981,3614.07788913777,35.1562441645681,4317.96378775909,0.121268210303653,0.689795526148972,62.6,207.2,0,8.07036110155716,0.20696069674694,0.285082615374291,0.237752928647497,0.0623003194888179,0.0141107561235357,0.180978260869565,236,159.6,82.82,29,2565.97057836819,1702.18689803162,8.6513881916302,26.2,6.43835329872493,24.4,3.6,8.07036110155716,0.131916225667939
1188,1.8,0.000531490831783152,0.00186021791124103,0,0,0,6467.65473797773,12954.018172648,3989.15997301475,28.3008636513258,4447.06028676289,0.118464332610194,0.64917374722315,59,183,0,9.13646819549366,0.15517163936946,0.120497253678922,0.221365931437683,0.0632474089821951,0.0135530162104704,0.185608223872073,224.4,138.2,70.6066666666667,29,2407.56987846752,1339.0039782971,6.69755508672027,20.8,4.30769402110987,19.4,3.8,9.13646819549366,0.129346106607329
1189,1.6,0.000903750564844103,0.00180750112968821,0.000451875282422052,0.000451875282422052,0,2476.58573367291,8542.55674194926,1376.66982021182,35.0890414540964,6822.8718195013,0.102583358050326,0.617675654580982,61,190.6,0,3.9875484862761,0.134247709436038,0.027494424818559,0.234523271577045,0.0637144148215093,0.00813375508359693,0.153349475383374,135.6,23.4,14.0466666666667,18.2,5732.18785306578,4010.16631860476,7.78694544686167,17.2,0.687074580637845,1.4,1.6,3.9875484862761,0.132516124216813
1190,1,0.000952834683182468,0.000952834683182468,0,0.000476417341591234,0,2248.32102392951,8449.25792807282,1087.08064565044,34.7951786034869,7168.11499286601,0.102264481874371,0.654539604296525,59.8,194.4,0,4.11602997099505,0.1219572617122,0.0174107554283345,0.239637922820391,0.0662220104811815,0.00905192949023344,0.169650468883205,132.2,23.6,13.98,19,5967.80522366442,2520,8.05028139031197,17.4,0.501502180368453,1,1.8,4.11602997099505,0.13728670090916
1191,1.2,0.00121212121212121,0.000808080808080808,0.000404040404040404,0,0,2458.26922093692,8334.806287743,1685.12111007224,35.1596112188259,5745.59410658974,0.124011399103058,0.691003036219289,74.2,205.8,0,6.47120362143457,0.102350446488642,0.132373358931653,0.223838383838384,0.0553535353535354,0.00686868686868687,0.116548615582743,141.6,28.2,16.5533333333333,19.8,5549.3017187399,6624,9.60731648841782,20.8,0.37056663639355,1,1.8,6.47120362143457,0.191166121926007
1192,0.8,0,0.00143198090692124,0.000477326968973747,0,0,1835.90919418652,6377.48763498469,1257.68812526631,34.8907928262812,7071.78158038144,0.110330587714238,0.656245854332734,69.4,202,0,3.31406108115996,0.198514808939542,0.0266840088679086,0.235799522673031,0.0620525059665871,0.0109785202863962,0.159600997506234,129.4,60.4,22.3733333333333,25.8,11233.3411326206,9168.76433615479,20.4039503467122,33.6,5.55541782036792,12,1.4,3.31406108115996,0.15991589783536
1193,0.2,0,0,0.000497760079641613,0,0,1062.44386655596,2995.03852871939,639.145352933282,35.3100530514222,5452.00552334262,0.09973671923021,0.578745302004618,63.4,183.4,0,2.12998435304797,0.135779974786816,0.000730832852002689,0.239422598307616,0.0851169736187158,0.0139372822299652,0.136612021857924,136,69.6,33.3866666666667,25.8,5167.13988573317,4205.77067205818,12.907993784913,26.6,2.87159993256608,7,1.8,2.12998435304797,0.140312807490867
1194,0.6,0,0.00147856086742238,0,0,0,2636.21913782378,7780.71706316385,1110.87879246085,35.1111359897509,7731.48627003534,0.107226155461633,0.733283827055088,67,216.6,0,7.4057669514238,0.207318429060585,0.0103654180890315,0.242976835879744,0.0857565303104978,0.00936421882700838,0.125801282051282,137.2,74,31.9933333333333,25.6,7058.35516297903,4427.58812710529,17.0409230355926,31.4,3.40264930749718,8.6,1.8,7.4057669514238,0.182527065154649
1195,1.2,0.00130548302872063,0.00130548302872063,0,0,0,4062.04661493574,12280.2451257592,984.945373449242,34.6238732390389,9356.69661040882,0.115195821766126,0.760800548825646,70.6,223.8,0,15.8846863272927,0.202908190768104,0.0749819481677701,0.245865970409051,0.0752828546562228,0.0161009573542211,0.137414965986395,155,64.5,25.16,25.4,4793.78206293513,4043.67926606185,13.5747080234536,25.2,4.88181137817313,10.8,1.6,15.8846863272927,0.143246853440191
1196,1.2,0.00130548302872063,0.00130548302872063,0,0,0,4062.04661493574,12280.2451257592,984.945373449242,34.6238732390389,9356.69661040882,0.115195821766126,0.760800548825646,70.6,223.8,0,15.8846863272927,0.202908190768104,0.0749819481677701,0.245865970409051,0.0752828546562228,0.0161009573542211,0.137414965986395,155,64.5,25.16,25.4,4793.78206293513,4043.67926606185,13.5747080234536,25.2,4.88181137817313,10.8,1.6,15.8846863272927,0.143246853440191
1197,1.2,0.000463606861381548,0.00231803430690774,0,0,0,3307.05234145434,10063.1284303955,2030.57688544213,34.7409562909641,7894.40344714773,0.108708361536616,0.695589794660771,67,205.6,0,10.2975794992037,0.230287593195531,0.183363988110845,0.223922114047288,0.076958738989337,0.0180806675938804,0.142751479289941,137.6,65.75,26.16,24,5180.93719045715,3669.08667441981,14.4927369451938,25,4.04512339018188,10.8,1.4,10.2975794992037,0.165307458655812
1198,1.2,0.00100351229302559,0.00150526843953838,0.000501756146512795,0,0,3019.88131644728,8799.36317159458,1974.73419877565,34.3379211252775,7013.18998210573,0.103392443700457,0.656606293839995,65.4,195.2,0,8.67810578748009,0.165717743347762,0.214302843374947,0.245358755644757,0.0822880080280983,0.0165579528349222,0.115118956254797,137.2,67,26.0066666666667,24.8,5343.6283421027,5193.91146358579,15.8200577942365,28.8,4.25833166038462,9.8,1.4,8.67810578748009,0.139242364901033
1199,0.2,0,0.000467945718296678,0,0,0,3166.32192998741,10043.8860825936,2053.86395509611,34.6430158354236,6853.08115755071,0.110265371827018,0.635472443065297,70.6,206.8,0,8.00652354871794,0.145201068311701,0.164572498089098,0.237716424894712,0.0786148806738418,0.0191857744501638,0.113372093023256,143.4,59.8,27.3933333333333,25.6,6865.27212397281,5743.02913309154,16.5594949912338,28.4,3.77544098846633,8.2,1.6,8.00652354871794,0.137457321552709
1200,0.2,0,0.000467945718296678,0,0,0,3166.32192998741,10043.8860825936,2053.86395509611,34.6430158354236,6853.08115755071,0.110265371827018,0.635472443065297,70.6,206.8,0,8.00652354871794,0.145201068311701,0.164572498089098,0.237716424894712,0.0786148806738418,0.0191857744501638,0.113372093023256,143.4,59.8,27.3933333333333,25.6,6865.27212397281,5743.02913309154,16.5594949912338,28.4,3.77544098846633,8.2,1.6,8.00652354871794,0.137457321552709
1201,0.4,0,0.00047192071731949,0.00047192071731949,0,0,2991.20534645361,9358.38504462212,1866.67373310507,34.8210470075099,6752.42269914722,0.109292614316352,0.626429344731269,69.2,200,0,7.98808099100092,0.15261614875131,0.164557549907778,0.237376120811704,0.0802265219443134,0.0226521944313355,0.13267626990144,144.2,60.2,30.32,26.4,4976.94279859464,5780.6928638508,13.3203487429829,23.4,3.5751137710183,9,1.8,7.98808099100092,0.139339933856533
1202,0.4,0,0,0.000484730974309258,0.000484730974309258,0,1604.77993819437,5322.68248217309,1402.15626500599,35.0816143190539,7233.61191125901,0.106698288387205,0.545215931941696,64.2,180.2,0,2.09662038636695,0.162109159199279,0.00804062818863381,0.2094037809016,0.0916141541444498,0.0315075133301018,0.181978798586572,137.2,60.5,23.34,24.8,5234.97058324272,4306.69203980396,12.1407246415698,23.8,4.28269171292819,11.6,1.4,2.09662038636695,0.159835503517015
1203,0.2,0,0,0,0.00051413881748072,0,2456.9688230681,8291.33219913793,1598.91272156964,34.8596535236922,7264.88154186614,0.10447435150769,0.513641943059094,63.6,187,0,4.55766986487157,0.167981803017237,0.00497305098245465,0.209254498714653,0.0956298200514139,0.0298200514138817,0.141379310344828,130.2,60.4,26.18,25.6,5259.72571852293,6452.84187254686,12.5592957492386,25,4.59507799851156,9.6,1.4,4.55766986487157,0.141720492041975
1204,0.8,0,0.00217509516041327,0,0,0,1798.46662779829,5802.89202439052,1745.57325138922,35.3058601484692,5702.01386113021,0.0819328085371583,0.421110859556415,50.4,152.2,0,0.758574563528021,0.114037535579428,0.000781657421295406,0.253942359978249,0.105492115280043,0.023926046764546,0.204637096774194,141,59.4,24.7466666666667,25.8,6041.31897823854,6380.8915725979,9.03755729684352,18.8,6.28496553128267,14,1.6,0.758574563528021,0.146082441630271
1205,1.2,0,0.00100553041729512,0.00100553041729512,0.000502765208647562,0.000502765208647562,2149.02581757433,7122.07974727587,1925.0310586339,35.1492014798173,5701.81840392695,0.0857485034993072,0.498576254039217,51.8,160.4,0,1.1696993298071,0.125329921735286,0.00687011354611375,0.257918552036199,0.0930115635997989,0.028657616892911,0.124777183600713,151,54.2,26.6533333333333,27,3424.02879699318,3602.96100536066,5.20703509461408,16,3.16355036065217,8.2,2,1.1696993298071,0.212213985034943
1206,1,0,0.00241429261226461,0,0,0,1968.84636628398,6106.40941889601,1613.7143821955,35.2539304888526,6705.84964338853,0.0947635407719431,0.508366518593227,57.4,168,0,1.88136921485947,0.124091615847144,0.0140021047468874,0.242877836793819,0.0927088363109609,0.0299372283920811,0.2007136485281,151.4,55.6,25.62,27,5734.22124871334,5205.90959134431,9.75420245278175,22.8,6.66963830762762,14.4,1.4,1.88136921485947,0.198342533646622
1207,1,0,0.002465483234714,0,0,0,2015.06709639701,6192.59731360918,1623.11592400883,35.2562800102702,6569.79140516193,0.0955538540644763,0.498400376144074,57.6,170.8,0,1.80160102894148,0.139572746789098,0.0138708930002334,0.2465483234714,0.0931952662721894,0.0335305719921105,0.197552447552448,151.4,58.4,29.5,27.2,3890.87023337951,3485.08552893717,7.25433846418888,19,5.51839512153904,12.8,2,1.80160102894148,0.156907957597498
1208,1,0,0.002465483234714,0,0,0,2015.06709639701,6192.59731360918,1623.11592400883,35.2562800102702,6569.79140516193,0.0955538540644763,0.498400376144074,57.6,170.8,0,1.80160102894148,0.139572746789098,0.0138708930002334,0.2465483234714,0.0931952662721894,0.0335305719921105,0.197552447552448,151.4,58.4,29.5,27.2,3890.87023337951,3485.08552893717,7.25433846418888,19,5.51839512153904,12.8,2,1.80160102894148,0.156907957597498
1209,1,0,0.002465483234714,0,0,0,2015.06709639701,6192.59731360918,1623.11592400883,35.2562800102702,6569.79140516193,0.0955538540644763,0.498400376144074,57.6,170.8,0,1.80160102894148,0.139572746789098,0.0138708930002334,0.2465483234714,0.0931952662721894,0.0335305719921105,0.197552447552448,151.4,58.4,29.5,27.2,3890.87023337951,3485.08552893717,7.25433846418888,19,5.51839512153904,12.8,2,1.80160102894148,0.156907957597498
1210,1,0,0.00246669955599408,0,0,0,1895.72454574717,5974.68019544309,1614.465094784,34.9281206486882,6184.25139950743,0.0879961078259198,0.464396554117313,53.8,167,0,1.50845397093905,0.106585974815985,0.0139207939631957,0.236309817464233,0.0897878638381845,0.029600394671929,0.20726306465899,144.2,58.4,29.8466666666667,26.6,3915.66908312668,3611.72416066747,7.05212712875279,19,5.32460733862473,12.4,2,1.50845397093905,0.190354907465104
1211,0.6,0.000517330574236937,0.00103466114847387,0,0,0,1598.10511845116,5432.0000004455,1548.52555959854,34.5476363207758,5500.69374281815,0.101254001363887,0.481880510964935,63.8,170.8,0,1.08131858434076,0.185850742926682,0.00284212683072512,0.267977237454734,0.0900155199172271,0.0269011898603207,0.136704119850187,148.8,60.6,30.3533333333333,26.6,4342.41574349592,2415.56458006409,7.92565293167918,18.6,2.98908356422455,7.6,2,1.08131858434076,0.117651544188115
1212,0.2,0,0.000521104742053153,0,0,0,1863.952796411,6247.32377360384,1078.08314547107,35.0242104814124,6303.51239438151,0.105771984631205,0.654989354559484,67,201,0,4.31723220990986,0.181503867638464,0.0182740461931881,0.257946847316311,0.0693069306930693,0.020323084940073,0.0462478184991274,133.4,67.2,34.4866666666667,27.4,4201.51138934383,2033.47266844398,7.8327421430338,19.6,2.91823199073301,7.8,2,4.31723220990986,0.129984015859415
1213,0.4,0,0,0.000925069380203515,0,0,1340.51748421289,4397.9333917064,804.331297477913,34.4757578270332,5374.83162669379,0.117907826070681,0.662878466600813,73.6,189.8,0,3.16897477756984,0.139110384132957,0.0822952266431622,0.299259944495837,0.0730804810360777,0.0208140610545791,0.0847750865051903,170,68.8,34.2,28,3696.9201691897,2737.41268188202,6.81972057638195,18.8,2.80734092740001,9.8,2,3.16897477756984,0.174811658473713
1214,0.4,0,0,0.000925069380203515,0,0,1340.51748421289,4397.9333917064,804.331297477913,34.4757578270332,5374.83162669379,0.117907826070681,0.662878466600813,73.6,189.8,0,3.16897477756984,0.139110384132957,0.0822952266431622,0.299259944495837,0.0730804810360777,0.0208140610545791,0.0847750865051903,170,68.8,34.2,28,3696.9201691897,2737.41268188202,6.81972057638195,18.8,2.80734092740001,9.8,2,3.16897477756984,0.174811658473713
1215,0.4,0,0,0.000925069380203515,0,0,1340.51748421289,4397.9333917064,804.331297477913,34.4757578270332,5374.83162669379,0.117907826070681,0.662878466600813,73.6,189.8,0,3.16897477756984,0.139110384132957,0.0822952266431622,0.299259944495837,0.0730804810360777,0.0208140610545791,0.0847750865051903,170,68.8,34.2,28,3696.9201691897,2737.41268188202,6.81972057638195,18.8,2.80734092740001,9.8,2,3.16897477756984,0.174811658473713
1216,0.4,0,0,0.000906207521522429,0,0,1353.64147605979,4389.12755312371,791.744073574288,34.588482781452,5410.05238845276,0.119625528890611,0.664720070707389,74.2,189.6,0,3.2943499867341,0.141782385679841,0.0825575627117265,0.295876755777073,0.0715903942002719,0.0203896692342546,0.0812395309882747,171.2,68.8,34.1933333333333,28,3691.49616455537,2756.69023597978,6.82906168270387,18.8,2.79271240359403,9.8,2,3.2943499867341,0.177073627069834
1217,0.8,0,0.000459136822773186,0.000918273645546373,0.000459136822773186,0,2806.75078741304,8737.84842336295,430.365808447247,34.8793777128594,7993.59358110784,0.112287901707061,0.705607253186234,70.8,218.6,0,9.47327857619686,0.274715993175566,0.0445651471447568,0.257575757575758,0.0716253443526171,0.0234159779614325,0.10078125,153.6,65.8,33.34,27,4349.72779140474,3502.9609685559,7.61526220026464,19.4,3.28118013828103,10.2,2,9.47327857619686,0.165984216363449
1218,0.4,0,0.000479616306954436,0.000479616306954436,0,0,1180.33710228461,3726.95442158965,678.952490974515,34.5143564722726,6040.80587529591,0.108723413237102,0.54175791949507,69.4,186.6,0,1.11704403274785,0.236255650793312,0.00102892371074002,0.275299760191847,0.0748201438848921,0.0282973621103118,0.0943060498220641,157.8,60,30.62,27.8,3262.44406856149,3254.18332574584,5.50169654415325,15,3.15747336924299,10.8,2,1.11704403274785,0.139830941353625
1219,0.8,0,0.000527426160337553,0.000527426160337553,0.00105485232067511,0,982.595457448185,3035.18817852053,467.54370482217,35.1809471448384,6250.04296926542,0.0934580470501092,0.46939576282345,68,186,0,1.19633279322405,0.121984559217468,0.00100459825487758,0.304852320675105,0.0828059071729958,0.029535864978903,0.0840579710144927,158.2,55.4,29.98,26.8,4596.7074907101,3430.27585800173,6.73509808861977,18.2,4.15700109939771,12,2,1.19633279322405,0.179364956166357
1220,1,0,0.000508388408744281,0.00101677681748856,0.00101677681748856,0,1855.50551615127,7095.13898506353,551.863250807086,35.3373705695936,8982.29919774105,0.176478408751439,0.498016357018333,83.8,183.6,0,4.96911666863188,0.10584740876293,0.00660012676873504,0.301982714794103,0.0777834265378749,0.0345704117946111,0.133920704845815,163,56,29.44,26.6,4000.63061152324,2950.59290338648,7.06483482292669,15.8,3.00352767930476,8.4,2,4.96911666863188,0.103953541087967
1221,1,0,0.000508388408744281,0.00101677681748856,0.00101677681748856,0,1855.50551615127,7095.13898506353,551.863250807086,35.3373705695936,8982.29919774105,0.176478408751439,0.498016357018333,83.8,183.6,0,4.96911666863188,0.10584740876293,0.00660012676873504,0.301982714794103,0.0777834265378749,0.0345704117946111,0.133920704845815,163,56,29.44,26.6,4000.63061152324,2950.59290338648,7.06483482292669,15.8,3.00352767930476,8.4,2,4.96911666863188,0.103953541087967
1222,0.6,0,0.00133155792276964,0,0,0,1209.08370208193,3332.26852399325,440.523777713265,35.1013273328201,7179.68940048943,0.194961672323791,0.535955089977694,94,189.2,0,2.57144809625239,0.128156527149519,0.00100289007157734,0.277851753217932,0.0670217487794052,0.0261873058144696,0.166666666666667,167.2,52.8,27.6533333333333,25.8,4106.86266666392,4213.78942568226,6.57583563401432,15,4.20452253593452,11.6,2,2.57144809625239,0.280235619486171
1223,0.4,0,0.000472813238770686,0.000472813238770686,0,0,1963.50360099647,7141.65405920697,1020.66674531178,35.1630914812238,6894.08212238901,0.185539158468667,0.492500991831874,88,197.8,0,3.42088033297508,0.120114483729952,0.0321316594778885,0.28274231678487,0.0690307328605201,0.0260047281323877,0.116336633663366,159.8,56.4,30.54,27.2,3797.23537992687,3769.81557980658,7.5350428648374,18.8,3.7883779064981,9.6,2,3.42088033297508,0.194731367748204
1224,0.4,0,0.000597371565113501,0,0.000597371565113501,0,603.388478955498,1469.09465225057,321.998450905748,34.6696179404079,5971.0622673744,0.150233773699586,0.298106005892308,70.6,122,0,0.604777674116306,0.108059641779749,0.000631046887104602,0.274193548387097,0.0854241338112306,0.029868578255675,0.118959107806691,130.4,53.6,25.1866666666667,25.4,2196.59558427467,2213.10722331325,3.45176715579356,11.8,2.03100612457111,7.2,2,0.604777674116306,0.150610177846307
1225,0.6,0,0,0.000523286237571952,0.0010465724751439,0,2143.31562393589,9598.18261355704,409.973595490191,27.9961993795087,7329.83197046022,0.155642104375116,0.368954258612093,72.8,144,0,5.97944336147006,0.105466457780468,0.0121825491590607,0.269492412349555,0.0826792255363684,0.0308738880167452,0.186697782963827,146.4,52,27.92,25.2,3035.62017942825,2964.60630875344,5.12455683319365,14.2,3.05676982770186,10,2,5.97944336147006,0.160844544115672
1226,0.2,0,0,0.000645161290322581,0,0,989.12862343169,3261.51822419806,493.186402586099,28.5135634222473,6513.99348636934,0.131829903521477,0.329029395433811,65.2,122.4,0,1.15423448534348,0.11039782490474,0.00101044778919087,0.28258064516129,0.0993548387096774,0.032258064516129,0.133891213389121,128.4,55.2,28.28,26,2878.48590021877,2362.26169421996,5.0010254344504,16.6,1.56902480691735,7.4,2,1.15423448534348,0.1427258420124
1227,0.2,0,0,0.000645161290322581,0,0,989.12862343169,3261.51822419806,493.186402586099,28.5135634222473,6513.99348636934,0.131829903521477,0.329029395433811,65.2,122.4,0,1.15423448534348,0.11039782490474,0.00101044778919087,0.28258064516129,0.0993548387096774,0.032258064516129,0.133891213389121,128.4,55.2,28.28,26,2878.48590021877,2362.26169421996,5.0010254344504,16.6,1.56902480691735,7.4,2,1.15423448534348,0.1427258420124
1228,0.2,0,0,0.000645161290322581,0,0,989.12862343169,3261.51822419806,493.186402586099,28.5135634222473,6513.99348636934,0.131829903521477,0.329029395433811,65.2,122.4,0,1.15423448534348,0.11039782490474,0.00101044778919087,0.28258064516129,0.0993548387096774,0.032258064516129,0.133891213389121,128.4,55.2,28.28,26,2878.48590021877,2362.26169421996,5.0010254344504,16.6,1.56902480691735,7.4,2,1.15423448534348,0.1427258420124
1229,0.2,0,0,0,0.000476417341591234,0,517.025031471646,1172.88291075076,380.606263451728,27.9730561512864,7275.60953972162,0.16150844868633,0.251579844981693,70.8,126.6,0,0.181557054969305,0.0532396455262975,0.000669632790706979,0.336350643163411,0.089566460219152,0.0319199618866127,0.306740027510316,192.2,49.2,25.94,26.2,3658.89925142169,4949.38167844282,5.86805757624878,13.6,5.11167381054739,12.4,2,0.181557054969305,0.203093471674757
1230,0.6,0,0,0.00137425561154375,0,0,577.895527254458,1485.20073617416,387.624079325877,27.9842037272367,7471.21509808382,0.167675306978064,0.286592349356296,74.2,135.8,0,0.322089443584768,0.0585053943135468,0.000426022254663759,0.331195602382043,0.0897846999541915,0.0316078790655062,0.301143583227446,197.6,48.2,25.66,26.2,3719.61831923282,5160.92186429664,5.69706888206951,13.6,5.354095526915,12.6,2,0.322089443584768,0.190069213274785
1231,0.2,0,0.000428082191780822,0,0,0,2490.90552692101,8750.66080162842,1061.79604855179,28.3608553685152,7105.06525752192,0.159290743035742,0.44757310692552,80.4,160.2,0,4.40070836969878,0.159477032861799,0.0690728121325567,0.297517123287671,0.0779109589041096,0.0273972602739726,0.238188976377953,188.2,44.4,22.36,25.6,3732.30368086482,3524.34696916485,5.81024401103772,13.4,4.39593363578306,11,2,4.40070836969878,0.158683760625196
1232,0,0,0,0,0,0,2484.50737433098,8672.28147987396,1121.79337259298,28.3955105571189,7122.5448226938,0.158728367670258,0.447017928667303,78.8,161.4,0,3.96270981028586,0.163673492530353,0.0725086678427566,0.302899177845089,0.0787537862397231,0.0276936391172653,0.240356083086053,189.2,44.4,22.32,25.2,3730.55723940254,3542.28973247209,5.8880793152487,13.8,4.2616912921349,10.6,2,3.96270981028586,0.128041170182795
1233,0,0,0,0,0,0,835.680150303566,2374.4250162447,610.126639554758,27.8707013386286,6838.40724410965,0.133221925940336,0.282064655498128,63.6,129.2,0,0.593358413906944,0.108665626858948,0.0007015797107322,0.367572547213266,0.0852141870105942,0.0294795025333947,0.258177570093458,209.4,42.2,22.7933333333333,25.8,4721.97137872568,4065.62836068984,6.74198067656177,15.8,3.5984566831297,10.4,2,0.593358413906944,0.164146652704166
1234,0.6,0,0.000425894378194208,0.000851788756388416,0,0,1211.57042434383,4439.0375580158,639.586240744049,28.7727098317943,7005.64252193992,0.149505963342304,0.376340689686698,67.6,141.8,0,1.59475645224323,0.0728979390687123,0.00226419572642644,0.399063032367973,0.0724020442930153,0.0285349233390119,0.219037871033777,234.8,48.4,26.2066666666667,25.8,3710.12982351358,3509.12220680621,6.07326338686196,15.2,2.65686137621601,8.8,2,1.59475645224323,0.108188487316634
1235,0.6,0,0.000425894378194208,0.000851788756388416,0,0,1211.57042434383,4439.0375580158,639.586240744049,28.7727098317943,7005.64252193992,0.149505963342304,0.376340689686698,67.6,141.8,0,1.59475645224323,0.0728979390687123,0.00226419572642644,0.399063032367973,0.0724020442930153,0.0285349233390119,0.219037871033777,234.8,48.4,26.2066666666667,25.8,3710.12982351358,3509.12220680621,6.07326338686196,15.2,2.65686137621601,8.8,2,1.59475645224323,0.108188487316634
1236,3.6,0.000729394602479942,0.00267444687575979,0.000972526136639922,0,0,5054.93156936831,12814.4795897518,1321.02391955808,28.3742219183721,9819.31762692912,0.206652518824475,0.850154079341806,96.4,253.4,0,23.2684194589773,0.223817820304217,0.272616207012257,0.273279844395818,0.0413323608071967,0.0133722343787989,0.165599658557405,269.8,57.4,30.8533333333333,26.2,5313.95806031736,4151.63013254792,9.09548325876092,18.6,6.28982954942364,13.8,2,23.2684194589773,0.11893091824187
1237,4,0.000724112961622013,0.00313782283369539,0.000965483948829351,0,0,5128.84475050184,12921.9018995108,1485.32407722236,28.6223399522591,9775.60548807265,0.208805372641065,0.85072716744683,101.2,249.6,0,23.1650938251316,0.214908205046778,0.27971924556846,0.260439295196717,0.0405503258508327,0.0142408882452329,0.148227253310551,261.2,60.4,32.4466666666667,26.8,5293.66689200133,3860.51909329178,9.10649659427074,18.6,5.87987357983627,12.8,2,23.1650938251316,0.12156956531048
1238,5.4,0.000706380974805745,0.00306098422415823,0.00211914292441724,0.000470920649870497,0,5082.77652753741,13231.9365987502,1399.19335175544,28.6389548988106,9990.25428087435,0.209982192211233,0.859075548829905,105,256.8,0,23.3363273423977,0.315850551646073,0.286529014599715,0.258064516129032,0.0409700965387332,0.0148340004709206,0.182835820895522,266.6,60.8,32.8066666666667,26.4,5374.93726025842,3943.81158356735,9.79407593902486,18.6,6.64251743910298,15,2,23.3363273423977,0.124430596192232
1239,4.2,0,0.00378024193548387,0.00126008064516129,0.000252016129032258,0,4401.08556935577,13929.5606688011,1219.91939435427,28.6808676945674,10299.4167378248,0.207052798705677,0.779623787042097,96.8,247.2,0,18.1397545648563,0.382724830955199,0.293104079352359,0.2421875,0.0433467741935484,0.014616935483871,0.177254553531764,238.2,51.2,27.6333333333333,26.2,6047.3893364528,4812.74374354308,9.49141234395248,17.4,6.55812965463509,13.8,2,18.1397545648563,0.124514528607888
1240,4.2,0,0.00378024193548387,0.00126008064516129,0.000252016129032258,0,4401.08556935577,13929.5606688011,1219.91939435427,28.6808676945674,10299.4167378248,0.207052798705677,0.779623787042097,96.8,247.2,0,18.1397545648563,0.382724830955199,0.293104079352359,0.2421875,0.0433467741935484,0.014616935483871,0.177254553531764,238.2,51.2,27.6333333333333,26.2,6047.3893364528,4812.74374354308,9.49141234395248,17.4,6.55812965463509,13.8,2,18.1397545648563,0.124514528607888
1241,5.2,0.000940955069395436,0.00423429781227946,0.000940955069395436,0,0,4983.35241733204,12658.5102801671,1623.10941462252,28.4928489694064,10131.6814771416,0.212306938331373,0.850965414838962,103.4,262,0,18.2380749117468,0.25358898190502,0.300990908993923,0.267701717243002,0.0418725005880969,0.0176429075511644,0.148116067561715,278.2,46.6,30.2066666666667,26,1731.41851789025,1898.53126508286,4.19981191412742,12.2,4.57953157094856,14.2,7,18.2380749117468,0.128890438923995
1242,5.2,0.000940955069395436,0.00423429781227946,0.000940955069395436,0,0,4983.35241733204,12658.5102801671,1623.10941462252,28.4928489694064,10131.6814771416,0.212306938331373,0.850965414838962,103.4,262,0,18.2380749117468,0.25358898190502,0.300990908993923,0.267701717243002,0.0418725005880969,0.0176429075511644,0.148116067561715,278.2,46.6,30.2066666666667,26,1731.41851789025,1898.53126508286,4.19981191412742,12.2,4.57953157094856,14.2,7,18.2380749117468,0.128890438923995
1243,4.8,0,0.00347624565469293,0.0018539976825029,0.000231749710312862,0,4289.00295505456,12538.0659219846,1189.80869418728,28.3243780539379,8639.93712904134,0.214290445880225,0.774405429998822,103.8,245.6,0,14.5180178465784,0.332405948568102,0.297290335119405,0.249594438006952,0.0428736964078795,0.0199304750869061,0.181780538302277,269.6,55.2,36.2866666666667,27,2003.88360639341,1667.04168608599,6.42007256487641,15.2,5.37000214628356,16.4,7,14.5180178465784,0.127771694415603
1244,4.8,0,0.00347624565469293,0.0018539976825029,0.000231749710312862,0,4289.00295505456,12538.0659219846,1189.80869418728,28.3243780539379,8639.93712904134,0.214290445880225,0.774405429998822,103.8,245.6,0,14.5180178465784,0.332405948568102,0.297290335119405,0.249594438006952,0.0428736964078795,0.0199304750869061,0.181780538302277,269.6,55.2,36.2866666666667,27,2003.88360639341,1667.04168608599,6.42007256487641,15.2,5.37000214628356,16.4,7,14.5180178465784,0.127771694415603
1245,5.4,0.000500375281461096,0.0057543157368026,0.000500375281461096,0,0,4340.41164063702,11641.9358358609,1824.54354824627,28.4989747117381,8330.92036028637,0.227174063283038,0.817968646525018,112.2,241.6,0,12.7246966165038,0.495203006575051,0.362191425788705,0.188891668751564,0.0445334000500375,0.0192644483362522,0.184782608695652,202,56.2,38.8933333333333,27,2636.20788878328,3126.48119590925,8.21968701068326,18.6,6.37374690397089,16.6,7,12.7246966165038,0.134574537561999
1246,5.2,0.00074794315632012,0.0049862877088008,0.00049862877088008,0.00024931438544004,0,5337.4124824879,15358.6390941238,2039.4784797046,28.1876435050343,7892.35999713397,0.186715306473884,0.728591233555355,92,218.2,0,13.5912471775207,0.256893148337933,0.373847524905541,0.202193966591872,0.0476190476190476,0.0204437796060833,0.194979829672792,216.8,56.2,38.3,27.2,2405.6951536979,3821.13500816558,6.65222884215296,16.4,9.78558011927892,27.4,7,13.5912471775207,0.129423686379719
1247,5.4,0.000277161862527716,0.00582039911308204,0.00138580931263858,0,0,3571.89770527683,9492.84383008106,2372.76835630037,28.1741714599742,8430.09013299751,0.183533916836358,0.626743330502167,89.4,208.6,0,3.66578232591819,0.281220689126479,0.145161052458177,0.230044345898004,0.0584811529933481,0.0282705099778271,0.202056555269923,228.6,45.2,29.3733333333333,27.2,3125.05713575436,4578.08212553273,7.23294484424968,20.8,10.8855764140088,25.4,7,3.66578232591819,0.110246936453271
1248,4.2,0,0.00490596892886345,0.000545107658762606,0.000272553829381303,0,4446.32423594243,10246.3201070289,2042.04474584724,28.4737878512365,7805.35072433458,0.172093029323821,0.693205336452466,87.2,206.4,0,7.45419719545444,0.348880206925732,0.25730852664342,0.236031616244208,0.0561460888525484,0.023439629326792,0.191666666666667,231.6,53.4,34.3866666666667,27.8,2316.34030543605,3150.02990080394,6.67850381199067,19.2,9.81615780887223,25.4,7,7.45419719545444,0.11402512477973
1249,2.8,0,0.00299580587177951,0.0011983223487118,0,0,4792.61898238722,12173.1921280813,2695.70248401936,28.5257839671349,7359.12552216481,0.173634272097593,0.62175881700248,82.4,192,0,8.80158904186781,0.276044950462901,0.116139339453839,0.255242660275614,0.0599161174355902,0.0263630916716597,0.213718820861678,228,49.2,30.2,27.2,2053.60342218705,2145.65087438752,4.9105662828043,13.2,7.32908018862696,19.8,7,8.80158904186781,0.102836996986952
1250,2.8,0,0.00299580587177951,0.0011983223487118,0,0,4792.61898238722,12173.1921280813,2695.70248401936,28.5257839671349,7359.12552216481,0.173634272097593,0.62175881700248,82.4,192,0,8.80158904186781,0.276044950462901,0.116139339453839,0.255242660275614,0.0599161174355902,0.0263630916716597,0.213718820861678,228,49.2,30.2,27.2,2053.60342218705,2145.65087438752,4.9105662828043,13.2,7.32908018862696,19.8,7,8.80158904186781,0.102836996986952
1251,4,0.000289939112786315,0.00405914757900841,0.00115975645114526,0.000289939112786315,0,4583.29259456481,11276.066631749,2907.43470669755,28.6271674378939,6923.70410197951,0.171215725374206,0.592820838028567,80.2,203.8,0,5.59181635354623,0.224873670789069,0.112396986718406,0.256016236590316,0.057118005218904,0.0249347636996231,0.219010561423013,233.2,50.4,33.12,26.6,1466.7449339838,3768.01994045265,4.38269029473747,13.6,10.0711364205896,26.4,7,5.59181635354623,0.102625475478895
1252,4.4,0,0.00637348629700446,0.000637348629700446,0,0,4898.29022631321,10669.1716257471,3710.50202452129,28.1763214730076,7063.87613643475,0.142589206093288,0.483359697535691,67.6,164.2,0,2.39502322503009,0.146784941265598,0.10120808525814,0.247609942638623,0.0666029318036966,0.0280433397068196,0.153627311522048,214.8,42.6,26.9866666666667,25.8,1735.80410813826,3825.08246844336,4.92652278902764,14.2,7.63460037827859,19.8,7,2.39502322503009,0.0958658283571555
1253,4.6,0,0.00650759219088937,0.000619770684846607,0,0,4674.24356032839,9650.54074351564,3247.01809285788,28.4336733223742,7325.01371039459,0.161922273546976,0.566091698396376,78,186,0,4.31958629248892,0.207392799775126,0.112963315347825,0.24666873256895,0.0672451193058568,0.0266501394484041,0.12385600976205,219.8,52.2,32.6466666666667,26.8,1880.48208016575,2123.0006551659,4.94316266058213,15.8,5.8011581367715,19.4,7,4.31958629248892,0.0982822214515217
1254,4,0,0.00551301684532925,0.000612557427258805,0,0,4366.78168888066,9848.15580234267,3106.89952710165,28.4300464834297,7289.52786071607,0.153903500039558,0.560579458634417,76.8,190.2,0,3.84142643701513,0.170116865110423,0.112222009993151,0.241960183767228,0.0658499234303216,0.0278713629402756,0.123717561858781,219.2,52,32.2866666666667,27,1902.55924881267,2446.88351414158,5.56705103420825,17.8,5.97446658487989,18,7,3.84142643701513,0.0994454334684495
1255,6.8,0,0.00676148286313826,0.00116577290743763,0,0,3585.37328795985,9271.67497134853,2073.83213862243,34.8440282056368,7445.22630288829,0.248715548497606,0.77019931328669,120.6,259.2,0,9.50819093752279,0.566904082788807,0.146902513621962,0.151317323385405,0.0547913266495687,0.00629517370016321,0.195913461538462,182.2,43.8,19.2866666666667,27,13008.4474080566,11383.5635590182,23.0451900138413,35.6,13.9524395812321,28.4,2,9.50819093752279,0.145414413618846
1256,5.4,0,0.00553342186808322,0.000442673749446658,0,0,3782.9169590178,9651.74392261634,2589.20997838864,35.0224947370687,6512.54675364937,0.236416075722283,0.732323119193492,121.4,265.6,0,7.12951023234111,0.290678062500552,0.159856769417769,0.153386454183267,0.0555555555555556,0.00509074811863656,0.200922013061852,193.4,35.8,14.16,26.6,15369.0708263746,15877.6419961814,23.3579921891703,34.2,17.8541179374941,36.2,1.8,7.12951023234111,0.151612487844812
1257,4.6,0,0.00465983224603914,0.00248524386455421,0,0,2528.62717722289,7541.64378895501,2012.93373578995,35.2555897349268,7128.23012864568,0.203874554330434,0.53362022634833,101.2,194.8,0,2.5248195786965,0.104741004998683,0.0624316929890628,0.183286735010873,0.0736253494874185,0.00807704255980118,0.239256678281069,170.6,37.2,14.4533333333333,25.2,14668.4592062538,15633.6621338375,19.0250818069583,28,13.9347618822806,24.6,1.8,2.5248195786965,0.143632967391734
1258,2.4,0,0.00232867598137059,0.00166333998669328,0,0,2460.03493426487,6790.09600027103,1853.44025702082,34.8171605580817,5970.30885979633,0.191421837811039,0.496126892589771,94.2,179.2,0,2.41228824030499,0.0904145380416207,0.0590665934741413,0.206919494344644,0.0785096473719228,0.00931470392548237,0.235723771580345,177.2,34.6,13.92,25.6,12898.6134313202,15921.1317116349,17.527685989604,25.8,13.9632474428529,25,1.8,2.41228824030499,0.142009305731001
1259,2.4,0,0.00232867598137059,0.00166333998669328,0,0,2460.03493426487,6790.09600027103,1853.44025702082,34.8171605580817,5970.30885979633,0.191421837811039,0.496126892589771,94.2,179.2,0,2.41228824030499,0.0904145380416207,0.0590665934741413,0.206919494344644,0.0785096473719228,0.00931470392548237,0.235723771580345,177.2,34.6,13.92,25.6,12898.6134313202,15921.1317116349,17.527685989604,25.8,13.9632474428529,25,1.8,2.41228824030499,0.142009305731001
1260,2,0,0.00250234594932749,0.000312793243665937,0,0.000312793243665937,1942.9243393262,6017.47379430348,1878.60154192409,35.15015523062,5041.69593145734,0.175664808163202,0.311725528915833,87.2,154.6,0,0.276890036085843,0.0656203919613055,0.0498837380608757,0.264623084141383,0.0763215514544886,0.00688145136065061,0.160217654171705,222.4,39,17.8266666666667,23.6,9910.37299305627,8084.76042850629,15.6547976766523,23.8,10.1286319866529,18.8,2,0.276890036085843,0.16598994497147
1261,1.8,0,0.00250783699059561,0.000313479623824451,0,0,1771.22066464441,5533.45965478792,1627.84783745775,35.006756677034,6183.78286015719,0.187795969433618,0.359635110021976,88.8,151,0,0.720959019054654,0.071065845030614,0.0410015716039549,0.263322884012539,0.0721003134796238,0.00909090909090909,0.234496124031008,219.8,34,15.5933333333333,24.6,10671.1062083141,9066.55528436099,14.8401865286093,23.6,9.73076495107789,18.4,2,0.720959019054654,0.135020523222053
1262,2.2,0,0.00303438975050573,0.000674308833445718,0,0,2900.28027728664,8610.29470464214,2987.23359095004,35.0268549614023,5491.83785033147,0.159711350289904,0.283974261771671,80.6,129.4,0,0.452814625942079,0.109988165188972,0.0497016475825593,0.268037761294673,0.0586648685097775,0.0091031692515172,0.187543252595156,199.2,30,11.1466666666667,23.4,8019.52990300369,10971.9816870118,12.5547645336497,18.2,10.5105518908703,20.6,1.6,0.452814625942079,0.12900437111419
1263,3.2,0,0.00461680517082179,0.000307787011388119,0,0,3160.60083844162,8865.99724446434,3212.44213870189,34.8171341511866,5237.36218254678,0.169295227696514,0.353113221962592,85.2,150.2,0,0.666058694760276,0.0551824272282281,0.0408473231289042,0.265312403816559,0.0547860880270853,0.00831024930747922,0.189389265885256,213.4,31.8,14.92,23.8,8951.70626914702,9443.19079537971,12.2953747057642,19.6,9.75269010960662,20.2,2,0.666058694760276,0.109020027538938
1264,2.4,0,0.00403225806451613,0.000366568914956012,0,0,1660.14038945424,5998.61089107525,1507.57814662574,34.7369184523218,6204.50660540576,0.190395918128088,0.340508939202698,87.6,146.8,0,0.716063591601906,0.0489649358381969,0.0452494819920656,0.233504398826979,0.0590175953079179,0.00806451612903226,0.226765799256506,164,34.2,15.94,22.8,10220.585015406,11082.6089497243,17.6190363097883,27.8,6.31475389514546,10.8,2,0.716063591601906,0.126441750902988
1265,3.2,0,0.00525394045534151,0.000350262697022767,0,0,2009.28917180036,6559.69564048237,2003.6079508302,34.7260052816156,4875.90067819826,0.180594360827188,0.314323092019366,86.6,143.2,0,0.324160046247999,0.0509776155226333,0.0549729732706097,0.253239929947461,0.0584938704028021,0.00980735551663748,0.218989280245023,183.6,37.4,23.6066666666667,24.4,4365.7560988505,3506.6814973636,10.977485034079,20,5.29564947894051,12.6,3.6,0.324160046247999,0.156983122474176
1266,3.4,0.000360880548538434,0.00541320822807651,0.000360880548538434,0,0,2296.71574418801,7699.6977024131,2241.05037734205,35.0328740529085,4801.80973139862,0.104198322068016,0.388741913793834,75,158.6,0,0.496573842533618,0.0931898746612413,0.0411830742786459,0.245759653554673,0.0584626488632263,0.00974377481053771,0.15946137491141,174,41.4,26.0666666666667,24.2,3130.20442968818,3103.558162315,8.65730659634832,17.4,5.41797569707953,11.2,3.6,0.496573842533618,0.126859326845131
1267,2.4,0,0.00326583932070542,0.000653167864141084,0,0,2635.44597472142,8593.04160879942,2455.50065932191,34.7032537177353,4985.38239519744,0.110551813572437,0.334037837381733,76.4,165.6,0,0.460372286493798,0.146443806652371,0.0529055353531336,0.245264532984977,0.0548661005878511,0.0111038536903984,0.197350069735007,190.6,36.2,21.8133333333333,23.2,3474.75766663375,3761.41959787346,7.51603632469783,16.6,5.87672948588127,13.4,3.2,0.460372286493798,0.136513822538202
1268,2.4,0,0.00326583932070542,0.000653167864141084,0,0,2635.44597472142,8593.04160879942,2455.50065932191,34.7032537177353,4985.38239519744,0.110551813572437,0.334037837381733,76.4,165.6,0,0.460372286493798,0.146443806652371,0.0529055353531336,0.245264532984977,0.0548661005878511,0.0111038536903984,0.197350069735007,190.6,36.2,21.8133333333333,23.2,3474.75766663375,3761.41959787346,7.51603632469783,16.6,5.87672948588127,13.4,3.2,0.460372286493798,0.136513822538202
1269,2.6,0,0.00401358443964187,0,0,0,3012.3618608481,9029.62753598785,2667.57179526263,34.9718862870495,5158.81593081894,0.118424493419925,0.432662605934245,79.6,189.2,0,1.14146844273959,0.153989744022289,0.0726745175476917,0.238345168261809,0.0515591231861686,0.00957085520222291,0.196913580246914,194,36.2,18.9666666666667,22.6,7015.22208596916,6300.49678794365,12.0992573225262,19.2,7.67096980865376,16.4,2.4,1.14146844273959,0.171829668755271
1270,2.6,0,0.00401358443964187,0,0,0,3012.3618608481,9029.62753598785,2667.57179526263,34.9718862870495,5158.81593081894,0.118424493419925,0.432662605934245,79.6,189.2,0,1.14146844273959,0.153989744022289,0.0726745175476917,0.238345168261809,0.0515591231861686,0.00957085520222291,0.196913580246914,194,36.2,18.9666666666667,22.6,7015.22208596916,6300.49678794365,12.0992573225262,19.2,7.67096980865376,16.4,2.4,1.14146844273959,0.171829668755271
1271,2.4,0,0.00339673913043478,0.000679347826086957,0,0,2531.08712428165,8198.81869229705,2411.93132899809,34.6859718972799,4464.44967339919,0.10834305305264,0.383090865679833,73.8,179.2,0,0.641350457122978,0.117673558212061,0.0521905351792114,0.237432065217391,0.0594429347826087,0.00815217391304348,0.207105064247921,179.6,40.4,23.4733333333333,24.6,4858.90727980463,3957.02865779319,12.2533351717816,21,4.34089763293634,11.6,3.6,0.641350457122978,0.133849690817662
1272,4,0,0.00587659157688541,0.000652954619653934,0,0,1900.759814275,6433.7850858208,1597.97032446691,35.0494125730118,5272.81268092722,0.116055541634071,0.40613883056562,79.4,179.4,0,1.32358016414003,0.0708183722734189,0.0641156132143406,0.251714005876592,0.049298073783872,0.00718250081619327,0.175913396481732,188.8,36,19.4666666666667,24,6806.57274689591,6267.16794103463,14.105481562381,26,5.86220880907357,12.8,2.8,1.32358016414003,0.107613553394962
1273,3.2,0,0.00347881087919039,0.00126502213788741,0.000316255534471853,0,2288.43660917918,7924.35988932304,2084.70688141075,34.9314307399246,4783.29712783768,0.112646925173099,0.489698811725334,79.2,186.2,0,0.852014537473984,0.134818576916927,0.0557100494650728,0.266603415559772,0.0543959519291588,0.00790638836179633,0.154685494223363,208,37,23.5866666666667,25,3394.33877949477,4636.47375151507,10.1083292298662,21.4,5.76696441565806,12.6,3.2,0.852014537473984,0.135914079135936
1274,3.2,0,0.00347881087919039,0.00126502213788741,0.000316255534471853,0,2288.43660917918,7924.35988932304,2084.70688141075,34.9314307399246,4783.29712783768,0.112646925173099,0.489698811725334,79.2,186.2,0,0.852014537473984,0.134818576916927,0.0557100494650728,0.266603415559772,0.0543959519291588,0.00790638836179633,0.154685494223363,208,37,23.5866666666667,25,3394.33877949477,4636.47375151507,10.1083292298662,21.4,5.76696441565806,12.6,3.2,0.852014537473984,0.135914079135936
1275,3.8,0,0.00396946564885496,0.00183206106870229,0,0,2390.1753066102,8105.36248435527,2160.18347773171,34.8796564917319,5162.27690387306,0.115462483064516,0.506598028827975,82,188.4,0,1.01252299182779,0.124538182040463,0.06344102968467,0.269312977099237,0.0512977099236641,0.00946564885496183,0.167300380228137,216.2,35.2,22.78,24.2,3759.66864861388,6288.34355778649,10.6294179557598,21,6.17431329908537,12.6,3.2,1.01252299182779,0.149939212099274
1276,3,0,0.00281337918099406,0.00187558612066271,0,0,1974.93023160083,7052.04198828843,1803.47002720572,35.1309504318938,7033.96169382565,0.104399422317275,0.364816131324316,73.6,171.6,0,0.709616741477465,0.029086834149059,0.0966866886495523,0.274773366677087,0.0515786183182244,0.0165676773991872,0.168865435356201,219.4,27.4,17.2333333333333,23,3962.4303298157,4716.39285675766,10.51791839858,20.4,3.78518777033238,8.6,3,0.709616741477465,0.134612296607234
1277,3,0,0.00281337918099406,0.00187558612066271,0,0,1974.93023160083,7052.04198828843,1803.47002720572,35.1309504318938,7033.96169382565,0.104399422317275,0.364816131324316,73.6,171.6,0,0.709616741477465,0.029086834149059,0.0966866886495523,0.274773366677087,0.0515786183182244,0.0165676773991872,0.168865435356201,219.4,27.4,17.2333333333333,23,3962.4303298157,4716.39285675766,10.51791839858,20.4,3.78518777033238,8.6,3,0.709616741477465,0.134612296607234
1278,2.6,0,0.00356102298478472,0.000647458724506313,0,0,2409.55043619427,8041.26735266711,1903.42912043043,35.0224747927735,7541.10356054904,0.119832069834813,0.543761216354698,73.8,180.6,0,1.55843392650802,0.0508162010703331,0.0420814647333836,0.272256393654905,0.051796697960505,0.0152152800258983,0.208048595292331,209.6,26.2,15.8266666666667,23,6083.92821091453,6925.09172811594,10.9937995679733,20.4,3.65629276473556,7.2,3.2,1.55843392650802,0.104293774810668
1279,3.2,0,0.00331225534477567,0.00150557061126167,0,0,3038.94409313554,8378.68151718844,1973.99644297244,35.0370127534704,8131.99000405717,0.122528556228853,0.576704357017307,74.2,193.4,0,3.65900380568904,0.204104555246629,0.135897643899247,0.24902137910268,0.0493827160493827,0.016260162601626,0.205128205128205,209,26.4,17.0333333333333,23.2,5360.93270997706,6606.31038843024,11.5765230799041,19.8,5.25316128547969,11.2,3.2,3.65900380568904,0.147658340482426
1280,2.8,0,0.00359820089955022,0.000599700149925037,0,0,3206.69611582962,8770.81706465276,1751.19807270163,35.0533414188501,8410.62813876796,0.125608385931506,0.663145371231404,76.8,212.2,0,4.66634219479495,0.232878388069203,0.117535569864538,0.256071964017991,0.0488755622188906,0.0122938530734633,0.177199504337051,211.6,28.4,13.5266666666667,24.8,10861.6058653356,11966.796717729,14.9390615928277,24.4,5.56716419748573,10,2.6,4.66634219479495,0.120540782558314
1281,2.8,0.000289519397799653,0.00289519397799653,0.000868558193398958,0,0,2801.93207488653,8050.08195528112,1684.89644093679,34.8864644322337,8289.16033468554,0.13691326029585,0.665362743256836,84.4,218.8,0,3.77908380739101,0.154813079837274,0.13569869939684,0.246670526925304,0.0477707006369427,0.0124493341053851,0.152486187845304,212,28.6,16.5133333333333,23,8165.81797395761,10329.5249054943,13.9095370422954,24,5.96181586702827,10.8,2.8,3.77908380739101,0.153236412150179
1282,3.8,0,0.00360810435747988,0.00166527893422148,0,0,3035.72401711863,9343.19613614965,1985.65551551978,35.1777636344803,7049.5146311955,0.136628140189518,0.632457498963499,82.8,204.2,0,3.82613061709988,0.174400639731104,0.100379892918317,0.254232583957813,0.0460727171801277,0.0119344990285873,0.136017410228509,225,37.8,24.5066666666667,24.8,4770.71955286037,5114.77870870047,11.1182920208657,20.8,2.70297978458086,6.2,3.2,3.82613061709988,0.129828159591044
1283,3.6,0,0.00536352800953516,0,0,0,4270.48154528404,10338.0588754245,3409.0182425801,35.0732312433072,6067.09281192557,0.108117214864961,0.538509802630311,68.2,195.4,0,2.85180191571383,0.0937566524263123,0.143228812651592,0.2619189511323,0.0587008343265793,0.00685339690107271,0.0792199878123096,219.8,38,20.3333333333333,24.2,7865.59877244774,8561.74345256803,14.7013513522366,23.8,4.04387008214356,7.6,3.2,2.85180191571383,0.14633990439206
1284,4.4,0,0.00646298472385429,0,0,0,4533.86594304323,10479.6795034527,3827.39217982565,35.188478094701,6607.9173066735,0.106541320102604,0.507709209785257,64.2,185.2,0,2.01498025283108,0.156854678465185,0.148619490422987,0.248531139835488,0.0564042303172738,0.0155699177438308,0.154243119266055,218.2,31.2,19.6333333333333,23.6,4880.48188939285,5105.588418143,9.51737198359353,19.2,4.98201565084367,10.8,3.2,2.01498025283108,0.178518642670402
1285,4.6,0.000310752019888129,0.00590428837787446,0.000932256059664388,0,0,4732.74368764139,11093.9267565686,3777.02460644075,35.0387551061947,6938.3296037741,0.108301202977847,0.545849931187068,64.4,186.4,0,2.82760410164648,0.0945153209259934,0.138485185277004,0.264760720944686,0.059975139838409,0.0142945929148539,0.156756756756757,218.2,35,20.56,24.6,5759.40242575034,7231.04435774987,13.1539189034106,24.6,5.304361133841,10.8,2.6,2.82760410164648,0.170950950244041
1286,4.6,0.000310752019888129,0.00590428837787446,0.000932256059664388,0,0,4732.74368764139,11093.9267565686,3777.02460644075,35.0387551061947,6938.3296037741,0.108301202977847,0.545849931187068,64.4,186.4,0,2.82760410164648,0.0945153209259934,0.138485185277004,0.264760720944686,0.059975139838409,0.0142945929148539,0.156756756756757,218.2,35,20.56,24.6,5759.40242575034,7231.04435774987,13.1539189034106,24.6,5.304361133841,10.8,2.6,2.82760410164648,0.170950950244041
1287,4.4,0.000299132515704457,0.00568351779838468,0.000598265031408914,0,0,4605.41277086322,10741.4211387297,3750.40192361181,35.0311436352989,6430.82511029061,0.106349638771372,0.555564348027208,66.6,190.8,0,2.57252493878703,0.0949451688129241,0.110892212876468,0.252467843254562,0.0580317080466647,0.0131618306909961,0.155852031534263,216.4,32.6,18.9533333333333,23.8,6388.25166624362,7854.14757739341,12.4760305228185,21.2,5.32654615230833,11.4,2.6,2.57252493878703,0.120685134032942
1288,4.4,0.000299132515704457,0.00568351779838468,0.000598265031408914,0,0,4605.41277086322,10741.4211387297,3750.40192361181,35.0311436352989,6430.82511029061,0.106349638771372,0.555564348027208,66.6,190.8,0,2.57252493878703,0.0949451688129241,0.110892212876468,0.252467843254562,0.0580317080466647,0.0131618306909961,0.155852031534263,216.4,32.6,18.9533333333333,23.8,6388.25166624362,7854.14757739341,12.4760305228185,21.2,5.32654615230833,11.4,2.6,2.57252493878703,0.120685134032942
1289,4.4,0.000304228780042592,0.00608457560085184,0.000304228780042592,0,0,4473.17953061757,10767.8193034725,3574.40200773865,34.9785486626891,6645.23942321714,0.10171623160289,0.548881728640932,63.2,174.8,0,2.70181244617004,0.084508791725487,0.109947608776454,0.257681776696075,0.0608457560085184,0.0115606936416185,0.12536443148688,217,39.6,22.2666666666667,24.4,5775.93138184037,7639.47446866598,11.176482606909,20,3.9412092670578,8.6,2.6,2.70181244617004,0.142296741265357
1290,5.2,0.000287108814240597,0.00574217628481194,0.00143554407120299,0,0,5157.48304177016,10895.9009024616,4315.09725798292,34.669856352643,5978.89219329911,0.0956275154951683,0.471438636854482,57.2,161.4,0,2.5941892247537,0.04147743598098,0.0982323126232379,0.249210450760838,0.05770887166236,0.0132070054550675,0.187931034482759,223,22.2,11.4466666666667,24,8873.69813016452,12191.1975493715,11.3143179474095,20.6,10.1557204084921,23.8,2.8,2.5941892247537,0.125359578675963
1291,4.4,0.000277469478357381,0.00499445061043285,0.000832408435072142,0,0,4714.36258242631,10433.2268520224,4374.42264777931,35.0462023610965,5646.14395138024,0.100742413413646,0.475188196136252,59.4,171.2,0,1.52723454364537,0.0459341256988371,0.0969152588144228,0.225305216426193,0.0566037735849057,0.0124861265260821,0.19125070106562,212.2,22.6,11.24,23.8,9284.18742196632,11310.2375054456,11.0147931246432,21,10.9500658545253,25.2,2.6,1.52723454364537,0.133719904636767
1292,5,0.000854700854700855,0.00626780626780627,0,0,0,4465.22418549689,10130.9348157542,4212.69277322845,34.9537550300492,5830.27188532338,0.0904693033091033,0.395924639614474,56.4,150.8,0,1.12278255675396,0.0379000998040962,0.101420172955245,0.22022792022792,0.0581196581196581,0.0128205128205128,0.18282066163668,204.4,22.6,10.78,23,10250.6412540406,11995.7172698745,11.3495825174,17.8,10.3141599160803,23.8,2,1.12278255675396,0.130295839437688
1293,5.2,0.00156838143036386,0.00627352572145546,0.000313676286072773,0,0,4916.84024369434,10681.9572864946,4785.39803084466,34.5825639212661,2414.75402416566,0.0845959893769182,0.439869626725918,50,156.2,0,0.837157309928305,0.101888106126203,0.0806169360410111,0.251882057716437,0.0608531994981179,0.00784190715181932,0.179948586118252,204.4,115.8,54.7333333333333,28.4,4074.91953202021,3336.6392275127,12.1835988507711,29.8,12.3854671578243,36.8,3.2,0.837157309928305,0.113507740772295
1294,5.2,0.00156838143036386,0.00627352572145546,0.000313676286072773,0,0,4916.84024369434,10681.9572864946,4785.39803084466,34.5825639212661,2414.75402416566,0.0845959893769182,0.439869626725918,50,156.2,0,0.837157309928305,0.101888106126203,0.0806169360410111,0.251882057716437,0.0608531994981179,0.00784190715181932,0.179948586118252,204.4,115.8,54.7333333333333,28.4,4074.91953202021,3336.6392275127,12.1835988507711,29.8,12.3854671578243,36.8,3.2,0.837157309928305,0.113507740772295
1295,7.8,0.00260331923202083,0.0097624471200781,0,0,0.000325414904002603,4995.52323392989,10696.8653477331,4650.9259498824,35.1687958322589,2527.80494463167,0.0830116964262843,0.398219456841951,49.8,139.2,0,1.82018698221075,0.083835045456788,0.14003031881718,0.232997071265864,0.0644321509925155,0.0100878620240807,0.229024943310658,189,118.8,57.6733333333333,28.8,2993.23293108798,1274.79901991537,8.974357524953,27.8,3.99629288319265,17.2,3,1.82018698221075,0.145494762599071
1296,7.8,0.00260331923202083,0.0097624471200781,0,0,0.000325414904002603,4995.52323392989,10696.8653477331,4650.9259498824,35.1687958322589,2527.80494463167,0.0830116964262843,0.398219456841951,49.8,139.2,0,1.82018698221075,0.083835045456788,0.14003031881718,0.232997071265864,0.0644321509925155,0.0100878620240807,0.229024943310658,189,118.8,57.6733333333333,28.8,2993.23293108798,1274.79901991537,8.974357524953,27.8,3.99629288319265,17.2,3,1.82018698221075,0.145494762599071
1297,3.4,0.00168520390967307,0.00404448938321537,0,0,0,4363.38694158925,10115.4190376768,4258.50844259215,35.2568234076699,2937.19536877668,0.0739258929338727,0.310294183940945,44.4,118,0,0.655729523553699,0.10346501808755,0.105499776199394,0.250421300977418,0.066397034041119,0.0101112234580384,0.263157894736842,194,112,39.7466666666667,28.2,4850.70427737853,4043.60034569977,13.7493539646249,30.2,15.502772669076,40,2.2,0.655729523553699,0.131918893504113
1298,3.2,0,0.00549261929282527,0,0,0,4655.61316208655,10355.1148124015,4077.40328609642,35.0012995706077,3048.04194804383,0.0773220058585768,0.466121098378938,47.2,160.4,0,1.95225259595532,0.108498497164928,0.117607561859718,0.248197734294542,0.0710607621009269,0.00892550635084106,0.225575853852264,191.2,114,41.4133333333333,27.6,4336.28425322012,2495.7482664418,12.2025559960463,27.2,12.9101470675296,35,2.4,1.95225259595532,0.130902923838049
1299,4.6,0.00172532781228433,0.005175983436853,0.000690131124913734,0,0.000345065562456867,5123.47116717807,11006.8658191629,4114.42071546912,35.2370072048832,4277.84114940563,0.0876948329746322,0.575311473966204,50.2,176.8,0,3.01905050822301,0.131901995151481,0.0849029824966278,0.227053140096618,0.064872325741891,0.0072463768115942,0.114191419141914,173.4,109.4,48.3933333333333,27.6,5863.23094916602,3273.09098956245,15.4416363942091,37.2,6.57551146472633,25.2,2.6,3.01905050822301,0.108994656910411
1300,4.2,0.00142247510668563,0.00604551920341394,0,0,0,6235.4336615679,14164.0267336421,3821.58285334529,35.1132249199297,5136.38996118344,0.084122963194746,0.539211149521658,47.6,161.4,0,8.35702083566271,0.12913658962315,0.343342513811708,0.213726884779516,0.0672119487908962,0.00960170697012802,0.100886162235855,163.4,119.6,55.9,26.4,2357.4647825854,3708.11420460652,7.22088046588522,20.6,6.32526312251056,21.4,3.2,8.35702083566271,0.133534563054757
1301,5.4,0.00318809776833156,0.00637619553666312,0,0,0,6271.65847669841,14058.5558903413,3870.57178129728,34.993335698228,4969.21245070129,0.0872435996700733,0.544375654593638,50.2,161,0,8.38833812590602,0.127828021540266,0.343535605434489,0.211831385051364,0.0665958200495926,0.00956429330499469,0.109238031018206,162.6,122.6,57.2,26.4,2372.06876635149,3466.93604495732,7.31428808439114,21.2,6.32526312251056,21.4,3,8.38833812590602,0.134272078907601
1302,5.4,0.00318809776833156,0.00637619553666312,0,0,0,6271.65847669841,14058.5558903413,3870.57178129728,34.993335698228,4969.21245070129,0.0872435996700733,0.544375654593638,50.2,161,0,8.38833812590602,0.127828021540266,0.343535605434489,0.211831385051364,0.0665958200495926,0.00956429330499469,0.109238031018206,162.6,122.6,57.2,26.4,2372.06876635149,3466.93604495732,7.31428808439114,21.2,6.32526312251056,21.4,3,8.38833812590602,0.134272078907601
1303,5.2,0.00308166409861325,0.00693374422187982,0,0,0,4403.26334276272,10636.9694695639,3900.25569009418,34.6272495854593,3833.19617747145,0.0763092517569037,0.440616266752932,45.4,148.6,0,1.30249563814612,0.14538056499711,0.0980525463112184,0.203004622496148,0.073959938366718,0.0107858243451464,0.146476642913698,149.4,101.6,42.66,26.6,4159.05251629906,4424.37828793121,11.1305665090625,28.2,7.34614612165413,22.4,2.4,1.30249563814612,0.128437307286075
1304,3.8,0.00234375,0.0046875,0.000390625,0,0,4503.5884773095,10340.3731488659,3837.05645196243,34.7922601732376,3778.59281906773,0.079740521190983,0.445081015477444,46,173.8,0,2.00578209541239,0.157622710011623,0.103763851367439,0.23828125,0.074609375,0.010546875,0.151870873074101,165.6,120,50.26,27.6,2340.10348870329,1693.11718989097,6.26503945351828,17.2,3.21806802400891,11.4,3.4,2.00578209541239,0.12804079331403
1305,4.6,0.00268096514745308,0.00574492531597089,0.000382995021064726,0,0,4384.76735583578,10235.1254380493,3989.19643473199,35.1232196266087,3796.5841273475,0.0793688689493877,0.447774878506093,46.8,170,0,1.2126343377181,0.156975388140162,0.0909593834637347,0.226350057449253,0.072769054002298,0.0107238605898123,0.133382461311717,161.8,110.6,47.4466666666667,27.6,2679.18871497277,1878.35936700695,7.57123297643309,23.4,3.04848415988866,11.4,3.4,1.2126343377181,0.126526492365357
1306,5.4,0.0031434184675835,0.00628683693516699,0.000785854616895874,0.000392927308447937,0,4525.24878617119,10411.9382450664,4262.49144291642,35.1325862458707,3120.39832092652,0.0805744108375179,0.429235575042285,49.4,152.8,0,2.04112093018412,0.112358330190511,0.0994154872963449,0.218467583497053,0.0805500982318271,0.00785854616895874,0.136890951276102,156.2,101.6,45.9866666666667,27.2,2939.17665450336,1830.94405149344,8.31443062881225,26.2,3.2938883434211,15.8,2.8,2.04112093018412,0.124927198456048
1307,3.2,0.00116640746500778,0.00505443234836703,0,0,0,3880.06732069641,9026.22688028568,3429.76579801633,35.097572755217,2718.97551091147,0.0691769649993037,0.372778626364022,44.8,144.6,0,0.881164984153777,0.0729312765256073,0.133802592785535,0.201399688958009,0.0754276827371695,0.00622083981337481,0.130982367758186,145.6,93.6,38.82,26.4,3222.45072320685,2882.11787679183,7.80059694224851,19.6,7.81473516571296,19.6,3,0.881164984153777,0.098378296254443
1308,2,0.000359324469996407,0.00323392022996766,0,0,0,4533.96382182115,10454.6187924743,3520.95408623742,34.8100817903384,3614.49444229762,0.0769277108719512,0.467280289445887,50.2,160.8,0,2.66178135841008,0.127650235337445,0.238802829094948,0.197269134028027,0.0671936758893281,0.0104204096298958,0.141703377386197,153,103.6,45.04,27,4200.84206182017,3983.97804982029,10.0655564545373,23.8,9.60147068304176,25.4,2.8,2.66178135841008,0.107936758470007
1309,2,0.000359324469996407,0.00323392022996766,0,0,0,4533.96382182115,10454.6187924743,3520.95408623742,34.8100817903384,3614.49444229762,0.0769277108719512,0.467280289445887,50.2,160.8,0,2.66178135841008,0.127650235337445,0.238802829094948,0.197269134028027,0.0671936758893281,0.0104204096298958,0.141703377386197,153,103.6,45.04,27,4200.84206182017,3983.97804982029,10.0655564545373,23.8,9.60147068304176,25.4,2.8,2.66178135841008,0.107936758470007
1310,1.2,0.000398565165404544,0.00199282582702272,0,0,0,4158.20770712612,9778.73178998287,3425.60247703101,34.8001296023316,3829.63685834208,0.0710434771364528,0.400758826053946,40.6,149.4,0,2.09347062108295,0.0976818186840846,0.0805442061050024,0.241929055400558,0.0753288162614588,0.0103626943005181,0.11633281972265,164.4,106.8,47.3066666666667,27.2,1870.88422529033,1836.27360349031,4.83311031937162,20.2,2.86622368344181,10.6,3.2,2.09347062108295,0.0944529424555242
1311,1.8,0.000411184210526316,0.00328947368421053,0,0,0,4217.3330933712,9874.79088817981,4080.87215312117,35.1349665019657,3233.83946275704,0.0809329767406393,0.398894298260122,46.8,152.8,0,0.828711985955291,0.101909551635883,0.0837788432572222,0.232319078947368,0.0789473684210526,0.00534539473684211,0.112350597609562,154,98.6,41.8533333333333,26.2,3141.93245506922,3091.42639944084,7.93458576774406,25.8,4.94485195006833,16.6,2.8,0.828711985955291,0.113101480931147
1312,1.8,0.000411184210526316,0.00328947368421053,0,0,0,4217.3330933712,9874.79088817981,4080.87215312117,35.1349665019657,3233.83946275704,0.0809329767406393,0.398894298260122,46.8,152.8,0,0.828711985955291,0.101909551635883,0.0837788432572222,0.232319078947368,0.0789473684210526,0.00534539473684211,0.112350597609562,154,98.6,41.8533333333333,26.2,3141.93245506922,3091.42639944084,7.93458576774406,25.8,4.94485195006833,16.6,2.8,0.828711985955291,0.113101480931147
1313,1.8,0.000411184210526316,0.00328947368421053,0,0,0,4217.3330933712,9874.79088817981,4080.87215312117,35.1349665019657,3233.83946275704,0.0809329767406393,0.398894298260122,46.8,152.8,0,0.828711985955291,0.101909551635883,0.0837788432572222,0.232319078947368,0.0789473684210526,0.00534539473684211,0.112350597609562,154,98.6,41.8533333333333,26.2,3141.93245506922,3091.42639944084,7.93458576774406,25.8,4.94485195006833,16.6,2.8,0.828711985955291,0.113101480931147
1314,0.8,0.000376647834274953,0.00112994350282486,0,0,0,5007.06769033224,11056.6751225618,4249.72044692798,35.1150300006847,4433.83263460944,0.0819934981346087,0.597455396071624,47.6,179.4,0,3.07069747378018,0.230191343687555,0.107214793255274,0.244821092278719,0.0715630885122411,0.00414312617702448,0.0954248366013072,170.2,116.4,45.5666666666667,26.6,5414.50406880061,3179.59119660451,15.207814314841,36,5.79082602965385,16.6,2.4,3.07069747378018,0.10048321463555
1315,0.4,0.000401767778224186,0,0.000401767778224186,0,0,4225.34108859147,10248.7256097535,3639.74889594485,28.3640387544868,3335.56903505748,0.0697782440277339,0.410390108157512,39.8,140,0,1.35484950642171,0.0982016924916008,0.0760209674481251,0.227802330253114,0.0763358778625954,0.00683005222981117,0.116129032258065,154.8,98.4,45.52,27.4,4095.92085591931,1307.95658266325,9.61886341178507,24.2,2.01926898656077,10.4,2.6,1.35484950642171,0.0952974012237623
1316,0.2,0.000413052457662123,0,0,0,0,4165.28121270899,10238.4790348093,3577.88385140417,28.2798154772224,3252.93715762483,0.0692922693880528,0.39642578680992,39.2,140,0,1.30837243299005,0.100808365220714,0.137702042400096,0.235026848409748,0.0780669144981413,0.00660883932259397,0.12366034624897,154.8,95,44.6933333333333,27.4,4595.27392525741,1294.72969494026,10.7949101636984,29.2,2.07997569911448,10.6,2.4,1.30837243299005,0.144811435154909
1317,0.4,0.000413223140495868,0.000413223140495868,0,0,0,4256.84374671021,10237.1378985914,3651.14801024307,28.4281597248596,3258.67869966841,0.0674122149847829,0.397083399100563,38.2,139.2,0,1.21654775981453,0.0989942310055503,0.137500672142273,0.235123966942149,0.0785123966942149,0.00661157024793388,0.123980424143556,155,95.2,44.56,27.4,4611.15063333973,1305.09330557063,10.9102424264664,29.8,2.21266908539723,10.6,2.4,1.21654775981453,0.144718116358601
1318,1.6,0.000340715502555366,0.00238500851788756,0,0,0,5043.31407745209,10821.0612674535,4288.3822691136,28.8022657473695,3428.01362156819,0.0803701991371455,0.53385996309212,47.8,166.6,0,2.73878482496195,0.115784399714325,0.0938186206760691,0.257580919931857,0.0671209540034072,0.010221465076661,0.157340355497038,196.6,111.4,55.0666666666667,28.4,3625.67992855458,1941.52129605967,9.95172589833003,29,4.31469873587877,17.6,2.6,2.73878482496195,0.113604710367248
1319,0.6,0,0.00114986584898429,0,0,0,4756.51689210652,11252.940948397,4349.53647821681,28.0800186857351,3466.9977287767,0.0783888082419072,0.506063302186464,44.6,163.6,0,1.95691016469164,0.105578287944596,0.0838063436800384,0.244154848600997,0.0732081257186662,0.00728248371023381,0.120800571837026,169.4,100.4,42.2466666666667,27.4,4128.2115223287,2817.06453821675,11.4208249627242,24.8,5.64928512944726,18.4,3,1.95691016469164,0.120660578706378
1320,1.2,0.000732600732600733,0.00146520146520147,0,0,0,4781.19088429169,10704.1481268288,3618.74213242855,28.3559761232477,3064.17091117532,0.0873803669377338,0.538489113243843,49.6,167.8,0,5.01973748127332,0.119278496908113,0.140282514521851,0.236996336996337,0.0703296703296703,0.00659340659340659,0.113054341036852,171.4,113.4,50.38,27,3438.19481906478,1944.98187870749,9.19275254964096,24.2,4.7196397838717,20.2,2.8,5.01973748127332,0.128406692638097
