"i","r2e_ot_q","system_ot_q","transport_util"
1,9.99765283521801,9.99765283521801,0.155899418730899
2,3.90801065909424,3.90801065909424,0.145472457585506
3,1.23576363362074,1.23576363362074,0.156103608988211
4,1.25037409427524,1.25037409427524,0.105010901883044
5,5.80535127191724,5.80535127191724,0.103836006024734
6,1.37163346019527,1.37163346019527,0.143494739975939
7,5.18542590271443,5.18542590271443,0.124957107842967
8,0.642633124737317,0.642633124737317,0.165946272782377
9,1.74099452991742,1.74099452991742,0.120240749076758
10,2.11217047408081,2.11217047408081,0.111663940722126
11,0.628828315503078,0.628828315503078,0.158378749619729
12,15.8799229425967,15.8799229425967,0.160396047064837
13,2.49211329930742,2.49211329930742,0.0939775273828578
14,2.79947944164213,2.79947944164213,0.128038125585336
15,4.59395900392928,4.59395900392928,0.141346815458903
16,4.68724341043673,4.68724341043673,0.128647038491181
17,20.5521734466344,20.5521734466344,0.169400360833517
18,0.479249673312437,0.479249673312437,0.157093523900983
19,0.750516026729612,0.750516026729612,0.150477737186385
20,2.41208498539429,2.41208498539429,0.106871627545205
21,0.930615399478756,0.930615399478756,0.188197723356478
22,1.74828501478452,1.74828501478452,0.12641360063134
23,2.25352474852214,2.25352474852214,0.0969821430425451
24,0.728221612036048,0.728221612036048,0.155815767603239
25,0.637394522653706,0.637394522653706,0.195041946681129
26,7.51020456920101,7.51020456920101,0.14389068988785
27,1.7880313979129,1.7880313979129,0.128576080484051
28,0.651082297331938,0.651082297331938,0.186766770956022
29,1.26155376285992,1.26155376285992,0.115113765708337
30,0.878157635206177,0.878157635206177,0.1749007948901
31,1.47825155539788,1.47825155539788,0.15566659814906
32,1.57697684922063,1.57697684922063,0.0905410368629745
33,0.480891100356206,0.480891100356206,0.154610131031023
34,0.594010891272858,0.594010891272858,0.0883805014298097
35,0.579879812485312,0.579879812485312,0.109334708960827
36,5.08713334415539,5.08713334415539,0.122967579312871
37,0.318691260172899,0.318691260172899,0.168469135790688
38,5.68392023737207,5.68392023737207,0.120948070275548
39,21.5269403996004,21.5269403996004,0.170030167726026
40,0.289887170203759,0.289887170203759,0.167240438859905
41,4.8384542792653,4.8384542792653,0.138346596589887
42,8.47331007399477,8.47331007399477,0.146062577152445
43,0.528075082484411,0.528075082484411,0.155466887894124
44,3.24473414449397,3.24473414449397,0.099529699277108
45,2.27414412242763,2.27414412242763,0.0992525568827993
46,1.85492885805979,1.85492885805979,0.149138055789884
47,1.5036997558901,1.5036997558901,0.125133331089867
48,1.80186135650556,1.80186135650556,0.0939249646270725
49,4.79750443186867,4.79750443186867,0.131644571777181
50,1.18348675516911,1.18348675516911,0.155025733421079
51,1.29519558268576,1.29519558268576,0.110777953011227
52,4.24658069302521,4.24658069302521,0.125838048096586
53,1.32756193386291,1.32756193386291,0.102501859876422
54,3.03600758874528,3.03600758874528,0.112859437839489
55,1.42916166954817,1.42916166954817,0.111442559812085
56,0.372749589385099,0.372749589385099,0.159245061683581
57,2.90608653535937,2.90608653535937,0.118822330925406
58,5.83569894370014,5.83569894370014,0.16370209673175
59,1.88399846846151,1.88399846846151,0.104742973577847
60,6.06235913089653,6.06235913089653,0.16298637793399
61,4.88188203678768,4.88188203678768,0.135779691638342
62,4.21416384702206,4.21416384702206,0.143827464409118
63,1.88512391368827,1.88512391368827,0.106114893056972
64,1.40031918691438,1.40031918691438,0.158119226217446
65,2.20765547892212,2.20765547892212,0.126098727119829
66,2.80655893780491,2.80655893780491,0.132787431377534
67,0.59668389021951,0.59668389021951,0.18554584316237
68,0.617838201887309,0.617838201887309,0.174288418336828
69,2.40933147325313,2.40933147325313,0.097405157490202
70,1.75211869840811,1.75211869840811,0.102329627270814
71,3.1772986201549,3.1772986201549,0.128808017214654
72,4.18974805588306,4.18974805588306,0.140247802179659
73,0.319153372660247,0.319153372660247,0.181127380382612
74,7.76868985053967,7.76868985053967,0.13694972949547
75,1.08967544737069,1.08967544737069,0.101719081788401
76,1.58839231353298,1.58839231353298,0.116144823777187
77,0.4233415462052,0.4233415462052,0.124090928723424
78,0.895370167276307,0.895370167276307,0.0973340274376247
79,4.07028116262083,4.07028116262083,0.134881272274217
80,2.42347741838284,2.42347741838284,0.129661768133328
81,17.4820443095032,17.4820443095032,0.152238360266605
82,5.98805399094077,5.98805399094077,0.155646778524403
83,1.70041265792655,1.70041265792655,0.106283220730034
84,2.66673008161959,2.66673008161959,0.117710403530169
85,4.09751532980928,4.09751532980928,0.129849557637765
86,0.880954657106755,0.880954657106755,0.159016139331761
87,0.511487653152354,0.511487653152354,0.158170641271117
88,0.517170437758884,0.517170437758884,0.145474998904154
89,4.84922805208596,4.84922805208596,0.130622531420363
90,4.08150073491533,4.08150073491533,0.133337028669542
91,1.54520113905644,1.54520113905644,0.145338150440344
92,1.34123407980607,1.34123407980607,0.119132807319938
93,5.70143974240464,5.70143974240464,0.123261087274326
94,2.99029234026919,2.99029234026919,0.116896688331804
95,2.70254319135187,2.70254319135187,0.112806793251255
96,8.30887314285019,8.30887314285019,0.144092294058569
97,1.49409318544658,1.49409318544658,0.102461987196123
98,0.296594491395903,0.296594491395903,0.116476844074988
99,6.3996236459925,6.3996236459925,0.140769149934475
100,3.68313719239628,3.68313719239628,0.121236126930729
101,0.307143410301949,0.307143410301949,0.135515365329097
102,0.493320966460321,0.493320966460321,0.148578532786753
103,0.371779047572161,0.371779047572161,0.0978797539678029
104,0.372008016552648,0.372008016552648,0.160367571393476
105,7.35231544138456,7.35231544138456,0.122594920656552
106,12.4718912480226,12.4718912480226,0.150364606345854
107,1.0697208212578,1.0697208212578,0.0855103519260342
108,1.11781845130272,1.11781845130272,0.177706439960946
109,1.93131443152685,1.93131443152685,0.108677581422644
110,0.440127179671899,0.440127179671899,0.156835700879695
111,1.82615972097969,1.82615972097969,0.109487182184745
112,1.50879286218084,1.50879286218084,0.0964310897723315
113,10.5046483593548,10.5046483593548,0.177809720847578
114,14.9489074764889,14.9489074764889,0.160721207181901
115,3.93058214847737,3.93058214847737,0.118071550305353
116,3.43351539709583,3.43351539709583,0.105682946692042
117,2.80011871012175,2.80011871012175,0.172897828166925
118,3.82994724624425,3.82994724624425,0.114767900971172
119,1.17862137859761,1.17862137859761,0.150557854721007
120,0.852070588063926,0.852070588063926,0.132537586819815
121,11.8309434902638,11.8309434902638,0.156750912988311
122,8.60811335330673,8.60811335330673,0.137434743025376
123,5.78911610824952,5.78911610824952,0.164550012667377
124,0.653233909024532,0.653233909024532,0.13608850312124
125,4.94616514166715,4.94616514166715,0.135540233482207
126,3.67285065217941,3.67285065217941,0.137887397650038
127,0.609606383490099,0.609606383490099,0.0815633762560586
128,1.86363775642522,1.86363775642522,0.0975491777061174
129,0.540701745027628,0.540701745027628,0.1709349071443
130,1.95773293553197,1.95773293553197,0.0925436162091871
131,3.58711614417164,3.58711614417164,0.102191599215076
132,8.49915410895951,8.49915410895951,0.135246723339328
133,6.40877453856162,6.40877453856162,0.161072953117114
134,2.11855566280328,2.11855566280328,0.127824618498435
135,11.3650725812051,11.3650725812051,0.149846309105452
136,0.348797429983228,0.348797429983228,0.121259485882597
137,0.509282331109954,0.509282331109954,0.157364426705472
138,1.31468629082435,1.31468629082435,0.111178079210664
139,3.28952171197427,3.28952171197427,0.178193418097128
140,3.34560426516905,3.34560426516905,0.108519581325974
141,3.6772599675316,3.6772599675316,0.12045748934596
142,1.43804955627572,1.43804955627572,0.0965962573045709
143,0.435394619662554,0.435394619662554,0.139686486971974
144,1.85351178519455,1.85351178519455,0.100003113615653
145,5.32546407309901,5.32546407309901,0.132207009546987
146,1.06796722462122,1.06796722462122,0.115574744842624
147,0.192947506920632,0.192947506920632,0.149559964602457
148,5.82972607658047,5.82972607658047,0.127019694226051
149,1.78501417252166,1.78501417252166,0.10770382644611
150,0.877918306770199,0.877918306770199,0.189748560682152
151,0.994093691211345,0.994093691211345,0.0914448504520902
152,1.5896646378426,1.5896646378426,0.105868070825483
153,3.9804776866002,3.9804776866002,0.1235521002623
154,3.15458224246131,3.15458224246131,0.127336201399224
155,1.80893235854551,1.80893235854551,0.105418988306914
156,3.96301175434168,3.96301175434168,0.116003728308665
157,2.75452126380254,2.75452126380254,0.141037624024701
158,1.81289367259766,1.81289367259766,0.135048583705484
159,2.06547073527073,2.06547073527073,0.108510015424374
160,6.55102625030685,6.55102625030685,0.135246964097025
161,1.95843972688934,1.95843972688934,0.0922766630248023
162,1.37279386169165,1.37279386169165,0.115580054576466
163,0.579902702213418,0.579902702213418,0.23245292516177
164,2.71357214903696,2.71357214903696,0.129128322182202
165,0.968542361938045,0.968542361938045,0.186922367616679
166,3.98561008840734,3.98561008840734,0.168047138346895
167,0.912306475789345,0.912306475789345,0.146453534548182
168,0.780825801877223,0.780825801877223,0.124890472450365
169,4.62430866768014,4.62430866768014,0.111498701762476
170,1.25899725119823,1.25899725119823,0.143406488391609
171,2.8491021749661,2.8491021749661,0.112432617423301
172,0.778250202917424,0.778250202917424,0.0979634764389749
173,4.71633140421199,4.71633140421199,0.119144394909176
174,3.52495267791913,3.52495267791913,0.129846517158749
175,0.204197988280867,0.204197988280867,0.230284768178731
176,0.696764513517496,0.696764513517496,0.138342257784343
177,2.91577164325504,2.91577164325504,0.139091387745275
178,0.993451461362991,0.993451461362991,0.0899720821808996
179,5.72423735314395,5.72423735314395,0.143851188710494
180,1.16992593851392,1.16992593851392,0.174653851832238
181,2.4631780809017,2.4631780809017,0.10318170596302
182,0.829976648519809,0.829976648519809,0.145066176730005
183,1.37308720717568,1.37308720717568,0.1113251026342
184,2.22900918472762,2.22900918472762,0.133328732674429
185,3.3512479361949,3.3512479361949,0.100639090118036
186,1.18621359080985,1.18621359080985,0.1796565688162
187,11.2931737281255,11.2931737281255,0.15979752434098
188,1.12449359456667,1.12449359456667,0.19406432501634
189,0.718289397935453,0.718289397935453,0.149274258382388
190,4.60669429875706,4.60669429875706,0.159163872976422
191,4.75505856720354,4.75505856720354,0.141083916866085
192,1.10426213025901,1.10426213025901,0.117907497209114
193,4.5668280126503,4.5668280126503,0.154639926996374
194,2.31350571500234,2.31350571500234,0.148327419632019
195,1.03432265117563,1.03432265117563,0.179523454602142
196,0.424183418296311,0.424183418296311,0.137738303525814
197,5.41109730886326,5.41109730886326,0.115144751345648
198,0.114296561016438,0.114296561016438,0.171353647341895
199,4.46073268685109,4.46073268685109,0.118432377381122
200,1.2543305314698,1.2543305314698,0.218328004543336
201,10.8781959748278,10.8781959748278,0.142731790959883
202,0.553998124718937,0.553998124718937,0.126005879359261
203,4.36454204598678,4.36454204598678,0.133446548468025
204,1.48155389374533,1.48155389374533,0.104525788915239
205,1.7365834944303,1.7365834944303,0.11240954786754
206,0.331313766726357,0.331313766726357,0.122571089139192
207,6.54397515865815,6.54397515865815,0.105905823387099
208,1.93818849107447,1.93818849107447,0.114866953238334
209,1.1352897959703,1.1352897959703,0.14261676624434
210,3.97561527284711,3.97561527284711,0.164414175800597
211,2.66232589583782,2.66232589583782,0.12655357604168
212,2.13729643903494,2.13729643903494,0.107328539451869
213,0.505442956647226,0.505442956647226,0.140211708088638
214,0.629621743482144,0.629621743482144,0.17656945194035
215,0.636848786002396,0.636848786002396,0.144581444775165
216,10.9745970070717,10.9745970070717,0.149749545064833
217,0.241913502860334,0.241913502860334,0.169366317314127
218,0.768394588173688,0.768394588173688,0.167834605247773
219,2.323568185652,2.323568185652,0.113034341495687
220,1.7475570158436,1.7475570158436,0.0823956399883173
221,6.49439262908726,6.49439262908726,0.156117789043142
222,0.256058846037401,0.256058846037401,0.148410985050138
223,2.02215791105753,2.02215791105753,0.0964039469884228
224,1.95343183634197,1.95343183634197,0.152182782038153
225,1.00006600228579,1.00006600228579,0.15119166364588
226,0.754022110949044,0.754022110949044,0.08548432717211
227,1.40340623383046,1.40340623383046,0.0985206791040783
228,0.772859660339959,0.772859660339959,0.16803054793451
229,7.77693502423121,7.77693502423121,0.161196585636713
230,3.20265645606458,3.20265645606458,0.153769355682752
231,4.81631863524379,4.81631863524379,0.131576457286718
232,0.282520570376064,0.282520570376064,0.145604649792921
233,0.265960598881635,0.265960598881635,0.175619017976606
234,0.305278683061475,0.305278683061475,0.128475133889863
235,3.35361788468773,3.35361788468773,0.127658848127065
236,7.54095415209454,7.54095415209454,0.109534130571415
237,4.98678692062079,4.98678692062079,0.163301509705448
238,5.21568270399254,5.21568270399254,0.137590887719265
239,2.30399593347905,2.30399593347905,0.108303970824144
240,1.99379447168193,1.99379447168193,0.154368409310149
241,2.93132198356236,2.93132198356236,0.160401538159162
242,2.23826956498436,2.23826956498436,0.147679110726978
243,1.74629349088525,1.74629349088525,0.0967169824102127
244,3.78890809203322,3.78890809203322,0.119223678833142
245,1.62716157325512,1.62716157325512,0.105213628671094
246,2.17964352644298,2.17964352644298,0.162343010246941
247,2.22903606270765,2.22903606270765,0.119241373849372
248,2.52545773722782,2.52545773722782,0.162305773543408
249,6.98326769518529,6.98326769518529,0.157458550060504
250,0.32439263439224,0.32439263439224,0.177484778206666
251,6.82734537111796,6.82734537111796,0.150736012371656
252,0.734822141793739,0.734822141793739,0.128661888009455
253,0.648924964560427,0.648924964560427,0.121422804802782
254,9.40299572810802,9.40299572810802,0.14277598871158
255,0.637538477843545,0.637538477843545,0.159135277751327
256,14.3497901176415,14.3497901176415,0.162836562571109
257,1.44122630907098,1.44122630907098,0.10002885238291
258,2.57760770859665,2.57760770859665,0.111937510215747
259,0.575551341518877,0.575551341518877,0.158489307828515
260,2.32654454175046,2.32654454175046,0.127555955453524
261,0.540184157203774,0.540184157203774,0.195167709382967
262,3.22458577908144,3.22458577908144,0.152270468176354
263,0.741215115965179,0.741215115965179,0.153389638973126
264,0.800373573256593,0.800373573256593,0.188458234983662
265,1.31926830886691,1.31926830886691,0.112083743747662
266,2.47011048379887,2.47011048379887,0.141898241329423
267,7.40327181361787,7.40327181361787,0.136221433767331
268,0.293955714266941,0.293955714266941,0.134047769970074
269,1.34617233354365,1.34617233354365,0.104904848880931
270,4.216724638067,4.216724638067,0.130462183389597
271,1.01929822664589,1.01929822664589,0.0930362946954253
272,1.12010499902763,1.12010499902763,0.210080605637169
273,2.20442153667373,2.20442153667373,0.118385063826505
274,2.8232305625064,2.8232305625064,0.146667845821871
275,1.56260291382414,1.56260291382414,0.138954633150108
276,2.80631781468937,2.80631781468937,0.125057260256476
277,2.79464774280821,2.79464774280821,0.139732923355741
278,0.349249990490148,0.349249990490148,0.157576903081126
279,0.435570765720795,0.435570765720795,0.153792065264798
280,0.855957527758863,0.855957527758863,0.16939456955502
281,1.64268156492149,1.64268156492149,0.093355610844002
282,6.53816641050029,6.53816641050029,0.175304304619831
283,1.43475532387615,1.43475532387615,0.126593712760389
284,6.98097575844668,6.98097575844668,0.110156235559184
285,4.60815443624438,4.60815443624438,0.124281777771119
286,0.459614478530873,0.459614478530873,0.116202055778436
287,3.56125091045838,3.56125091045838,0.125871007089436
288,1.50201670001836,1.50201670001836,0.0942300920973836
289,2.05437493706746,2.05437493706746,0.126710634830343
290,1.07536432217837,1.07536432217837,0.180274479285515
291,4.4418840660255,4.4418840660255,0.145167042914302
292,0.734452949755752,0.734452949755752,0.147442795374928
293,1.44927587818195,1.44927587818195,0.100751541949237
294,1.28473412780212,1.28473412780212,0.104225427197063
295,0.569212540669037,0.569212540669037,0.173457712486881
296,0.740444150466981,0.740444150466981,0.0951860241003696
297,2.57851963822775,2.57851963822775,0.126613819329043
298,1.2916901764532,1.2916901764532,0.169532888773242
299,1.9620682516837,1.9620682516837,0.137758477863983
300,3.44523394851909,3.44523394851909,0.113778729551783
301,0.279640271907349,0.279640271907349,0.211603665913045
302,4.15368270220532,4.15368270220532,0.136679059039156
303,3.31421943414496,3.31421943414496,0.12237574204552
304,1.4469119905275,1.4469119905275,0.185033254496199
305,3.32558481280368,3.32558481280368,0.149638661224037
306,6.97143060115454,6.97143060115454,0.125056783666524
307,1.93740392491188,1.93740392491188,0.115645507289179
308,0.609252991489634,0.609252991489634,0.0972772682571473
309,1.60489117842069,1.60489117842069,0.130497780488917
310,10.8785861498074,10.8785861498074,0.17195731490805
311,2.02256967785,2.02256967785,0.126270702632068
312,2.02922080084887,2.02922080084887,0.0877063448802542
313,3.91889979750736,3.91889979750736,0.160525862345441
314,1.7297259645271,1.7297259645271,0.127343614363252
315,0.103462662266149,0.103462662266149,0.102734691589018
316,0.843234817942496,0.843234817942496,0.129024691269881
317,4.09931486528779,4.09931486528779,0.157838152880384
318,13.4630954132887,13.4630954132887,0.144626981984044
319,0.438013839554814,0.438013839554814,0.161672409947091
320,7.77421152448787,7.77421152448787,0.143324775752196
321,2.91522505387422,2.91522505387422,0.137119016204192
322,7.41689224031805,7.41689224031805,0.143813029882821
323,2.22174406805236,2.22174406805236,0.112220978906341
324,0.827369454338719,0.827369454338719,0.0934946828867146
325,5.52324114851782,5.52324114851782,0.142398186220487
326,11.2172926374517,11.2172926374517,0.141381141200135
327,1.74992202080647,1.74992202080647,0.0966102815650983
328,9.19296747150145,9.19296747150145,0.157064876024959
329,0.591464712187637,0.591464712187637,0.159767655644291
330,1.7828028468622,1.7828028468622,0.10916759992684
331,1.19373760054237,1.19373760054237,0.162167461206257
332,2.69669388079446,2.69669388079446,0.117943531384806
333,5.53839047766083,5.53839047766083,0.136876553608096
334,0.172352030756138,0.172352030756138,0.186503410323051
335,1.67063111160435,1.67063111160435,0.0897909272664594
336,5.51820900361705,5.51820900361705,0.113333483683673
337,0.731497765958381,0.731497765958381,0.107512129710921
338,0.528247190681689,0.528247190681689,0.206334797744217
339,1.38502779367677,1.38502779367677,0.0930358933103719
340,2.78649016013132,2.78649016013132,0.101726889199208
341,0.901331212655379,0.901331212655379,0.180553195300372
342,3.45144042124854,3.45144042124854,0.142998507843753
343,1.65792543752019,1.65792543752019,0.0892460074869157
344,4.87461122407814,4.87461122407814,0.132712968017568
345,0.30956895984729,0.30956895984729,0.145623142184652
346,0.456249082074339,0.456249082074339,0.170624346765456
347,1.68187736903509,1.68187736903509,0.240262435402608
348,0.688456215668764,0.688456215668764,0.0841702914752644
349,1.91961305529777,1.91961305529777,0.105621627301336
350,1.1503363558059,1.1503363558059,0.149011978829969
351,7.41613181674787,7.41613181674787,0.155796687264415
352,0.186383403479379,0.186383403479379,0.13592081410476
353,2.25045106882835,2.25045106882835,0.165333681381715
354,6.97416629777162,6.97416629777162,0.16079659073651
355,2.90619503619431,2.90619503619431,0.112080267326501
356,3.2107282758504,3.2107282758504,0.129975583498656
357,3.57260777323095,3.57260777323095,0.108657341201307
358,2.540551464248,2.540551464248,0.113237548945486
359,3.11976240674245,3.11976240674245,0.121583068430921
360,0.700085976598565,0.700085976598565,0.1448898773752
361,5.22522821885602,5.22522821885602,0.114260888854097
362,2.19263150015836,2.19263150015836,0.101830769482659
363,0.892906719592639,0.892906719592639,0.0895003105614219
364,2.0992106508535,2.0992106508535,0.102845353946328
365,0.836961050733286,0.836961050733286,0.17417151166586
366,0.622201356039922,0.622201356039922,0.116797172245156
367,1.06335495812769,1.06335495812769,0.181299724419105
368,2.86268013796086,2.86268013796086,0.0953526809996141
369,2.35456667659012,2.35456667659012,0.108452236315235
370,2.10186164765825,2.10186164765825,0.10464328307177
371,0.103107341599602,0.103107341599602,0.175993208203282
372,2.7269314393873,2.7269314393873,0.124923084208738
373,4.77201489889616,4.77201489889616,0.143547531407211
374,1.86657792869378,1.86657792869378,0.126087911585167
375,0.71220004022776,0.71220004022776,0.158414325055883
376,0.604399172479981,0.604399172479981,0.186074650384407
377,2.27934062009377,2.27934062009377,0.115939630305433
378,4.37416979437969,4.37416979437969,0.169530075858962
379,0.978363825215923,0.978363825215923,0.110911868928769
380,7.34436971526511,7.34436971526511,0.162221359702476
381,6.68774537941867,6.68774537941867,0.10890426283055
382,0.346324331082347,0.346324331082347,0.108838153849357
383,2.05443110534481,2.05443110534481,0.125759680755714
384,0.59055655694179,0.59055655694179,0.0922344546449003
385,6.88500639719639,6.88500639719639,0.123213783321414
386,9.64108953601685,9.64108953601685,0.124697596239944
387,4.43793333569949,4.43793333569949,0.135652708299778
388,2.50486444042011,2.50486444042011,0.10585054241533
389,2.09710603740902,2.09710603740902,0.113037342271511
390,2.6794347981549,2.6794347981549,0.147068962197791
391,3.52553159450256,3.52553159450256,0.113692804866921
392,9.99378062090504,9.99378062090504,0.146355556432793
393,1.0173100687828,1.0173100687828,0.0841319679919999
394,0.304168495746627,0.304168495746627,0.0814070929249803
395,14.1288220416298,14.1288220416298,0.168482723805225
396,2.48081371704095,2.48081371704095,0.117136736218251
397,0.652720731979179,0.652720731979179,0.180123318215814
398,0.832609147472974,0.832609147472974,0.112823990856245
399,2.72815147812836,2.72815147812836,0.124708551895371
400,1.98544837751352,1.98544837751352,0.115099069949797
401,1.36041362663225,1.36041362663225,0.118391680957605
402,2.14198976465385,2.14198976465385,0.107076905136125
403,3.04471345661007,3.04471345661007,0.121004233848019
404,1.68188769170648,1.68188769170648,0.172256489761446
405,7.97868628169451,7.97868628169451,0.149309610044942
406,4.02614521209779,4.02614521209779,0.133781413827685
407,10.4355073905967,10.4355073905967,0.134018196235187
408,1.15692936699624,1.15692936699624,0.109517786146871
409,0.156547252922805,0.156547252922805,0.112050722469741
410,3.76439332851487,3.76439332851487,0.109904043747551
411,5.04288451208375,5.04288451208375,0.143124166539478
412,6.6524598099317,6.6524598099317,0.124120993169489
413,0.226141887842466,0.226141887842466,0.15960419346363
414,3.52702983141098,3.52702983141098,0.107974248533963
415,1.92116217256812,1.92116217256812,0.124933449547751
416,1.37165294736848,1.37165294736848,0.107797554941977
417,1.27898379115793,1.27898379115793,0.0956677626552513
418,3.50587847208068,3.50587847208068,0.10356326739996
419,0.200590197784721,0.200590197784721,0.154037113519627
420,10.5573959685432,10.5573959685432,0.164366727512017
421,0.400870020143112,0.400870020143112,0.12593120664682
422,2.8441320130634,2.8441320130634,0.124262915378301
423,7.95886145804069,7.95886145804069,0.108536065190823
424,1.30601007016575,1.30601007016575,0.119909896877666
425,10.1115862274263,10.1115862274263,0.170346981798084
426,7.79134068347902,7.79134068347902,0.156002004436173
427,3.19902247757779,3.19902247757779,0.115528394428581
428,0.424532186913747,0.424532186913747,0.137564621443637
429,4.15773208191875,4.15773208191875,0.154182344817754
430,5.35795532682657,5.35795532682657,0.114089107878986
431,6.07435216696703,6.07435216696703,0.136759489274977
432,0.979112572218432,0.979112572218432,0.148705718683492
433,1.08448812955454,1.08448812955454,0.148815936224209
434,1.96902547612018,1.96902547612018,0.129317706910663
435,4.14059465699743,4.14059465699743,0.12486063679831
436,0.375414150312984,0.375414150312984,0.0956772054656839
437,3.30426780014984,3.30426780014984,0.120904706542927
438,1.08034202499863,1.08034202499863,0.105140120597295
439,2.66470806471218,2.66470806471218,0.106435608311866
440,1.1309214696314,1.1309214696314,0.131735347348876
441,7.16030239251208,7.16030239251208,0.167437983676121
442,1.38735865190593,1.38735865190593,0.10567591696142
443,5.43459474362946,5.43459474362946,0.132335332145625
444,11.8659482208014,11.8659482208014,0.170481615862943
445,0.180358008512949,0.180358008512949,0.206848490531765
446,7.32711447670965,7.32711447670965,0.163483319920894
447,2.97910108054015,2.97910108054015,0.132422817899129
448,3.02518466259742,3.02518466259742,0.109747789176874
449,1.07270376138208,1.07270376138208,0.174953849531313
450,4.58752103955272,4.58752103955272,0.143861695648899
451,1.82478690306581,1.82478690306581,0.144264485994442
452,6.7584891866967,6.7584891866967,0.145615860750689
453,1.15978007761298,1.15978007761298,0.086895911047004
454,1.89310336127065,1.89310336127065,0.156322682360973
455,2.95149916780318,2.95149916780318,0.138418760778181
456,0.446116161165395,0.446116161165395,0.166847042963174
457,1.21708605979741,1.21708605979741,0.102979119293626
458,2.14717326337489,2.14717326337489,0.12069455988552
459,1.39098653861074,1.39098653861074,0.0916588498960593
460,4.55107929521301,4.55107929521301,0.168041497422219
461,2.26824197058772,2.26824197058772,0.110246473971976
462,2.70444891813801,2.70444891813801,0.121469298962392
463,6.40032109537152,6.40032109537152,0.11758910192869
464,0.906212170684126,0.906212170684126,0.131669885146754
465,2.06260384080728,2.06260384080728,0.115556603895865
466,7.77329066020658,7.77329066020658,0.133770670211744
467,6.67550558796316,6.67550558796316,0.14447619673112
468,0.723963513013175,0.723963513013175,0.110559629326208
469,6.19282063653691,6.19282063653691,0.151312824095651
470,2.2577699195579,2.2577699195579,0.102114699157712
471,0.574557646252224,0.574557646252224,0.156707595691015
472,4.38613733727799,4.38613733727799,0.131667764491865
473,1.77835453175762,1.77835453175762,0.123781074408812
474,6.12631381088077,6.12631381088077,0.116842167506012
475,5.36371447621531,5.36371447621531,0.133023378537625
476,2.43199292071035,2.43199292071035,0.119971070331586
477,0.720891818340717,0.720891818340717,0.158389684266394
478,14.3262330296963,14.3262330296963,0.149536016546596
479,0.374049054749591,0.374049054749591,0.0767605335931494
480,1.36541625426074,1.36541625426074,0.087917083616135
481,2.91370626159955,2.91370626159955,0.132844254572448
482,0.79924059849748,0.79924059849748,0.0855042173623992
483,2.20595174176899,2.20595174176899,0.122188747846065
484,0.530015829424174,0.530015829424174,0.187115908528907
485,0.79781813671514,0.79781813671514,0.150952227448266
486,1.81465501205753,1.81465501205753,0.106922030263571
487,4.91763423519254,4.91763423519254,0.112501190147761
488,2.20263768460742,2.20263768460742,0.114237200595247
489,0.320843403853181,0.320843403853181,0.117043869255344
490,0.634149152376858,0.634149152376858,0.0939941254928836
491,0.396309143842504,0.396309143842504,0.206244416732551
492,0.926013885099844,0.926013885099844,0.112297926067206
493,0.708148634874379,0.708148634874379,0.12335943208649
494,1.71995135354886,1.71995135354886,0.120473948167035
495,2.6868424066126,2.6868424066126,0.129071333490133
496,1.07042817388744,1.07042817388744,0.129182050874037
497,2.65444544719872,2.65444544719872,0.102932384068298
498,0.963552272447155,0.963552272447155,0.0917651026041559
499,4.3716192569859,4.3716192569859,0.143885660460167
500,1.59765399812342,1.59765399812342,0.0974594258245052
501,3.69851147855996,3.69851147855996,0.134976029067168
502,7.34372806479575,7.34372806479575,0.13660385489905
503,1.46678620669915,1.46678620669915,0.105026838668224
504,1.10093167939691,1.10093167939691,0.193118308822056
505,0.739655465707266,0.739655465707266,0.100251884805031
506,15.857069065434,15.857069065434,0.137452968763922
507,7.95562965725956,7.95562965725956,0.129479725001258
508,4.51005221651876,4.51005221651876,0.140499410349547
509,24.1644731630277,24.1644731630277,0.154631109213102
510,1.12382382484678,1.12382382484678,0.100259613714055
511,0.343797262868972,0.343797262868972,0.121531596302844
512,11.5325880662994,11.5325880662994,0.150925943301844
513,1.71604011795674,1.71604011795674,0.101641968384465
514,2.19812242466818,2.19812242466818,0.104341875909467
515,2.04589297970236,2.04589297970236,0.0997296462654859
516,1.67210811126871,1.67210811126871,0.0989791585785941
517,0.216258118656882,0.216258118656882,0.134482254055484
518,4.17504158530732,4.17504158530732,0.11215818938129
519,3.99792114554313,3.99792114554313,0.159263893096522
520,3.60331521522221,3.60331521522221,0.112511909923781
521,2.19045479238784,2.19045479238784,0.129159731987108
522,5.82991518504106,5.82991518504106,0.128298552148353
523,3.12966616736172,3.12966616736172,0.147543851669784
524,2.7278957614832,2.7278957614832,0.156058750182361
525,2.57046274326632,2.57046274326632,0.109452284602438
526,4.55315360130504,4.55315360130504,0.133776697824149
527,2.38631252008688,2.38631252008688,0.116187349336577
528,13.2822129251485,13.2822129251485,0.145678339946488
529,3.20501535066612,3.20501535066612,0.122839355162327
530,2.19279647067522,2.19279647067522,0.0997151316402067
531,1.88616964527372,1.88616964527372,0.114619978512803
532,0.726825005566718,0.726825005566718,0.181816955975639
533,14.892269966472,14.892269966472,0.160438026639229
534,18.5515704821027,18.5515704821027,0.167120346357664
535,1.72246078871493,1.72246078871493,0.0968425469120309
536,3.63692423801412,3.63692423801412,0.111971690681663
537,0.276328807064758,0.276328807064758,0.175443127672335
538,1.89701885653974,1.89701885653974,0.114798653979967
539,2.06988369478967,2.06988369478967,0.0977838706142824
540,0.548829946962824,0.548829946962824,0.0955489603999688
541,6.8021129841654,6.8021129841654,0.159608528025337
542,2.33830418243289,2.33830418243289,0.164059364193421
543,4.27139534549614,4.27139534549614,0.128456786510095
544,3.32250940333095,3.32250940333095,0.0999725664121959
545,1.17239720953934,1.17239720953934,0.095759070530272
546,16.0800145505834,16.0800145505834,0.153218043224974
547,0.648520717629189,0.648520717629189,0.160776912335477
548,0.902078232072225,0.902078232072225,0.122463773999145
549,3.8764794161028,3.8764794161028,0.14412490054032
550,0.99114530269065,0.99114530269065,0.0997550415303203
551,1.38803535606258,1.38803535606258,0.160314296638592
552,5.61522116465928,5.61522116465928,0.128161234297165
553,0.833265317438798,0.833265317438798,0.184273705895809
554,0.274973898771377,0.274973898771377,0.102669374420886
555,1.74074751899256,1.74074751899256,0.103985272325091
556,0.248449601621985,0.248449601621985,0.149941980968015
557,0.725015180391948,0.725015180391948,0.152414425182208
558,2.15225692256666,2.15225692256666,0.0944023403812493
559,5.59938025779703,5.59938025779703,0.117081222366638
560,1.44165855713873,1.44165855713873,0.169985142604142
561,5.96375341659649,5.96375341659649,0.149858965673268
562,3.42102767891103,3.42102767891103,0.16372319595862
563,0.399283447186917,0.399283447186917,0.185026149206371
564,1.56058138300594,1.56058138300594,0.107219848446649
565,5.34995058971871,5.34995058971871,0.125655575341694
566,1.62461101487487,1.62461101487487,0.105171511843561
567,2.06518974375629,2.06518974375629,0.10168162135683
568,0.278793447364002,0.278793447364002,0.162656286394483
569,2.97389590433624,2.97389590433624,0.147286628566864
570,1.23837254077335,1.23837254077335,0.143543591700806
571,1.89965167587479,1.89965167587479,0.0930250326810078
572,1.43309531402148,1.43309531402148,0.107652908007552
573,1.35384715555619,1.35384715555619,0.165485910728315
574,1.3352659688915,1.3352659688915,0.114712318033819
575,1.4544868733271,1.4544868733271,0.0950625037343506
576,0.919788169249348,0.919788169249348,0.133308176022145
577,1.27732442822786,1.27732442822786,0.122092038369745
578,0.555553781998597,0.555553781998597,0.163313351563985
579,0.823590666409022,0.823590666409022,0.0910437433736905
580,12.9914412651916,12.9914412651916,0.1584097567657
581,0.366237619391016,0.366237619391016,0.141980857382836
582,20.2303329599863,20.2303329599863,0.148716378563799
583,0.612726290175901,0.612726290175901,0.162725844251723
584,0.92235195281081,0.92235195281081,0.134394309666744
585,2.19546473606713,2.19546473606713,0.126437298574318
586,1.57175556211515,1.57175556211515,0.0953688701086373
587,1.07378672216063,1.07378672216063,0.15514568011078
588,2.44306416991099,2.44306416991099,0.101367056822792
589,1.09169088261222,1.09169088261222,0.172156049001822
590,3.63681300223655,3.63681300223655,0.11978479481734
591,1.32633639113228,1.32633639113228,0.133805375082311
592,6.17619575574611,6.17619575574611,0.121170296036332
593,0.959028270483107,0.959028270483107,0.138670885885075
594,4.76725207382855,4.76725207382855,0.113733087021471
595,0.559168326916644,0.559168326916644,0.177873941299112
596,2.05614895817494,2.05614895817494,0.102522083526551
597,1.16688412914032,1.16688412914032,0.0870229138063635
598,0.162768553473498,0.162768553473498,0.169394541316404
599,1.58699798678567,1.58699798678567,0.118972357435139
600,1.95900453878455,1.95900453878455,0.111139239703106
601,2.08492149132722,2.08492149132722,0.114102816573687
602,0.141476129586929,0.141476129586929,0.149385323004968
603,2.04346549916386,2.04346549916386,0.110585258490016
604,1.2776277195787,1.2776277195787,0.126105377392981
605,0.725434166580199,0.725434166580199,0.138769678748371
606,1.11194216531023,1.11194216531023,0.149364072581206
607,4.75888421726033,4.75888421726033,0.10201126098843
608,3.88083363248888,3.88083363248888,0.119945125724762
609,0.407045241190884,0.407045241190884,0.125836194687979
610,0.885305757310653,0.885305757310653,0.0898029224283376
611,1.35985578551048,1.35985578551048,0.185720818225146
612,1.82205305079797,1.82205305079797,0.092699765158842
613,1.2022561891348,1.2022561891348,0.173286637711061
614,0.951228461745337,0.951228461745337,0.112482423479466
615,1.25258772345352,1.25258772345352,0.141582385384756
616,1.46740619472852,1.46740619472852,0.0911667404913131
617,5.64524519952765,5.64524519952765,0.151392022843015
618,0.692914069645254,0.692914069645254,0.20876459838541
619,1.09153023711422,1.09153023711422,0.0966600157667433
620,5.77913166122144,5.77913166122144,0.139104022479445
621,1.08731687709798,1.08731687709798,0.0917409735881519
622,1.80538916320581,1.80538916320581,0.0995427726251474
623,8.10914945035003,8.10914945035003,0.17518578652394
624,2.3879169062813,2.3879169062813,0.122558789930596
625,2.4569973415071,2.4569973415071,0.137720954062934
626,4.20366075730799,4.20366075730799,0.128244890140373
627,1.21737710184937,1.21737710184937,0.119846240935541
628,0.822239522462832,0.822239522462832,0.0886786042264709
629,8.15696861296493,8.15696861296493,0.134278580181874
630,3.02476034071293,3.02476034071293,0.141815501094183
631,0.402930751176335,0.402930751176335,0.1053918331479
632,4.05319809477296,4.05319809477296,0.171564893091832
633,5.48676342739954,5.48676342739954,0.162325410101995
634,3.21859356430665,3.21859356430665,0.143971203237498
635,0.733521826278294,0.733521826278294,0.0827743495439353
636,4.49788931383277,4.49788931383277,0.150310725904329
637,1.12059440120611,1.12059440120611,0.125342523968067
638,8.92450659032585,8.92450659032585,0.149104522567797
639,0.620700303453789,0.620700303453789,0.144516515329976
640,2.73498766300512,2.73498766300512,0.120417439834854
641,1.73507774587644,1.73507774587644,0.105058934357945
642,0.477115959808107,0.477115959808107,0.180788057979373
643,16.0080928464792,16.0080928464792,0.171668805245058
644,3.01692114892689,3.01692114892689,0.104955430391883
645,1.21572652725267,1.21572652725267,0.10075081695345
646,5.10071870513457,5.10071870513457,0.11665561326758
647,1.35696352394817,1.35696352394817,0.112507294404984
648,5.03610647772709,5.03610647772709,0.129748934094738
649,6.89750282611294,6.89750282611294,0.137034555353883
650,9.2911496348121,9.2911496348121,0.129129201322903
651,2.1576298897391,2.1576298897391,0.135055541433197
652,3.47062690298119,3.47062690298119,0.0949599708165383
653,6.77258975874032,6.77258975874032,0.126378241239444
654,1.41424999001496,1.41424999001496,0.098970346619248
655,0.986719515741916,0.986719515741916,0.135172257316293
656,3.09985325114151,3.09985325114151,0.139575086032755
657,0.359317024172303,0.359317024172303,0.10686423536148
658,0.307460145267993,0.307460145267993,0.114957447519213
659,0.818141103241387,0.818141103241387,0.198645682866911
660,0.545961510939379,0.545961510939379,0.126491390293103
661,2.10023149380234,2.10023149380234,0.103614810977891
662,6.67424115237009,6.67424115237009,0.147427241823427
663,0.837420153932548,0.837420153932548,0.100831645234117
664,0.928437639490807,0.928437639490807,0.169012849950301
665,2.17566272615623,2.17566272615623,0.128229197013322
666,4.68440059395755,4.68440059395755,0.110289157801257
667,2.13918836048525,2.13918836048525,0.11761397001988
668,0.65468116076077,0.65468116076077,0.137904336191724
669,1.40399408973409,1.40399408973409,0.0863946849193021
670,0.722902487416,0.722902487416,0.0835919699829284
671,4.43495833697188,4.43495833697188,0.130408546940662
672,1.0808267109878,1.0808267109878,0.13760229885881
673,1.68114679227977,1.68114679227977,0.11880132560676
674,2.23240519523404,2.23240519523404,0.11041217957077
675,0.845379542789593,0.845379542789593,0.156002994667218
676,2.7256524147887,2.7256524147887,0.0997523992154027
677,3.1833840526588,3.1833840526588,0.154150582704355
678,1.22150500267477,1.22150500267477,0.122374933485472
679,1.27181737197555,1.27181737197555,0.110041544416988
680,3.48445939001603,3.48445939001603,0.14550899954769
681,0.859147558577105,0.859147558577105,0.131310142434189
682,22.9209748865382,22.9209748865382,0.152753654252952
683,14.2575615428634,14.2575615428634,0.166771480056745
684,3.26829850222448,3.26829850222448,0.105356871614651
685,0.328423836696531,0.328423836696531,0.129584458772676
686,1.9264960757982,1.9264960757982,0.115943750449947
687,0.105635041273946,0.105635041273946,0.14222835837043
688,5.75577652718693,5.75577652718693,0.161978772359267
689,0.41449438751133,0.41449438751133,0.184623023716963
690,3.34417542116566,3.34417542116566,0.1264969018497
691,2.00500197577028,2.00500197577028,0.104818515900796
692,1.14968254312707,1.14968254312707,0.142210582564266
693,0.936545715277209,0.936545715277209,0.116109186430545
694,1.94566128366583,1.94566128366583,0.0946228380710904
695,0.997199216826326,0.997199216826326,0.0998153225068169
696,5.00973957913232,5.00973957913232,0.145384985559349
697,3.11028975639999,3.11028975639999,0.128342130795198
698,6.84190193809055,6.84190193809055,0.113876254684828
699,0.920097689913149,0.920097689913149,0.13864261563381
700,1.03407453548678,1.03407453548678,0.145267615767968
701,0.533016745280064,0.533016745280064,0.206916353276561
702,8.95981007969647,8.95981007969647,0.154444148031864
703,0.292595277629921,0.292595277629921,0.155860909363076
704,2.80327800709942,2.80327800709942,0.135572330507774
705,2.4780763955482,2.4780763955482,0.097737177787457
706,5.75083356794659,5.75083356794659,0.131715905061938
707,1.23532910007488,1.23532910007488,0.116702203914991
708,1.27125828928479,1.27125828928479,0.151975225397756
709,0.266362592638761,0.266362592638761,0.130619103886275
710,1.65136026652584,1.65136026652584,0.103497806123713
711,4.07602039254095,4.07602039254095,0.118149372443594
712,1.14856989490414,1.14856989490414,0.147724102846328
713,4.4590567730367,4.4590567730367,0.131346907641831
714,1.57798288240893,1.57798288240893,0.118263734723062
715,12.9014691877231,12.9014691877231,0.1535090899232
716,1.96518967290656,1.96518967290656,0.18065695723844
717,1.16837572504288,1.16837572504288,0.0957330216914742
718,0.564199576461411,0.564199576461411,0.151070105859077
719,1.53135457055244,1.53135457055244,0.104032388383628
720,5.91437556342547,5.91437556342547,0.152551581981028
721,6.29665915370185,6.29665915370185,0.145474465738847
722,2.8415443378893,2.8415443378893,0.101155785949294
723,1.59730896348392,1.59730896348392,0.101154369894912
724,5.57221978417595,5.57221978417595,0.143022220894843
725,0.74052235272542,0.74052235272542,0.104061664065932
726,1.74081931178718,1.74081931178718,0.103533466641609
727,5.82808420929615,5.82808420929615,0.12738373037311
728,5.54952867408438,5.54952867408438,0.137286189687452
729,5.58174161042902,5.58174161042902,0.139929211946889
730,15.2383981372759,15.2383981372759,0.162689686874177
731,1.84252448366303,1.84252448366303,0.103579221794167
732,6.31084211285994,6.31084211285994,0.145426221273806
733,0.751545599361648,0.751545599361648,0.0967301677662816
734,5.40506981038855,5.40506981038855,0.107888399730413
735,2.58158166439072,2.58158166439072,0.147958991296192
736,3.19912145549656,3.19912145549656,0.143277225286388
737,1.21635636272076,1.21635636272076,0.138460853992719
738,1.06394649303188,1.06394649303188,0.120743230859123
739,5.82453364549472,5.82453364549472,0.133898467955554
740,5.81301939379424,5.81301939379424,0.130609265360745
741,11.2768485833251,11.2768485833251,0.153582448537315
742,3.56908214021285,3.56908214021285,0.153994955508235
743,1.02532559447486,1.02532559447486,0.152862883520382
744,1.16540624449075,1.16540624449075,0.131082997710781
745,5.25386579798436,5.25386579798436,0.11630291950345
746,6.9990946689823,6.9990946689823,0.157304137999164
747,0.996618130286527,0.996618130286527,0.150909252494881
748,4.28133883788427,4.28133883788427,0.150069327623744
749,6.34751738117861,6.34751738117861,0.138945797866148
750,2.0780889540097,2.0780889540097,0.103850483312829
751,1.75042790520711,1.75042790520711,0.105356632252802
752,4.68138532349554,4.68138532349554,0.158571370269619
753,3.57334608817864,3.57334608817864,0.113379356892424
754,1.15243985520185,1.15243985520185,0.097108174674132
755,3.61921753732168,3.61921753732168,0.131605015328755
756,5.03265055419016,5.03265055419016,0.141140544442411
757,0.718205168048426,0.718205168048426,0.113348582833044
758,1.23749622377509,1.23749622377509,0.113385687831736
759,6.23869527185583,6.23869527185583,0.111654742163302
760,4.05553873979653,4.05553873979653,0.105088825462229
761,2.93170110778156,2.93170110778156,0.096930244236428
762,12.7437024082469,12.7437024082469,0.154814178100935
763,1.65550135892583,1.65550135892583,0.114855142980634
764,0.422076538325807,0.422076538325807,0.195755957083627
765,1.58942673480791,1.58942673480791,0.158888274029879
766,6.73335642866438,6.73335642866438,0.119180301846943
767,0.559907120975387,0.559907120975387,0.125499534467712
768,3.52297116641848,3.52297116641848,0.136886131554191
769,1.71789201577098,1.71789201577098,0.118347795676326
770,2.21943332974232,2.21943332974232,0.0911053822979507
771,0.663425497122344,0.663425497122344,0.117926351093856
772,3.0114961522742,3.0114961522742,0.144594724424047
773,0.881183549037369,0.881183549037369,0.202664337575915
774,0.532691163217089,0.532691163217089,0.133879620205773
775,1.68245318702756,1.68245318702756,0.0997759193467916
776,1.26852397147253,1.26852397147253,0.119241629972038
777,1.9564881540821,1.9564881540821,0.153785472251653
778,1.03030695836854,1.03030695836854,0.133266498286136
779,5.73977811787969,5.73977811787969,0.139247543540443
780,0.696385694602002,0.696385694602002,0.190254233023709
781,2.72900913330003,2.72900913330003,0.127392101723192
782,1.10489490075422,1.10489490075422,0.163931836857069
783,4.40608809630537,4.40608809630537,0.120174244606072
784,0.250527668720085,0.250527668720085,0.172474311503945
785,6.9286392850863,6.9286392850863,0.147990654390328
786,1.80155313976888,1.80155313976888,0.103417047318561
787,3.98135633603597,3.98135633603597,0.11208578610254
788,0.697012290053645,0.697012290053645,0.13789699110664
789,2.22321183884552,2.22321183884552,0.109876935586153
790,0.940919256086229,0.940919256086229,0.106278893065761
791,0.710394570185952,0.710394570185952,0.118913353181878
792,3.88142890466609,3.88142890466609,0.110258168067687
793,0.339225858981991,0.339225858981991,0.162397043109473
794,0.945686780416675,0.945686780416675,0.158592454377627
795,0.308679198665281,0.308679198665281,0.127350411185381
796,1.05316823571944,1.05316823571944,0.104303929143875
797,5.52686217037097,5.52686217037097,0.119278284058686
798,0.412758566842654,0.412758566842654,0.186209166636805
799,0.633561721327614,0.633561721327614,0.150598874605549
800,3.32979793559683,3.32979793559683,0.139558458362969
801,2.39601133555135,2.39601133555135,0.112087807041538
802,9.16725675686603,9.16725675686603,0.140729872401059
803,1.82024779692377,1.82024779692377,0.0922086919489405
804,5.80851721595013,5.80851721595013,0.138568791800801
805,1.26713469096661,1.26713469096661,0.0991001815884855
806,4.94966885763472,4.94966885763472,0.116247003654596
807,1.79304452993373,1.79304452993373,0.16942797610112
808,13.3707951335445,13.3707951335445,0.145333269903155
809,1.49146553608625,1.49146553608625,0.097658546479554
810,0.509207127378215,0.509207127378215,0.169390538623843
811,5.1473441612621,5.1473441612621,0.127454706008336
812,12.9074622516832,12.9074622516832,0.158688060948512
813,4.63257398876848,4.63257398876848,0.151938508605306
814,1.06399817215899,1.06399817215899,0.103798650662333
815,3.33143859746064,3.33143859746064,0.127960167438936
816,3.48005728320474,3.48005728320474,0.115809797706868
817,2.93048060047912,2.93048060047912,0.106664293940115
818,1.20163137147184,1.20163137147184,0.136656173489947
819,0.630141749180565,0.630141749180565,0.178491848501051
820,0.645559133134769,0.645559133134769,0.175597133619006
821,2.9680491192258,2.9680491192258,0.124458471866004
822,1.2620327490706,1.2620327490706,0.0991602203685004
823,16.8250716675627,16.8250716675627,0.151130024324004
824,0.952459220420898,0.952459220420898,0.0982352940338994
825,3.802773373806,3.802773373806,0.095631815820127
826,0.434454120488859,0.434454120488859,0.0928371461562121
827,2.74997299758821,2.74997299758821,0.0994817283101755
828,1.31146887650094,1.31146887650094,0.089310890384523
829,12.263721485528,12.263721485528,0.154828637798198
830,3.92533534289097,3.92533534289097,0.112862342713702
831,2.91300454994065,2.91300454994065,0.126390159736994
832,3.2480760548483,3.2480760548483,0.148573720625755
833,5.45076371093108,5.45076371093108,0.121662826465112
834,0.303405180703223,0.303405180703223,0.124968646150858
835,4.84629690180642,4.84629690180642,0.118844617071247
836,1.90357534892782,1.90357534892782,0.133782232386046
837,0.550151173170779,0.550151173170779,0.150852859701493
838,0.846078504798273,0.846078504798273,0.0977714721866806
839,3.38376942645723,3.38376942645723,0.113095375618065
840,4.9611859393775,4.9611859393775,0.116106794037175
841,4.21733832310952,4.21733832310952,0.100041225921103
842,0.409257531796675,0.409257531796675,0.175545029966499
843,0.593439234571978,0.593439234571978,0.08921549902882
844,0.524226656486782,0.524226656486782,0.168653983479072
845,0.991958139515448,0.991958139515448,0.171850521000584
846,1.10319739307147,1.10319739307147,0.101942328280905
847,1.71961224907794,1.71961224907794,0.141634653345499
848,0.883102266338812,0.883102266338812,0.131240095340403
849,2.27751108338104,2.27751108338104,0.136137781702224
850,1.7017722493432,1.7017722493432,0.119195097675177
851,2.42867441059793,2.42867441059793,0.114011495627689
852,0.294068670713353,0.294068670713353,0.175909066164317
853,6.76836331678074,6.76836331678074,0.155536781442668
854,8.9056471392054,8.9056471392054,0.152192965167673
855,1.0108674471016,1.0108674471016,0.102817320859454
856,1.29669246456933,1.29669246456933,0.100394766508344
857,4.00424760840402,4.00424760840402,0.10957952011137
858,3.27818636050052,3.27818636050052,0.133423752759752
859,1.60113917855356,1.60113917855356,0.0956478321513637
860,0.975341773781662,0.975341773781662,0.1839360575798
861,5.07421805702159,5.07421805702159,0.126326486042549
862,4.59359497230919,4.59359497230919,0.139247342874899
863,2.81186960523778,2.81186960523778,0.138516332124241
864,2.8728540064115,2.8728540064115,0.144065557226067
865,0.932403317182093,0.932403317182093,0.0936421535541007
866,0.740950635516207,0.740950635516207,0.163992982122672
867,0.143214198549255,0.143214198549255,0.165341545880524
868,1.00796836877586,1.00796836877586,0.0933134919240385
869,2.29758705945589,2.29758705945589,0.102332994509157
870,0.539243948826832,0.539243948826832,0.123716227432455
871,5.77648518376211,5.77648518376211,0.14777657281337
872,3.06446873422217,3.06446873422217,0.116010691222575
873,1.12527347293338,1.12527347293338,0.169466614623546
874,2.59572010504138,2.59572010504138,0.122872114127804
875,0.950942122610911,0.950942122610911,0.11298099436166
876,1.36757433134015,1.36757433134015,0.160832296135228
877,2.11596587205977,2.11596587205977,0.116395043014094
878,2.19818867601789,2.19818867601789,0.118280985528439
879,0.582501773387911,0.582501773387911,0.137291431955353
880,20.8467627782957,20.8467627782957,0.164138092904242
881,1.24666406249968,1.24666406249968,0.166972360092317
882,3.58250498236689,3.58250498236689,0.132503430329089
883,0.4017702858347,0.4017702858347,0.178812218893401
884,0.58013447116471,0.58013447116471,0.141679261383696
885,0.635570398825061,0.635570398825061,0.223567852244059
886,2.15133371661398,2.15133371661398,0.104674811415798
887,5.08358424963415,5.08358424963415,0.117011240278158
888,0.413021695370084,0.413021695370084,0.101351106318439
889,5.63385425400388,5.63385425400388,0.170877089499137
890,1.57418779836787,1.57418779836787,0.113657928423917
891,3.24217283725377,3.24217283725377,0.142804599871934
892,1.81103855344501,1.81103855344501,0.0983835733904496
893,0.941570398711349,0.941570398711349,0.140513961225554
894,1.28115181485761,1.28115181485761,0.111522986009867
895,1.69784029673635,1.69784029673635,0.11780130885906
896,2.40911508404414,2.40911508404414,0.103691011073104
897,0.989040089597989,0.989040089597989,0.115058446994671
898,5.55946358891695,5.55946358891695,0.16424912949025
899,0.493449705204662,0.493449705204662,0.167316601839825
900,6.06955932489897,6.06955932489897,0.0968151778058743
901,1.14364371754622,1.14364371754622,0.156116376480714
902,1.70188090031721,1.70188090031721,0.0904077975733
903,7.99169176825794,7.99169176825794,0.143655206229743
904,4.43765838290426,4.43765838290426,0.134632838761654
905,5.8811121460737,5.8811121460737,0.14462764086548
906,2.98975295396568,2.98975295396568,0.102468015762512
907,0.883660575571539,0.883660575571539,0.128169201715622
908,2.3162539255938,2.3162539255938,0.104115966752364
909,4.37443350839008,4.37443350839008,0.128072212750279
910,4.33837063329151,4.33837063329151,0.130077916210573
911,4.22064624440691,4.22064624440691,0.160930268459944
912,0.985439882322356,0.985439882322356,0.0933066124182954
913,0.395445784180694,0.395445784180694,0.0951284663687847
914,2.90326791266139,2.90326791266139,0.112391432161669
915,4.55744726117215,4.55744726117215,0.118970891150932
916,1.33221932235354,1.33221932235354,0.11726760921558
917,2.88862543694331,2.88862543694331,0.123898864917833
918,0.684284464901473,0.684284464901473,0.150284895886274
919,6.58805733333322,6.58805733333322,0.150737014368731
920,6.35897229002098,6.35897229002098,0.12968969786039
921,1.57383984867188,1.57383984867188,0.109036674416449
922,1.03755457833785,1.03755457833785,0.123404356158857
923,4.37015829630624,4.37015829630624,0.121271079237952
924,1.61598456438787,1.61598456438787,0.108606481485193
925,2.21881613624964,2.21881613624964,0.09348292922269
926,0.72287797167764,0.72287797167764,0.0858040029094764
927,0.535923954459038,0.535923954459038,0.0808404706500631
928,1.27434971260492,1.27434971260492,0.0904114639815361
929,2.03432441128765,2.03432441128765,0.1258653944155
930,6.79082938807089,6.79082938807089,0.140606545671882
931,2.08144698707876,2.08144698707876,0.0973577870355087
932,1.40338825733696,1.40338825733696,0.0939039944799609
933,0.754462085695833,0.754462085695833,0.107095497522123
934,0.64759780748461,0.64759780748461,0.197833690987678
935,3.26342843480779,3.26342843480779,0.139790485666363
936,0.707877097952105,0.707877097952105,0.133775510853285
937,1.84071082370503,1.84071082370503,0.107964668591734
938,2.2761096311046,2.2761096311046,0.117979015698957
939,3.53446933274646,3.53446933274646,0.10998392030937
940,1.49136712449305,1.49136712449305,0.171104376149354
941,1.26555228589292,1.26555228589292,0.0930317393808034
942,3.77734997902309,3.77734997902309,0.1091714256371
943,0.495829275038188,0.495829275038188,0.146916596259601
944,0.511286273740423,0.511286273740423,0.127221313422373
945,6.7056558490023,6.7056558490023,0.13581478801758
946,2.35921126810411,2.35921126810411,0.106807570213612
947,0.759658569898746,0.759658569898746,0.151911118253273
948,0.586246014747164,0.586246014747164,0.146484423884316
949,1.56675388647127,1.56675388647127,0.0968806241324143
950,5.88645699771089,5.88645699771089,0.164653668469276
951,5.18413467375516,5.18413467375516,0.116737299598665
952,6.2845056511471,6.2845056511471,0.146364479327188
953,0.640832126797562,0.640832126797562,0.155280607295561
954,2.58182986499772,2.58182986499772,0.109997068895199
955,0.406121866142498,0.406121866142498,0.150151459766018
956,2.28645681097801,2.28645681097801,0.11943321694093
957,4.58304282416335,4.58304282416335,0.125864334768284
958,3.52254906122985,3.52254906122985,0.131679510227522
959,9.51279128416422,9.51279128416422,0.124792029733974
960,0.202121201528311,0.202121201528311,0.164794138607508
961,2.81198944304498,2.81198944304498,0.105028612849282
962,1.44431268730228,1.44431268730228,0.170057732401289
963,2.56079629783399,2.56079629783399,0.114527079806072
964,4.6220609262248,4.6220609262248,0.12847971976617
965,0.974135752579841,0.974135752579841,0.170664601096557
966,0.651943128224885,0.651943128224885,0.0783160756762008
967,3.78798532255166,3.78798532255166,0.161303976596906
968,8.61347881445796,8.61347881445796,0.143810578979784
969,0.60139739783444,0.60139739783444,0.0853762051123456
970,3.16584998975794,3.16584998975794,0.125197864184266
971,1.83895660574866,1.83895660574866,0.105799887210104
972,2.89058906163705,2.89058906163705,0.102928509507953
973,5.00052072153393,5.00052072153393,0.106438367339805
974,8.5537041097665,8.5537041097665,0.152399166905654
975,2.25721139964534,2.25721139964534,0.109866542697231
976,4.72132052342485,4.72132052342485,0.109425012178761
977,12.0730410893373,12.0730410893373,0.179120853259247
978,0.975004820125418,0.975004820125418,0.0950587201238022
979,2.1997080354873,2.1997080354873,0.103762165831504
980,2.78923091788458,2.78923091788458,0.116501737304458
981,0.853040086629911,0.853040086629911,0.122134397470431
982,3.24682408555504,3.24682408555504,0.112794975907038
983,4.72051298783661,4.72051298783661,0.128947017738617
984,0.136677990049712,0.136677990049712,0.193022501627078
985,7.18705886241763,7.18705886241763,0.165255999222179
986,3.28913736670544,3.28913736670544,0.102013963676349
987,0.576047982766587,0.576047982766587,0.11075670808707
988,0.516644236751225,0.516644236751225,0.178358146783666
989,1.76315419927902,1.76315419927902,0.131570627179697
990,1.73712452213347,1.73712452213347,0.113045204670537
991,4.55301033003675,4.55301033003675,0.132947636336152
992,0.863881095953294,0.863881095953294,0.12854976728194
993,2.40668006116534,2.40668006116534,0.101178018675601
994,0.504182695534402,0.504182695534402,0.173029735133849
995,1.78606778020593,1.78606778020593,0.13429652647357
996,1.98197763071078,1.98197763071078,0.11299185973463
997,0.624869443181525,0.624869443181525,0.207616002883085
998,1.58025597197615,1.58025597197615,0.111891237877624
999,8.77058672052892,8.77058672052892,0.134132279315515
1000,3.33056013102585,3.33056013102585,0.143293772002758
1001,0.931514983152706,0.931514983152706,0.115577296199953
1002,3.53232002825982,3.53232002825982,0.136801012986681
1003,0.371625817455836,0.371625817455836,0.18748977411122
1004,4.35273999689142,4.35273999689142,0.130970301798085
1005,0.563405761554557,0.563405761554557,0.100093411301525
1006,13.5208533348481,13.5208533348481,0.128444675326609
1007,1.08490524586889,1.08490524586889,0.0993543141102552
1008,0.230507046507354,0.230507046507354,0.175974959013374
1009,1.26975133633073,1.26975133633073,0.111379282176345
1010,1.90681498639224,1.90681498639224,0.106655035485367
1011,0.224816485356316,0.224816485356316,0.153578194504022
1012,2.52979163492187,2.52979163492187,0.127178699219711
1013,2.88969726868976,2.88969726868976,0.104882265831943
1014,0.56519118959013,0.56519118959013,0.202994692750829
1015,3.69971120552149,3.69971120552149,0.137613948950055
1016,0.818607507258003,0.818607507258003,0.124032102822259
1017,5.28238407071839,5.28238407071839,0.102225072289899
1018,1.19245875360505,1.19245875360505,0.171151534829404
1019,1.4521691940747,1.4521691940747,0.103857672438977
1020,1.10042630190509,1.10042630190509,0.123859130859062
1021,5.94674017428105,5.94674017428105,0.125145114026756
1022,2.95891701499533,2.95891701499533,0.12025026620868
1023,1.07048801007488,1.07048801007488,0.154330585407205
1024,9.42106910247276,9.42106910247276,0.137190496058855
1025,8.56291022205411,8.56291022205411,0.132572426334092
1026,1.93257672017293,1.93257672017293,0.103796292482473
1027,0.426119055372914,0.426119055372914,0.149247558558412
1028,4.57015828717908,4.57015828717908,0.14544568079512
1029,0.656487675872405,0.656487675872405,0.0983880267756275
1030,1.87055188143118,1.87055188143118,0.110494669573778
1031,2.90753478967116,2.90753478967116,0.132196809335332
1032,2.36806536539611,2.36806536539611,0.0981320819970537
1033,1.95591792979094,1.95591792979094,0.10591898123615
1034,0.799480946428667,0.799480946428667,0.136871586924593
1035,1.08727411179129,1.08727411179129,0.110397829709185
1036,0.159100481892797,0.159100481892797,0.107692620932996
1037,1.02819940775499,1.02819940775499,0.141577942911171
1038,2.14631101226423,2.14631101226423,0.114718435167675
1039,0.929766226809393,0.929766226809393,0.126768177235318
1040,3.65232856395507,3.65232856395507,0.118444844347995
1041,0.450965659032904,0.450965659032904,0.104498163876366
1042,12.7573247697244,12.7573247697244,0.143222677333202
1043,5.78869658187811,5.78869658187811,0.150211499155097
1044,0.634062231477376,0.634062231477376,0.194794351115732
1045,3.46410341572772,3.46410341572772,0.137728376115191
1046,0.993418472568142,0.993418472568142,0.126123192331385
1047,2.27781750872653,2.27781750872653,0.116373375519504
1048,1.64588478818937,1.64588478818937,0.131648902231471
1049,1.22429161497075,1.22429161497075,0.160637861358717
1050,1.92028463019247,1.92028463019247,0.124107817153426
1051,7.27333568848898,7.27333568848898,0.126520954794585
1052,10.1044982017483,10.1044982017483,0.150673393816748
1053,2.65019913091201,2.65019913091201,0.105212740818504
1054,0.960901973097769,0.960901973097769,0.112527879430642
1055,3.82703742359406,3.82703742359406,0.128042134597491
1056,2.91228521745779,2.91228521745779,0.109678808038915
1057,2.21297631497119,2.21297631497119,0.133599047542567
1058,11.9365745599656,11.9365745599656,0.151733011742197
1059,8.32135671604324,8.32135671604324,0.13019483996167
1060,1.95965659281034,1.95965659281034,0.117511719277262
1061,1.31152102134056,1.31152102134056,0.15344343192471
1062,14.8274039721563,14.8274039721563,0.160429015077234
1063,2.46236421630826,2.46236421630826,0.105586638636321
1064,2.21414578992911,2.21414578992911,0.106792823660805
1065,1.51947189942683,1.51947189942683,0.103374661229104
1066,1.21839003200593,1.21839003200593,0.0983830251830652
1067,2.88624768140334,2.88624768140334,0.103751603481435
1068,2.28539177823406,2.28539177823406,0.128881317017758
1069,0.669523017907126,0.669523017907126,0.116528170086453
1070,0.745324304957304,0.745324304957304,0.0933279409587382
1071,0.353462352383703,0.353462352383703,0.13594570259138
1072,10.964603978856,10.964603978856,0.179077643838404
1073,8.30095342614374,8.30095342614374,0.122189472597193
1074,2.61125636445396,2.61125636445396,0.096877226855428
1075,0.928250770711917,0.928250770711917,0.102497771423125
1076,0.308791829368759,0.308791829368759,0.163909817964478
1077,3.03596834342137,3.03596834342137,0.100803752270221
1078,0.346904298381151,0.346904298381151,0.137507446439735
1079,3.93875683133816,3.93875683133816,0.127018403355993
1080,8.65069519491352,8.65069519491352,0.162155957321779
1081,1.71204185262444,1.71204185262444,0.158967678512926
1082,1.82709780372074,1.82709780372074,0.125013803955636
1083,9.31618239145759,9.31618239145759,0.147162999000851
1084,0.895699424305752,0.895699424305752,0.133035623287591
1085,1.42288127720256,1.42288127720256,0.114769851322165
1086,1.44720127276769,1.44720127276769,0.115347222215244
1087,5.8279634419471,5.8279634419471,0.143085189029021
1088,1.53948444824819,1.53948444824819,0.105632556421098
1089,1.1836315105736,1.1836315105736,0.134603866561373
1090,4.75780458450397,4.75780458450397,0.148571331770116
1091,8.57822089643927,8.57822089643927,0.137169508362761
1092,0.621943147719669,0.621943147719669,0.0940746862688249
1093,1.21026707572539,1.21026707572539,0.186235142515442
1094,4.21554833446661,4.21554833446661,0.130386046781172
1095,2.03964829365059,2.03964829365059,0.170749292694911
1096,1.94706954197719,1.94706954197719,0.103844779863737
1097,0.297119328110327,0.297119328110327,0.115843100207881
1098,0.703922273653359,0.703922273653359,0.174282206981341
1099,3.01749067529614,3.01749067529614,0.104694666799118
1100,3.02285323265708,3.02285323265708,0.110134879448865
1101,7.21207965274867,7.21207965274867,0.134255502692075
1102,0.216822333147035,0.216822333147035,0.143743275195286
1103,3.19323700951851,3.19323700951851,0.129586348191108
1104,1.25930949311589,1.25930949311589,0.0833289268744885
1105,1.34682199901848,1.34682199901848,0.114022300248968
1106,0.445173455365799,0.445173455365799,0.162946680208784
1107,1.33705560525885,1.33705560525885,0.0907477816012163
1108,9.27361120793098,9.27361120793098,0.14947421990715
1109,2.00577961077069,2.00577961077069,0.112492698522439
1110,3.21341808739165,3.21341808739165,0.156486564909802
1111,8.70769589192314,8.70769589192314,0.142842410429184
1112,2.23924960652357,2.23924960652357,0.102822875279726
1113,1.17989077352687,1.17989077352687,0.106793272711439
1114,2.26271112895093,2.26271112895093,0.125747150433634
1115,1.21003132927054,1.21003132927054,0.128065136935407
1116,0.826557884892497,0.826557884892497,0.0929042401961053
1117,5.2446722953941,5.2446722953941,0.143623994849171
1118,8.31785408956685,8.31785408956685,0.158150078756359
1119,5.24823600937701,5.24823600937701,0.135362342732691
1120,1.27834070063146,1.27834070063146,0.131548514161263
1121,4.69939223192314,4.69939223192314,0.128708173910035
1122,1.33391257898384,1.33391257898384,0.154859196568198
1123,1.34127062151619,1.34127062151619,0.0928572099891965
1124,7.79889735041889,7.79889735041889,0.118309612142993
1125,2.95067172069118,2.95067172069118,0.123533989563033
1126,2.16456403336255,2.16456403336255,0.143193524042412
1127,2.76827080342795,2.76827080342795,0.100660770564576
1128,0.990336631254901,0.990336631254901,0.128153918497745
1129,9.8168928104279,9.8168928104279,0.150732917526187
1130,7.36579632641378,7.36579632641378,0.121596764566306
1131,2.1050187376928,2.1050187376928,0.127787095898774
1132,2.15565248993825,2.15565248993825,0.0942355648647472
1133,11.1885567197732,11.1885567197732,0.172188380334722
1134,0.627355254710567,0.627355254710567,0.147324836908334
1135,4.73346653522688,4.73346653522688,0.118862734987914
1136,2.00109392287569,2.00109392287569,0.0943401152430683
1137,0.761784876622826,0.761784876622826,0.0845297481665346
1138,0.560265300067137,0.560265300067137,0.176009052837196
1139,27.0496482396726,27.0496482396726,0.184836508924456
1140,1.02847864066021,1.02847864066021,0.105902864494045
1141,0.503420538826879,0.503420538826879,0.158897798211026
1142,2.33707878940683,2.33707878940683,0.105523920216092
1143,1.13056084051267,1.13056084051267,0.0879656172241319
1144,1.09953475571284,1.09953475571284,0.133039106815767
1145,0.479098080261283,0.479098080261283,0.141674779085241
1146,2.11318511129179,2.11318511129179,0.104726119358701
1147,5.5237457946294,5.5237457946294,0.130026254314384
1148,4.13058138528944,4.13058138528944,0.138944499771544
1149,2.38137774697116,2.38137774697116,0.101878131606657
1150,10.1460852691099,10.1460852691099,0.134482220761084
1151,0.330382406070031,0.330382406070031,0.17119883524146
1152,4.15014438489201,4.15014438489201,0.115105071427287
1153,3.83613372034471,3.83613372034471,0.125503752026134
1154,6.87755861357464,6.87755861357464,0.154409967019635
1155,0.792451221634193,0.792451221634193,0.198131231150858
1156,0.871981773894756,0.871981773894756,0.180156814236095
1157,0.35838768992263,0.35838768992263,0.146360130187236
1158,3.41093206433118,3.41093206433118,0.10202187415225
1159,1.46687121058913,1.46687121058913,0.102373220824971
1160,7.5360208715003,7.5360208715003,0.129990418991951
1161,1.77965669333876,1.77965669333876,0.10759709229609
1162,1.18879724395744,1.18879724395744,0.0953722077373032
1163,0.4614761922401,0.4614761922401,0.0973571006940302
1164,2.32936921102803,2.32936921102803,0.119373507972548
1165,4.52719569906943,4.52719569906943,0.123793485675368
1166,2.51884425623131,2.51884425623131,0.114229126781179
1167,0.605732646193424,0.605732646193424,0.158126482779455
1168,1.51638882197808,1.51638882197808,0.200132450744694
1169,4.72651020519986,4.72651020519986,0.158355848272831
1170,0.324066530788876,0.324066530788876,0.096312959617779
1171,1.53924231320547,1.53924231320547,0.114810463624195
1172,1.93217718667327,1.93217718667327,0.123525494527165
1173,3.3664447079852,3.3664447079852,0.140617376149342
1174,8.35533754226824,8.35533754226824,0.155258627782346
1175,8.88991677959508,8.88991677959508,0.119164510056096
1176,3.9601076478061,3.9601076478061,0.159108093782548
1177,5.63429857276196,5.63429857276196,0.110164028272797
1178,4.77229987547891,4.77229987547891,0.104579002226617
1179,3.87317219433536,3.87317219433536,0.104626963755784
1180,0.404429869160288,0.404429869160288,0.157270288559507
1181,4.57986408017269,4.57986408017269,0.14254638724738
1182,0.511006837522257,0.511006837522257,0.11595432732338
1183,0.795486358660039,0.795486358660039,0.164194265218569
1184,0.13888944582878,0.13888944582878,0.111180354985169
1185,1.38119507815593,1.38119507815593,0.103195081068902
1186,0.356905215024213,0.356905215024213,0.183755091864095
1187,8.3305941168551,8.3305941168551,0.157845302874557
1188,2.08932454038022,2.08932454038022,0.104632438586326
1189,3.35435677982816,3.35435677982816,0.108766838245131
1190,0.690921124476956,0.690921124476956,0.15396159155575
1191,0.878370653518872,0.878370653518872,0.167340977853657
1192,0.159227499507167,0.159227499507167,0.161115098076552
1193,0.713062138856759,0.713062138856759,0.116353672082175
1194,1.03615333810366,1.03615333810366,0.105584341822626
1195,3.53386338311526,3.53386338311526,0.0968890450101959
1196,3.69449627166557,3.69449627166557,0.107027474762779
1197,5.07971131581051,5.07971131581051,0.164861479172926
1198,1.28107148746317,1.28107148746317,0.190848146575515
1199,2.015678937205,2.015678937205,0.123431081429338
1200,10.0657908364023,10.0657908364023,0.153859419583514
1201,2.25794390186561,2.25794390186561,0.100314903993774
1202,3.13395374524034,3.13395374524034,0.110714816287545
1203,1.27827306721314,1.27827306721314,0.0921907202755433
1204,2.35958877883664,2.35958877883664,0.10598297818119
1205,0.816330161667887,0.816330161667887,0.16177054011037
1206,1.83633226602043,1.83633226602043,0.0967116593095549
1207,1.01718589393487,1.01718589393487,0.130847916357887
1208,1.42851975467144,1.42851975467144,0.107613151554834
1209,2.3065396757664,2.3065396757664,0.126962333124845
1210,1.71832860219427,1.71832860219427,0.105941734560361
1211,2.60421803909501,2.60421803909501,0.121971599643995
1212,0.231822599335072,0.231822599335072,0.196989897498976
1213,5.27336642801896,5.27336642801896,0.0987337727547079
1214,4.22736792237824,4.22736792237824,0.112053735261599
1215,1.60247692955792,1.60247692955792,0.146143016071115
1216,1.73756195095599,1.73756195095599,0.115723627613162
1217,4.0106384531664,4.0106384531664,0.104314025842364
1218,10.3390759820069,10.3390759820069,0.150054920025727
1219,4.52850293818644,4.52850293818644,0.138623554760376
1220,3.01858903886122,3.01858903886122,0.121984028097191
1221,10.9550678994179,10.9550678994179,0.134521136997786
1222,2.302946767529,2.302946767529,0.112039247199837
1223,1.49817828972545,1.49817828972545,0.0943264155961363
1224,5.61060158456097,5.61060158456097,0.106943103761114
1225,0.945180964709531,0.945180964709531,0.096275264113062
1226,1.67185846904512,1.67185846904512,0.0942026675597784
1227,2.57313878827975,2.57313878827975,0.149473269689264
1228,2.78366095221347,2.78366095221347,0.140305842875563
1229,1.81279865400584,1.81279865400584,0.0941828192403188
1230,9.19732123324586,9.19732123324586,0.147059650212797
1231,1.76431607602263,1.76431607602263,0.130634103031523
1232,0.342098527983329,0.342098527983329,0.0964317273015865
1233,3.80009926324168,3.80009926324168,0.158766766505364
1234,2.21151584659744,2.21151584659744,0.120375694015152
1235,7.17666344462497,7.17666344462497,0.136419547373744
1236,3.02828267200457,3.02828267200457,0.0992607765843687
1237,1.67238820178722,1.67238820178722,0.138145649252819
1238,1.4285618257149,1.4285618257149,0.195241426966669
1239,6.18767858132524,6.18767858132524,0.136301450750689
1240,1.49808826545955,1.49808826545955,0.124346058301525
1241,1.29057054306625,1.29057054306625,0.133186654077874
1242,1.09608350702458,1.09608350702458,0.188232982994762
1243,3.23027818596215,3.23027818596215,0.140635707284962
1244,0.452194537666026,0.452194537666026,0.132492182073635
1245,0.903532498824851,0.903532498824851,0.0954937889322634
1246,7.04810370123662,7.04810370123662,0.124965314636738
1247,1.05557804877066,1.05557804877066,0.120756294512734
1248,6.57566999236798,6.57566999236798,0.139089711452107
1249,0.612619526739004,0.612619526739004,0.139398703717835
1250,2.95448566505285,2.95448566505285,0.112932415653334
1251,2.77048146229531,2.77048146229531,0.108888031117684
1252,2.1369056905811,2.1369056905811,0.108587252053099
1253,0.672881373660875,0.672881373660875,0.179809919442969
1254,8.42877749008165,8.42877749008165,0.14695280053363
1255,1.60087146837679,1.60087146837679,0.113613473473278
1256,3.54672788680391,3.54672788680391,0.130169060875686
1257,4.63764006290031,4.63764006290031,0.153178145981742
1258,3.41341253921529,3.41341253921529,0.137813296064534
1259,5.44883831470328,5.44883831470328,0.158186274854799
1260,1.67604396157262,1.67604396157262,0.107667821734695
1261,5.15665076484317,5.15665076484317,0.137669864014505
1262,5.93636244320499,5.93636244320499,0.126187073284476
1263,1.04235730175983,1.04235730175983,0.0998973757151568
1264,4.58771093757811,4.58771093757811,0.132332591011443
1265,0.813752232407121,0.813752232407121,0.0924556105913324
1266,1.87248376349136,1.87248376349136,0.0998922695338153
1267,11.9437654885602,11.9437654885602,0.132881274508063
1268,0.276129373541306,0.276129373541306,0.183562271920507
1269,3.7730487158246,3.7730487158246,0.125802753543988
1270,0.369919816219132,0.369919816219132,0.112523821324715
1271,1.91717882072262,1.91717882072262,0.109423337635959
1272,0.301272147925219,0.301272147925219,0.161940297733262
1273,7.92543139259466,7.92543139259466,0.132974285381568
1274,0.595777649266119,0.595777649266119,0.190571664470943
1275,1.98052856676303,1.98052856676303,0.122001038564531
1276,5.99304752251442,5.99304752251442,0.133310395635743
1277,4.46393166452771,4.46393166452771,0.0960482459538946
1278,1.32572705158331,1.32572705158331,0.105684661112893
1279,1.38755096252754,1.38755096252754,0.142101670053697
1280,2.31233762854419,2.31233762854419,0.100632330967871
1281,4.71320693888851,4.71320693888851,0.108651045585076
1282,1.31007151609381,1.31007151609381,0.0940839380155392
1283,4.93404444264668,4.93404444264668,0.14603526156741
1284,0.583250444826332,0.583250444826332,0.115921528389868
1285,0.306254173178251,0.306254173178251,0.165751371409514
1286,3.04460249264462,3.04460249264462,0.142126285679634
1287,0.872366637437903,0.872366637437903,0.179988095330498
1288,2.50700894599335,2.50700894599335,0.15648710133786
1289,0.442452261375675,0.442452261375675,0.171538520993432
1290,0.794705346576805,0.794705346576805,0.087752007467531
1291,0.583101671579623,0.583101671579623,0.140943442397844
1292,2.78212492333981,2.78212492333981,0.101498178269726
1293,4.19650160970801,4.19650160970801,0.144478140329532
1294,4.85741421959687,4.85741421959687,0.140984314069262
1295,1.71921566783283,1.71921566783283,0.127843646751955
1296,1.07108613625779,1.07108613625779,0.114557180644144
1297,0.420650957869542,0.420650957869542,0.0955793253898576
1298,0.0750232519846402,0.0750232519846402,0.168683945610693
1299,0.911725862668456,0.911725862668456,0.149933561180767
1300,14.8880296286092,14.8880296286092,0.166402504093387
1301,0.246517130755979,0.246517130755979,0.141629363460061
1302,3.15795647026742,3.15795647026742,0.117463314846264
1303,0.930186402993349,0.930186402993349,0.113426907187635
1304,1.35513295114501,1.35513295114501,0.137642930887294
1305,2.54710660960854,2.54710660960854,0.105493122684653
1306,2.0525786393077,2.0525786393077,0.159233047137551
1307,1.03685474892256,1.03685474892256,0.15523520476492
1308,5.0154341105425,5.0154341105425,0.132452532069034
1309,2.77916917202327,2.77916917202327,0.115899409308719
1310,3.40308631866401,3.40308631866401,0.139574931234321
1311,2.49673758955213,2.49673758955213,0.136068453116564
1312,1.36122901682067,1.36122901682067,0.127647773162663
1313,0.439772151158846,0.439772151158846,0.156524196746709
1314,0.534224019511393,0.534224019511393,0.0813688609666953
1315,3.15017341922138,3.15017341922138,0.134224033081923
1316,0.466701486746331,0.466701486746331,0.102220246041428
1317,2.59111852257524,2.59111852257524,0.147428013877732
1318,2.70515740675569,2.70515740675569,0.153141626857648
1319,3.40267835442235,3.40267835442235,0.155635344256481
1320,5.6535539530027,5.6535539530027,0.128291896034717
1321,2.18590625276489,2.18590625276489,0.112735056855825
1322,0.401652211186988,0.401652211186988,0.128713040874487
1323,2.73871960130694,2.73871960130694,0.125391808263342
1324,1.9212646584159,1.9212646584159,0.123862655973852
1325,5.51992563827751,5.51992563827751,0.116348797470164
1326,2.4210634439046,2.4210634439046,0.119830532801849
1327,1.78722079800221,1.78722079800221,0.09534466401136
1328,0.89190489849287,0.89190489849287,0.143356208665414
1329,1.02186202264772,1.02186202264772,0.109350176263409
1330,8.8063469167555,8.8063469167555,0.125199770077426
1331,0.144427869470145,0.144427869470145,0.166290166612873
1332,0.94356761993001,0.94356761993001,0.157435092852508
1333,2.26483110776679,2.26483110776679,0.136610644978495
1334,2.49886662412913,2.49886662412913,0.133491850368712
1335,10.7851238380364,10.7851238380364,0.134221705594063
1336,7.36502103416893,7.36502103416893,0.127647945628016
1337,2.93555076794007,2.93555076794007,0.0928832846369807
1338,0.907043686649471,0.907043686649471,0.124051924931806
1339,0.667753810995175,0.667753810995175,0.0941228971383505
1340,5.43780245256247,5.43780245256247,0.13823210400543
1341,0.480733284973117,0.480733284973117,0.0911466985234844
1342,1.63997455293888,1.63997455293888,0.184127654026216
1343,0.875138738408665,0.875138738408665,0.089686891259513
1344,2.07347353389022,2.07347353389022,0.096880007843328
1345,0.525853469755558,0.525853469755558,0.144320669606751
1346,2.9382983584097,2.9382983584097,0.112225554160088
1347,1.32668876036021,1.32668876036021,0.0931402895505717
1348,3.33435705675026,3.33435705675026,0.106783805091971
1349,0.100160395290304,0.100160395290304,0.115725503104234
1350,1.6550712746733,1.6550712746733,0.154830521751042
1351,2.3966437471397,2.3966437471397,0.143589954701213
1352,6.66047863615198,6.66047863615198,0.122450187650324
1353,2.71588001650729,2.71588001650729,0.105128811080646
1354,4.68923367264548,4.68923367264548,0.155398042518311
1355,3.72224214329605,3.72224214329605,0.134181527689873
1356,1.88695017001133,1.88695017001133,0.100538783719667
1357,9.85223548334368,9.85223548334368,0.169135811697425
1358,0.686392226569035,0.686392226569035,0.169472308375524
1359,1.28228506062856,1.28228506062856,0.107203768854247
1360,5.41240996959687,5.41240996959687,0.122695059626556
1361,2.89595225885587,2.89595225885587,0.119788730321013
1362,1.67877624894801,1.67877624894801,0.0820471465327173
1363,1.40968673031469,1.40968673031469,0.11089439465931
1364,5.38056109334008,5.38056109334008,0.164101805643816
1365,0.419482674612685,0.419482674612685,0.121945504932089
1366,0.230268008239338,0.230268008239338,0.15171683750483
1367,1.48270585963081,1.48270585963081,0.0937094718384702
1368,0.95309083175118,0.95309083175118,0.0943715374667372
1369,8.84581323657079,8.84581323657079,0.138269922710474
1370,4.16470943638641,4.16470943638641,0.153883638291256
1371,16.5475751421457,16.5475751421457,0.161213086492328
1372,1.51158454548779,1.51158454548779,0.108767115914058
1373,3.14707860118613,3.14707860118613,0.151870155312039
1374,2.82001220175343,2.82001220175343,0.131270002619123
1375,1.20935405610397,1.20935405610397,0.0901051522610995
1376,0.708947761390128,0.708947761390128,0.156805118945007
1377,1.48476447418872,1.48476447418872,0.128419640468076
1378,0.453662817854043,0.453662817854043,0.215157518946617
1379,0.724023497341276,0.724023497341276,0.138410423030154
1380,2.68321404179155,2.68321404179155,0.175513051655575
1381,0.322783440979761,0.322783440979761,0.208018475428551
1382,1.01988171719383,1.01988171719383,0.0942058765028177
1383,3.04584908675167,3.04584908675167,0.115690417823009
1384,1.45727412839976,1.45727412839976,0.129934455219013
1385,4.53221145870099,4.53221145870099,0.13037691877783
1386,1.26793389692635,1.26793389692635,0.128939094372546
1387,3.54735903968319,3.54735903968319,0.135874300709977
1388,1.36217711318272,1.36217711318272,0.147052991075714
1389,3.69635920815596,3.69635920815596,0.101093523352395
1390,1.94033044490561,1.94033044490561,0.12008280447673
1391,0.740728301435105,0.740728301435105,0.184180546157143
1392,4.52088441360645,4.52088441360645,0.125981036001869
1393,2.0390486657586,2.0390486657586,0.104249265713888
1394,3.69003226619105,3.69003226619105,0.123720657477119
1395,1.59252140051442,1.59252140051442,0.157060615714824
1396,2.08400947427586,2.08400947427586,0.100595280041168
1397,0.82300893421053,0.82300893421053,0.138380886360875
1398,3.2263322085468,3.2263322085468,0.126189463535847
1399,1.20676558312754,1.20676558312754,0.103035131774655
1400,2.05121719288841,2.05121719288841,0.104259649612851
1401,1.80113689266331,1.80113689266331,0.105971590565138
1402,0.241441253925002,0.241441253925002,0.118877121186547
1403,0.34838536256728,0.34838536256728,0.148193141134335
1404,0.434239976264724,0.434239976264724,0.175362251814908
1405,4.1931348546976,4.1931348546976,0.1344836828143
1406,1.56277172561332,1.56277172561332,0.150183945369035
1407,7.05849899652109,7.05849899652109,0.128244620530927
1408,0.589922922887592,0.589922922887592,0.159594732896765
1409,0.429808161795,0.429808161795,0.154281122356155
1410,0.215150522626868,0.215150522626868,0.112594762803607
1411,0.646778073448544,0.646778073448544,0.141207189919019
1412,1.84358489249734,1.84358489249734,0.119191976813061
1413,0.439096499412335,0.439096499412335,0.101525495341638
1414,2.04167701690613,2.04167701690613,0.101935427640317
1415,6.51128695978284,6.51128695978284,0.109418586793952
1416,3.61184917440223,3.61184917440223,0.137208050502126
1417,4.38002897008836,4.38002897008836,0.158523242721231
1418,0.823617312300118,0.823617312300118,0.0943895069602376
1419,3.08028727412166,3.08028727412166,0.13070053321792
1420,0.268304392225883,0.268304392225883,0.103025242927778
1421,2.09121897362604,2.09121897362604,0.135873105356675
1422,2.1418628424126,2.1418628424126,0.125776966230705
1423,0.514195589887225,0.514195589887225,0.0894894557609969
1424,2.52309454228946,2.52309454228946,0.137388681805301
1425,3.70546755056444,3.70546755056444,0.118031446685551
1426,3.47495877514666,3.47495877514666,0.100691684530221
1427,2.77496027051275,2.77496027051275,0.143437011181464
1428,2.52722364561069,2.52722364561069,0.109768591835645
1429,1.58454811448203,1.58454811448203,0.110838055629001
1430,6.95857851105076,6.95857851105076,0.160025656217962
1431,2.65898685138679,2.65898685138679,0.0990974783569848
1432,0.792309818955383,0.792309818955383,0.170830890271072
1433,3.0510000130219,3.0510000130219,0.140130218082826
1434,5.02403009056301,5.02403009056301,0.127350353446586
1435,1.30764527165442,1.30764527165442,0.0827699345717089
1436,3.53622896039493,3.53622896039493,0.125536035416217
1437,1.18896648567639,1.18896648567639,0.0986973142570844
1438,1.24362421239991,1.24362421239991,0.107319934039633
1439,1.43559857148705,1.43559857148705,0.114707424589463
1440,4.85540826850434,4.85540826850434,0.0949856627816447
1441,2.24363115782704,2.24363115782704,0.114698392461579
1442,4.57178727624354,4.57178727624354,0.124344088449773
1443,11.287559648907,11.287559648907,0.158783753520879
1444,0.665324465219854,0.665324465219854,0.132398474829321
1445,2.50604182746811,2.50604182746811,0.0972056047201302
1446,2.76343254175314,2.76343254175314,0.117706163246566
1447,3.17461966896709,3.17461966896709,0.125857040343243
1448,6.14559282355049,6.14559282355049,0.107438558224398
1449,6.67543924263091,6.67543924263091,0.152137029383013
1450,5.38591894608239,5.38591894608239,0.119557425093427
1451,0.722430377032836,0.722430377032836,0.193975999611954
1452,2.36753521976722,2.36753521976722,0.113329588707667
1453,9.88389828306847,9.88389828306847,0.168580939715881
1454,4.83494776241117,4.83494776241117,0.11847055675897
1455,0.629069934255934,0.629069934255934,0.196976698907076
1456,2.31770941729873,2.31770941729873,0.101390370970361
1457,0.313884276063502,0.313884276063502,0.169558561925244
1458,2.49174919457638,2.49174919457638,0.138117029251257
1459,3.03532958549747,3.03532958549747,0.106857355727954
1460,1.80026127439308,1.80026127439308,0.188474410709375
1461,0.289386969935599,0.289386969935599,0.166714940463571
1462,3.82822505806867,3.82822505806867,0.131934966663802
1463,8.01824723115883,8.01824723115883,0.131646043408754
1464,0.532274035642801,0.532274035642801,0.142122212106652
1465,0.252163734188603,0.252163734188603,0.222994285805982
1466,4.29472308469674,4.29472308469674,0.113078385509284
1467,0.583382500148185,0.583382500148185,0.154820785858679
1468,3.39101462355473,3.39101462355473,0.122202289995679
1469,1.32150757232727,1.32150757232727,0.183185285136823
1470,3.66372308842583,3.66372308842583,0.141441657402944
1471,8.17355626958258,8.17355626958258,0.141570074218212
1472,1.85014460816871,1.85014460816871,0.103361873186176
1473,0.75304415238284,0.75304415238284,0.155049687066173
1474,0.944704502604851,0.944704502604851,0.215061996317952
1475,5.82340907349908,5.82340907349908,0.136961503516455
1476,1.15180084043554,1.15180084043554,0.16040711781763
1477,1.07169397843643,1.07169397843643,0.155454567888329
1478,0.512224102801896,0.512224102801896,0.14463841692177
1479,0.231209406302405,0.231209406302405,0.0784370918665615
1480,0.829964637918081,0.829964637918081,0.125651625330143
1481,1.16839955596424,1.16839955596424,0.16920358311549
1482,1.01646429090785,1.01646429090785,0.162632833859445
1483,5.01307235571123,5.01307235571123,0.145539445485848
1484,0.91352762609647,0.91352762609647,0.152435867713129
1485,0.979072707983839,0.979072707983839,0.169448945456924
1486,1.1251534949733,1.1251534949733,0.137105415818313
1487,5.40312656591211,5.40312656591211,0.126529958928254
1488,1.17817674093703,1.17817674093703,0.102033729469279
1489,3.02535465586532,3.02535465586532,0.151313963246345
1490,1.88524702376824,1.88524702376824,0.118424583875946
1491,1.09218113875819,1.09218113875819,0.0935028697491093
1492,4.03765595611873,4.03765595611873,0.114979175801982
1493,0.765840445342682,0.765840445342682,0.126496680476545
1494,1.91911035549599,1.91911035549599,0.108907419162214
1495,2.36597936450367,2.36597936450367,0.145744295730555
1496,3.13138584001334,3.13138584001334,0.12717122671907
1497,1.4169592170461,1.4169592170461,0.167716906595931
1498,1.59553597112267,1.59553597112267,0.0993188991190141
1499,0.349857085809029,0.349857085809029,0.172045850255769
1500,4.58178444408895,4.58178444408895,0.153810823529659
1501,1.2003707949781,1.2003707949781,0.12605932826543
1502,13.3773570352257,13.3773570352257,0.130451684378069
1503,1.73149361573858,1.73149361573858,0.153807762324277
1504,0.867010798053401,0.867010798053401,0.128756114032487
1505,3.95713502376785,3.95713502376785,0.118448597576231
1506,7.85694139744197,7.85694139744197,0.143507147823738
1507,2.20763825079949,2.20763825079949,0.131556817059074
1508,0.266165063597249,0.266165063597249,0.152863041103356
1509,2.7700697406862,2.7700697406862,0.111520626138227
1510,1.74899946588081,1.74899946588081,0.103076074451369
1511,0.575761262687732,0.575761262687732,0.13583291832587
1512,6.08288079565426,6.08288079565426,0.134334816845847
1513,2.94652782879097,2.94652782879097,0.153627921253321
1514,0.890139768981986,0.890139768981986,0.0961681473675908
1515,0.50664433765114,0.50664433765114,0.157556830220784
1516,1.84306145948497,1.84306145948497,0.0925752794164787
1517,1.07327038932077,1.07327038932077,0.110150764461876
1518,7.08205225334941,7.08205225334941,0.133841416362871
1519,5.73307625129206,5.73307625129206,0.14730488869921
1520,1.5279404437244,1.5279404437244,0.165602499657525
1521,0.557677618935552,0.557677618935552,0.186114507414901
1522,3.31152636049654,3.31152636049654,0.124484394278156
1523,2.88086808869907,2.88086808869907,0.102806294387685
1524,3.25473918799493,3.25473918799493,0.110437862289511
1525,0.26413595984444,0.26413595984444,0.147367947589434
1526,4.07851360018799,4.07851360018799,0.117477929011706
1527,2.74179966277362,2.74179966277362,0.0960196315307684
1528,0.385215561800474,0.385215561800474,0.187565109103997
1529,5.0345017081276,5.0345017081276,0.109445435541417
1530,1.08573132296123,1.08573132296123,0.0935635282464953
1531,3.34278368499852,3.34278368499852,0.117416409538807
1532,6.20620194329513,6.20620194329513,0.135697023240384
1533,3.05257582874158,3.05257582874158,0.134216358002081
1534,2.16657732652586,2.16657732652586,0.115092993575738
1535,8.87020415211627,8.87020415211627,0.135147323876305
1536,1.33653561040764,1.33653561040764,0.0961550196272108
1537,3.65189773315522,3.65189773315522,0.136356388071311
1538,1.78438262859568,1.78438262859568,0.111345515667908
1539,2.34656969284722,2.34656969284722,0.125844109738385
1540,0.568893394607968,0.568893394607968,0.122478904614517
1541,1.94203776597342,1.94203776597342,0.132071521753322
1542,1.57328867670332,1.57328867670332,0.108893957567208
1543,4.79497850682824,4.79497850682824,0.116381689516029
1544,1.71316808220331,1.71316808220331,0.159648940057342
1545,5.24497412803513,5.24497412803513,0.145931109352678
1546,6.53766178903961,6.53766178903961,0.165455648126404
1547,3.84278554459164,3.84278554459164,0.0993593252341413
1548,6.55089459241042,6.55089459241042,0.113639416334722
1549,1.66040983896283,1.66040983896283,0.0979867931378377
1550,1.54281713488782,1.54281713488782,0.101989834297599
1551,2.26718435155983,2.26718435155983,0.119931427791481
1552,0.106057685072636,0.106057685072636,0.191169095369573
1553,1.29143763925764,1.29143763925764,0.0996163677172168
1554,0.606026999576831,0.606026999576831,0.125650783494604
1555,1.43085129571447,1.43085129571447,0.152494204694271
1556,4.28179348424451,4.28179348424451,0.114800581901028
1557,10.3615253862705,10.3615253862705,0.119188080487253
1558,2.18203593172771,2.18203593172771,0.107294240599108
1559,5.47861365834253,5.47861365834253,0.166780273516962
1560,2.54190519314936,2.54190519314936,0.133814635684698
1561,0.472632985712613,0.472632985712613,0.142806027555115
1562,2.40901008926829,2.40901008926829,0.151789711276341
1563,0.811924391682968,0.811924391682968,0.0998314452214301
1564,0.927615182891405,0.927615182891405,0.157344988353212
1565,2.48498251786442,2.48498251786442,0.112245402162733
1566,2.23071383802231,2.23071383802231,0.151961242917283
1567,1.17637322011076,1.17637322011076,0.106780812823742
1568,6.399760021004,6.399760021004,0.137912575700845
1569,0.660421607769059,0.660421607769059,0.138395147601203
1570,3.33322353428574,3.33322353428574,0.125917288128967
1571,1.17824405505963,1.17824405505963,0.247502773424453
1572,16.2299113699983,16.2299113699983,0.16659571081909
1573,1.57813581841032,1.57813581841032,0.177848391169106
1574,0.909969700476041,0.909969700476041,0.16443684738038
1575,0.766458885937412,0.766458885937412,0.0916131108322419
1576,2.35380756893394,2.35380756893394,0.114142797849546
1577,8.26547088975691,8.26547088975691,0.137987828213678
1578,0.53247729964098,0.53247729964098,0.160565445998137
1579,5.15514148636457,5.15514148636457,0.115661028929637
1580,1.83237778643614,1.83237778643614,0.120865201662707
1581,1.57018476417982,1.57018476417982,0.112524194979968
1582,1.15274019244223,1.15274019244223,0.151327724825126
1583,4.57122669073493,4.57122669073493,0.148593577998626
1584,4.29346885390721,4.29346885390721,0.154456171226774
1585,1.56131032623925,1.56131032623925,0.141644308271068
1586,0.734136434186555,0.734136434186555,0.0816856660187961
1587,2.4980646831446,2.4980646831446,0.119506636580014
1588,4.352433479001,4.352433479001,0.108799068955562
1589,1.25284708166069,1.25284708166069,0.0831339187661945
1590,0.731258573161149,0.731258573161149,0.178799078550096
1591,0.360186115062836,0.360186115062836,0.1566042755485
1592,3.37616991527314,3.37616991527314,0.109750457621924
1593,2.1562516122782,2.1562516122782,0.130599744425238
1594,3.4205259495333,3.4205259495333,0.115054523748038
1595,0.422936303649645,0.422936303649645,0.100934229597489
1596,0.709237878755606,0.709237878755606,0.183475235825083
1597,2.19471414120957,2.19471414120957,0.134300123537823
1598,1.35301575923813,1.35301575923813,0.103792363253423
1599,2.15008162948698,2.15008162948698,0.0981597382692315
1600,4.94485769109638,4.94485769109638,0.162664842849377
1601,4.16623882307589,4.16623882307589,0.152910300187268
1602,4.3548136789589,4.3548136789589,0.1466630630068
1603,1.49087611207387,1.49087611207387,0.175905249400662
1604,0.789757478946874,0.789757478946874,0.105099624290336
1605,5.3051156737929,5.3051156737929,0.0983764882983578
1606,1.14535024684813,1.14535024684813,0.161292656431863
1607,3.87813163981686,3.87813163981686,0.142674894227867
1608,1.87553665527342,1.87553665527342,0.16895515312341
1609,1.15234112531713,1.15234112531713,0.182820336440231
1610,2.29467354683534,2.29467354683534,0.110572754007445
1611,2.02349277886591,2.02349277886591,0.206283973941551
1612,7.47127866961648,7.47127866961648,0.135754703045319
1613,1.63299886052117,1.63299886052117,0.0990601950861593
1614,3.64195150969742,3.64195150969742,0.134261533552253
1615,10.962597518622,10.962597518622,0.147290960432697
1616,5.03775252849911,5.03775252849911,0.124704088137385
1617,13.9876824062532,13.9876824062532,0.167978514428546
1618,0.528649851477756,0.528649851477756,0.128489241090842
1619,1.04977165247984,1.04977165247984,0.16331224874405
1620,1.96449609032436,1.96449609032436,0.105210057006859
1621,0.583154915065996,0.583154915065996,0.178660950964209
1622,4.76884197331964,4.76884197331964,0.133207549136637
1623,2.82243295192118,2.82243295192118,0.102813968046737
1624,0.725397187074498,0.725397187074498,0.148407736913774
1625,0.821311313225444,0.821311313225444,0.147247930746855
1626,4.10339350932647,4.10339350932647,0.140103930440041
1627,1.73454939274479,1.73454939274479,0.140016686163923
1628,0.5945762739085,0.5945762739085,0.185623087391246
1629,1.18808264100509,1.18808264100509,0.133236112759441
1630,0.927435283059911,0.927435283059911,0.171064813508075
1631,1.29878751540453,1.29878751540453,0.116483256095346
1632,1.25009807538428,1.25009807538428,0.095084360105863
1633,0.813498332309506,0.813498332309506,0.195042998712312
1634,0.522113252799819,0.522113252799819,0.0881251426589885
1635,0.990071278500615,0.990071278500615,0.107740893675224
1636,2.67611551581872,2.67611551581872,0.125504702206177
1637,0.47574650776664,0.47574650776664,0.135724595635195
1638,4.72449592844993,4.72449592844993,0.117266621113788
1639,17.2415310033981,17.2415310033981,0.169139452862505
1640,0.586641704084228,0.586641704084228,0.160352382042213
1641,5.98913318553016,5.98913318553016,0.127229074663217
1642,8.81942151667288,8.81942151667288,0.148821932635593
1643,0.506825692127772,0.506825692127772,0.159087718672782
1644,1.90335579635764,1.90335579635764,0.0971992897893358
1645,2.61602447671732,2.61602447671732,0.101713745344038
1646,0.492424051949663,0.492424051949663,0.125430202636177
1647,0.628815579419109,0.628815579419109,0.103040994563542
1648,2.01563788936047,2.01563788936047,0.0984071226838241
1649,1.92836263916388,1.92836263916388,0.131622658585698
1650,0.391356353815436,0.391356353815436,0.088174343479971
1651,0.799092379936191,0.799092379936191,0.11195421140556
1652,3.98482701155017,3.98482701155017,0.1283966921381
1653,0.457459637853475,0.457459637853475,0.100655999297003
1654,1.60070834951437,1.60070834951437,0.116025078140621
1655,1.23661092379428,1.23661092379428,0.115308983827493
1656,0.199776610814382,0.199776610814382,0.138958803119193
1657,2.03297747359879,2.03297747359879,0.114117601737341
1658,4.18431172587831,4.18431172587831,0.142527209332019
1659,2.05016564504471,2.05016564504471,0.106210523686637
1660,5.05957355953427,5.05957355953427,0.16261543634378
1661,9.38679270840187,9.38679270840187,0.144024271358722
1662,1.77147583116456,1.77147583116456,0.141540706240791
1663,1.95747655066822,1.95747655066822,0.123126499357755
1664,1.42228700962177,1.42228700962177,0.188696688989843
1665,0.954562366483515,0.954562366483515,0.110853165382717
1666,3.83322779455776,3.83322779455776,0.111337117302358
1667,0.485344745531176,0.485344745531176,0.115492770230374
1668,0.794859716315169,0.794859716315169,0.172177055905835
1669,1.87481815534908,1.87481815534908,0.0991257715603288
1670,1.94410342728839,1.94410342728839,0.098572103945021
1671,3.63327612278422,3.63327612278422,0.12698220820601
1672,4.51821765320847,4.51821765320847,0.137221426541259
1673,0.730456549782962,0.730456549782962,0.141898879431874
1674,4.75942296704875,4.75942296704875,0.135629955335148
1675,0.770104214597713,0.770104214597713,0.0956569766238022
1676,1.94274027609517,1.94274027609517,0.116235217360688
1677,0.413754337827922,0.413754337827922,0.165479593619644
1678,1.24104439898363,1.24104439898363,0.0935476383461974
1679,2.94289740052599,2.94289740052599,0.135186410150625
1680,6.8927607692661,6.8927607692661,0.130906114734419
1681,27.5230760824473,27.5230760824473,0.154517938168752
1682,8.16516474490655,8.16516474490655,0.150153937777328
1683,1.18823539345724,1.18823539345724,0.098118193544227
1684,1.44544825733168,1.44544825733168,0.127083336796903
1685,3.59013604419539,3.59013604419539,0.127653357764863
1686,0.864038863645212,0.864038863645212,0.133702004650997
1687,1.17113781413933,1.17113781413933,0.130226823275833
1688,0.594103375024291,0.594103375024291,0.127828159486491
1689,8.11547190700785,8.11547190700785,0.131574513344825
1690,3.64159736798119,3.64159736798119,0.131423940983978
1691,1.05996006843076,1.05996006843076,0.135624195176205
1692,1.88947642386429,1.88947642386429,0.104053108909633
1693,8.65741121851041,8.65741121851041,0.119940989416625
1694,2.89573084772888,2.89573084772888,0.099914298806573
1695,2.18496746071223,2.18496746071223,0.116579701569714
1696,6.38126653542821,6.38126653542821,0.146131301488517
1697,1.4778714438876,1.4778714438876,0.10342618390218
1698,0.992677941010454,0.992677941010454,0.166587812599722
1699,6.90956792907891,6.90956792907891,0.134899828468335
1700,3.98775851512262,3.98775851512262,0.1214764894978
1701,0.709948863270334,0.709948863270334,0.134681032443286
1702,1.33333188811001,1.33333188811001,0.133975858751789
1703,0.613773159940292,0.613773159940292,0.0939802721815293
1704,0.313439654157575,0.313439654157575,0.110210211376622
1705,7.32606207377845,7.32606207377845,0.122237745410764
1706,6.75375048574662,6.75375048574662,0.14945367457472
1707,1.33799248071647,1.33799248071647,0.0900172031583163
1708,1.32608804927645,1.32608804927645,0.149388914573492
1709,0.934703561534959,0.934703561534959,0.104499693095839
1710,0.967852220707571,0.967852220707571,0.153468374936273
1711,1.07710221057236,1.07710221057236,0.0899138233515927
1712,1.28963669696401,1.28963669696401,0.0941459630947122
1713,5.12421651112006,5.12421651112006,0.177157416766773
1714,17.596428487472,17.596428487472,0.164393321448049
1715,3.12284368733167,3.12284368733167,0.125407285472371
1716,4.07656325817879,4.07656325817879,0.101285984298113
1717,4.03532308216557,4.03532308216557,0.171539862219285
1718,3.39570549257778,3.39570549257778,0.110214239560069
1719,0.853859120726518,0.853859120726518,0.141003174931088
1720,0.912612328443664,0.912612328443664,0.148936031068631
1721,20.1189533332937,20.1189533332937,0.154588266683708
1722,5.55258532717595,5.55258532717595,0.136035259076317
1723,5.37122919584722,5.37122919584722,0.15769128433299
1724,0.191792138749474,0.191792138749474,0.148214093154641
1725,3.69862824752062,3.69862824752062,0.132840189541607
1726,6.63637115632347,6.63637115632347,0.144047655986257
1727,0.549307290466171,0.549307290466171,0.122728228858003
1728,1.56697447286284,1.56697447286284,0.103290355895613
1729,0.521291931474457,0.521291931474457,0.176704410181025
1730,2.01635525498124,2.01635525498124,0.0948295183368345
1731,2.95677654403659,2.95677654403659,0.101236702941075
1732,7.09360321107898,7.09360321107898,0.135301164664168
1733,3.59346680075092,3.59346680075092,0.153344701580692
1734,1.89120110325776,1.89120110325776,0.134868001369756
1735,6.91086922734005,6.91086922734005,0.153754470711962
1736,0.232458353050797,0.232458353050797,0.160712999479784
1737,0.177122208457921,0.177122208457921,0.141670949121621
1738,1.19602914319417,1.19602914319417,0.1078067133419
1739,2.88308490330285,2.88308490330285,0.142258665175966
1740,3.21073782322014,3.21073782322014,0.108531507843122
1741,5.83747846357573,5.83747846357573,0.0993277751279868
1742,2.07074379054465,2.07074379054465,0.09212539024127
1743,0.260552099411894,0.260552099411894,0.167392593961285
1744,1.46305890892256,1.46305890892256,0.0928265071500916
1745,5.08392684201193,5.08392684201193,0.138335667350143
1746,1.19029371873542,1.19029371873542,0.107612049164282
1747,0.140001709087386,0.140001709087386,0.115687039149322
1748,5.45932357160904,5.45932357160904,0.125282406231026
1749,1.33552170382608,1.33552170382608,0.107404971839112
1750,0.566986064592314,0.566986064592314,0.164215499265515
1751,0.385951845294852,0.385951845294852,0.0893711917444171
1752,1.44794701571026,1.44794701571026,0.10780975342105
1753,2.02789447596102,2.02789447596102,0.106649930546963
1754,1.63880053670797,1.63880053670797,0.123690080771038
1755,2.18786808396018,2.18786808396018,0.10880668619725
1756,3.73934294976436,3.73934294976436,0.11744633939576
1757,2.22784650227811,2.22784650227811,0.136108957937937
1758,2.43394661567079,2.43394661567079,0.130749618199089
1759,3.6846954506908,3.6846954506908,0.118558774367093
1760,7.21037142315289,7.21037142315289,0.13742835815884
1761,2.11363184425909,2.11363184425909,0.0931411744345924
1762,2.04130312306396,2.04130312306396,0.113225652841876
1763,0.293896885744508,0.293896885744508,0.167957029557878
1764,3.8815400256559,3.8815400256559,0.127523523224619
1765,0.793126391680616,0.793126391680616,0.148855857945613
1766,4.20527516826278,4.20527516826278,0.169376045629312
1767,0.917888433983463,0.917888433983463,0.1610442049658
1768,1.38685646044315,1.38685646044315,0.175265685462166
1769,3.36155266417242,3.36155266417242,0.131356130565313
1770,0.730510270172118,0.730510270172118,0.168596591357506
1771,2.88809006248338,2.88809006248338,0.109708550070757
1772,1.87490374193851,1.87490374193851,0.104171113505574
1773,9.03515274244084,9.03515274244084,0.117683413728649
1774,4.05560929737737,4.05560929737737,0.126651415060424
1775,0.217343572576573,0.217343572576573,0.214185184125103
1776,0.87392918426381,0.87392918426381,0.149567725726986
1777,2.65962969395557,2.65962969395557,0.114581629541111
1778,0.667927566799411,0.667927566799411,0.0872878844900689
1779,3.87248113403409,3.87248113403409,0.140262349660728
1780,0.304702822114937,0.304702822114937,0.0954830822412124
1781,2.56367722844711,2.56367722844711,0.110373655021697
1782,0.676426083866069,0.676426083866069,0.128000979299586
1783,1.71018432756989,1.71018432756989,0.103688071932905
1784,1.29638763092905,1.29638763092905,0.135475628947315
1785,2.6908970958705,2.6908970958705,0.0988908358550328
1786,0.889593708072002,0.889593708072002,0.164910409857006
1787,3.08376707999747,3.08376707999747,0.159845153689386
1788,1.38733977365767,1.38733977365767,0.139504865945639
1789,0.799374343956086,0.799374343956086,0.151975338484827
1790,4.88267363246719,4.88267363246719,0.148559614615454
1791,5.62266192860831,5.62266192860831,0.138371917700683
1792,0.533703169427022,0.533703169427022,0.19359044530811
1793,10.1521837638387,10.1521837638387,0.153064161257247
1794,5.84434030085698,5.84434030085698,0.146461556133003
1795,0.86503887640757,0.86503887640757,0.15985339622613
1796,0.412952178950884,0.412952178950884,0.141370652381849
1797,5.41232985517118,5.41232985517118,0.11047380404482
1798,0.18085161246818,0.18085161246818,0.125913329513303
1799,5.52963830560374,5.52963830560374,0.117472952018435
1800,0.603566099864887,0.603566099864887,0.162189000997291
1801,5.86585450181201,5.86585450181201,0.139499355840281
1802,0.782574902601955,0.782574902601955,0.162523478805191
1803,1.52210080412858,1.52210080412858,0.136284671323025
1804,2.30252075554752,2.30252075554752,0.103799837114171
1805,1.93170281700794,1.93170281700794,0.115766573747127
1806,1.25075536481043,1.25075536481043,0.161773427430122
1807,4.73936795732507,4.73936795732507,0.107759698344748
1808,3.90222623794224,3.90222623794224,0.125975886296305
1809,1.65808684720309,1.65808684720309,0.13969652564857
1810,1.87280676756134,1.87280676756134,0.157304941770331
1811,2.66232589583782,2.66232589583782,0.12655357604168
1812,0.959166790646057,0.959166790646057,0.109062703566403
1813,2.35773787610694,2.35773787610694,0.160890091931714
1814,0.935325637717043,0.935325637717043,0.174295053264125
1815,0.912786031528905,0.912786031528905,0.136414273883899
1816,8.48918834536204,8.48918834536204,0.143307182951906
1817,0.651191648417011,0.651191648417011,0.184092075528299
1818,0.759647337524327,0.759647337524327,0.129465688891571
1819,1.66777833016685,1.66777833016685,0.109686503474506
1820,0.814014973568745,0.814014973568745,0.123979875135565
1821,5.00427933724508,5.00427933724508,0.154972738031928
1822,0.235824367558833,0.235824367558833,0.153422418280667
1823,2.14648501648671,2.14648501648671,0.109307614846683
1824,1.26096316752331,1.26096316752331,0.168851065062532
1825,1.96607556536266,1.96607556536266,0.12642285015294
1826,0.548822425401105,0.548822425401105,0.0883029726105508
1827,0.959954641165874,0.959954641165874,0.0968400523877172
1828,0.4757582858937,0.4757582858937,0.170540352505564
1829,8.16628224533842,8.16628224533842,0.156968945019006
1830,4.93314884085917,4.93314884085917,0.152665871080661
1831,4.57969307008719,4.57969307008719,0.132136974374559
1832,0.798943493227563,0.798943493227563,0.159678066417038
1833,0.0777728268549252,0.0777728268549252,0.108288523409358
1834,0.197783345090367,0.197783345090367,0.135637276204057
1835,1.96294999947144,1.96294999947144,0.111618111548853
1836,2.68146727260316,2.68146727260316,0.109401795944009
1837,16.5896100092252,16.5896100092252,0.158685452478786
1838,4.34506652087018,4.34506652087018,0.135519446427704
1839,2.10500755892815,2.10500755892815,0.109749577005913
1840,0.398410816108446,0.398410816108446,0.111941364952349
1841,3.91801135804012,3.91801135804012,0.159090929437877
1842,2.74106598474672,2.74106598474672,0.137715386183069
1843,3.11337471470838,3.11337471470838,0.102417507274388
1844,4.08485524608903,4.08485524608903,0.119167991277835
1845,1.64828950570601,1.64828950570601,0.102015015215448
1846,1.55259460399206,1.55259460399206,0.153753018842367
1847,7.99222225715539,7.99222225715539,0.132128158327367
1848,2.96086179086651,2.96086179086651,0.162422855892209
1849,12.0589677222445,12.0589677222445,0.160464523238418
1850,0.239118182702173,0.239118182702173,0.136074472382343
1851,8.57427115618939,8.57427115618939,0.155668001103978
1852,0.751063436357654,0.751063436357654,0.101507899166631
1853,1.6358672545434,1.6358672545434,0.153436886590717
1854,5.66758906097254,5.66758906097254,0.142260839464743
1855,1.06999934890708,1.06999934890708,0.141820206675295
1856,10.7671278349706,10.7671278349706,0.168924395403607
1857,1.50584403329657,1.50584403329657,0.0996785633922675
1858,1.48566167973735,1.48566167973735,0.107444158563915
1859,0.829419515999143,0.829419515999143,0.182339363937308
1860,1.83939226695926,1.83939226695926,0.145379721872714
1861,0.158531611505962,0.158531611505962,0.1321082404487
1862,2.9590294457414,2.9590294457414,0.1537076394373
1863,0.454723840892827,0.454723840892827,0.115100647338811
1864,0.899565311637508,0.899565311637508,0.207303786234541
1865,1.72357013436323,1.72357013436323,0.0851807399592199
1866,3.24244811356398,3.24244811356398,0.140463805329786
1867,5.21668188256981,5.21668188256981,0.140046870636925
1868,0.317662188295191,0.317662188295191,0.168424733001818
1869,1.5547564527886,1.5547564527886,0.106190489267351
1870,3.4614630361329,3.4614630361329,0.126104276781985
1871,0.937243065144914,0.937243065144914,0.0988463814689305
1872,0.626150015270837,0.626150015270837,0.161961846179247
1873,3.07944226436139,3.07944226436139,0.10320049513548
1874,5.44085534500393,5.44085534500393,0.153401684670373
1875,0.914600783010652,0.914600783010652,0.129097445998789
1876,1.90918378757054,1.90918378757054,0.128299635580741
1877,5.01886221337461,5.01886221337461,0.141068857246716
1878,0.39363720064888,0.39363720064888,0.16620817503322
1879,1.94334065589018,1.94334065589018,0.121380122170383
1880,0.888871861146669,0.888871861146669,0.197032916716299
1881,2.47532115973453,2.47532115973453,0.125821709519829
1882,6.88163144300029,6.88163144300029,0.173745874591741
1883,1.97406145504517,1.97406145504517,0.149759571083488
1884,11.0903934370728,11.0903934370728,0.116351012062371
1885,6.18294797030319,6.18294797030319,0.12321546264933
1886,0.297590566101522,0.297590566101522,0.133108851698724
1887,3.76277466363726,3.76277466363726,0.126772574677436
1888,2.81395720330069,2.81395720330069,0.0946784505350069
1889,2.89646204919477,2.89646204919477,0.120687553353463
1890,0.527302120334323,0.527302120334323,0.194552750672661
1891,4.6172373956852,4.6172373956852,0.148915479399203
1892,0.362682331557579,0.362682331557579,0.144426457666018
1893,2.30886039286886,2.30886039286886,0.107219416363732
1894,0.853979132467614,0.853979132467614,0.102112387516021
1895,0.377586072799029,0.377586072799029,0.173628082085286
1896,1.55742810856706,1.55742810856706,0.096411906441835
1897,1.80615700423601,1.80615700423601,0.129593051867405
1898,0.711545384532945,0.711545384532945,0.188780602024798
1899,2.27777202070905,2.27777202070905,0.14015984131158
1900,3.20269133099988,3.20269133099988,0.106821947327003
1901,0.595716289115253,0.595716289115253,0.162358113556388
1902,4.10462177587034,4.10462177587034,0.13515154817213
1903,5.54180458435237,5.54180458435237,0.125734462734435
1904,0.936814253487076,0.936814253487076,0.139419429915561
1905,1.94559383406634,1.94559383406634,0.1085003902494
1906,6.68865440283719,6.68865440283719,0.132373839188644
1907,2.4961385914714,2.4961385914714,0.115548144453229
1908,0.820364724130465,0.820364724130465,0.0974873925400613
1909,2.17279409543072,2.17279409543072,0.127266719819505
1910,6.00052466923688,6.00052466923688,0.167382064230725
1911,1.97824443630748,1.97824443630748,0.126105545788138
1912,0.960240619430156,0.960240619430156,0.0846949099885436
1913,8.46398386571671,8.46398386571671,0.160003695081747
1914,1.69890396070535,1.69890396070535,0.128027635305925
1915,0.676703767427214,0.676703767427214,0.153996807877191
1916,0.467628045929683,0.467628045929683,0.147901803060784
1917,5.77402752530621,5.77402752530621,0.154971115257789
1918,15.4707652525493,15.4707652525493,0.14948905107081
1919,0.574560112952708,0.574560112952708,0.15740897248333
1920,5.56907659117222,5.56907659117222,0.148471995584222
1921,1.20014904079758,1.20014904079758,0.13042775370063
1922,10.6055517010907,10.6055517010907,0.13857073197214
1923,3.3185351928402,3.3185351928402,0.116909722308803
1924,1.98966297496897,1.98966297496897,0.0988671306235049
1925,4.5298358388592,4.5298358388592,0.136377669809972
1926,4.17943173187215,4.17943173187215,0.138889806359878
1927,2.60556803630688,2.60556803630688,0.0969010927040524
1928,8.03554609165151,8.03554609165151,0.155012473088694
1929,0.747315864383726,0.747315864383726,0.149075267231606
1930,1.95591289763584,1.95591289763584,0.10714311724269
1931,0.925445109471229,0.925445109471229,0.166376890999014
1932,6.8018529899524,6.8018529899524,0.122387845416756
1933,5.88217398485061,5.88217398485061,0.13615167404929
1934,0.233042666548316,0.233042666548316,0.163945710716358
1935,1.5625674950501,1.5625674950501,0.0907224823250246
1936,10.9958545630277,10.9958545630277,0.123390019949064
1937,0.673655425838234,0.673655425838234,0.133665998044795
1938,1.44865846336327,1.44865846336327,0.156943977939796
1939,1.16614095869832,1.16614095869832,0.0909749430387882
1940,1.88505919141715,1.88505919141715,0.0949678696923399
1941,0.439303748870081,0.439303748870081,0.169505918446543
1942,5.21644513507897,5.21644513507897,0.143947865612479
1943,1.09399977689908,1.09399977689908,0.0914867647464469
1944,5.04986484945824,5.04986484945824,0.112211112301997
1945,0.300373810613976,0.300373810613976,0.141409535120085
1946,1.14296845706175,1.14296845706175,0.148477967072777
1947,0.893764255063791,0.893764255063791,0.197825637449724
1948,0.871734060909602,0.871734060909602,0.0834726181836653
1949,1.08970544962684,1.08970544962684,0.105696112461456
1950,1.25054240381886,1.25054240381886,0.159546274764143
1951,7.41613181674787,7.41613181674787,0.155796687264415
1952,0.284858894307512,0.284858894307512,0.181669878888803
1953,2.07215472850253,2.07215472850253,0.166915750868122
1954,5.86982558880354,5.86982558880354,0.157681899653702
1955,2.47303629866321,2.47303629866321,0.111050678315261
1956,3.03968245364381,3.03968245364381,0.126128341779591
1957,1.92573380966834,1.92573380966834,0.106867211010927
1958,1.76749943463703,1.76749943463703,0.110487680181947
1959,2.40981139439805,2.40981139439805,0.121923824558437
1960,1.07010335526554,1.07010335526554,0.117045594694598
1961,4.73234471703194,4.73234471703194,0.107656587274929
1962,1.53867640587207,1.53867640587207,0.0981174766225391
1963,0.908818757007784,0.908818757007784,0.0911990390576971
1964,1.79820318984693,1.79820318984693,0.0951163813305913
1965,0.520392210102328,0.520392210102328,0.17914321334624
1966,0.411994657422816,0.411994657422816,0.149205126742227
1967,0.554833567811986,0.554833567811986,0.130503125966283
1968,2.03216378889942,2.03216378889942,0.0961711890241628
1969,1.30022720574565,1.30022720574565,0.105139037077952
1970,3.06642422699473,3.06642422699473,0.122004968780842
1971,0.187682534657561,0.187682534657561,0.118976344203714
1972,3.43737500138181,3.43737500138181,0.127154964702681
1973,1.83447816155619,1.83447816155619,0.144032404426227
1974,9.12992009660852,9.12992009660852,0.129553014267098
1975,1.10839791257297,1.10839791257297,0.212810261810807
1976,0.352508317465961,0.352508317465961,0.18681708641151
1977,4.9323998976572,4.9323998976572,0.0993283663721408
1978,14.0681175170284,14.0681175170284,0.172732300915071
1979,1.57120680528675,1.57120680528675,0.112123911243737
1980,5.68926281684659,5.68926281684659,0.168282734806248
1981,7.2163002473423,7.2163002473423,0.113534300301089
1982,0.363871807552284,0.363871807552284,0.110264707380437
1983,2.86353398894273,2.86353398894273,0.103778746977831
1984,1.35770056195465,1.35770056195465,0.11448704844337
1985,6.21023731575029,6.21023731575029,0.125611035817232
1986,4.13027786601545,4.13027786601545,0.122097536544408
1987,2.35744495295813,2.35744495295813,0.108146947880081
1988,2.02326477967658,2.02326477967658,0.110222485186127
1989,2.63883501845716,2.63883501845716,0.112597476045869
1990,5.63304021297099,5.63304021297099,0.144583816291703
1991,3.41238627819714,3.41238627819714,0.113630441377491
1992,8.98748273144201,8.98748273144201,0.144786358229043
1993,0.762482059041383,0.762482059041383,0.0826895613726251
1994,0.30950116072267,0.30950116072267,0.152855654838493
1995,20.4607975505871,20.4607975505871,0.167638232562478
1996,1.52602211239779,1.52602211239779,0.109353928622274
1997,0.658622684855275,0.658622684855275,0.158057006941553
1998,1.05173764806334,1.05173764806334,0.152391203355657
1999,2.37880004553046,2.37880004553046,0.12483953675367
2000,1.7431308969564,1.7431308969564,0.115834080291397
2001,1.97496240202263,1.97496240202263,0.118328676907432
2002,1.60899089516319,1.60899089516319,0.114328785542374
2003,1.46879911877475,1.46879911877475,0.115322180393399
2004,3.43541977901252,3.43541977901252,0.185668707611549
2005,4.57805962250224,4.57805962250224,0.154987780527959
2006,8.34572525135063,8.34572525135063,0.135908213945961
2007,4.90329590287655,4.90329590287655,0.1374507263428
2008,0.905118350617633,0.905118350617633,0.106637400011593
2009,1.71130617630575,1.71130617630575,0.139226114463052
2010,3.59755946772988,3.59755946772988,0.108340376484938
2011,13.3428684749261,13.3428684749261,0.141593161956563
2012,4.61931975553295,4.61931975553295,0.128658587439228
2013,0.399860497822293,0.399860497822293,0.201124669136628
2014,3.78286625074742,3.78286625074742,0.108132830825856
2015,2.01838985342021,2.01838985342021,0.122635535072308
2016,2.08059943411799,2.08059943411799,0.107690520891977
2017,2.04382549696023,2.04382549696023,0.107682633355126
2018,2.54045681289319,2.54045681289319,0.112763922660487
2019,0.29720369503608,0.29720369503608,0.139234755102186
2020,19.8103625579337,19.8103625579337,0.167432397264917
2021,0.132988020786527,0.132988020786527,0.17223806417257
2022,2.72289123238345,2.72289123238345,0.123979781900125
2023,2.24079435979411,2.24079435979411,0.104740076840394
2024,1.74483967470621,1.74483967470621,0.104702958179531
2025,7.64967094516724,7.64967094516724,0.1723967784322
2026,13.4493144397289,13.4493144397289,0.155296962634935
2027,3.21802677567973,3.21802677567973,0.109728982805137
2028,0.441575428583809,0.441575428583809,0.121897306337491
2029,3.72898688665139,3.72898688665139,0.160405346022822
2030,6.75009931055054,6.75009931055054,0.113717062757117
2031,8.02213793286029,8.02213793286029,0.129555171871382
2032,0.919693562983744,0.919693562983744,0.151605291582221
2033,0.578351819627819,0.578351819627819,0.101418774797338
2034,2.84274293265986,2.84274293265986,0.125032256676339
2035,2.3999954431216,2.3999954431216,0.122477895117952
2036,1.34289948168432,1.34289948168432,0.0966816989361504
2037,6.25852829650644,6.25852829650644,0.124303888305634
2038,0.871999596777878,0.871999596777878,0.093357254325169
2039,3.01679740946932,3.01679740946932,0.110644159920259
2040,0.428310207792334,0.428310207792334,0.138654792349643
2041,6.78131473632753,6.78131473632753,0.170166789301775
2042,0.533174129716384,0.533174129716384,0.103221261614372
2043,5.9439274091172,5.9439274091172,0.130938899192114
2044,6.13608791351855,6.13608791351855,0.167521015775922
2045,0.376307133658693,0.376307133658693,0.168779718233882
2046,17.8592794715798,17.8592794715798,0.170755617777158
2047,1.83867290957549,1.83867290957549,0.132956693969901
2048,2.2467555003794,2.2467555003794,0.112786710650548
2049,0.508963135591225,0.508963135591225,0.183330459222867
2050,4.49242898033979,4.49242898033979,0.142531711988645
2051,2.4678321416357,2.4678321416357,0.143021287961738
2052,5.0702837983391,5.0702837983391,0.143192412384243
2053,0.734843457135361,0.734843457135361,0.0831188168185488
2054,1.47384831603471,1.47384831603471,0.168653814442304
2055,2.24058275666626,2.24058275666626,0.135612160651456
2056,0.42913961429605,0.42913961429605,0.171776832419885
2057,1.96552486768718,1.96552486768718,0.102272278260687
2058,1.23972122913414,1.23972122913414,0.118040240396268
2059,0.860691673957335,0.860691673957335,0.090468329603792
2060,6.62171911982847,6.62171911982847,0.166958001480493
2061,3.51227963301477,3.51227963301477,0.111289516438858
2062,4.80564133757862,4.80564133757862,0.113978891557352
2063,3.93539524088156,3.93539524088156,0.124844876568928
2064,1.52436886896935,1.52436886896935,0.193730838513161
2065,2.51842858120051,2.51842858120051,0.120026943373007
2066,2.42784869173307,2.42784869173307,0.120653414604012
2067,8.79115050895977,8.79115050895977,0.140732258038995
2068,1.25770947477229,1.25770947477229,0.113628178864885
2069,3.43342407712105,3.43342407712105,0.14847613007099
2070,1.17107850948387,1.17107850948387,0.104413791500764
2071,1.28048957108131,1.28048957108131,0.155872122996921
2072,9.81655162121546,9.81655162121546,0.137618328292144
2073,1.76409609098478,1.76409609098478,0.146575139804568
2074,2.72622641281693,2.72622641281693,0.119032012412168
2075,6.72099836309159,6.72099836309159,0.13863621749648
2076,2.97297835456955,2.97297835456955,0.120377159569727
2077,0.874835809397093,0.874835809397093,0.0946295100713534
2078,12.5414846883909,12.5414846883909,0.150738740643935
2079,1.47340625172503,1.47340625172503,0.0827608303702586
2080,0.705080678170968,0.705080678170968,0.083584189326541
2081,6.37350055383682,6.37350055383682,0.134190365995654
2082,0.234080075932825,0.234080075932825,0.0827683728904925
2083,3.2446553126762,3.2446553126762,0.141673642898836
2084,1.11878419498841,1.11878419498841,0.137552899075998
2085,0.950366556914411,0.950366556914411,0.155726835611458
2086,1.06591068408933,1.06591068408933,0.107411242716648
2087,6.022709951743,6.022709951743,0.109825038125955
2088,2.01191338522564,2.01191338522564,0.124954003970045
2089,0.293934083845502,0.293934083845502,0.166493468814914
2090,0.667711761586647,0.667711761586647,0.0972755505214548
2091,0.181980976234952,0.181980976234952,0.131300120282351
2092,0.995485709712326,0.995485709712326,0.143136594693645
2093,0.406970222492911,0.406970222492911,0.205692214921959
2094,3.21794355465855,3.21794355465855,0.12392106534265
2095,1.62151759646877,1.62151759646877,0.132406955810849
2096,0.399526327467824,0.399526327467824,0.150255191708662
2097,3.1143766183535,3.1143766183535,0.110750121605056
2098,0.72685732939201,0.72685732939201,0.088958421879134
2099,7.79277097640574,7.79277097640574,0.138386557470859
2100,3.43241275450282,3.43241275450282,0.103320793578156
2101,3.53038040960415,3.53038040960415,0.131015000867209
2102,14.6700124815349,14.6700124815349,0.137087263353732
2103,1.73154961439519,1.73154961439519,0.105577097701748
2104,0.457804003256587,0.457804003256587,0.162485656087352
2105,1.10934299459182,1.10934299459182,0.114110770683323
2106,15.302426834643,15.302426834643,0.14081283022307
2107,6.04122230824709,6.04122230824709,0.125844087713276
2108,4.82534271737273,4.82534271737273,0.135416253995026
2109,13.1937331891018,13.1937331891018,0.156407649013162
2110,2.11199536216275,2.11199536216275,0.100954457568037
2111,0.368668475127702,0.368668475127702,0.146609589305197
2112,8.13951838189228,8.13951838189228,0.149520916189013
2113,0.617740269875513,0.617740269875513,0.115320522225491
2114,1.54771092899468,1.54771092899468,0.104649020759665
2115,2.0995886701738,2.0995886701738,0.0984673377810761
2116,1.39747950573806,1.39747950573806,0.101888174245224
2117,0.22105538813081,0.22105538813081,0.131892865391175
2118,6.04376684503893,6.04376684503893,0.112070553022317
2119,3.60284230925678,3.60284230925678,0.160927425132963
2120,2.00056778067888,2.00056778067888,0.108032409254475
2121,2.36911738470443,2.36911738470443,0.147719685461799
2122,3.20393503954607,3.20393503954607,0.127222919613499
2123,2.63243444262655,2.63243444262655,0.141069694381746
2124,3.23334646333394,3.23334646333394,0.153522256493625
2125,2.71532437708598,2.71532437708598,0.10580242307786
2126,4.08511477457741,4.08511477457741,0.1347493788696
2127,2.31505341107997,2.31505341107997,0.112801479131735
2128,8.60799448922439,8.60799448922439,0.137241241599438
2129,2.61291247839586,2.61291247839586,0.120357515899279
2130,4.70257318490373,4.70257318490373,0.103926736392921
2131,2.00271571583303,2.00271571583303,0.11528597647535
2132,0.876812980058765,0.876812980058765,0.142523290725731
2133,13.369394202548,13.369394202548,0.161011113955965
2134,32.3962836851342,32.3962836851342,0.166001505178925
2135,2.59152272183795,2.59152272183795,0.0990490208936525
2136,6.04109930102981,6.04109930102981,0.114449758675699
2137,0.506190651675327,0.506190651675327,0.132631975920268
2138,2.12836994779456,2.12836994779456,0.130785571265444
2139,1.52099377372944,1.52099377372944,0.0913962790957508
2140,0.607290205715747,0.607290205715747,0.102056160846121
2141,3.46927178776527,3.46927178776527,0.159043619597911
2142,2.73135115071753,2.73135115071753,0.170994370028218
2143,3.61480857579424,3.61480857579424,0.126919278098571
2144,5.31032481768753,5.31032481768753,0.121262640549741
2145,1.09805574621315,1.09805574621315,0.0963924549855188
2146,14.9411000806681,14.9411000806681,0.154046411774717
2147,0.51147366324787,0.51147366324787,0.134564655867878
2148,0.923761186044531,0.923761186044531,0.122205673343589
2149,2.96822399964001,2.96822399964001,0.139929520163798
2150,1.8224090381596,1.8224090381596,0.0983741788896827
2151,1.55861209167066,1.55861209167066,0.160249751226217
2152,8.77795439587839,8.77795439587839,0.125581233203605
2153,1.24711917936957,1.24711917936957,0.175081620596722
2154,0.522471613510992,0.522471613510992,0.108150448703073
2155,2.80328992789365,2.80328992789365,0.110165006962987
2156,0.557316628546806,0.557316628546806,0.169079619008674
2157,0.957095589939392,0.957095589939392,0.184118656559062
2158,3.27873926698236,3.27873926698236,0.0984858358755158
2159,2.63185797180546,2.63185797180546,0.119959313691414
2160,1.0896289880094,1.0896289880094,0.185168084213144
2161,5.3373832354934,5.3373832354934,0.166113447190073
2162,5.49443902782925,5.49443902782925,0.167137594655198
2163,0.56708807736289,0.56708807736289,0.184117989152313
2164,1.12841074148383,1.12841074148383,0.102142878216914
2165,4.84290849835459,4.84290849835459,0.129289197037008
2166,2.38729343426766,2.38729343426766,0.102824861819591
2167,0.951424458536063,0.951424458536063,0.156764106060098
2168,0.471443598094427,0.471443598094427,0.22050165786419
2169,3.3271986095455,3.3271986095455,0.158148409431391
2170,1.30470747017822,1.30470747017822,0.176251432250555
2171,2.39336623975246,2.39336623975246,0.129251892207097
2172,2.86782772966821,2.86782772966821,0.106037445018817
2173,0.376049605496929,0.376049605496929,0.107018661862807
2174,2.458277804989,2.458277804989,0.112353942638131
2175,1.37190360068163,1.37190360068163,0.0963328625457
2176,1.33653256800171,1.33653256800171,0.127253709772571
2177,2.35490669263732,2.35490669263732,0.113678707696753
2178,0.408767672696902,0.408767672696902,0.20451222159551
2179,1.16525610031138,1.16525610031138,0.0955402574706817
2180,12.0162570196021,12.0162570196021,0.155546542354011
2181,0.839398299585219,0.839398299585219,0.193901713379714
2182,5.29743064847635,5.29743064847635,0.142483269787923
2183,0.588566645359593,0.588566645359593,0.140780722498953
2184,1.10846898337971,1.10846898337971,0.126523798932146
2185,2.88675171034249,2.88675171034249,0.129073647957573
2186,1.64597586742988,1.64597586742988,0.0974086084253218
2187,1.56945030850092,1.56945030850092,0.133499562314302
2188,1.73991894123567,1.73991894123567,0.0982177828134327
2189,1.22996925317963,1.22996925317963,0.157788593427628
2190,1.32072107206906,1.32072107206906,0.113595779075525
2191,0.970342821677339,0.970342821677339,0.10016992536161
2192,8.74437722455139,8.74437722455139,0.121222235103607
2193,0.805249590676593,0.805249590676593,0.177187544185211
2194,2.95547892553637,2.95547892553637,0.109970058647879
2195,1.22138647878334,1.22138647878334,0.185981629198808
2196,2.90179000485337,2.90179000485337,0.105102701082142
2197,1.22629520577267,1.22629520577267,0.0896105156929967
2198,0.429176046599131,0.429176046599131,0.168202191722281
2199,1.75628616716191,1.75628616716191,0.116389742196473
2200,3.08869575654029,3.08869575654029,0.105068749816381
2201,2.01976847700644,2.01976847700644,0.114519444154982
2202,1.11200974786699,1.11200974786699,0.174984471234547
2203,1.12454298020024,1.12454298020024,0.110312797294929
2204,1.17298057383509,1.17298057383509,0.136894361926423
2205,1.24045129245079,1.24045129245079,0.113064128897346
2206,1.65587240241527,1.65587240241527,0.178035589408707
2207,2.21105386851028,2.21105386851028,0.102777748810809
2208,3.328831668318,3.328831668318,0.110392522893743
2209,0.436877042098138,0.436877042098138,0.123420384768019
2210,0.311418603525594,0.311418603525594,0.0851342567263109
2211,0.941472021501343,0.941472021501343,0.17055476274408
2212,0.824732772192924,0.824732772192924,0.0949819215317981
2213,0.974543028835176,0.974543028835176,0.138448212377038
2214,1.3518538790311,1.3518538790311,0.128139055158754
2215,1.61146667741791,1.61146667741791,0.120101432594845
2216,1.62503052369347,1.62503052369347,0.0952669822851428
2217,5.66350011416157,5.66350011416157,0.149690018799749
2218,0.550441075711778,0.550441075711778,0.168671991331822
2219,0.997937482354167,0.997937482354167,0.100852262258343
2220,5.45952467031473,5.45952467031473,0.138997031310355
2221,1.25899831303529,1.25899831303529,0.0963077726193984
2222,1.20490725187618,1.20490725187618,0.101007641610642
2223,13.8008051218384,13.8008051218384,0.169357792242206
2224,1.60815098173987,1.60815098173987,0.117573925138496
2225,4.71302561577947,4.71302561577947,0.105512810140473
2226,4.81201217051959,4.81201217051959,0.130287565355494
2227,1.77361511835335,1.77361511835335,0.0892035937798232
2228,0.970841969755709,0.970841969755709,0.225756560871521
2229,3.02283046361076,3.02283046361076,0.124698470258557
2230,5.29301883003139,5.29301883003139,0.139935667123704
2231,1.33409981013985,1.33409981013985,0.124474660910111
2232,6.41138491136716,6.41138491136716,0.16928110429246
2233,4.79025378659644,4.79025378659644,0.167340201506658
2234,7.82020263148854,7.82020263148854,0.15011492434052
2235,1.13291612314367,1.13291612314367,0.0970024949579147
2236,4.35875142503162,4.35875142503162,0.146319619182583
2237,1.36264387848772,1.36264387848772,0.108609244462818
2238,7.9202796891671,7.9202796891671,0.150953502300775
2239,0.293012504493976,0.293012504493976,0.110925017748143
2240,2.2718890862676,2.2718890862676,0.123189367570219
2241,1.79256440806334,1.79256440806334,0.106811199077444
2242,1.29890008105024,1.29890008105024,0.162452652007189
2243,9.56565000748414,9.56565000748414,0.167356761580578
2244,2.65294040357798,2.65294040357798,0.111275981216098
2245,1.35136110543585,1.35136110543585,0.104518749035638
2246,3.69525945646202,3.69525945646202,0.11378837944679
2247,1.31034869624621,1.31034869624621,0.107641834468259
2248,10.4138582171065,10.4138582171065,0.131277718974612
2249,2.97107397918325,2.97107397918325,0.126305555510284
2250,7.95216326775975,7.95216326775975,0.137574519758461
2251,4.09414758712212,4.09414758712212,0.135451656628287
2252,2.70051548239671,2.70051548239671,0.0976938950403513
2253,3.05141667493929,3.05141667493929,0.124125739933649
2254,1.59259278233378,1.59259278233378,0.0964900524815641
2255,0.761450191012489,0.761450191012489,0.173122631992091
2256,3.31623739372967,3.31623739372967,0.144779640870956
2257,0.300091014604125,0.300091014604125,0.0942766234841605
2258,0.570371924383565,0.570371924383565,0.183433985366533
2259,1.11649766976446,1.11649766976446,0.152166122532304
2260,0.965081436959569,0.965081436959569,0.123348782075389
2261,1.55113374464201,1.55113374464201,0.0997237331808135
2262,6.09697588315288,6.09697588315288,0.144171623807443
2263,2.06134733667091,2.06134733667091,0.101153626203595
2264,0.605054585110963,0.605054585110963,0.159969913921114
2265,2.04563297251097,2.04563297251097,0.123370862779727
2266,4.45406791235745,4.45406791235745,0.11370412208489
2267,0.335176633978481,0.335176633978481,0.145668300753425
2268,0.758963468322361,0.758963468322361,0.186003631802409
2269,0.618892152518023,0.618892152518023,0.0900184906141603
2270,0.715955693941573,0.715955693941573,0.0836054883141072
2271,5.62850259298061,5.62850259298061,0.12737401496182
2272,0.972176633081476,0.972176633081476,0.153933084316416
2273,2.20813344595209,2.20813344595209,0.117173481790397
2274,2.50995064883223,2.50995064883223,0.107839648464186
2275,0.586677163409838,0.586677163409838,0.139031338736888
2276,5.63195054520119,5.63195054520119,0.123658885417138
2277,5.21411043292852,5.21411043292852,0.150249150734298
2278,1.92650076461516,1.92650076461516,0.10607722562586
2279,0.78128108554554,0.78128108554554,0.10823345285008
2280,3.08970924131761,3.08970924131761,0.146159789581511
2281,0.709417170758749,0.709417170758749,0.141133945016256
2282,11.3976644145288,11.3976644145288,0.15466028421691
2283,7.24562463451692,7.24562463451692,0.166121004020807
2284,3.2584918745583,3.2584918745583,0.109155275150855
2285,0.737931337108417,0.737931337108417,0.143265912988933
2286,1.30876761162318,1.30876761162318,0.117588161005523
2287,0.950940047729262,0.950940047729262,0.1168169821806
2288,5.78805271991312,5.78805271991312,0.150213191357792
2289,0.502600788868106,0.502600788868106,0.120320756286556
2290,2.98080658824629,2.98080658824629,0.129808623343735
2291,2.42662191694813,2.42662191694813,0.110967409192952
2292,1.34849474698358,1.34849474698358,0.169664143491648
2293,1.23121438138491,1.23121438138491,0.121717489449911
2294,1.75164925063449,1.75164925063449,0.0955750323173493
2295,1.26670246381086,1.26670246381086,0.0971116172574958
2296,2.22062440280998,2.22062440280998,0.139966117705767
2297,2.56538783280772,2.56538783280772,0.12388888582
2298,4.32285643799606,4.32285643799606,0.110954461544236
2299,0.532953642948358,0.532953642948358,0.111852464061451
2300,0.841099630176822,0.841099630176822,0.131804755279215
2301,0.834289718051704,0.834289718051704,0.152288907679017
2302,10.0677234782118,10.0677234782118,0.15066981741564
2303,0.5714005979188,0.5714005979188,0.158176199206865
2304,1.79140766678123,1.79140766678123,0.12974265806909
2305,2.96993968158425,2.96993968158425,0.0950986691101412
2306,5.48569250613559,5.48569250613559,0.13757009528697
2307,2.21930492087089,2.21930492087089,0.11746863352471
2308,2.34297071005405,2.34297071005405,0.126353975247574
2309,0.301805510291593,0.301805510291593,0.0982885150933219
2310,1.03097344264551,1.03097344264551,0.108171393302474
2311,1.48480971003168,1.48480971003168,0.114829621929869
2312,1.24430274052767,1.24430274052767,0.122736605075041
2313,4.48197864596505,4.48197864596505,0.133126363507327
2314,0.384573260891416,0.384573260891416,0.140947838655544
2315,7.02845341170711,7.02845341170711,0.150542854938571
2316,1.75876583986301,1.75876583986301,0.162480059587401
2317,0.611761114330539,0.611761114330539,0.101851365306472
2318,1.59057415821101,1.59057415821101,0.140148514749482
2319,1.81448327001244,1.81448327001244,0.102218382189996
2320,7.37838916268866,7.37838916268866,0.154537736489773
2321,5.15281469094979,5.15281469094979,0.141645978795666
2322,2.9997146004749,2.9997146004749,0.10377623405043
2323,1.93447705278389,1.93447705278389,0.0976197660035639
2324,3.84954091131512,3.84954091131512,0.141506988516907
2325,0.660305347421181,0.660305347421181,0.108344822788545
2326,1.69887319622902,1.69887319622902,0.119685394831639
2327,12.1966364195887,12.1966364195887,0.125647081957323
2328,3.76607420551015,3.76607420551015,0.13869876383164
2329,12.3031275046244,12.3031275046244,0.142189390988253
2330,13.0938750969358,13.0938750969358,0.161609967123022
2331,4.74804205736052,4.74804205736052,0.135337876572577
2332,2.51614115426617,2.51614115426617,0.142514985697481
2333,0.609840027804551,0.609840027804551,0.103927558246329
2334,3.53500724805097,3.53500724805097,0.128318954121392
2335,2.07374471764718,2.07374471764718,0.188403875128013
2336,3.23167255089035,3.23167255089035,0.148083907584992
2337,0.737221955175015,0.737221955175015,0.154753468164015
2338,0.296803761528257,0.296803761528257,0.112125435747967
2339,3.65431987292998,3.65431987292998,0.129763309718917
2340,4.93154799218056,4.93154799218056,0.127010565715076
2341,4.63453411679275,4.63453411679275,0.151475382455706
2342,2.85772736740983,2.85772736740983,0.148484515030503
2343,1.29051380321705,1.29051380321705,0.14717245547218
2344,1.57773511200829,1.57773511200829,0.136098427236531
2345,4.56484004312631,4.56484004312631,0.122634809417059
2346,8.77724015946369,8.77724015946369,0.159226437807773
2347,1.96455385506228,1.96455385506228,0.127038501349989
2348,4.60926256227002,4.60926256227002,0.145888375052462
2349,4.69005392427635,4.69005392427635,0.146034161318782
2350,2.27871226681772,2.27871226681772,0.108472341889422
2351,2.20240115464819,2.20240115464819,0.106927248317234
2352,5.10569467192223,5.10569467192223,0.159500371319283
2353,4.58294102380737,4.58294102380737,0.10537534009368
2354,1.02506924560356,1.02506924560356,0.0910054593214993
2355,6.76105749705869,6.76105749705869,0.131586659646853
2356,2.58616632866493,2.58616632866493,0.13570276809117
2357,0.559648148786948,0.559648148786948,0.155299154217808
2358,2.26422549906654,2.26422549906654,0.108771412391584
2359,2.57887397684396,2.57887397684396,0.134801847800316
2360,3.55023042227033,3.55023042227033,0.104179645065302
2361,1.63566097497893,1.63566097497893,0.0997593536282618
2362,5.74039646711156,5.74039646711156,0.146860579946494
2363,1.39814459467259,1.39814459467259,0.104892970844489
2364,0.516831831887983,0.516831831887983,0.112032163743568
2365,0.877741494560093,0.877741494560093,0.182358971849364
2366,2.8680900949917,2.8680900949917,0.116730590403347
2367,0.300909883419488,0.300909883419488,0.163734618114405
2368,6.71576948343242,6.71576948343242,0.139469993891084
2369,2.1498744813163,2.1498744813163,0.122721823568662
2370,1.92287388182886,1.92287388182886,0.107925324814193
2371,0.469479507814037,0.469479507814037,0.115674308907387
2372,9.14935070388469,9.14935070388469,0.147067028233773
2373,0.786975075725375,0.786975075725375,0.196911908028946
2374,0.7484459511498,0.7484459511498,0.162369981073878
2375,0.904943529855778,0.904943529855778,0.100115196069966
2376,1.58240618783856,1.58240618783856,0.120008728261498
2377,2.04950957943468,2.04950957943468,0.134731332502918
2378,1.82644441091359,1.82644441091359,0.141438601304078
2379,6.22576984023704,6.22576984023704,0.138173804598189
2380,0.380034795713886,0.380034795713886,0.1511493760796
2381,2.29211486880302,2.29211486880302,0.12440471458531
2382,1.61390675147158,1.61390675147158,0.20486407958795
2383,3.63302524272167,3.63302524272167,0.121863090638947
2384,1.17522736937653,1.17522736937653,0.121394338738666
2385,5.71022187202852,5.71022187202852,0.148696463216509
2386,2.59865466271223,2.59865466271223,0.105827341289339
2387,2.98045992034968,2.98045992034968,0.104241832871397
2388,0.873114990392382,0.873114990392382,0.156981721554832
2389,5.45432455601613,5.45432455601613,0.105158329097404
2390,1.16860290681378,1.16860290681378,0.116501294738828
2391,0.526210997581884,0.526210997581884,0.146837455101818
2392,4.79559904161681,4.79559904161681,0.111326783221547
2393,0.496138817781259,0.496138817781259,0.104203862525842
2394,1.57449928430141,1.57449928430141,0.123993504606716
2395,0.334811854855991,0.334811854855991,0.147050109271145
2396,0.796263375123466,0.796263375123466,0.110880595750751
2397,4.82891561966724,4.82891561966724,0.120185048394256
2398,0.412640143485569,0.412640143485569,0.186160717825776
2399,0.537740194561352,0.537740194561352,0.167905208788938
2400,7.16198990566529,7.16198990566529,0.129921576759691
2401,2.16041407666533,2.16041407666533,0.101589249995615
2402,1.93111694618747,1.93111694618747,0.137832662823052
2403,2.50581193830015,2.50581193830015,0.106923657727976
2404,4.65491959225269,4.65491959225269,0.140777839380479
2405,1.87316006093021,1.87316006093021,0.154787685557631
2406,5.92436568895971,5.92436568895971,0.131950430167466
2407,1.719136608984,1.719136608984,0.147742361517276
2408,7.86789890718508,7.86789890718508,0.149552100629579
2409,2.37595813076482,2.37595813076482,0.131693146392842
2410,1.22623245158427,1.22623245158427,0.153448884425169
2411,9.35125621552756,9.35125621552756,0.150758383542434
2412,12.7748099473539,12.7748099473539,0.154012990589109
2413,4.65971246740374,4.65971246740374,0.12898993055107
2414,2.12325487191148,2.12325487191148,0.103122276306704
2415,10.6988825738514,10.6988825738514,0.168314704825518
2416,1.28851919048633,1.28851919048633,0.0948840942168742
2417,8.25751732519022,8.25751732519022,0.111751989910458
2418,1.69356670523388,1.69356670523388,0.106948009964392
2419,0.703682941170434,0.703682941170434,0.152989966236072
2420,0.347545962534633,0.347545962534633,0.100446927286548
2421,3.96168579211624,3.96168579211624,0.115121296030197
2422,0.970401657052949,0.970401657052949,0.104821411376024
2423,9.75761620930689,9.75761620930689,0.164594780316164
2424,3.19629446766529,3.19629446766529,0.108991404399718
2425,2.09462781848065,2.09462781848065,0.116497823382411
2426,2.44244329020594,2.44244329020594,0.104866679990579
2427,2.79659672314746,2.79659672314746,0.10062262080713
2428,1.31807330858628,1.31807330858628,0.0941883615675291
2429,3.24105645532907,3.24105645532907,0.120097776311566
2430,4.66491545455382,4.66491545455382,0.110518426411685
2431,1.34712578485807,1.34712578485807,0.109685356853444
2432,5.41217506225845,5.41217506225845,0.151681044849205
2433,5.79312008743351,5.79312008743351,0.155385654947305
2434,0.763898511674279,0.763898511674279,0.15789283874293
2435,0.46559206490319,0.46559206490319,0.110834968946257
2436,7.11014005241345,7.11014005241345,0.12517461593851
2437,0.175629493714902,0.175629493714902,0.101866517572327
2438,1.83480733296079,1.83480733296079,0.121437987811118
2439,16.9171218539011,16.9171218539011,0.157345622923392
2440,4.61115776130885,4.61115776130885,0.129297201403976
2441,2.36387593658703,2.36387593658703,0.107631916569493
2442,1.30894516958121,1.30894516958121,0.167465930028072
2443,0.761756755203423,0.761756755203423,0.0962169183603956
2444,0.495908405378967,0.495908405378967,0.171029255622099
2445,0.102776373176061,0.102776373176061,0.126716562007749
2446,3.7664530856892,3.7664530856892,0.112879498909508
2447,3.37213197983411,3.37213197983411,0.134847690563563
2448,1.25270983214344,1.25270983214344,0.146892599852632
2449,3.8339957612615,3.8339957612615,0.118925726474868
2450,2.39536660986721,2.39536660986721,0.120425406159605
2451,1.23913345889349,1.23913345889349,0.121663942810947
2452,0.566415829559797,0.566415829559797,0.176519783468405
2453,3.6838883780566,3.6838883780566,0.137010548671494
2454,5.46960134697505,5.46960134697505,0.142462586565093
2455,0.591708831209074,0.591708831209074,0.110503990084601
2456,1.40089587848489,1.40089587848489,0.0901929071392682
2457,2.71688469291153,2.71688469291153,0.117861531310855
2458,6.16889513403965,6.16889513403965,0.151537689814458
2459,1.26803429150366,1.26803429150366,0.101347875513925
2460,0.517092940850021,0.517092940850021,0.135885877529173
2461,3.8570411939109,3.8570411939109,0.122851471025002
2462,8.87021690484361,8.87021690484361,0.176384080843602
2463,7.95584314995604,7.95584314995604,0.126183121014409
2464,13.210067487236,13.210067487236,0.141622514647105
2465,3.62724080877638,3.62724080877638,0.107848031081887
2466,0.765335088127469,0.765335088127469,0.123877923106284
2467,0.531258663660641,0.531258663660641,0.186158532769425
2468,2.44988645105449,2.44988645105449,0.11279884243815
2469,2.24133858255643,2.24133858255643,0.0978506309018732
2470,1.32754079389095,1.32754079389095,0.179846468512711
2471,3.20817983921817,3.20817983921817,0.141338680814829
2472,1.69613407424026,1.69613407424026,0.10413346580668
2473,0.337171379693483,0.337171379693483,0.181838756579754
2474,3.08844225972015,3.08844225972015,0.109365514904651
2475,0.296016105847743,0.296016105847743,0.099109306900315
2476,1.32750882167069,1.32750882167069,0.193704829605058
2477,1.87723690668342,1.87723690668342,0.140006482337441
2478,1.17830263975606,1.17830263975606,0.109326680459154
2479,0.555016774976751,0.555016774976751,0.1227121205796
2480,5.32761850376864,5.32761850376864,0.17490366677801
2481,2.4277368361516,2.4277368361516,0.102397408402344
2482,6.98666541194975,6.98666541194975,0.165622511090746
2483,0.271647954144884,0.271647954144884,0.146264946908656
2484,1.01305196700583,1.01305196700583,0.140578729202429
2485,1.18033331261741,1.18033331261741,0.137168251022085
2486,2.35494806978956,2.35494806978956,0.102252591040073
2487,3.18006459496407,3.18006459496407,0.111123661605819
2488,0.762459384777088,0.762459384777088,0.0942967028977934
2489,5.10346287457266,5.10346287457266,0.13896344485325
2490,1.99732395504644,1.99732395504644,0.0995991597627047
2491,4.96848083766218,4.96848083766218,0.114599635268554
2492,1.91274687560348,1.91274687560348,0.119081983050124
2493,1.41587971672916,1.41587971672916,0.178950622193231
2494,4.51922217362678,4.51922217362678,0.187196056807557
2495,1.99855016339808,1.99855016339808,0.137410768580282
2496,3.88531237188964,3.88531237188964,0.109701223018763
2497,0.759640530644225,0.759640530644225,0.181013616824651
2498,2.40022278075197,2.40022278075197,0.122372060279762
2499,1.31691901544017,1.31691901544017,0.151033124897195
2500,1.76799485763727,1.76799485763727,0.100589421661937
2501,0.42926212191771,0.42926212191771,0.125389971059262
2502,1.1113676887857,1.1113676887857,0.15915504470542
2503,3.66422159052727,3.66422159052727,0.153270150784883
2504,3.5638765714213,3.5638765714213,0.129211350983346
2505,9.04117594128688,9.04117594128688,0.130476394753293
2506,4.91698442459631,4.91698442459631,0.117675073035262
2507,1.90376907805684,1.90376907805684,0.123364047434259
2508,2.85966152199973,2.85966152199973,0.116953169387156
2509,3.65406879461517,3.65406879461517,0.143125201260227
2510,4.071878582146,4.071878582146,0.150062556833043
2511,7.33790673550399,7.33790673550399,0.142359221887802
2512,2.38079006793949,2.38079006793949,0.103006391600428
2513,3.48884229587788,3.48884229587788,0.114618554060423
2514,2.06052802754923,2.06052802754923,0.0989176215149224
2515,6.2948009964442,6.2948009964442,0.132820281259303
2516,0.570935296727936,0.570935296727936,0.135692135007159
2517,1.44671057881563,1.44671057881563,0.135384260901565
2518,0.753859223047898,0.753859223047898,0.200350728975243
2519,2.98770973435482,2.98770973435482,0.123659849323141
2520,7.30179596663466,7.30179596663466,0.14269114632297
2521,3.14347678303965,3.14347678303965,0.122768780191009
2522,1.34750374168368,1.34750374168368,0.091450308687552
2523,4.25734719801443,4.25734719801443,0.152809030962978
2524,1.20191969954723,1.20191969954723,0.0927716862647123
2525,3.89512758546878,3.89512758546878,0.119641171336662
2526,1.11969892877113,1.11969892877113,0.0931874110710715
2527,1.30285462178348,1.30285462178348,0.0988849748486514
2528,1.83594447891029,1.83594447891029,0.125638304055618
2529,3.72350345277788,3.72350345277788,0.134688838992421
2530,4.47807695405571,4.47807695405571,0.115293688878822
2531,2.28865603221031,2.28865603221031,0.103051633612301
2532,1.67559402318484,1.67559402318484,0.086542106054449
2533,1.99139737982045,1.99139737982045,0.11171009981379
2534,0.805341208945393,0.805341208945393,0.186022102278458
2535,13.6357852367367,13.6357852367367,0.150721323918021
2536,0.651276418636987,0.651276418636987,0.180071558485462
2537,1.60981801597396,1.60981801597396,0.0845069476107187
2538,2.63637238195013,2.63637238195013,0.138974460895883
2539,2.14469218460587,2.14469218460587,0.101828406340631
2540,0.233585114798245,0.233585114798245,0.112456156384473
2541,1.22734511420251,1.22734511420251,0.199962775105691
2542,1.4142229755905,1.4142229755905,0.0964495998890318
2543,0.402012313183889,0.402012313183889,0.162268792195358
2544,1.18510284372123,1.18510284372123,0.204494107774127
2545,6.91268998158729,6.91268998158729,0.151730822250056
2546,1.3645444706446,1.3645444706446,0.1110582608664
2547,1.22688534984326,1.22688534984326,0.174792621779631
2548,2.40743656500333,2.40743656500333,0.165331949720706
2549,0.593932445902643,0.593932445902643,0.0785897435425079
2550,5.5848318664486,5.5848318664486,0.144719795996085
2551,1.11241021070679,1.11241021070679,0.0992176655912724
2552,2.62525165572303,2.62525165572303,0.152015988676025
2553,1.89840465391355,1.89840465391355,0.15252098868132
2554,1.38037829045003,1.38037829045003,0.114567017888768
2555,2.27081983053443,2.27081983053443,0.214552933868999
2556,5.01149949942395,5.01149949942395,0.124098267880281
2557,1.56826557896189,1.56826557896189,0.138706046873815
2558,2.75352156852005,2.75352156852005,0.143356575868021
2559,2.60828910171861,2.60828910171861,0.119570745103122
2560,1.25522214481159,1.25522214481159,0.13197738093484
2561,2.65200272646321,2.65200272646321,0.0915471839661325
2562,1.23347648446146,1.23347648446146,0.190299122319916
2563,0.376753466872476,0.376753466872476,0.0880062810481878
2564,3.34739411389533,3.34739411389533,0.127830674237491
2565,0.871335351124421,0.871335351124421,0.125880555508947
2566,1.13504605032782,1.13504605032782,0.13160983328451
2567,7.48701320807057,7.48701320807057,0.138466583497134
2568,4.96629880563756,4.96629880563756,0.120821520098257
2569,1.04333546351135,1.04333546351135,0.140626944927537
2570,4.35578883454371,4.35578883454371,0.128646268752468
2571,3.88346362082436,3.88346362082436,0.122481199671025
2572,1.13407209377313,1.13407209377313,0.104199146717614
2573,4.15893842365182,4.15893842365182,0.138927743632038
2574,6.17864120402992,6.17864120402992,0.165266964037139
2575,1.52457713945457,1.52457713945457,0.0920000651886472
2576,1.89263459332291,1.89263459332291,0.10437879238336
2577,9.72221653420227,9.72221653420227,0.1608457457957
2578,1.82302918545003,1.82302918545003,0.0982452527532586
2579,2.99711817502702,2.99711817502702,0.108952528114739
2580,2.71261257144448,2.71261257144448,0.122750978886101
2581,0.755373587028663,0.755373587028663,0.180631597940972
2582,3.74684177788208,3.74684177788208,0.105949477237873
2583,1.97159362649971,1.97159362649971,0.12158625422565
2584,0.511014786221022,0.511014786221022,0.174409178667163
2585,8.67531129403777,8.67531129403777,0.127167658943393
2586,2.22976334156541,2.22976334156541,0.111769805397508
2587,1.07794093113036,1.07794093113036,0.178595771922862
2588,1.57425313874291,1.57425313874291,0.168916354892163
2589,3.35807962365672,3.35807962365672,0.135819925402053
2590,1.58557995839624,1.58557995839624,0.118668044256476
2591,3.68461686611636,3.68461686611636,0.122627976925541
2592,2.09895096544397,2.09895096544397,0.144091403950853
2593,1.58896823891217,1.58896823891217,0.107908538914181
2594,0.306348651451381,0.306348651451381,0.179247469884872
2595,6.85065695148295,6.85065695148295,0.143311947011802
2596,0.595249829116073,0.595249829116073,0.117341432483282
2597,0.500510899288796,0.500510899288796,0.164560823943798
2598,1.05222725829085,1.05222725829085,0.122222483201628
2599,16.6935639164443,16.6935639164443,0.169210275343205
2600,4.67065027476545,4.67065027476545,0.129864898905472
2601,2.13244669053491,2.13244669053491,0.129951058256988
2602,5.00884562323311,5.00884562323311,0.124436622201865
2603,1.08660909891344,1.08660909891344,0.160731164341615
2604,2.39462534055447,2.39462534055447,0.131663501311902
2605,1.11614248775351,1.11614248775351,0.114395062211009
2606,5.70832032949392,5.70832032949392,0.117757077088454
2607,6.24442640421544,6.24442640421544,0.1050331995381
2608,0.377387059024666,0.377387059024666,0.165850755905882
2609,0.99796176141908,0.99796176141908,0.18605180033108
2610,1.42876673352794,1.42876673352794,0.132997421720122
2611,0.60462081469661,0.60462081469661,0.14540851586949
2612,4.43612884316349,4.43612884316349,0.138177938102644
2613,2.88769008515749,2.88769008515749,0.111492769734618
2614,0.251755841792587,0.251755841792587,0.144599361485069
2615,3.86340153527217,3.86340153527217,0.14048675647004
2616,1.02436437475245,1.02436437475245,0.119944683104164
2617,1.66553500162301,1.66553500162301,0.11128322904849
2618,0.528110409929455,0.528110409929455,0.100274343285992
2619,1.66661283600555,1.66661283600555,0.0977784852950728
2620,7.63164290376069,7.63164290376069,0.11712922724463
2621,3.35588811080876,3.35588811080876,0.144787945199727
2622,2.46144716064423,2.46144716064423,0.118194728724677
2623,0.666340561932927,0.666340561932927,0.144258503713501
2624,6.53989966185225,6.53989966185225,0.124302603750448
2625,11.2576471695053,11.2576471695053,0.176921009823561
2626,1.61520540947702,1.61520540947702,0.0975440430127234
2627,0.569747337290634,0.569747337290634,0.104467151567745
2628,4.00843453527549,4.00843453527549,0.118116289969108
2629,2.44354352064989,2.44354352064989,0.114513746206015
2630,0.675215736539164,0.675215736539164,0.105376717488956
2631,5.43355162893565,5.43355162893565,0.13623876933186
2632,2.38013099628385,2.38013099628385,0.102904781565752
2633,2.68671094002834,2.68671094002834,0.106804350763645
2634,0.254102003859587,0.254102003859587,0.125872059278183
2635,5.59542662846595,5.59542662846595,0.120559883901217
2636,1.87373502214891,1.87373502214891,0.15805605108834
2637,0.607814137257854,0.607814137257854,0.136595578874755
2638,2.07677584755985,2.07677584755985,0.117594100298546
2639,0.578589898837035,0.578589898837035,0.166650612905068
2640,4.72688318683068,4.72688318683068,0.119797136492594
2641,0.549626860686214,0.549626860686214,0.114427502092094
2642,10.9000274646929,10.9000274646929,0.146993012670315
2643,1.31136315035642,1.31136315035642,0.0976910872543392
2644,1.4292143818329,1.4292143818329,0.134688540213007
2645,2.4449972059459,2.4449972059459,0.124886183975571
2646,1.70071056562511,1.70071056562511,0.135516963616457
2647,0.731426228895739,0.731426228895739,0.131143772457848
2648,0.761871758006303,0.761871758006303,0.115088344427075
2649,0.560776178919404,0.560776178919404,0.136492568616916
2650,5.76039004491976,5.76039004491976,0.149283217041711
2651,5.26186389636088,5.26186389636088,0.142822267069163
2652,2.69612036335367,2.69612036335367,0.121966164824918
2653,1.01230527600021,1.01230527600021,0.100610803084878
2654,2.2437513389866,2.2437513389866,0.1275946849278
2655,0.838745291350745,0.838745291350745,0.109464603796263
2656,3.9549640847768,3.9549640847768,0.106322131457822
2657,2.46539352195384,2.46539352195384,0.127622435125217
2658,6.99048730985433,6.99048730985433,0.160954306668618
2659,9.06860081665331,9.06860081665331,0.170445442992129
2660,4.66435839633196,4.66435839633196,0.134237214023272
2661,17.2055980755563,17.2055980755563,0.159245612491452
2662,3.69769936458611,3.69769936458611,0.159410392008054
2663,1.57926330154469,1.57926330154469,0.102955908318639
2664,1.72978498423529,1.72978498423529,0.12913715571773
2665,1.32139710289414,1.32139710289414,0.0937304650958961
2666,0.597993339522433,0.597993339522433,0.101988823756658
2667,2.48335314693389,2.48335314693389,0.101985310251898
2668,0.694451761423475,0.694451761423475,0.105761611655402
2669,1.24113302764547,1.24113302764547,0.159617629814606
2670,2.74879180351448,2.74879180351448,0.100767706061478
2671,0.461485029554071,0.461485029554071,0.139225895739017
2672,3.33469514058026,3.33469514058026,0.157419892205476
2673,3.46129687447832,3.46129687447832,0.115513183035213
2674,1.14277324992116,1.14277324992116,0.0956119521882997
2675,4.93918055271503,4.93918055271503,0.105042793004005
2676,0.432221150219527,0.432221150219527,0.204088879010427
2677,2.05256305073902,2.05256305073902,0.102946071987811
2678,0.822327169701049,0.822327169701049,0.155465064646001
2679,1.65524672013104,1.65524672013104,0.12330448150462
2680,3.81020431889708,3.81020431889708,0.139138542917034
2681,0.931813201043858,0.931813201043858,0.157454514484491
2682,0.475284621570894,0.475284621570894,0.157481195026493
2683,7.41089092127916,7.41089092127916,0.134972009205109
2684,2.05405520979304,2.05405520979304,0.1568429995609
2685,0.757535404584576,0.757535404584576,0.0975696581978015
2686,1.59403481473287,1.59403481473287,0.141532927378838
2687,4.03101465394491,4.03101465394491,0.118690320057488
2688,0.454145309845186,0.454145309845186,0.0975678268363332
2689,0.439495694106267,0.439495694106267,0.171651474981399
2690,15.8669862671482,15.8669862671482,0.179765122999932
2691,2.11189891865703,2.11189891865703,0.123454292268468
2692,2.8137678706194,2.8137678706194,0.104305680836889
2693,0.739876779957484,0.739876779957484,0.146165990021097
2694,1.87103886131579,1.87103886131579,0.130242418574412
2695,0.783811641678876,0.783811641678876,0.202975501697539
2696,0.715957682513158,0.715957682513158,0.0946145414591558
2697,1.42999127034075,1.42999127034075,0.200976989862435
2698,1.56049591267843,1.56049591267843,0.146324635099297
2699,1.02816362660815,1.02816362660815,0.102610209875959
2700,2.02078390300244,2.02078390300244,0.12378962242315
2701,2.89572713823459,2.89572713823459,0.155133129881811
2702,0.907878650097877,0.907878650097877,0.154648139444168
2703,1.9725247303261,1.9725247303261,0.108591326352057
2704,1.83742994653402,1.83742994653402,0.0937813500705276
2705,2.38120431921129,2.38120431921129,0.0906765115280505
2706,0.804231067474193,0.804231067474193,0.126846577281488
2707,2.5758990888473,2.5758990888473,0.0930971614086489
2708,1.46040214999099,1.46040214999099,0.131571461317291
2709,2.4819906918592,2.4819906918592,0.13007883481122
2710,10.7674667796135,10.7674667796135,0.174343918807198
2711,3.572688762561,3.572688762561,0.161898252618138
2712,3.73941717285066,3.73941717285066,0.102966894888518
2713,0.229621298418522,0.229621298418522,0.116788204429299
2714,1.69898668828764,1.69898668828764,0.121790052573037
2715,0.777012112937944,0.777012112937944,0.0881657867406994
2716,3.32917163432217,3.32917163432217,0.101968329739275
2717,3.22486085556822,3.22486085556822,0.156563518500317
2718,15.5647580165023,15.5647580165023,0.160693043079019
2719,6.91413598768881,6.91413598768881,0.179324309413262
2720,1.2162645042345,1.2162645042345,0.145097078164396
2721,2.44981688256757,2.44981688256757,0.128621814291827
2722,0.153385639128279,0.153385639128279,0.186205725539028
2723,1.97973409317062,1.97973409317062,0.122233305987107
2724,1.86787385910474,1.86787385910474,0.12896693617263
2725,4.43865172941483,4.43865172941483,0.128726988912569
2726,11.670902402506,11.670902402506,0.143824005181512
2727,1.99206191673769,1.99206191673769,0.103381070024789
2728,1.66833628150193,1.66833628150193,0.158686736804002
2729,5.708474277242,5.708474277242,0.131825850149849
2730,0.997180987620805,0.997180987620805,0.0995816855137228
2731,6.40919318891459,6.40919318891459,0.126805059288194
2732,1.84203265561411,1.84203265561411,0.100999702992853
2733,8.17898469245736,8.17898469245736,0.156309097867682
2734,0.387415509234274,0.387415509234274,0.140862374148443
2735,1.9243558520278,1.9243558520278,0.095801192253907
2736,2.57119440822453,2.57119440822453,0.145112263659584
2737,1.67677434970028,1.67677434970028,0.0974130316327241
2738,2.14451911060507,2.14451911060507,0.177385125675848
2739,3.84789041632437,3.84789041632437,0.156616106640773
2740,1.71113690375472,1.71113690375472,0.0940071714561949
2741,0.727826341987409,0.727826341987409,0.177060008415798
2742,1.17596052767612,1.17596052767612,0.101847362461375
2743,1.79221519215578,1.79221519215578,0.0942126772166384
2744,0.736189092047837,0.736189092047837,0.19464657112618
2745,0.063178391370427,0.063178391370427,0.140275741375364
2746,1.53155250486806,1.53155250486806,0.118415467532882
2747,10.5567509118837,10.5567509118837,0.130949194181957
2748,1.9052990806967,1.9052990806967,0.113669103045532
2749,6.03317019292031,6.03317019292031,0.142180109540731
2750,10.477216747427,10.477216747427,0.133543634344119
2751,0.346558613143618,0.346558613143618,0.155056623145713
2752,1.53378361793415,1.53378361793415,0.122272025797006
2753,2.88483868046707,2.88483868046707,0.177377223328464
2754,6.21368698642112,6.21368698642112,0.16754055642258
2755,2.83993092946489,2.83993092946489,0.180898272863718
2756,0.528157380039248,0.528157380039248,0.183472813006662
2757,1.32612151151578,1.32612151151578,0.172159453011253
2758,2.87843344099712,2.87843344099712,0.122945392620774
2759,0.621868956391966,0.621868956391966,0.109316603673332
2760,5.36627168653907,5.36627168653907,0.12526272287289
2761,6.38202485758917,6.38202485758917,0.125154132850032
2762,2.02558210436565,2.02558210436565,0.105602161556344
2763,1.06513683732279,1.06513683732279,0.0919149257058229
2764,1.07015307740605,1.07015307740605,0.0847170795895428
2765,6.62561124233852,6.62561124233852,0.132697163434854
2766,0.741787743953735,0.741787743953735,0.0861970098473794
2767,2.65983441687209,2.65983441687209,0.136116428751562
2768,2.62163555793026,2.62163555793026,0.169134557768561
2769,2.07372218640111,2.07372218640111,0.118711318290876
2770,0.769533764693651,0.769533764693651,0.187451222195155
2771,2.37863606828871,2.37863606828871,0.123206136008163
2772,1.20415865181951,1.20415865181951,0.153290396024221
2773,6.07385686178673,6.07385686178673,0.149980345826748
2774,2.40779434337398,2.40779434337398,0.129825771008004
2775,2.21381436291502,2.21381436291502,0.11944771028029
2776,16.3257190706878,16.3257190706878,0.142326590246641
2777,1.80919172082064,1.80919172082064,0.120912100208147
2778,1.65185303783882,1.65185303783882,0.116105099147869
2779,1.17053566968531,1.17053566968531,0.122679188828156
2780,0.697558040362783,0.697558040362783,0.11422852397415
2781,13.0922718708047,13.0922718708047,0.138623070496929
2782,0.252687116526523,0.252687116526523,0.124907436719004
2783,0.500381672286891,0.500381672286891,0.123336664088582
2784,0.497040845723611,0.497040845723611,0.136001138362573
2785,1.13992091274759,1.13992091274759,0.138968582816809
2786,0.683652596379309,0.683652596379309,0.157948873400209
2787,5.15051800176383,5.15051800176383,0.142744192734745
2788,2.44105294651989,2.44105294651989,0.104389108131619
2789,2.29417692300434,2.29417692300434,0.126891925318531
2790,0.312694792675261,0.312694792675261,0.166466259606281
2791,0.589479191627567,0.589479191627567,0.17480724151418
2792,0.59598166254236,0.59598166254236,0.102328882915262
2793,0.171461700463835,0.171461700463835,0.155698207371428
2794,2.57780473282126,2.57780473282126,0.128300084078227
2795,5.11509969104145,5.11509969104145,0.119600774863967
2796,1.33110665347189,1.33110665347189,0.112801486337715
2797,8.16548350803423,8.16548350803423,0.131189762321222
2798,1.04667802448764,1.04667802448764,0.147552627633093
2799,1.59999720879901,1.59999720879901,0.10416396175247
2800,3.84537448285288,3.84537448285288,0.171241151413027
2801,2.12091496689778,2.12091496689778,0.128940536056391
2802,3.72301100647712,3.72301100647712,0.120316240450752
2803,1.03662457858795,1.03662457858795,0.120647633088899
2804,1.40834110813514,1.40834110813514,0.105934309707294
2805,0.703530487556245,0.703530487556245,0.0965485930797664
2806,1.05674281364867,1.05674281364867,0.106416922090789
2807,1.155059794693,1.155059794693,0.158634452287445
2808,0.37420536788156,0.37420536788156,0.0870936254949003
2809,1.46463897129395,1.46463897129395,0.123600701764797
2810,1.64367637945236,1.64367637945236,0.112615993195249
2811,0.982828942579416,0.982828942579416,0.16197545369509
2812,0.999546168895,0.999546168895,0.158416037420077
2813,1.92312584278501,1.92312584278501,0.119967931176339
2814,5.14743623327225,5.14743623327225,0.122339212559507
2815,0.59036847995685,0.59036847995685,0.0867039875332065
2816,1.3665741895758,1.3665741895758,0.105000988524167
2817,2.53380585573377,2.53380585573377,0.112597949349055
2818,13.9380275773443,13.9380275773443,0.170313093168534
2819,8.24009832865127,8.24009832865127,0.137556046167776
2820,1.41130415165174,1.41130415165174,0.161571425889194
2821,1.88544347499854,1.88544347499854,0.122158756429523
2822,2.82330719360091,2.82330719360091,0.132940368705107
2823,6.15698407713315,6.15698407713315,0.11482569259943
2824,1.69400691911917,1.69400691911917,0.0986979733698147
2825,1.54225861267512,1.54225861267512,0.119824805483206
2826,2.57235667601446,2.57235667601446,0.128201659091253
2827,3.14420359360047,3.14420359360047,0.118427330460276
2828,2.40755704103428,2.40755704103428,0.115776493939787
2829,2.85748704803105,2.85748704803105,0.114505566860227
2830,11.262956579231,11.262956579231,0.1518448517113
2831,0.925776374994376,0.925776374994376,0.165529993857538
2832,0.942733034197749,0.942733034197749,0.156534050987941
2833,3.0676301533594,3.0676301533594,0.114530083678074
2834,1.80963504474598,1.80963504474598,0.130531716619848
2835,4.6701673951163,4.6701673951163,0.12357775109448
2836,0.380829693605245,0.380829693605245,0.095015021428582
2837,0.734956579756709,0.734956579756709,0.119557851870273
2838,0.178669209991642,0.178669209991642,0.152633931886011
2839,6.86566990127767,6.86566990127767,0.146617474682392
2840,1.4874124583159,1.4874124583159,0.0900409546380399
2841,0.75983840839096,0.75983840839096,0.172377446287727
2842,0.918025935588573,0.918025935588573,0.123932234371033
2843,7.1341259821291,7.1341259821291,0.128061635057123
2844,2.94607742380014,2.94607742380014,0.166007501860576
2845,0.52729508220338,0.52729508220338,0.112204265449843
2846,6.2857671874348,6.2857671874348,0.147658292341019
2847,1.70275167046238,1.70275167046238,0.127287405700733
2848,3.21080255137737,3.21080255137737,0.113719294744487
2849,0.562176861574121,0.562176861574121,0.189714389040911
2850,1.66651651026674,1.66651651026674,0.10810956959637
2851,1.73724872293834,1.73724872293834,0.103822377196502
2852,6.15014469957101,6.15014469957101,0.152857602299723
2853,0.527885256496272,0.527885256496272,0.192067193017761
2854,4.81152960321706,4.81152960321706,0.166125414546879
2855,2.85637164913481,2.85637164913481,0.1399421562345
2856,4.59374823837851,4.59374823837851,0.121895148752459
2857,2.09003358277793,2.09003358277793,0.106868074830634
2858,4.44292605973648,4.44292605973648,0.148427907651754
2859,3.61531417373676,3.61531417373676,0.119251292083264
2860,4.42218284185707,4.42218284185707,0.135442488115565
2861,3.29884130520963,3.29884130520963,0.112323230437638
2862,0.970764825308477,0.970764825308477,0.095565262805335
2863,3.06260380814387,3.06260380814387,0.0960232718306244
2864,1.77249439505863,1.77249439505863,0.121545708567602
2865,4.00801552799309,4.00801552799309,0.126647012091703
2866,2.73134063355539,2.73134063355539,0.103839601437851
2867,4.08969177861621,4.08969177861621,0.135765173664002
2868,0.364842012759476,0.364842012759476,0.105759413766636
2869,3.77355100719718,3.77355100719718,0.141542617403773
2870,2.5421397655046,2.5421397655046,0.182998835052115
2871,1.99106288260462,1.99106288260462,0.103890603818968
2872,0.441757820218731,0.441757820218731,0.129960203913362
2873,15.6910823980282,15.6910823980282,0.154059877144697
2874,1.29129899362737,1.29129899362737,0.131344468207365
2875,5.14630889760918,5.14630889760918,0.130877421132072
2876,1.84570263397065,1.84570263397065,0.110095911146466
2877,2.41231316511272,2.41231316511272,0.103836120460481
2878,6.14058504059757,6.14058504059757,0.110517934948911
2879,0.662076043622451,0.662076043622451,0.13186969856984
2880,1.39080653928818,1.39080653928818,0.101769109574465
2881,2.54824037135932,2.54824037135932,0.118187087955026
2882,1.0177629727834,1.0177629727834,0.0992412458442542
2883,4.72892249453459,4.72892249453459,0.122182224556041
2884,0.305568551914698,0.305568551914698,0.146563505425713
2885,1.09906019942317,1.09906019942317,0.165726351182097
2886,2.00634801608669,2.00634801608669,0.118187397288187
2887,2.2522001816287,2.2522001816287,0.137113963860383
2888,2.22256530728341,2.22256530728341,0.124248536352122
2889,0.254309610129059,0.254309610129059,0.133957100243166
2890,0.532915937072884,0.532915937072884,0.0900602882742056
2891,1.0892910598014,1.0892910598014,0.175079234877174
2892,1.18539641743092,1.18539641743092,0.0975776488372556
2893,9.40055315551404,9.40055315551404,0.150926627838562
2894,3.27500492633392,3.27500492633392,0.128763765961332
2895,1.55714133177929,1.55714133177929,0.119941322745573
2896,5.3104256261315,5.3104256261315,0.165295227812736
2897,0.76026372149759,0.76026372149759,0.13766868396247
2898,0.466215292642835,0.466215292642835,0.137182159436711
2899,1.46219857675467,1.46219857675467,0.204550234946191
2900,6.98753898386169,6.98753898386169,0.14661324801615
2901,0.133997065729089,0.133997065729089,0.149449911791032
2902,2.78003780466092,2.78003780466092,0.114305412643103
2903,0.601528110256556,0.601528110256556,0.165875509509371
2904,2.05996687444495,2.05996687444495,0.140595804647618
2905,2.97485759939758,2.97485759939758,0.133678275801871
2906,2.0627872586306,2.0627872586306,0.239954881984404
2907,0.69634795730376,0.69634795730376,0.204160975240346
2908,2.54691229392438,2.54691229392438,0.125335501665973
2909,10.3864699349156,10.3864699349156,0.122122845343774
2910,4.35047606524984,4.35047606524984,0.152180669892049
2911,4.31314538673176,4.31314538673176,0.15343629512266
2912,15.9198036224823,15.9198036224823,0.165409429008802
2913,0.0358759672558403,0.0358759672558403,0.0980266217430627
2914,1.48602807898535,1.48602807898535,0.108130661102396
2915,2.66691136791134,2.66691136791134,0.108120280543246
2916,1.19854416528738,1.19854416528738,0.210237060676079
2917,0.47472151403191,0.47472151403191,0.17302508078664
2918,1.16623239517825,1.16623239517825,0.133214035227375
2919,4.78466297024408,4.78466297024408,0.170483623525955
2920,3.90213580761439,3.90213580761439,0.149314400721573
2921,3.07304350229211,3.07304350229211,0.126160250472527
2922,3.12751913061534,3.12751913061534,0.202710877664531
2923,1.80656558599982,1.80656558599982,0.112627841025282
2924,1.48890186023056,1.48890186023056,0.118949672595487
2925,2.95298558778402,2.95298558778402,0.114508008327095
2926,3.7362696895644,3.7362696895644,0.123637486498682
2927,1.22445082888045,1.22445082888045,0.100631395320609
2928,2.08416604077348,2.08416604077348,0.152402751752423
2929,1.36301155338846,1.36301155338846,0.0993894726134292
2930,2.04600925758438,2.04600925758438,0.108899735519378
2931,1.22453242544398,1.22453242544398,0.14731017327581
2932,0.805102987180362,0.805102987180362,0.189472909321863
2933,9.96388758917731,9.96388758917731,0.159391536812586
2934,2.59963141460691,2.59963141460691,0.146553364893388
2935,5.96741313238187,5.96741313238187,0.12785253419578
2936,5.22450407828508,5.22450407828508,0.127228742066319
2937,2.09562809315028,2.09562809315028,0.121610534292389
2938,0.622338165347445,0.622338165347445,0.130195280218173
2939,1.7440752004441,1.7440752004441,0.0942431506078439
2940,2.00462351317887,2.00462351317887,0.133153558567616
2941,1.23306659468832,1.23306659468832,0.191788472612366
2942,1.50394433214969,1.50394433214969,0.159987217427639
2943,2.94728477368588,2.94728477368588,0.115911450875419
2944,1.76291949466133,1.76291949466133,0.108477252113797
2945,0.118999096254303,0.118999096254303,0.121679885348469
2946,6.26317183387935,6.26317183387935,0.110082194459112
2947,1.88733326171415,1.88733326171415,0.0934465393460227
2948,1.41390133517671,1.41390133517671,0.101161931516154
2949,0.751349327764523,0.751349327764523,0.189199141143687
2950,0.433429137137002,0.433429137137002,0.139583380617766
2951,1.27147160631978,1.27147160631978,0.146142308042756
2952,4.59983618563794,4.59983618563794,0.135342359463958
2953,2.43979172071099,2.43979172071099,0.0982769026394492
2954,2.02031662551487,2.02031662551487,0.11938740741115
2955,1.67520590432094,1.67520590432094,0.105654511113324
2956,1.58514583162614,1.58514583162614,0.107499860876306
2957,4.07265417486421,4.07265417486421,0.12255006088961
2958,0.9945494856001,0.9945494856001,0.108782855721504
2959,3.02322536006764,3.02322536006764,0.102651024612188
2960,3.25032234670171,3.25032234670171,0.110150987656357
2961,4.70502343196597,4.70502343196597,0.119007188144121
2962,1.15031159684133,1.15031159684133,0.118806036127422
2963,0.643347078468413,0.643347078468413,0.0923272027621331
2964,2.73832275474803,2.73832275474803,0.153307855724684
2965,1.55644848566473,1.55644848566473,0.117249534841439
2966,0.90356828612831,0.90356828612831,0.11233898000939
2967,1.64321072017241,1.64321072017241,0.100495287909017
2968,1.25449027618349,1.25449027618349,0.0950788048906462
2969,2.00678972516134,2.00678972516134,0.135810878299862
2970,7.59266163565,7.59266163565,0.129818434800466
2971,3.7246733960088,3.7246733960088,0.139423502142861
2972,1.91051989764271,1.91051989764271,0.105942648233273
2973,5.60611602022236,5.60611602022236,0.131468164101155
2974,2.81641514609413,2.81641514609413,0.149158361029572
2975,1.20492503854811,1.20492503854811,0.0942982467365524
2976,0.136848363897227,0.136848363897227,0.169283921897026
2977,2.16358094206768,2.16358094206768,0.117494245283338
2978,1.74506303160641,1.74506303160641,0.192201480997155
2979,0.595552834179454,0.595552834179454,0.134348342656557
2980,1.56495929228896,1.56495929228896,0.186856368310956
2981,1.09622196205168,1.09622196205168,0.213004795288252
2982,5.46076166159754,5.46076166159754,0.106867511433799
2983,2.78596572270435,2.78596572270435,0.133926778439026
2984,0.535785018306781,0.535785018306781,0.130883135157117
2985,2.16692613192484,2.16692613192484,0.11751242614622
2986,1.74513344944685,1.74513344944685,0.103905692134962
2987,20.0163500949596,20.0163500949596,0.14667098246755
2988,0.462485227006069,0.462485227006069,0.109018923679598
2989,2.97600866216624,2.97600866216624,0.11475285166817
2990,7.1600152831009,7.1600152831009,0.153254989611052
2991,0.316490772007806,0.316490772007806,0.134124984380607
2992,1.561546533476,1.561546533476,0.114391357917578
2993,4.44243538613896,4.44243538613896,0.128685404027176
2994,4.57511582220835,4.57511582220835,0.126470216024987
2995,0.71978135716136,0.71978135716136,0.184191741056168
2996,1.34386857179731,1.34386857179731,0.100090233693166
2997,0.364518192217954,0.364518192217954,0.0949767133884311
2998,3.07624988680301,3.07624988680301,0.138219671735114
2999,0.54453784665845,0.54453784665845,0.0916728403692949
3000,3.45736537779756,3.45736537779756,0.12874916616422
3001,0.79101638039124,0.79101638039124,0.0824706605010854
3002,0.193064141980664,0.193064141980664,0.170141526020241
3003,0.659510857073635,0.659510857073635,0.12476138456588
3004,0.562114247085971,0.562114247085971,0.184114909645174
3005,4.84224925764012,4.84224925764012,0.120134295442378
3006,1.34835054317983,1.34835054317983,0.163786686439971
3007,4.4232404952949,4.4232404952949,0.120469257700012
3008,0.789293664663975,0.789293664663975,0.203982930159496
3009,0.66893996984603,0.66893996984603,0.119495414735518
3010,0.145054024106377,0.145054024106377,0.147158284076073
3011,1.4218002603142,1.4218002603142,0.19590162255618
3012,5.86807117049983,5.86807117049983,0.132286441816123
3013,1.2153594543592,1.2153594543592,0.174506530879086
3014,1.24529245553842,1.24529245553842,0.104396416719912
3015,3.17255724477514,3.17255724477514,0.115897907545856
3016,1.37545705551235,1.37545705551235,0.0900362559861515
3017,6.15921113165486,6.15921113165486,0.160067835473725
3018,1.29251475345427,1.29251475345427,0.100369658902012
3019,0.843625061691601,0.843625061691601,0.0919398926810538
3020,0.193424446071722,0.193424446071722,0.135067738926577
3021,5.68114355710776,5.68114355710776,0.13686300649555
3022,3.60040311317655,3.60040311317655,0.130261747465263
3023,1.69088951961821,1.69088951961821,0.102101120828947
3024,1.97311073254286,1.97311073254286,0.103844048503217
3025,3.60429118985038,3.60429118985038,0.120376954987266
3026,1.37522135169043,1.37522135169043,0.0907039711238114
3027,10.6309219206009,10.6309219206009,0.16321909051994
3028,1.74570179446385,1.74570179446385,0.121590728126863
3029,1.704817566923,1.704817566923,0.176305757051303
3030,3.16095591768347,3.16095591768347,0.13825303349626
3031,1.33566205249849,1.33566205249849,0.100181355525737
3032,0.6742138114116,0.6742138114116,0.188501446065453
3033,3.94611564152824,3.94611564152824,0.141678633024943
3034,4.30227088975753,4.30227088975753,0.136530832000811
3035,0.870687984370635,0.870687984370635,0.0823301071517872
3036,5.56437181155127,5.56437181155127,0.163601834066756
3037,1.64817942043653,1.64817942043653,0.117505892114799
3038,2.11990681988503,2.11990681988503,0.117772784446692
3039,5.51952359542679,5.51952359542679,0.123276019942005
3040,3.25984611197994,3.25984611197994,0.0987896854996593
3041,2.30301660910877,2.30301660910877,0.122393359978602
3042,1.295242899693,1.295242899693,0.118495757115271
3043,11.1716224991608,11.1716224991608,0.166772682440396
3044,0.779746520680712,0.779746520680712,0.149979130657911
3045,1.13091715843952,1.13091715843952,0.101563488777916
3046,5.42834120096228,5.42834120096228,0.114934820019207
3047,1.51189240438566,1.51189240438566,0.123161729529916
3048,2.33573999421512,2.33573999421512,0.101165986539177
3049,14.9544093811466,14.9544093811466,0.153535394625823
3050,5.33122216436962,5.33122216436962,0.109679106599296
3051,0.590714541741185,0.590714541741185,0.158934943277238
3052,3.27746733190794,3.27746733190794,0.13746087385641
3053,7.7676726251456,7.7676726251456,0.134987535990912
3054,2.46196433633837,2.46196433633837,0.106853357847073
3055,0.604395694098831,0.604395694098831,0.134072908413999
3056,0.593385900037191,0.593385900037191,0.0828439194673744
3057,0.710868384418475,0.710868384418475,0.145411333450228
3058,2.37192191906856,2.37192191906856,0.143840205279348
3059,2.35764284476197,2.35764284476197,0.108909482849552
3060,0.520365350849827,0.520365350849827,0.153798852962051
3061,0.189044724292743,0.189044724292743,0.128482845361437
3062,8.01137388464404,8.01137388464404,0.170480944863442
3063,1.37172142923179,1.37172142923179,0.109065203814184
3064,1.08960390578843,1.08960390578843,0.158182308216616
3065,0.157474048136456,0.157474048136456,0.129038647783957
3066,4.5751756801712,4.5751756801712,0.113670313429056
3067,1.02076705809489,1.02076705809489,0.216842521007388
3068,1.12434132966716,1.12434132966716,0.0967719008705569
3069,0.88230649183964,0.88230649183964,0.157165910512896
3070,7.28198187702048,7.28198187702048,0.158749616038251
3071,5.90322513484368,5.90322513484368,0.137271953932018
3072,2.69019377026513,2.69019377026513,0.103214291883256
3073,0.544998039452328,0.544998039452328,0.140066012433571
3074,0.335442017996538,0.335442017996538,0.131696301379547
3075,3.46002716899717,3.46002716899717,0.152491769478085
3076,1.88725092431357,1.88725092431357,0.117751834659171
3077,0.885817927096169,0.885817927096169,0.116866520295651
3078,0.744130936166601,0.744130936166601,0.165676803249669
3079,0.773448811509707,0.773448811509707,0.0977183364832488
3080,3.88306332701757,3.88306332701757,0.150450595333966
3081,0.483433692074562,0.483433692074562,0.15938430783916
3082,1.13667242665904,1.13667242665904,0.227430540842617
3083,15.00534188923,15.00534188923,0.161158473358145
3084,2.2402421788519,2.2402421788519,0.138893317700394
3085,0.206578061435288,0.206578061435288,0.132758861585611
3086,4.07945705811642,4.07945705811642,0.142133196616427
3087,2.59085124645498,2.59085124645498,0.137047200982254
3088,1.14256666359351,1.14256666359351,0.090513010840564
3089,7.24907553678845,7.24907553678845,0.121759871688501
3090,3.09241432020589,3.09241432020589,0.125807904928748
3091,0.763556227146394,0.763556227146394,0.131515430324592
3092,2.67807772659241,2.67807772659241,0.125764999827219
3093,0.752799632384853,0.752799632384853,0.0902380577847028
3094,2.38411006681727,2.38411006681727,0.103823498144082
3095,2.79759912814951,2.79759912814951,0.133108453295991
3096,3.78009853302997,3.78009853302997,0.136939483834381
3097,0.956242035160384,0.956242035160384,0.112962751625714
3098,2.08464522647976,2.08464522647976,0.0811478535240358
3099,0.735596071630412,0.735596071630412,0.166064529986396
3100,5.30512898007221,5.30512898007221,0.149846274625869
3101,2.04430535477254,2.04430535477254,0.149860903905397
3102,9.90251196707164,9.90251196707164,0.160687780550715
3103,0.696465991650743,0.696465991650743,0.19810835421211
3104,1.19859537720806,1.19859537720806,0.173036094678817
3105,8.0136345635879,8.0136345635879,0.155225996904847
3106,8.84021756535218,8.84021756535218,0.152278223916981
3107,2.38667547683994,2.38667547683994,0.139579572144386
3108,0.822840195525451,0.822840195525451,0.184129458522429
3109,1.90179334527258,1.90179334527258,0.120528962259524
3110,4.72489648375886,4.72489648375886,0.142519029203173
3111,1.12635765611357,1.12635765611357,0.147432407614022
3112,9.75440531934852,9.75440531934852,0.160079907224321
3113,7.89005861759826,7.89005861759826,0.152117649907739
3114,3.44237153981809,3.44237153981809,0.103088646916731
3115,1.48287187091882,1.48287187091882,0.176862708043421
3116,2.36056875626197,2.36056875626197,0.0969342354570753
3117,1.12723323497073,1.12723323497073,0.0921820879628079
3118,2.85451500862232,2.85451500862232,0.131629381045589
3119,2.1837252205505,2.1837252205505,0.125344704876788
3120,1.76775224478323,1.76775224478323,0.176097535837886
3121,1.27004303075824,1.27004303075824,0.1734831152111
3122,2.0651889526564,2.0651889526564,0.15246948902621
3123,2.57669873423738,2.57669873423738,0.101504274611924
3124,2.27235512837531,2.27235512837531,0.110724353973932
3125,0.531442275888597,0.531442275888597,0.159793579278985
3126,4.95582767013683,4.95582767013683,0.120090908646347
3127,2.41319629937159,2.41319629937159,0.108921327091347
3128,0.378426865862651,0.378426865862651,0.159227983213515
3129,2.59756734718726,2.59756734718726,0.111815142894849
3130,6.20720778800776,6.20720778800776,0.114196566994077
3131,3.34192612018954,3.34192612018954,0.102973102024374
3132,4.41871720118057,4.41871720118057,0.140968978305584
3133,4.22060332683458,4.22060332683458,0.129088329183698
3134,3.09683387053055,3.09683387053055,0.1022840157858
3135,3.31273401573997,3.31273401573997,0.13284663131378
3136,1.05094669095426,1.05094669095426,0.0853927966315257
3137,2.36521873384787,2.36521873384787,0.122614893921941
3138,3.18894221490307,3.18894221490307,0.113418430529286
3139,6.87027020676004,6.87027020676004,0.144244596120981
3140,1.05731277821828,1.05731277821828,0.135955179410778
3141,9.85179924709728,9.85179924709728,0.152626603604246
3142,2.33790840546487,2.33790840546487,0.119603518215166
3143,3.16043539230882,3.16043539230882,0.107366397517251
3144,1.53623935638189,1.53623935638189,0.153493793673542
3145,11.5254831147901,11.5254831147901,0.137630397708073
3146,7.01195339489513,7.01195339489513,0.156820051328149
3147,0.964403205502411,0.964403205502411,0.100015126336251
3148,2.82712966470553,2.82712966470553,0.138261724740726
3149,1.93789766640862,1.93789766640862,0.100126696280632
3150,1.64501542234717,1.64501542234717,0.0962828632891096
3151,5.03875445282323,5.03875445282323,0.141429494989034
3152,0.647968992185267,0.647968992185267,0.125497814258891
3153,1.78555514195172,1.78555514195172,0.125373850824948
3154,0.20302206015444,0.20302206015444,0.166295280072187
3155,2.06856844746501,2.06856844746501,0.103480652253307
3156,2.07544160536992,2.07544160536992,0.111180477267934
3157,1.37397311818134,1.37397311818134,0.10248709581073
3158,1.22017598263717,1.22017598263717,0.102805379851459
3159,18.2383689877635,18.2383689877635,0.157537581024801
3160,8.64709067770636,8.64709067770636,0.135003452203793
3161,0.313901414123106,0.313901414123106,0.147683480854493
3162,7.4964108344604,7.4964108344604,0.141594930595043
3163,0.458445781844667,0.458445781844667,0.115282714664385
3164,0.360700647148636,0.360700647148636,0.135630191303198
3165,3.3997214059098,3.3997214059098,0.122962168928527
3166,3.21006646401307,3.21006646401307,0.149602465455144
3167,6.4126619388588,6.4126619388588,0.117278522761557
3168,3.87492034131287,3.87492034131287,0.136176865914556
3169,0.483302040809958,0.483302040809958,0.162474042913244
3170,9.07963283751311,9.07963283751311,0.137853966830866
3171,2.07183373870135,2.07183373870135,0.137639966701038
3172,1.84236695383138,1.84236695383138,0.130123083410594
3173,0.410229420829877,0.410229420829877,0.134469510190839
3174,1.01505109447199,1.01505109447199,0.19449490847189
3175,1.15541213356584,1.15541213356584,0.0957559839479801
3176,2.46411644598161,2.46411644598161,0.13697806026596
3177,17.4616722038204,17.4616722038204,0.156816261256954
3178,0.464049876161706,0.464049876161706,0.138082786602903
3179,4.01011939190962,4.01011939190962,0.09916573672945
3180,1.69681026621287,1.69681026621287,0.0834517488811403
3181,2.0208421073958,2.0208421073958,0.104953000869956
3182,2.15931407813572,2.15931407813572,0.148977072861101
3183,11.202920750621,11.202920750621,0.161345567862991
3184,2.273081670076,2.273081670076,0.163617195327064
3185,1.27863837690985,1.27863837690985,0.136232004379762
3186,1.13930627400735,1.13930627400735,0.104170385770092
3187,5.56739783602644,5.56739783602644,0.108522909892584
3188,0.854352285266069,0.854352285266069,0.0947323883472129
3189,1.79684077634752,1.79684077634752,0.114302844877928
3190,0.430380460612555,0.430380460612555,0.144483056671328
3191,1.04471111043005,1.04471111043005,0.170545898308222
3192,2.58670828891309,2.58670828891309,0.0918398878227714
3193,1.78632265180136,1.78632265180136,0.104333130851417
3194,2.8024465774569,2.8024465774569,0.123358928899972
3195,0.411383473887168,0.411383473887168,0.0937179526676092
3196,0.117160503747451,0.117160503747451,0.208611389834193
3197,9.48695191680858,9.48695191680858,0.159105721931573
3198,1.27743297431646,1.27743297431646,0.108313912863554
3199,1.16652269529503,1.16652269529503,0.0944024758372155
3200,8.55176293942379,8.55176293942379,0.175622840625898
3201,7.49780170750388,7.49780170750388,0.143951594389949
3202,2.27514074448269,2.27514074448269,0.127473490302307
3203,0.701135128353447,0.701135128353447,0.187648189348658
3204,1.67540151375953,1.67540151375953,0.100153923769274
3205,5.32208304829304,5.32208304829304,0.129606132614274
3206,0.839300176633995,0.839300176633995,0.122544428011833
3207,3.34466943228977,3.34466943228977,0.105473063588741
3208,0.699816379855778,0.699816379855778,0.138761884087972
3209,1.91189828176557,1.91189828176557,0.177855084319905
3210,1.76506211029944,1.76506211029944,0.102503947518168
3211,0.78192111823745,0.78192111823745,0.158067754024208
3212,14.3570089190621,14.3570089190621,0.151875484609919
3213,3.43056268432527,3.43056268432527,0.0994643194581667
3214,2.19951477734786,2.19951477734786,0.117950790476767
3215,3.93758536858532,3.93758536858532,0.118929537303912
3216,4.21717044727881,4.21717044727881,0.126824936903075
3217,19.908521085813,19.908521085813,0.155673266395729
3218,0.49382225741999,0.49382225741999,0.17001185776268
3219,0.700703700424302,0.700703700424302,0.137866476477209
3220,1.93679456484568,1.93679456484568,0.0995359318027911
3221,2.01398510807398,2.01398510807398,0.101634552884702
3222,1.72034996582747,1.72034996582747,0.115131390863694
3223,2.24206914725459,2.24206914725459,0.0953207807536771
3224,1.21826455837654,1.21826455837654,0.138696179774127
3225,0.538246413363199,0.538246413363199,0.156292159869056
3226,3.69762716122686,3.69762716122686,0.122794544139015
3227,2.74552939076682,2.74552939076682,0.115878498867441
3228,0.651082297331938,0.651082297331938,0.186766770956022
3229,0.946596570647627,0.946596570647627,0.157230335785247
3230,0.856412150419176,0.856412150419176,0.213806905531397
3231,0.596089233473173,0.596089233473173,0.103498943502908
3232,7.46217561058686,7.46217561058686,0.118086502004638
3233,0.451529190241613,0.451529190241613,0.133586499777503
3234,1.51759782088937,1.51759782088937,0.100322214337906
3235,0.679365458712478,0.679365458712478,0.120282330009492
3236,5.66932703097093,5.66932703097093,0.125380851368395
3237,0.319958965763902,0.319958965763902,0.176534051914055
3238,3.23728858505623,3.23728858505623,0.123127806121204
3239,15.2034973878887,15.2034973878887,0.139268518412891
3240,0.289887170203759,0.289887170203759,0.167240438859905
3241,3.53308776668209,3.53308776668209,0.120212234206499
3242,13.8379457800732,13.8379457800732,0.16281397978348
3243,0.385935249568557,0.385935249568557,0.115342307267577
3244,4.1743356055705,4.1743356055705,0.0995673915991861
3245,1.38059710784592,1.38059710784592,0.09124187692528
3246,1.69453592235564,1.69453592235564,0.180785783060762
3247,1.75658782535601,1.75658782535601,0.109981395592484
3248,1.18439682312968,1.18439682312968,0.0886434706784258
3249,3.91109892330479,3.91109892330479,0.142371408419758
3250,1.04136886558889,1.04136886558889,0.175116091060842
3251,1.0502252860825,1.0502252860825,0.11131191940189
3252,7.68135429269823,7.68135429269823,0.149886226819612
3253,0.750783461706323,0.750783461706323,0.108581836798024
3254,2.74993092238894,2.74993092238894,0.108425374620318
3255,2.20443858678744,2.20443858678744,0.138230852571708
3256,0.373166284633416,0.373166284633416,0.159161135722461
3257,2.59519038458445,2.59519038458445,0.111356790945131
3258,6.18136256442333,6.18136256442333,0.138382218476863
3259,2.59421567579507,2.59421567579507,0.103770718577056
3260,3.21744161655711,3.21744161655711,0.140355347622966
3261,5.05559885388155,5.05559885388155,0.138902055145491
3262,6.46039653579006,6.46039653579006,0.125929694685914
3263,2.1955482313316,2.1955482313316,0.0922748629774511
3264,1.90339699398218,1.90339699398218,0.167663914688392
3265,2.78924759588578,2.78924759588578,0.156828495141294
3266,4.25462885048278,4.25462885048278,0.139799749050541
3267,0.444791501271859,0.444791501271859,0.149630638986127
3268,1.33181642305021,1.33181642305021,0.167178992559801
3269,2.78668317412789,2.78668317412789,0.102917472673582
3270,1.77604203475731,1.77604203475731,0.0963972089582659
3271,4.3165716578413,4.3165716578413,0.143752732240036
3272,4.66750078962636,4.66750078962636,0.154468155258514
3273,0.195273191383785,0.195273191383785,0.197325080368068
3274,11.9758389194355,11.9758389194355,0.158731328391228
3275,0.70174476465323,0.70174476465323,0.101024787006763
3276,1.91392331608636,1.91392331608636,0.117342863798536
3277,0.366546687456558,0.366546687456558,0.143845180163113
3278,0.808367799658698,0.808367799658698,0.093310605607211
3279,2.78027123085266,2.78027123085266,0.125441712924017
3280,2.71839990262599,2.71839990262599,0.130634836353897
3281,18.8656875989869,18.8656875989869,0.154217503300554
3282,3.41917024345053,3.41917024345053,0.130387330418435
3283,1.57259986986907,1.57259986986907,0.0944591420214277
3284,2.2085689471086,2.2085689471086,0.114840005248425
3285,12.4351628599528,12.4351628599528,0.145880290767359
3286,0.981488443744362,0.981488443744362,0.154437523196207
3287,0.573645712393397,0.573645712393397,0.114541163049606
3288,0.475841145710187,0.475841145710187,0.16810747163098
3289,6.15611919084498,6.15611919084498,0.149222261149352
3290,2.25770830842653,2.25770830842653,0.119409974260668
3291,2.58997727191313,2.58997727191313,0.113456168504163
3292,1.55974497726352,1.55974497726352,0.0991887981891536
3293,4.22949991730645,4.22949991730645,0.116955026150113
3294,3.04328212879096,3.04328212879096,0.119426943926336
3295,4.91681570737759,4.91681570737759,0.117024634917325
3296,4.58409653638551,4.58409653638551,0.127414842967797
3297,1.26015022905819,1.26015022905819,0.0899951016462596
3298,0.285106538918208,0.285106538918208,0.13528689815975
3299,5.09205306101389,5.09205306101389,0.132768304008935
3300,3.96081377050523,3.96081377050523,0.122524798186379
3301,0.334448936228739,0.334448936228739,0.124497170837403
3302,0.979656216636502,0.979656216636502,0.172015765764069
3303,0.594677395032425,0.594677395032425,0.106344870832349
3304,0.372008016552648,0.372008016552648,0.160367571393476
3305,7.16947909038504,7.16947909038504,0.122390491356714
3306,8.9234783560963,8.9234783560963,0.140824327769596
3307,1.64893582363207,1.64893582363207,0.0844091404734793
3308,0.95470141920642,0.95470141920642,0.135086462145663
3309,1.20760634526253,1.20760634526253,0.0974604149935936
3310,0.37502189302817,0.37502189302817,0.160750493206594
3311,1.79455088059748,1.79455088059748,0.100059235305169
3312,2.1956631268231,2.1956631268231,0.099514231062703
3313,4.57948266569037,4.57948266569037,0.137489630306986
3314,8.4186830030341,8.4186830030341,0.143414546411695
3315,3.25828194791682,3.25828194791682,0.107123966681864
3316,7.15831378256125,7.15831378256125,0.134753437857109
3317,3.10300789126445,3.10300789126445,0.162597208742921
3318,2.94183070765441,2.94183070765441,0.115213467827111
3319,0.844935416219012,0.844935416219012,0.202504634668516
3320,0.789320917554605,0.789320917554605,0.131687924982978
3321,8.68552282142605,8.68552282142605,0.140761339248663
3322,6.50722663314447,6.50722663314447,0.123443897932423
3323,2.95759758710547,2.95759758710547,0.12945055320454
3324,0.437931723752463,0.437931723752463,0.154408937625956
3325,3.71109815833849,3.71109815833849,0.119255241275478
3326,4.75754981828817,4.75754981828817,0.138052184788895
3327,0.713423016938854,0.713423016938854,0.0960158482729861
3328,1.98958227369074,1.98958227369074,0.10182442308569
3329,0.388781773506401,0.388781773506401,0.241781783290247
3330,3.10542026191494,3.10542026191494,0.109685654826377
3331,2.70953051885881,2.70953051885881,0.102091572366728
3332,5.663155854485,5.663155854485,0.11729324487168
3333,3.43401663710655,3.43401663710655,0.15017687119342
3334,5.30293611360083,5.30293611360083,0.177767182071133
3335,7.27952072399834,7.27952072399834,0.124840448548062
3336,0.348797429983228,0.348797429983228,0.121259485882597
3337,0.542484732679024,0.542484732679024,0.19788438443822
3338,1.29945315093659,1.29945315093659,0.105332628139033
3339,2.4833536659427,2.4833536659427,0.15886252586012
3340,4.31287642813758,4.31287642813758,0.111600372549819
3341,2.36808666794895,2.36808666794895,0.1186423797836
3342,1.10778942786636,1.10778942786636,0.102996832810495
3343,0.372983044662443,0.372983044662443,0.164431716741089
3344,2.52547494002918,2.52547494002918,0.107283427437299
3345,3.65343213489871,3.65343213489871,0.117427547108886
3346,2.31959271611946,2.31959271611946,0.0883746819284819
3347,0.192947506920632,0.192947506920632,0.149559964602457
3348,4.96416746523948,4.96416746523948,0.120602195360169
3349,0.819057683015278,0.819057683015278,0.0917345956300801
3350,0.72143522771492,0.72143522771492,0.189176654766794
3351,1.60383942631704,1.60383942631704,0.0997433858494594
3352,1.39823193987302,1.39823193987302,0.111512497190965
3353,1.97513455653375,1.97513455653375,0.103482874733411
3354,2.49869622781805,2.49869622781805,0.123406631223966
3355,2.39176446214538,2.39176446214538,0.108336111675649
3356,3.00264474820681,3.00264474820681,0.111648879701653
3357,0.755313031559357,0.755313031559357,0.117601295980698
3358,1.60414791447615,1.60414791447615,0.11827190215456
3359,1.76741008512697,1.76741008512697,0.112726202648116
3360,4.33840848110455,4.33840848110455,0.11252248343413
3361,4.08398309898295,4.08398309898295,0.103360324825693
3362,2.20268434805735,2.20268434805735,0.132680069412209
3363,0.584125090586916,0.584125090586916,0.194842856690616
3364,4.75597205558823,4.75597205558823,0.145491329740137
3365,0.628293540852424,0.628293540852424,0.182826488078181
3366,3.19157915639015,3.19157915639015,0.132600039980418
3367,0.953922476041043,0.953922476041043,0.16870804057841
3368,1.25622358134296,1.25622358134296,0.14507970413665
3369,4.59123388199596,4.59123388199596,0.124003074502312
3370,0.644064366056295,0.644064366056295,0.14841293213389
3371,3.75091911265426,3.75091911265426,0.108031384104844
3372,0.787940268164522,0.787940268164522,0.0912090546853101
3373,5.48005152533506,5.48005152533506,0.141758014835581
3374,4.36944942605086,4.36944942605086,0.135401413164347
3375,0.217667553334672,0.217667553334672,0.230089241261592
3376,0.280403232138579,0.280403232138579,0.141286414504263
3377,1.93188539006251,1.93188539006251,0.110059119755708
3378,0.747224479268266,0.747224479268266,0.0944595993781014
3379,3.27282218457386,3.27282218457386,0.117946456885798
3380,0.812861411200885,0.812861411200885,0.136132767275943
3381,8.80480922942508,8.80480922942508,0.120961018784542
3382,0.744751995571418,0.744751995571418,0.123620297670407
3383,1.41734895484533,1.41734895484533,0.100926432677033
3384,1.5037081487063,1.5037081487063,0.132373857723186
3385,5.72531130973108,5.72531130973108,0.125732276038121
3386,1.24910833219215,1.24910833219215,0.181298033265434
3387,6.43557857081877,6.43557857081877,0.131490142326343
3388,1.17151462882555,1.17151462882555,0.183133135365083
3389,0.582413121594242,0.582413121594242,0.164033824295144
3390,3.34192096338204,3.34192096338204,0.142749065766191
3391,5.01865190312123,5.01865190312123,0.136307985469309
3392,2.09644439190393,2.09644439190393,0.136183096868372
3393,3.12416094484851,3.12416094484851,0.129066691066827
3394,2.84460113276045,2.84460113276045,0.144493968463747
3395,1.28647937515634,1.28647937515634,0.166840627866575
3396,0.188096812210868,0.188096812210868,0.133432600325196
3397,5.61558924949115,5.61558924949115,0.116312486832772
3398,0.0930694626052145,0.0930694626052145,0.158606915949319
3399,3.55439602353337,3.55439602353337,0.119477753054746
3400,1.2543305314698,1.2543305314698,0.218328004543336
3401,6.25819706272747,6.25819706272747,0.119750429836061
3402,0.690104242692174,0.690104242692174,0.130707790709243
3403,3.31748055516448,3.31748055516448,0.134093956911222
3404,1.02684338032127,1.02684338032127,0.102329729997219
3405,2.31112685556598,2.31112685556598,0.119845970237177
3406,0.236245528411097,0.236245528411097,0.0999024137843276
3407,8.95619036301066,8.95619036301066,0.109919413616555
3408,2.90311093635759,2.90311093635759,0.134183581526718
3409,1.04234325333377,1.04234325333377,0.168978828444307
3410,1.73607140275096,1.73607140275096,0.140054541432036
3411,2.94858247709182,2.94858247709182,0.0929686720530049
3412,5.94737861704255,5.94737861704255,0.108083253866723
3413,0.477873459436586,0.477873459436586,0.138278685835454
3414,0.309710603972927,0.309710603972927,0.17733150813196
3415,0.626581624481696,0.626581624481696,0.149785125750004
3416,7.15104004864924,7.15104004864924,0.13039579739127
3417,0.381244953210737,0.381244953210737,0.177318443336138
3418,1.44052503513192,1.44052503513192,0.118348068311202
3419,2.73525191439635,2.73525191439635,0.108241964144788
3420,2.08126023906562,2.08126023906562,0.117054075070206
3421,3.63636159808415,3.63636159808415,0.139707974245505
3422,0.239032195016803,0.239032195016803,0.167372118610847
3423,2.69550921246844,2.69550921246844,0.120947575421623
3424,1.10683357557968,1.10683357557968,0.116339183140882
3425,0.725990254508832,0.725990254508832,0.142875762756817
3426,0.965615876937171,0.965615876937171,0.0986560727794292
3427,1.62947844874533,1.62947844874533,0.101778941893093
3428,0.95002316018781,0.95002316018781,0.207907271753354
3429,4.95932576660906,4.95932576660906,0.130178858166171
3430,3.90464002230135,3.90464002230135,0.137726741274315
3431,5.1712162181074,5.1712162181074,0.157798590936563
3432,0.221612646773421,0.221612646773421,0.103994770262664
3433,0.239987118685281,0.239987118685281,0.190929009494712
3434,0.281920246678345,0.281920246678345,0.128290919004665
3435,3.16020236839199,3.16020236839199,0.109160792686139
3436,5.59571411521437,5.59571411521437,0.109057934879501
3437,3.90401193022417,3.90401193022417,0.148791466758908
3438,3.05251625348703,3.05251625348703,0.115167023133737
3439,2.44938173414946,2.44938173414946,0.091908989634289
3440,2.01898793234616,2.01898793234616,0.198601832766322
3441,2.91208832356762,2.91208832356762,0.156857650379424
3442,1.94565603636656,1.94565603636656,0.0867273005183179
3443,2.79417941966029,2.79417941966029,0.109191115691115
3444,2.44772595335357,2.44772595335357,0.112207125381177
3445,1.74327142581692,1.74327142581692,0.105011291477359
3446,1.17549263843547,1.17549263843547,0.109437477063981
3447,2.05822470001909,2.05822470001909,0.118228005623942
3448,2.46957010021682,2.46957010021682,0.158081843477307
3449,6.39267238609297,6.39267238609297,0.147979960223689
3450,0.32439263439224,0.32439263439224,0.177484778206666
3451,3.50965798086575,3.50965798086575,0.129365366994132
3452,0.72456841218386,0.72456841218386,0.143396894685888
3453,0.468756849002817,0.468756849002817,0.131509753920802
3454,6.83022673506301,6.83022673506301,0.132108133249907
3455,1.33118734150286,1.33118734150286,0.164482110146068
3456,17.9330026158552,17.9330026158552,0.163664480231027
3457,1.79390123930823,1.79390123930823,0.104726275965191
3458,3.83279108962151,3.83279108962151,0.116030026263457
3459,0.481429039097703,0.481429039097703,0.120014684131007
3460,1.38375589785944,1.38375589785944,0.125060736959539
3461,0.599426408038558,0.599426408038558,0.188445052695906
3462,2.82862280438942,2.82862280438942,0.150093441817432
3463,1.03035507733967,1.03035507733967,0.162536340872162
3464,1.18725515058848,1.18725515058848,0.187842213730525
3465,0.669633470124241,0.669633470124241,0.120984357732005
3466,1.57148973112671,1.57148973112671,0.129436069032453
3467,10.8200212311158,10.8200212311158,0.165405453219351
3468,0.726464615587945,0.726464615587945,0.141667186311959
3469,1.62009550284821,1.62009550284821,0.0902177383603071
3470,3.03596997290944,3.03596997290944,0.106424049921144
3471,1.678251183185,1.678251183185,0.110211482591886
3472,1.05840191091416,1.05840191091416,0.196066664449661
3473,1.93758929629433,1.93758929629433,0.0961054775133963
3474,2.0496171346584,2.0496171346584,0.128740021325215
3475,2.70958934121305,2.70958934121305,0.134802515222897
3476,2.61728980570766,2.61728980570766,0.123731168228577
3477,3.55420238877068,3.55420238877068,0.143959408115795
3478,0.528861484491003,0.528861484491003,0.176271130973971
3479,0.477507296618232,0.477507296618232,0.136479316305992
3480,0.95551836758271,0.95551836758271,0.181410109269463
3481,1.72804604244199,1.72804604244199,0.116258070057601
3482,5.25482702255738,5.25482702255738,0.177356577597233
3483,1.44806577036223,1.44806577036223,0.159025409999963
3484,11.9877106917377,11.9877106917377,0.127233227439603
3485,1.6033346214884,1.6033346214884,0.100475766198105
3486,0.389828991000989,0.389828991000989,0.113912161462247
3487,4.70038175858562,4.70038175858562,0.127242097924924
3488,1.60417673613089,1.60417673613089,0.104714923876613
3489,3.35111875000294,3.35111875000294,0.126714430918751
3490,1.02205978944115,1.02205978944115,0.174063063595789
3491,4.2788064838734,4.2788064838734,0.159460303481797
3492,0.579810367912634,0.579810367912634,0.125737083475563
3493,2.59108532277223,2.59108532277223,0.126652404250454
3494,0.876657334419754,0.876657334419754,0.0997340465650458
3495,0.312812936725806,0.312812936725806,0.118162954499897
3496,0.740444150466981,0.740444150466981,0.0951860241003696
3497,2.6089882016387,2.6089882016387,0.115412634271635
3498,1.23882024964608,1.23882024964608,0.142215833086546
3499,2.57453826131302,2.57453826131302,0.152880801069509
3500,1.32100711447798,1.32100711447798,0.117385786352803
3501,0.256992803536454,0.256992803536454,0.178359528951526
3502,2.82802876456079,2.82802876456079,0.126296572837444
3503,2.78025365499388,2.78025365499388,0.122946992174734
3504,1.45287492108704,1.45287492108704,0.164661917331497
3505,5.46015870914104,5.46015870914104,0.113225365282111
3506,3.64204792141193,3.64204792141193,0.108606029243858
3507,2.6550326306929,2.6550326306929,0.123463806193382
3508,0.696964210057814,0.696964210057814,0.103405058493103
3509,1.87803875908761,1.87803875908761,0.124037170978496
3510,4.94713278268086,4.94713278268086,0.153159697001259
3511,2.22133010456185,2.22133010456185,0.130148599612747
3512,2.96819940683501,2.96819940683501,0.0903134517778551
3513,2.62923419984896,2.62923419984896,0.133712184735748
3514,1.82701672782106,1.82701672782106,0.137171602813049
3515,0.236018935032967,0.236018935032967,0.124588075852915
3516,0.803445663617045,0.803445663617045,0.143817136513263
3517,3.43683087715799,3.43683087715799,0.148541723185652
3518,10.0189681162496,10.0189681162496,0.149845423188363
3519,0.486456451882323,0.486456451882323,0.179971831609644
3520,9.49237415341516,9.49237415341516,0.161551936753669
3521,1.70408726817516,1.70408726817516,0.121011276453452
3522,3.14022057538051,3.14022057538051,0.118652829232484
3523,2.15558704922532,2.15558704922532,0.117903797912312
3524,0.8725683378059,0.8725683378059,0.0940522973256877
3525,7.63334026788963,7.63334026788963,0.147376097810868
3526,10.5831289686514,10.5831289686514,0.134820274483642
3527,2.00728139745007,2.00728139745007,0.100675959878554
3528,6.50042634415638,6.50042634415638,0.129105456680314
3529,0.54686299931923,0.54686299931923,0.160952393285813
3530,2.69559981702394,2.69559981702394,0.110330105636869
3531,1.2072649786319,1.2072649786319,0.164743081809719
3532,4.13892960335109,4.13892960335109,0.133203235094812
3533,5.56516406238693,5.56516406238693,0.137416683012376
3534,0.172352030756138,0.172352030756138,0.186503410323051
3535,2.54548902598467,2.54548902598467,0.105408846068055
3536,5.30894135423975,5.30894135423975,0.116487025681886
3537,0.780514907702643,0.780514907702643,0.142879662445102
3538,0.370305436873095,0.370305436873095,0.192785432395676
3539,1.26464998002249,1.26464998002249,0.100460315486374
3540,3.92649607521422,3.92649607521422,0.0990154995709886
3541,0.876530646910699,0.876530646910699,0.197937355390829
3542,3.55161413591316,3.55161413591316,0.154869042374833
3543,2.48023600719829,2.48023600719829,0.0958490507396201
3544,4.32015856704537,4.32015856704537,0.125607226343024
3545,0.467586052411708,0.467586052411708,0.113410252627462
3546,0.463166532746204,0.463166532746204,0.131897245281341
3547,0.840066632054633,0.840066632054633,0.203046600144025
3548,0.832585429955156,0.832585429955156,0.0915604029844314
3549,1.48091367662032,1.48091367662032,0.0903487361840851
3550,2.66762724450049,2.66762724450049,0.20574851462159
3551,6.17181730451886,6.17181730451886,0.155778602532343
3552,0.186383403479379,0.186383403479379,0.13592081410476
3553,1.64235178453484,1.64235178453484,0.137015187551121
3554,5.89508472902883,5.89508472902883,0.154086913673744
3555,2.27597922158945,2.27597922158945,0.115881089496881
3556,7.25902652518123,7.25902652518123,0.158246736038866
3557,2.90292758887604,2.90292758887604,0.103822658634264
3558,0.800803261035487,0.800803261035487,0.0934109035698483
3559,5.5186005783179,5.5186005783179,0.149575499733979
3560,0.518660005170002,0.518660005170002,0.144679534985542
3561,3.23100207051897,3.23100207051897,0.102929176047254
3562,1.51542377670582,1.51542377670582,0.0963730131174768
3563,0.724662647806372,0.724662647806372,0.0843535045045605
3564,1.46284963064182,1.46284963064182,0.0932845266165667
3565,0.764347453721985,0.764347453721985,0.137178364848263
3566,0.792545173317337,0.792545173317337,0.153420372917759
3567,0.923640465556442,0.923640465556442,0.162678307310144
3568,3.29484811122547,3.29484811122547,0.0961079293068787
3569,3.07608414226351,3.07608414226351,0.131427764309295
3570,2.49729354837009,2.49729354837009,0.113461552594752
3571,0.103107341599602,0.103107341599602,0.175993208203282
3572,6.00381478530532,6.00381478530532,0.146461440665262
3573,2.90655885291573,2.90655885291573,0.12829866058407
3574,4.5039352777105,4.5039352777105,0.15398620543718
3575,0.781595335185996,0.781595335185996,0.193462229415777
3576,0.604399172479981,0.604399172479981,0.186074650384407
3577,1.08585658538143,1.08585658538143,0.0933871338627011
3578,2.79012303563026,2.79012303563026,0.131522403953638
3579,0.717994897135705,0.717994897135705,0.0975074875925213
3580,5.55796613322307,5.55796613322307,0.135417467234959
3581,8.09126252582487,8.09126252582487,0.133440895751483
3582,0.289590517144251,0.289590517144251,0.130186954998265
3583,5.11460360688283,5.11460360688283,0.116534860853895
3584,0.451555301773498,0.451555301773498,0.130640749413898
3585,3.45449208437143,3.45449208437143,0.117801010337899
3586,13.0835281749899,13.0835281749899,0.135038584265044
3587,1.66437774437876,1.66437774437876,0.105876635711716
3588,1.32844943268928,1.32844943268928,0.0909328755294396
3589,1.22467996340605,1.22467996340605,0.0996159564955263
3590,4.1261464810939,4.1261464810939,0.145164534748553
3591,3.01738675732767,3.01738675732767,0.113257629979994
3592,3.47158076967788,3.47158076967788,0.115553762737585
3593,1.06776476549352,1.06776476549352,0.0891469966284743
3594,0.16318499388297,0.16318499388297,0.0810690588854888
3595,8.42113910492256,8.42113910492256,0.146212116649699
3596,1.12654802754861,1.12654802754861,0.110332630078004
3597,0.704984612216232,0.704984612216232,0.195605647040415
3598,0.678522302854518,0.678522302854518,0.157906455861655
3599,6.39629492414926,6.39629492414926,0.158924802823306
3600,1.40710013484017,1.40710013484017,0.103352977289273
3601,0.424725452428982,0.424725452428982,0.0931516449611202
3602,2.62086945778798,2.62086945778798,0.125700807452234
3603,3.01848798471809,3.01848798471809,0.11221340307683
3604,2.92059842026376,2.92059842026376,0.217002135380834
3605,8.99332934308693,8.99332934308693,0.148210518871693
3606,2.90068292312226,2.90068292312226,0.118583972132183
3607,3.91062332035137,3.91062332035137,0.108468575094571
3608,0.745651649762133,0.745651649762133,0.112206381448285
3609,0.724308842982219,0.724308842982219,0.156670424829099
3610,3.47834844545298,3.47834844545298,0.112584848283635
3611,10.7293663972926,10.7293663972926,0.159534457880629
3612,8.383071420038,8.383071420038,0.143295853129042
3613,0.297905381062357,0.297905381062357,0.179346886643856
3614,2.62675671192837,2.62675671192837,0.109910768318421
3615,1.85630249024272,1.85630249024272,0.126835120487855
3616,1.20929321035971,1.20929321035971,0.0991530820402051
3617,1.54037556317875,1.54037556317875,0.109976262899347
3618,3.32617632716624,3.32617632716624,0.103210079063127
3619,0.241398619967467,0.241398619967467,0.175596370521475
3620,6.61170418446459,6.61170418446459,0.147833096148395
3621,0.357738472650068,0.357738472650068,0.126149189313606
3622,2.15180198265614,2.15180198265614,0.120494071745644
3623,3.9238161175093,3.9238161175093,0.114057700639138
3624,2.99118132574267,2.99118132574267,0.137751382356842
3625,10.2946958298777,10.2946958298777,0.159725400014426
3626,10.7864664819203,10.7864664819203,0.157794215594624
3627,2.7348796466537,2.7348796466537,0.128801078617001
3628,0.380701331304762,0.380701331304762,0.131668580687315
3629,2.59453982232353,2.59453982232353,0.129196344912101
3630,4.51723494761102,4.51723494761102,0.10500201738993
3631,11.8767233228429,11.8767233228429,0.161193459279964
3632,0.996742157185995,0.996742157185995,0.171139756274725
3633,1.0567426189179,1.0567426189179,0.148943748131282
3634,1.47128579096754,1.47128579096754,0.11925633296789
3635,6.37634657872676,6.37634657872676,0.140399280402554
3636,1.14483719566564,1.14483719566564,0.117397763732215
3637,3.18213309025222,3.18213309025222,0.112387524945778
3638,2.00925427050315,2.00925427050315,0.118984879026059
3639,2.57999097332267,2.57999097332267,0.115268434528103
3640,1.02760718936169,1.02760718936169,0.146451493631599
3641,5.19379658555629,5.19379658555629,0.13455666414719
3642,2.04131436540436,2.04131436540436,0.0967616131725855
3643,5.88818876628974,5.88818876628974,0.134651036878437
3644,13.3565730375464,13.3565730375464,0.170795561471351
3645,0.28363905187395,0.28363905187395,0.153868780087286
3646,5.20563693096214,5.20563693096214,0.148401999411666
3647,2.96910681547945,2.96910681547945,0.123700615335795
3648,2.97223606267582,2.97223606267582,0.135841515418226
3649,1.17738550663194,1.17738550663194,0.170317864248688
3650,5.55427182160431,5.55427182160431,0.147117293507656
3651,2.12360083967514,2.12360083967514,0.144439679684044
3652,3.74977205912255,3.74977205912255,0.119369442225341
3653,1.50023881448675,1.50023881448675,0.0943410197346997
3654,1.54237888636879,1.54237888636879,0.156651351390773
3655,1.77833114057195,1.77833114057195,0.114345315235108
3656,0.319397930966491,0.319397930966491,0.165223156500375
3657,2.19147241314457,2.19147241314457,0.123758986197397
3658,2.63554744026802,2.63554744026802,0.127759934395968
3659,1.88020291522883,1.88020291522883,0.103709604418183
3660,3.09556938296395,3.09556938296395,0.137481610622999
3661,1.09738223508159,1.09738223508159,0.0962550258232712
3662,3.1201390796559,3.1201390796559,0.140980000745032
3663,4.22771239271302,4.22771239271302,0.110210566715653
3664,1.09140293576433,1.09140293576433,0.178024539936555
3665,1.76910394756676,1.76910394756676,0.11135391143196
3666,4.37684501116865,4.37684501116865,0.12460762645565
3667,4.95448229076341,4.95448229076341,0.129909592175899
3668,1.1059462364055,1.1059462364055,0.125056112668485
3669,6.45065873501412,6.45065873501412,0.145242990024387
3670,1.23074370638549,1.23074370638549,0.0929646798122749
3671,0.955070496901049,0.955070496901049,0.136180582800321
3672,2.94247115799614,2.94247115799614,0.125734510683711
3673,1.07847922291518,1.07847922291518,0.102428881093023
3674,3.98865401152208,3.98865401152208,0.097497400510732
3675,5.86308603564046,5.86308603564046,0.139790104363124
3676,2.83729837554254,2.83729837554254,0.128925944751826
3677,1.57223112950839,1.57223112950839,0.143867125417241
3678,10.3154171199154,10.3154171199154,0.136822157967892
3679,1.17652094007321,1.17652094007321,0.0899439888679273
3680,1.51163593513532,1.51163593513532,0.0888025688840258
3681,4.81939388968572,4.81939388968572,0.156639057701161
3682,0.691844470332393,0.691844470332393,0.085524319534359
3683,1.73991994207029,1.73991994207029,0.145696451952742
3684,0.430031767868676,0.430031767868676,0.0965282356624861
3685,0.651827988941386,0.651827988941386,0.191610657423435
3686,1.37957337482034,1.37957337482034,0.106448135656642
3687,6.92648481884753,6.92648481884753,0.114266970419264
3688,2.32007558752592,2.32007558752592,0.122568925321388
3689,0.221819360777487,0.221819360777487,0.114882677621143
3690,1.10543023910078,1.10543023910078,0.0994614745576533
3691,0.334371828155218,0.334371828155218,0.204621482459216
3692,1.29000337031409,1.29000337031409,0.133070186568644
3693,0.708148634874379,0.708148634874379,0.12335943208649
3694,2.18624553471225,2.18624553471225,0.119286469674038
3695,3.1432957994442,3.1432957994442,0.13927574815362
3696,0.966406029715565,0.966406029715565,0.131975096307254
3697,4.02434954636355,4.02434954636355,0.12345152264214
3698,1.27835079572868,1.27835079572868,0.0967693801301415
3699,4.73553691495862,4.73553691495862,0.144968025987971
3700,1.49596846610011,1.49596846610011,0.0957035989421284
3701,4.18604923818738,4.18604923818738,0.134843156268984
3702,7.16180530544171,7.16180530544171,0.139608017656029
3703,1.31168645548176,1.31168645548176,0.102389311022459
3704,1.10093167939691,1.10093167939691,0.193118308822056
3705,1.04101946727193,1.04101946727193,0.100873789870369
3706,19.7137979414981,19.7137979414981,0.158182404275823
3707,7.01670082641315,7.01670082641315,0.126515302326372
3708,2.79489612589579,2.79489612589579,0.130775125768515
3709,20.9385281833242,20.9385281833242,0.158964695821314
3710,2.40370670008714,2.40370670008714,0.103448498994306
3711,0.321646928246737,0.321646928246737,0.119237020137306
3712,6.80640136224933,6.80640136224933,0.117848451273959
3713,0.319384578207459,0.319384578207459,0.131813237153043
3714,0.905608632393225,0.905608632393225,0.0849331265331726
3715,1.49872078382194,1.49872078382194,0.104591052708169
3716,2.02149372504107,2.02149372504107,0.114564084627058
3717,0.440391646199336,0.440391646199336,0.168303215313623
3718,7.06405903918193,7.06405903918193,0.131081803373346
3719,3.99792114554313,3.99792114554313,0.159263893096522
3720,1.76577698929141,1.76577698929141,0.100773397223835
3721,1.70011348627437,1.70011348627437,0.133572846762798
3722,5.05109627142007,5.05109627142007,0.124658559294108
3723,3.53045969499283,3.53045969499283,0.168324631798117
3724,2.15371856913582,2.15371856913582,0.150781197191718
3725,2.20874086511219,2.20874086511219,0.100517750907467
3726,3.03047052079432,3.03047052079432,0.12650730192347
3727,1.20662846971858,1.20662846971858,0.106376795121462
3728,20.7696308746445,20.7696308746445,0.166014927191563
3729,3.29471007444523,3.29471007444523,0.129717403631068
3730,2.26441402194077,2.26441402194077,0.127325561493145
3731,2.41155811662588,2.41155811662588,0.12523409005924
3732,0.726825005566718,0.726825005566718,0.181816955975639
3733,6.07791619125775,6.07791619125775,0.140479291375529
3734,18.1322805563395,18.1322805563395,0.148900603683386
3735,2.40185477462365,2.40185477462365,0.102206179516163
3736,1.26419658842365,1.26419658842365,0.100887840708415
3737,0.279219183768801,0.279219183768801,0.180946634378964
3738,1.30571705219139,1.30571705219139,0.113278898166611
3739,2.39384572929533,2.39384572929533,0.102782889716433
3740,0.474687209346989,0.474687209346989,0.0996765030370853
3741,7.24136238216771,7.24136238216771,0.153064259657872
3742,1.66760518087114,1.66760518087114,0.163752965872822
3743,3.15775663733164,3.15775663733164,0.112625472901667
3744,2.94813334336084,2.94813334336084,0.102961921189699
3745,1.36858092477041,1.36858092477041,0.0965534275090101
3746,12.1987054341589,12.1987054341589,0.130390616527682
3747,0.706910933181162,0.706910933181162,0.13132740563263
3748,0.2680793354586,0.2680793354586,0.0954452098729172
3749,3.81515577077233,3.81515577077233,0.149412565700793
3750,1.55596940043486,1.55596940043486,0.123295670311518
3751,1.85478302420706,1.85478302420706,0.161842998126641
3752,2.33469665467807,2.33469665467807,0.103871941284836
3753,0.976564597181298,0.976564597181298,0.215590763044432
3754,0.530517181860838,0.530517181860838,0.114582051857559
3755,3.49989177056109,3.49989177056109,0.12445345358601
3756,0.205356260614089,0.205356260614089,0.147955614470211
3757,0.964242449342237,0.964242449342237,0.152304351464188
3758,3.18566558244995,3.18566558244995,0.101258448135003
3759,8.95385135975141,8.95385135975141,0.141610640226956
3760,1.17732721027072,1.17732721027072,0.126255199707378
3761,4.24926238469392,4.24926238469392,0.149396261886316
3762,2.31525603333793,2.31525603333793,0.140291342344751
3763,0.143997420722022,0.143997420722022,0.171440517255676
3764,1.25182825259229,1.25182825259229,0.100441633936412
3765,4.89541999261761,4.89541999261761,0.124964360156862
3766,3.22192135181465,3.22192135181465,0.106523456538232
3767,1.12032818559345,1.12032818559345,0.11605020565504
3768,0.257469949109497,0.257469949109497,0.144583096549646
3769,2.22143787093985,2.22143787093985,0.149192915042094
3770,0.920597744351215,0.920597744351215,0.13660708145526
3771,1.74862784519207,1.74862784519207,0.126897298335943
3772,2.48439023017121,2.48439023017121,0.11930771546886
3773,1.59476058296899,1.59476058296899,0.121618850177236
3774,0.779546675499394,0.779546675499394,0.104394480581799
3775,0.817348693298528,0.817348693298528,0.0938523060034785
3776,1.26646197753647,1.26646197753647,0.142516329392595
3777,1.39751962927526,1.39751962927526,0.0997201152459074
3778,0.521723225551947,0.521723225551947,0.165129666796835
3779,0.790552293031776,0.790552293031776,0.0934710099660904
3780,18.4623666450973,18.4623666450973,0.176470240041599
3781,0.898098511860113,0.898098511860113,0.180529691777934
3782,9.58954042803498,9.58954042803498,0.125467517323852
3783,0.690306091088459,0.690306091088459,0.158303283901647
3784,1.01746129919883,1.01746129919883,0.127201935426998
3785,2.86631447149733,2.86631447149733,0.149206319158935
3786,1.05050519131634,1.05050519131634,0.176095881551762
3787,3.65655344308607,3.65655344308607,0.140392437116724
3788,3.10438545020386,3.10438545020386,0.105503007314524
3789,1.09169088261222,1.09169088261222,0.172156049001822
3790,2.45863630686934,2.45863630686934,0.11917541687159
3791,0.808693703646575,0.808693703646575,0.111890290127419
3792,11.1080509687955,11.1080509687955,0.141485590488817
3793,1.50958100423987,1.50958100423987,0.106364206728337
3794,3.83624073736023,3.83624073736023,0.105326910995976
3795,0.535748623773694,0.535748623773694,0.160155003242867
3796,1.47923772136967,1.47923772136967,0.100204786168391
3797,1.17766939347637,1.17766939347637,0.127419698514456
3798,0.162768553473498,0.162768553473498,0.169394541316404
3799,1.42582284122728,1.42582284122728,0.111610352593961
3800,0.937630952218106,0.937630952218106,0.0921839980263199
3801,2.70299054303458,2.70299054303458,0.12618760423718
3802,0.182998861802434,0.182998861802434,0.167717028033438
3803,2.55233295087874,2.55233295087874,0.107989897624484
3804,1.73057024685161,1.73057024685161,0.120837975586372
3805,0.808599994002982,0.808599994002982,0.137659061540644
3806,1.45181655233972,1.45181655233972,0.183094065002436
3807,2.30923824346233,2.30923824346233,0.0985759094968884
3808,3.70268881163465,3.70268881163465,0.130565111815038
3809,0.397486401494917,0.397486401494917,0.172997918664098
3810,0.844656366385466,0.844656366385466,0.0919646306279523
3811,1.6122041575457,1.6122041575457,0.14125095118051
3812,1.09003824550312,1.09003824550312,0.0876151754647381
3813,1.25771719579296,1.25771719579296,0.1691444418143
3814,1.13405127528014,1.13405127528014,0.0958932449784603
3815,0.717635272572215,0.717635272572215,0.140936593359098
3816,2.36154740095762,2.36154740095762,0.0968043607347896
3817,4.00232072918424,4.00232072918424,0.150787255722608
3818,0.768535359441567,0.768535359441567,0.168884246155395
3819,0.799710136367052,0.799710136367052,0.0934270415069023
3820,3.44832423559422,3.44832423559422,0.121206037588896
3821,1.12623873241288,1.12623873241288,0.100775630530423
3822,1.70120841971705,1.70120841971705,0.100362710025544
3823,5.37337114247295,5.37337114247295,0.152789159087252
3824,2.97522550143525,2.97522550143525,0.122413946381755
3825,2.23549024061112,2.23549024061112,0.133419599508498
3826,6.03445247608911,6.03445247608911,0.151389904035094
3827,1.30277913475833,1.30277913475833,0.128099948171568
3828,0.409676214110563,0.409676214110563,0.0815730333447146
3829,3.02501158082134,3.02501158082134,0.121315757140356
3830,3.95403880650778,3.95403880650778,0.149784951736027
3831,0.89070447528274,0.89070447528274,0.112712991560461
3832,3.51600547726099,3.51600547726099,0.16118553859717
3833,4.44592922412421,4.44592922412421,0.166713848700629
3834,1.90152172300829,1.90152172300829,0.123126173457251
3835,2.03146705395624,2.03146705395624,0.106435697189481
3836,2.97143013934674,2.97143013934674,0.11779592111994
3837,1.13112466654216,1.13112466654216,0.174130662120538
3838,7.68710570087433,7.68710570087433,0.148434990299261
3839,0.589938565342392,0.589938565342392,0.168659508304881
3840,2.26915010596635,2.26915010596635,0.0836218332104238
3841,1.45714707701179,1.45714707701179,0.108572349949581
3842,0.337521532979549,0.337521532979549,0.176080274452304
3843,10.5040031558253,10.5040031558253,0.164196994321989
3844,2.74742223786529,2.74742223786529,0.0988519807849084
3845,1.01548001456355,1.01548001456355,0.104772681477654
3846,9.88724105699683,9.88724105699683,0.130052062398149
3847,1.18365188272468,1.18365188272468,0.109776013305986
3848,4.57221269135515,4.57221269135515,0.13926229504873
3849,8.75176684313027,8.75176684313027,0.123302229655821
3850,8.04608152504141,8.04608152504141,0.122709772232431
3851,2.69795158114446,2.69795158114446,0.134143480044366
3852,7.01893283347156,7.01893283347156,0.115846658647151
3853,9.97641120810935,9.97641120810935,0.135703791326367
3854,1.29876629462656,1.29876629462656,0.101418839666361
3855,0.372428954810551,0.372428954810551,0.121780688284662
3856,3.10561360412545,3.10561360412545,0.131660485476999
3857,0.483816297091522,0.483816297091522,0.131924359287921
3858,0.307460145267993,0.307460145267993,0.114957447519213
3859,1.28963998781911,1.28963998781911,0.192397956815512
3860,0.353787229651449,0.353787229651449,0.110576084559985
3861,2.62693770297093,2.62693770297093,0.119805598739609
3862,3.6157988864904,3.6157988864904,0.122153395569634
3863,1.50315074935191,1.50315074935191,0.10292205549071
3864,0.67758692579053,0.67758692579053,0.15235827161082
3865,2.12785117309468,2.12785117309468,0.122811028818616
3866,3.5870922850523,3.5870922850523,0.110419524886729
3867,0.971541155949996,0.971541155949996,0.13465502963487
3868,0.574935710287093,0.574935710287093,0.140031446480812
3869,1.36443706224847,1.36443706224847,0.0985854475382376
3870,0.448079275672318,0.448079275672318,0.138464753035346
3871,6.1793760780808,6.1793760780808,0.139835589765369
3872,1.0808267109878,1.0808267109878,0.13760229885881
3873,0.625323358407411,0.625323358407411,0.103498480355886
3874,3.37065385946594,3.37065385946594,0.129682420642787
3875,0.368834244668925,0.368834244668925,0.141841024371301
3876,2.37490431539816,2.37490431539816,0.117191430199481
3877,3.60671199785795,3.60671199785795,0.140766634868755
3878,0.570908864128341,0.570908864128341,0.0985662200528682
3879,0.501222720834608,0.501222720834608,0.0949363017625923
3880,2.30435685963142,2.30435685963142,0.13493175904905
3881,0.805287701893559,0.805287701893559,0.185879186005815
3882,11.2309221303371,11.2309221303371,0.127265183302613
3883,8.41905711432209,8.41905711432209,0.143200683396576
3884,5.2941436073838,5.2941436073838,0.114563082717329
3885,0.479656723421018,0.479656723421018,0.139686636495172
3886,1.97023247922545,1.97023247922545,0.108030871956937
3887,0.0615055950781002,0.0615055950781002,0.157252906428048
3888,2.7767403932651,2.7767403932651,0.132056400609001
3889,0.41449438751133,0.41449438751133,0.184623023716963
3890,4.76109150141696,4.76109150141696,0.125515544013639
3891,2.64605962108039,2.64605962108039,0.116569525367356
3892,1.13362980521303,1.13362980521303,0.139126964872661
3893,0.897730554672408,0.897730554672408,0.11887711567106
3894,2.1852681296092,2.1852681296092,0.103547157141594
3895,1.01511436784069,1.01511436784069,0.101999955410931
3896,3.37531491436576,3.37531491436576,0.144863075601578
3897,4.92740963566978,4.92740963566978,0.128691033207972
3898,4.90874268555921,4.90874268555921,0.116030068219537
3899,0.74465008227877,0.74465008227877,0.107225233816021
3900,1.20490375938883,1.20490375938883,0.137135487223913
3901,0.501340916815019,0.501340916815019,0.16883697825994
3902,3.18684697725874,3.18684697725874,0.128151456622719
3903,0.301134861984065,0.301134861984065,0.157730176912229
3904,3.03554457674308,3.03554457674308,0.128146873218555
3905,1.70155918197197,1.70155918197197,0.0916813790770062
3906,5.83237739158925,5.83237739158925,0.134998182680483
3907,1.58502495097522,1.58502495097522,0.119355242610429
3908,1.2011114900091,1.2011114900091,0.139865581794504
3909,0.266362592638761,0.266362592638761,0.130619103886275
3910,1.31579568319932,1.31579568319932,0.0913396438546055
3911,2.79623054559029,2.79623054559029,0.102255377357583
3912,1.14856989490414,1.14856989490414,0.147724102846328
3913,3.77044871250706,3.77044871250706,0.135837569456557
3914,1.31244466846765,1.31244466846765,0.135414360164848
3915,12.7602656967833,12.7602656967833,0.143858086939006
3916,1.53612790612827,1.53612790612827,0.171191694229466
3917,2.45891946998329,2.45891946998329,0.116355020353702
3918,1.60302888651035,1.60302888651035,0.144479687800739
3919,4.10556279303676,4.10556279303676,0.135067721005117
3920,4.81142564244971,4.81142564244971,0.149968632339149
3921,3.94436523108766,3.94436523108766,0.132866416442454
3922,2.66425077834294,2.66425077834294,0.0986844564064293
3923,1.84788648061595,1.84788648061595,0.109269360527766
3924,3.16233339200308,3.16233339200308,0.139279955944093
3925,1.04734332071924,1.04734332071924,0.104806820437886
3926,1.5783156696457,1.5783156696457,0.130672493977459
3927,4.65594614537276,4.65594614537276,0.105295194671351
3928,1.94349450910985,1.94349450910985,0.104000255436197
3929,4.2185168456309,4.2185168456309,0.126468376512852
3930,8.13665709857521,8.13665709857521,0.138215523495652
3931,2.73559891355013,2.73559891355013,0.114824033405981
3932,4.99280243132716,4.99280243132716,0.150417389077316
3933,1.5912668628807,1.5912668628807,0.128384592544591
3934,4.40717595922387,4.40717595922387,0.106869438964555
3935,1.43574676544503,1.43574676544503,0.216695100106445
3936,6.56131109518915,6.56131109518915,0.172754209485325
3937,0.704037645397908,0.704037645397908,0.13455067500439
3938,1.29089298111981,1.29089298111981,0.124782664062087
3939,2.9459045370289,2.9459045370289,0.11230853251998
3940,7.88289547716586,7.88289547716586,0.130175617487261
3941,6.95593636174846,6.95593636174846,0.13802520651987
3942,2.86966537075093,2.86966537075093,0.135773794676759
3943,1.02759028166064,1.02759028166064,0.151577975581862
3944,2.01186478379177,2.01186478379177,0.122858415456501
3945,4.02093748670859,4.02093748670859,0.104579500853077
3946,6.36066851082459,6.36066851082459,0.159607929699177
3947,0.799822122479569,0.799822122479569,0.184244534565188
3948,3.71075342310712,3.71075342310712,0.137514648742077
3949,7.79119131177931,7.79119131177931,0.155876337324406
3950,2.89194762968865,2.89194762968865,0.111729680909621
3951,1.41154306044782,1.41154306044782,0.104764342816722
3952,4.0506336656292,4.0506336656292,0.136302286503302
3953,2.22478047078776,2.22478047078776,0.100206708284927
3954,2.53501193738561,2.53501193738561,0.106328526298757
3955,2.1823699530723,2.1823699530723,0.11600924221695
3956,3.64671680833892,3.64671680833892,0.147675237622094
3957,0.368682702910426,0.368682702910426,0.127100663291281
3958,2.87431849868185,2.87431849868185,0.116566476802846
3959,4.23929478430509,4.23929478430509,0.102205666420695
3960,2.38951473418237,2.38951473418237,0.0921194266928353
3961,3.60601791090976,3.60601791090976,0.0951710653336319
3962,15.2643172320585,15.2643172320585,0.162457052182708
3963,2.11982452343738,2.11982452343738,0.138976252788256
3964,0.372259854101062,0.372259854101062,0.127623694514997
3965,1.32356277333864,1.32356277333864,0.180461211785861
3966,15.7683845246999,15.7683845246999,0.139881566129496
3967,0.735809812232042,0.735809812232042,0.144980972445996
3968,3.19243181416693,3.19243181416693,0.132755523077097
3969,1.97749318174904,1.97749318174904,0.139505295761581
3970,2.03043075656822,2.03043075656822,0.0930549522150479
3971,0.852826395853,0.852826395853,0.113980233225847
3972,3.36048748820195,3.36048748820195,0.153797882369076
3973,0.30855371649772,0.30855371649772,0.164014884329681
3974,0.422316010222018,0.422316010222018,0.168512527207632
3975,1.32543853752401,1.32543853752401,0.0985467686316896
3976,1.01596003019027,1.01596003019027,0.118020667212288
3977,2.36830396555132,2.36830396555132,0.163481801411176
3978,0.699135452071687,0.699135452071687,0.142238121238585
3979,11.9566960428066,11.9566960428066,0.168551498367728
3980,1.05069487964464,1.05069487964464,0.17372327534305
3981,3.19438280672938,3.19438280672938,0.125234053447772
3982,1.14368627379913,1.14368627379913,0.18289769248864
3983,4.14496783275438,4.14496783275438,0.114690750143717
3984,0.167535803558322,0.167535803558322,0.115219144528863
3985,7.21874949696396,7.21874949696396,0.148405100808647
3986,0.791679593632652,0.791679593632652,0.0929423113979317
3987,2.6972456633629,2.6972456633629,0.118729612594414
3988,0.370245340300657,0.370245340300657,0.158419260315675
3989,2.88635838753492,2.88635838753492,0.106402257425511
3990,0.985520058701931,0.985520058701931,0.0948285993668498
3991,0.824092409174479,0.824092409174479,0.139593850573397
3992,4.91362875704295,4.91362875704295,0.120274375124353
3993,0.339225858981991,0.339225858981991,0.162397043109473
3994,0.813630988888541,0.813630988888541,0.118139649753711
3995,0.693200252757032,0.693200252757032,0.183861440869284
3996,0.883335696695489,0.883335696695489,0.101423382229421
3997,3.06194834209111,3.06194834209111,0.105022685409116
3998,0.326188870366298,0.326188870366298,0.1510656617317
3999,1.21451492259206,1.21451492259206,0.157841719017951
4000,2.82202959377389,2.82202959377389,0.131921132132569
4001,12.9126296130973,12.9126296130973,0.16881411493068
4002,5.64649989318718,5.64649989318718,0.159217620197242
4003,0.923087882289115,0.923087882289115,0.150417819679345
4004,2.01217998432852,2.01217998432852,0.110124798216186
4005,4.01309606355633,4.01309606355633,0.0930378434479908
4006,0.541939687345664,0.541939687345664,0.121194098665979
4007,4.48427376870676,4.48427376870676,0.106661092367224
4008,0.418883527888826,0.418883527888826,0.155122301577713
4009,1.33423514859939,1.33423514859939,0.122660484766903
4010,1.36629243605458,1.36629243605458,0.10743400829033
4011,0.83220067295741,0.83220067295741,0.184696239085513
4012,9.9877824421821,9.9877824421821,0.151968670805307
4013,1.82200082215117,1.82200082215117,0.0991945252623584
4014,2.90163995095281,2.90163995095281,0.131162900651179
4015,5.30320967686941,5.30320967686941,0.1247161694669
4016,3.47116651807995,3.47116651807995,0.117102213963079
4017,11.5105406397942,11.5105406397942,0.145465626884851
4018,0.230004623746651,0.230004623746651,0.188953897579541
4019,0.487573794570539,0.487573794570539,0.195017428620875
4020,3.20095923204352,3.20095923204352,0.120607123088542
4021,1.65525230831263,1.65525230831263,0.18582123892662
4022,2.25555024536056,2.25555024536056,0.128745646372951
4023,4.03924520831891,4.03924520831891,0.111381300203328
4024,0.693624419995599,0.693624419995599,0.126777889408148
4025,0.145814030477568,0.145814030477568,0.190694504006631
4026,6.48845016976658,6.48845016976658,0.145407587191499
4027,1.46043709031346,1.46043709031346,0.127864134225243
4028,0.152652431885865,0.152652431885865,0.171737491636766
4029,1.64682287721455,1.64682287721455,0.147931269523709
4030,0.904507129286033,0.904507129286033,0.175417511249993
4031,1.73092139620474,1.73092139620474,0.156278068552258
4032,1.72783161862666,1.72783161862666,0.0940141762872442
4033,0.30852700777779,0.30852700777779,0.161631748005141
4034,0.643532631810489,0.643532631810489,0.0893534599547704
4035,0.785077292647541,0.785077292647541,0.11841595459626
4036,4.27722818790422,4.27722818790422,0.123551781470641
4037,0.472811197419788,0.472811197419788,0.120448417821859
4038,2.49144383631069,2.49144383631069,0.104122623484443
4039,13.6821354363183,13.6821354363183,0.156819607245081
4040,0.289887170203759,0.289887170203759,0.167240438859905
4041,1.781969182758,1.781969182758,0.120004168993818
4042,3.68637577491237,3.68637577491237,0.131198224640417
4043,0.5134312971823,0.5134312971823,0.129277266585901
4044,2.56900540837541,2.56900540837541,0.0956871990043872
4045,2.33236348240068,2.33236348240068,0.104839381232372
4046,1.88629877677513,1.88629877677513,0.139910863843485
4047,0.72732622075691,0.72732622075691,0.14996787745197
4048,1.1586285428255,1.1586285428255,0.0892189849406352
4049,5.86710109870817,5.86710109870817,0.138266961555384
4050,0.842428524809876,0.842428524809876,0.149723504873194
4051,1.3607980358368,1.3607980358368,0.113096673917407
4052,2.60582847847668,2.60582847847668,0.107218232188263
4053,1.06013685640985,1.06013685640985,0.0894589557643658
4054,3.86254510818631,3.86254510818631,0.119890418098339
4055,1.12255737998126,1.12255737998126,0.111231780824096
4056,0.473782120635137,0.473782120635137,0.18011886834973
4057,2.91593753903268,2.91593753903268,0.113772893484388
4058,3.42883978562743,3.42883978562743,0.164501482001008
4059,1.41576652252568,1.41576652252568,0.102007587190164
4060,6.02175454495719,6.02175454495719,0.156858867251964
4061,5.95006423241834,5.95006423241834,0.135725727632787
4062,5.39830047852438,5.39830047852438,0.146024636518395
4063,2.89925464206982,2.89925464206982,0.0960891606635906
4064,1.97804828229219,1.97804828229219,0.21658923782927
4065,2.90333152727972,2.90333152727972,0.124296100579528
4066,3.28894430592023,3.28894430592023,0.122159690414966
4067,0.611515175370626,0.611515175370626,0.161775244284745
4068,0.912109726235587,0.912109726235587,0.135103776382964
4069,2.65113994211832,2.65113994211832,0.0988107483353029
4070,1.00347931183314,1.00347931183314,0.09654766818142
4071,2.09405690310579,2.09405690310579,0.121238004869863
4072,2.29052277168404,2.29052277168404,0.127997269359025
4073,0.631820887459859,0.631820887459859,0.135437039315449
4074,6.18164561160332,6.18164561160332,0.124689629080068
4075,0.906569370601651,0.906569370601651,0.10086899956031
4076,1.60434920262595,1.60434920262595,0.118387266603215
4077,0.373346906213134,0.373346906213134,0.146568728134931
4078,0.822526946731876,0.822526946731876,0.0957878245299705
4079,5.22758890966322,5.22758890966322,0.13417505240324
4080,2.65401368094344,2.65401368094344,0.133048410490723
4081,17.2378891053645,17.2378891053645,0.151603856929549
4082,4.12865698645172,4.12865698645172,0.14869342403589
4083,2.68648503226644,2.68648503226644,0.11781007236613
4084,3.25931600912393,3.25931600912393,0.127268945387064
4085,11.6104093854446,11.6104093854446,0.1414581000305
4086,1.19232840867712,1.19232840867712,0.189416213875787
4087,0.908762755226122,0.908762755226122,0.148456848203087
4088,0.235969819043351,0.235969819043351,0.201677527111435
4089,5.0427655167337,5.0427655167337,0.130246893052926
4090,5.25217474153582,5.25217474153582,0.147425389406622
4091,1.6254484816237,1.6254484816237,0.123759495035653
4092,0.994424442796685,0.994424442796685,0.0905279105758822
4093,6.61965593209994,6.61965593209994,0.123986881261161
4094,2.44634302442312,2.44634302442312,0.125385382435969
4095,1.74612441059815,1.74612441059815,0.126292485114291
4096,7.38389740213408,7.38389740213408,0.152507196959684
4097,2.20782052997458,2.20782052997458,0.105094850077499
4098,0.252266514608782,0.252266514608782,0.17963531071119
4099,8.46168139582388,8.46168139582388,0.145116326360056
4100,2.77573091877303,2.77573091877303,0.12267548906959
4101,0.793646288089288,0.793646288089288,0.163438064186939
4102,0.485137210621259,0.485137210621259,0.150679568235349
4103,0.397788901088942,0.397788901088942,0.0987226812924816
4104,0.313580300579248,0.313580300579248,0.16407350532823
4105,4.53041023390696,4.53041023390696,0.108455505615405
4106,13.9145979818982,13.9145979818982,0.152180487866877
4107,1.27677720367359,1.27677720367359,0.0883245836709376
4108,1.21449934836158,1.21449934836158,0.152207398505081
4109,3.66586808186095,3.66586808186095,0.129493811417005
4110,0.598289916029058,0.598289916029058,0.159119993757971
4111,1.53561246363188,1.53561246363188,0.0940471327007831
4112,2.05900347127505,2.05900347127505,0.0972145053850535
4113,6.36088378313434,6.36088378313434,0.162023436273032
4114,16.2402411223322,16.2402411223322,0.167863083223139
4115,4.61448514607794,4.61448514607794,0.122564390263718
4116,2.95467463331657,2.95467463331657,0.104625278864071
4117,2.86663625949523,2.86663625949523,0.179108605603967
4118,5.24870029536555,5.24870029536555,0.115954342383656
4119,1.23101141942822,1.23101141942822,0.159173143984166
4120,1.03314541314635,1.03314541314635,0.114009519916892
4121,11.6309383819219,11.6309383819219,0.145439946528584
4122,15.6586661325672,15.6586661325672,0.156487810220991
4123,3.83085035368612,3.83085035368612,0.159740696224049
4124,0.442666418931956,0.442666418931956,0.13149157996902
4125,3.43889419922884,3.43889419922884,0.127923566757624
4126,3.34970054301492,3.34970054301492,0.130507621489566
4127,0.912198842532909,0.912198842532909,0.161564120220447
4128,1.71947227132607,1.71947227132607,0.0959307420158363
4129,0.642818254456687,0.642818254456687,0.191767502533294
4130,2.51564075273313,2.51564075273313,0.0940686593123077
4131,3.05629933544664,3.05629933544664,0.105145708111613
4132,16.1555597487259,16.1555597487259,0.156125208813105
4133,6.48277806186152,6.48277806186152,0.165047078749963
4134,2.78660524959118,2.78660524959118,0.13362954344064
4135,11.4115497428961,11.4115497428961,0.151231946830522
4136,0.549329941655986,0.549329941655986,0.161709680747336
4137,0.321113491736864,0.321113491736864,0.164333756478452
4138,1.61205776836265,1.61205776836265,0.107780097583141
4139,3.25046493744568,3.25046493744568,0.161907405887213
4140,8.95928592064184,8.95928592064184,0.13326524976264
4141,2.60042933838912,2.60042933838912,0.113411682764277
4142,1.62526713539201,1.62526713539201,0.101359982032062
4143,0.133891275160184,0.133891275160184,0.13825948942234
4144,2.54232999450912,2.54232999450912,0.0971610700897245
4145,5.47247094757651,5.47247094757651,0.136301773654918
4146,2.37353379934123,2.37353379934123,0.105424957245646
4147,0.933213339984063,0.933213339984063,0.163179796541825
4148,4.36098841180579,4.36098841180579,0.116709241792882
4149,3.29848223577601,3.29848223577601,0.117756930920888
4150,0.473373819061717,0.473373819061717,0.147671731782576
4151,0.998021172331566,0.998021172331566,0.0898358911404074
4152,0.671100968650399,0.671100968650399,0.10064428016229
4153,1.39868293992093,1.39868293992093,0.115335319417406
4154,3.49553645365199,3.49553645365199,0.131780052413857
4155,1.95408411979602,1.95408411979602,0.106109350270857
4156,3.16775626941588,3.16775626941588,0.106131677302898
4157,2.65002430596016,2.65002430596016,0.14696021478079
4158,1.68600705200902,1.68600705200902,0.135004491145373
4159,1.26156423119213,1.26156423119213,0.114992175554201
4160,4.57778192760266,4.57778192760266,0.117974198718729
4161,2.74302836683077,2.74302836683077,0.101285279414847
4162,1.23034957938842,1.23034957938842,0.108196955424911
4163,0.570783700382778,0.570783700382778,0.187771901676013
4164,2.64393994044876,2.64393994044876,0.122214998888486
4165,0.708981391055379,0.708981391055379,0.18323744740616
4166,2.93629542071709,2.93629542071709,0.159715617541404
4167,0.713033405590402,0.713033405590402,0.149850363367159
4168,1.15401983776966,1.15401983776966,0.111835988779062
4169,3.30711277208249,3.30711277208249,0.126891516407346
4170,0.705268501772813,0.705268501772813,0.227385619413392
4171,1.97760249848882,1.97760249848882,0.106230404220865
4172,1.31789683102611,1.31789683102611,0.103913043501309
4173,4.20013844725878,4.20013844725878,0.108382184928294
4174,1.49396315906918,1.49396315906918,0.115467170094514
4175,0.646279197411602,0.646279197411602,0.106981458920045
4176,0.867750497291001,0.867750497291001,0.174464608468174
4177,2.60549473672062,2.60549473672062,0.129342385650311
4178,0.935631468494618,0.935631468494618,0.088433670499229
4179,5.9586550290251,5.9586550290251,0.134765833970439
4180,0.823648736542693,0.823648736542693,0.118310060833205
4181,4.36375309359288,4.36375309359288,0.109597826374571
4182,0.656072040088796,0.656072040088796,0.183495246405895
4183,1.67245447863952,1.67245447863952,0.113752742096687
4184,1.22019582557173,1.22019582557173,0.131719132852516
4185,3.35993740831522,3.35993740831522,0.103734876988292
4186,0.959092216492004,0.959092216492004,0.143587974821623
4187,9.04583366409025,9.04583366409025,0.158096742458647
4188,0.494512260429592,0.494512260429592,0.118627206300583
4189,0.807589836886202,0.807589836886202,0.161268916394824
4190,2.03786906996224,2.03786906996224,0.135925767744074
4191,5.42660506228593,5.42660506228593,0.139452632366624
4192,0.309126777924784,0.309126777924784,0.121220753770781
4193,4.43953732698576,4.43953732698576,0.158291174999557
4194,3.3594998766113,3.3594998766113,0.151914067773193
4195,0.891846934941966,0.891846934941966,0.187014488895922
4196,0.5296038189687,0.5296038189687,0.125108328426764
4197,4.1901037566101,4.1901037566101,0.108367843908598
4198,0.636063002250824,0.636063002250824,0.219507222111882
4199,3.41362924546959,3.41362924546959,0.107436553582571
4200,1.01509983758555,1.01509983758555,0.171252960564475
4201,11.2884418074268,11.2884418074268,0.147844586693135
4202,1.14067809678969,1.14067809678969,0.189660777070811
4203,2.73979817529713,2.73979817529713,0.134289696633183
4204,1.47884078284636,1.47884078284636,0.105148435614122
4205,1.59397759303568,1.59397759303568,0.105725090570045
4206,0.372895078330449,0.372895078330449,0.13566679087072
4207,3.53966389777766,3.53966389777766,0.0984108533955994
4208,3.83421197935367,3.83421197935367,0.124476584750962
4209,1.01653425791209,1.01653425791209,0.140502621742443
4210,1.76072277301141,1.76072277301141,0.150589475569795
4211,2.88595957594006,2.88595957594006,0.133720031700867
4212,3.2273133207883,3.2273133207883,0.113991433446751
4213,0.797903339250856,0.797903339250856,0.135833591316091
4214,0.250906537021167,0.250906537021167,0.145194451314845
4215,0.67422985436564,0.67422985436564,0.146444673545121
4216,11.7088641562135,11.7088641562135,0.149618164855763
4217,0.228044551133752,0.228044551133752,0.105696083084254
4218,1.63469630176512,1.63469630176512,0.108577601503444
4219,3.51721885680523,3.51721885680523,0.11939232114593
4220,3.16769687129148,3.16769687129148,0.111956040983417
4221,7.26400923418415,7.26400923418415,0.154571695992
4222,0.245863398070198,0.245863398070198,0.15613721885731
4223,1.47666169438917,1.47666169438917,0.110225958352747
4224,2.07849978865434,2.07849978865434,0.213177674990394
4225,0.449270797188709,0.449270797188709,0.112972642542604
4226,0.799068990640249,0.799068990640249,0.0932437368882288
4227,1.58974555833086,1.58974555833086,0.107913386322131
4228,0.773624592629542,0.773624592629542,0.171134130885209
4229,7.96311285791523,7.96311285791523,0.150182503218695
4230,5.15237586032227,5.15237586032227,0.16591790748017
4231,4.40587821899802,4.40587821899802,0.127928513933496
4232,0.607582130332486,0.607582130332486,0.119900891457122
4233,0.375998261326623,0.375998261326623,0.168746862748699
4234,0.136873572800432,0.136873572800432,0.119632434727651
4235,3.89126253814494,3.89126253814494,0.110270522428381
4236,3.4140806196978,3.4140806196978,0.0955557266507966
4237,5.04724690676853,5.04724690676853,0.161236796233406
4238,5.77671673082668,5.77671673082668,0.136382893779679
4239,1.66241187745309,1.66241187745309,0.105571819491253
4240,0.35470663081774,0.35470663081774,0.206689709304853
4241,3.38180339319059,3.38180339319059,0.159884879918727
4242,2.09364108365064,2.09364108365064,0.119561997158054
4243,1.03144249180452,1.03144249180452,0.108259088582838
4244,4.53331963069036,4.53331963069036,0.12499674445801
4245,2.36166702222673,2.36166702222673,0.113476103142674
4246,1.62419556010256,1.62419556010256,0.178895210515038
4247,2.85373720387549,2.85373720387549,0.12420873044196
4248,1.86444942884099,1.86444942884099,0.150999101052175
4249,6.39511959068539,6.39511959068539,0.15776523550571
4250,0.567943489193651,0.567943489193651,0.151671941896276
4251,7.17883087130312,7.17883087130312,0.156256240724222
4252,0.60866982910246,0.60866982910246,0.129649072409117
4253,0.583354993637764,0.583354993637764,0.20359202455083
4254,10.0233418618772,10.0233418618772,0.155598180467252
4255,0.615744369527506,0.615744369527506,0.129550263329164
4256,9.8298550191183,9.8298550191183,0.152671418760487
4257,2.02518362878648,2.02518362878648,0.10707335203268
4258,2.16044175627533,2.16044175627533,0.110108837332239
4259,0.0953005455307969,0.0953005455307969,0.160446311061199
4260,1.3520160500012,1.3520160500012,0.109115838147691
4261,0.391421355933041,0.391421355933041,0.115965242856207
4262,3.71187667350598,3.71187667350598,0.176733651078092
4263,0.775548984108593,0.775548984108593,0.135593628636657
4264,0.365587810217403,0.365587810217403,0.176569646387233
4265,1.31673802339155,1.31673802339155,0.129301213428523
4266,2.59910426033857,2.59910426033857,0.138848193469725
4267,5.5807573952771,5.5807573952771,0.132984486651354
4268,0.888752039837057,0.888752039837057,0.165119016478991
4269,1.49764268750319,1.49764268750319,0.0871869729286444
4270,4.68802485827841,4.68802485827841,0.137645564261436
4271,1.50437739499784,1.50437739499784,0.09954377515191
4272,1.08245370231172,1.08245370231172,0.213129541740385
4273,3.18252050683674,3.18252050683674,0.124926400746126
4274,3.53916352841925,3.53916352841925,0.149768735927568
4275,1.2246714002001,1.2246714002001,0.14393266088703
4276,3.32868747357479,3.32868747357479,0.125659547892664
4277,2.70003472446016,2.70003472446016,0.141949617112532
4278,0.333437099961546,0.333437099961546,0.184725302377321
4279,0.957721359444798,0.957721359444798,0.149012014244299
4280,0.837319584767672,0.837319584767672,0.120143956250076
4281,2.26830605412374,2.26830605412374,0.117567090857482
4282,3.89998667264077,3.89998667264077,0.169049734583459
4283,1.12703239295247,1.12703239295247,0.0995204667230176
4284,4.47330406238893,4.47330406238893,0.0980675127410752
4285,4.71057685212953,4.71057685212953,0.125400683909261
4286,0.244630800800053,0.244630800800053,0.129959056223961
4287,9.68915298702886,9.68915298702886,0.14410258666587
4288,1.87896830578869,1.87896830578869,0.101309070520132
4289,1.46027141427699,1.46027141427699,0.116041340648833
4290,0.417125506782948,0.417125506782948,0.16328198706145
4291,9.46596008092716,9.46596008092716,0.164239567617345
4292,4.78473643471459,4.78473643471459,0.17308536115108
4293,2.36357645243095,2.36357645243095,0.11802420933213
4294,1.27117873352236,1.27117873352236,0.104506850637186
4295,1.32411126877321,1.32411126877321,0.149453772356061
4296,1.22903744124555,1.22903744124555,0.10366129717157
4297,3.05917429697095,3.05917429697095,0.122259552028446
4298,0.846878265809481,0.846878265809481,0.153615683097315
4299,2.92986782321756,2.92986782321756,0.150077014112641
4300,0.934134562299264,0.934134562299264,0.102698283763955
4301,0.528835377506389,0.528835377506389,0.187018837621787
4302,1.8155845269086,1.8155845269086,0.117212062823118
4303,2.77553678336081,2.77553678336081,0.122482950969547
4304,0.294826783868927,0.294826783868927,0.17282841616137
4305,3.64705067735713,3.64705067735713,0.114068663178134
4306,7.00449511185224,7.00449511185224,0.12627227367849
4307,3.09504245224129,3.09504245224129,0.128911097364799
4308,0.608192344944689,0.608192344944689,0.0995493137280009
4309,1.91822737967251,1.91822737967251,0.125187990815117
4310,6.77201508056908,6.77201508056908,0.157535530659221
4311,1.6778321412539,1.6778321412539,0.132542870526951
4312,2.81088478825483,2.81088478825483,0.0962594269071938
4313,3.42146589911054,3.42146589911054,0.159321176939135
4314,1.88475089564558,1.88475089564558,0.135052353564071
4315,0.224024713405253,0.224024713405253,0.140074592332295
4316,0.743587395204572,0.743587395204572,0.142585230773773
4317,3.97634330609918,3.97634330609918,0.160264026339056
4318,14.0872797764062,14.0872797764062,0.147933527423104
4319,1.08917633916309,1.08917633916309,0.123122222633976
4320,11.0454661997877,11.0454661997877,0.156962981693672
4321,2.48894971884559,2.48894971884559,0.134921581789179
4322,15.2263411428559,15.2263411428559,0.166768008834832
4323,1.74613804172141,1.74613804172141,0.0969775159245855
4324,0.934571158446856,0.934571158446856,0.100333748766611
4325,2.35362234796336,2.35362234796336,0.123854212853686
4326,12.0249187604416,12.0249187604416,0.14477188681832
4327,1.63522748201187,1.63522748201187,0.097740834710968
4328,7.42129308884363,7.42129308884363,0.150057024178509
4329,1.16697888220194,1.16697888220194,0.106926512975732
4330,1.33936239004119,1.33936239004119,0.100458465351033
4331,0.628932443659418,0.628932443659418,0.144258309382645
4332,1.70074110457474,1.70074110457474,0.103960947222512
4333,6.32433553644901,6.32433553644901,0.148161141958607
4334,0.139706237802891,0.139706237802891,0.172153055101284
4335,2.84117922430779,2.84117922430779,0.0990156377197401
4336,5.45242392618765,5.45242392618765,0.106384366148751
4337,0.4251515354327,0.4251515354327,0.134779000301949
4338,0.476967146129253,0.476967146129253,0.234669746777352
4339,2.2880103728292,2.2880103728292,0.107036508675302
4340,3.02570895656456,3.02570895656456,0.103694638480791
4341,0.548188152601143,0.548188152601143,0.0941180969147407
4342,4.59697259284808,4.59697259284808,0.148273479130112
4343,1.64278159692058,1.64278159692058,0.0970378182370536
4344,1.84228373509723,1.84228373509723,0.11515197519472
4345,0.204242141639781,0.204242141639781,0.149519502081778
4346,0.208581938744042,0.208581938744042,0.138989764218936
4347,2.33132544239704,2.33132544239704,0.153294925137886
4348,0.730200542095997,0.730200542095997,0.0913897100887114
4349,1.0900581972355,1.0900581972355,0.0956301049703241
4350,0.832236356910433,0.832236356910433,0.110910856360899
4351,7.07420373534409,7.07420373534409,0.146627159652842
4352,0.856666647808862,0.856666647808862,0.192772603123442
4353,2.04348649451172,2.04348649451172,0.162476227372048
4354,5.34453272123874,5.34453272123874,0.160666714376977
4355,3.8364398366812,3.8364398366812,0.115435368205553
4356,2.94396838260991,2.94396838260991,0.126623123481565
4357,2.38677104516489,2.38677104516489,0.104944761406023
4358,1.77936667425475,1.77936667425475,0.105173607920951
4359,2.49621668910122,2.49621668910122,0.119719860635865
4360,1.41449760344198,1.41449760344198,0.218938299508383
4361,2.93889572329328,2.93889572329328,0.104934365391068
4362,1.55312028038499,1.55312028038499,0.0952740851710697
4363,0.818545675746743,0.818545675746743,0.0905768811922036
4364,2.5352605457729,2.5352605457729,0.101880641379488
4365,1.18547441156312,1.18547441156312,0.146405596834369
4366,0.481227827721065,0.481227827721065,0.145864175528768
4367,0.517088669958363,0.517088669958363,0.0995908925559824
4368,3.25393690137419,3.25393690137419,0.102946540693798
4369,1.78594575120561,1.78594575120561,0.105872699619385
4370,1.36752330051464,1.36752330051464,0.0909638366477776
4371,0.0779577661104921,0.0779577661104921,0.150480326191735
4372,4.38479885196882,4.38479885196882,0.133576900973992
4373,3.98211594359069,3.98211594359069,0.148273505640425
4374,2.0508665820247,2.0508665820247,0.12965354168163
4375,1.00273889946541,1.00273889946541,0.181844630079654
4376,0.575470839524591,0.575470839524591,0.18516689825052
4377,1.91102757995174,1.91102757995174,0.103861440075667
4378,6.45352387597555,6.45352387597555,0.174213550744162
4379,2.50372803757497,2.50372803757497,0.127207287758824
4380,6.18100559496434,6.18100559496434,0.164398825583192
4381,7.74293697570248,7.74293697570248,0.113349202262935
4382,0.717005177371285,0.717005177371285,0.118815878058769
4383,1.62970496766539,1.62970496766539,0.0996716767890714
4384,0.428264914064188,0.428264914064188,0.128060570595853
4385,4.40530003760389,4.40530003760389,0.118514740874168
4386,6.54952412824676,6.54952412824676,0.117695085041801
4387,2.54434188329907,2.54434188329907,0.116530708366512
4388,3.43628559671289,3.43628559671289,0.110001620655776
4389,3.3513184513175,3.3513184513175,0.122712993274189
4390,5.01856091092146,5.01856091092146,0.162949024760814
4391,5.17920851702405,5.17920851702405,0.120168030058608
4392,5.81288917854378,5.81288917854378,0.133123944308379
4393,1.75917340319931,1.75917340319931,0.0886603584111303
4394,1.23867366358903,1.23867366358903,0.166512183173724
4395,12.95485787588,12.95485787588,0.166089104926638
4396,1.13696804827471,1.13696804827471,0.111450318188583
4397,1.09754348073948,1.09754348073948,0.190493168618535
4398,1.56694665990903,1.56694665990903,0.144365704867292
4399,2.44248134304586,2.44248134304586,0.126093584974962
4400,1.21898271996005,1.21898271996005,0.112460024302344
4401,1.09189625335508,1.09189625335508,0.116375809690603
4402,1.68634698370695,1.68634698370695,0.107772845895313
4403,7.55982466305064,7.55982466305064,0.130980086551469
4404,0.983386469816742,0.983386469816742,0.189923964461177
4405,10.1512724021344,10.1512724021344,0.154326074517825
4406,7.77223873222993,7.77223873222993,0.154086657631048
4407,15.5826517331671,15.5826517331671,0.145620656822133
4408,1.53646794111204,1.53646794111204,0.11715212741664
4409,0.159486923205235,0.159486923205235,0.11298189893908
4410,3.36659489834488,3.36659489834488,0.114865325186805
4411,5.8677556423612,5.8677556423612,0.142795012838333
4412,8.57003724289995,8.57003724289995,0.135213389387364
4413,0.31218247358839,0.31218247358839,0.180266914549072
4414,2.32755025161776,2.32755025161776,0.0936504384876407
4415,3.87439178962807,3.87439178962807,0.136125110227891
4416,2.38878128559513,2.38878128559513,0.121704912741155
4417,1.17022374175209,1.17022374175209,0.109444755819116
4418,2.71083977370785,2.71083977370785,0.0999604280471451
4419,0.867026511765586,0.867026511765586,0.124471118279354
4420,6.72252821641576,6.72252821641576,0.148024457442992
4421,0.385313740715489,0.385313740715489,0.148807487681474
4422,1.54063659283868,1.54063659283868,0.118211820773171
4423,6.63923631911906,6.63923631911906,0.109219056417759
4424,0.67839459157237,0.67839459157237,0.104068992302717
4425,13.067959768516,13.067959768516,0.170521077697359
4426,7.89374723981687,7.89374723981687,0.152456696959707
4427,2.25286812203149,2.25286812203149,0.113276708314063
4428,0.373289346287421,0.373289346287421,0.141844376952664
4429,4.36214903538245,4.36214903538245,0.155503902740517
4430,6.62835802506082,6.62835802506082,0.121034212021098
4431,3.8096024252561,3.8096024252561,0.113308380856511
4432,0.0594505458031145,0.0594505458031145,0.141177231757649
4433,0.622228662532572,0.622228662532572,0.11198243891129
4434,1.58209981713328,1.58209981713328,0.128975048104033
4435,4.02791311656949,4.02791311656949,0.129272955233004
4436,1.40831757132057,1.40831757132057,0.106021877183159
4437,4.38701838121325,4.38701838121325,0.114720922416034
4438,0.633711421699582,0.633711421699582,0.0990743213978117
4439,1.64855619067002,1.64855619067002,0.0960613378977419
4440,0.735032066288682,0.735032066288682,0.159637182585586
4441,7.84691139618662,7.84691139618662,0.174314559493393
4442,2.40050373470954,2.40050373470954,0.112123717473935
4443,8.28914864019096,8.28914864019096,0.130121706565937
4444,6.46984035395492,6.46984035395492,0.150597794559941
4445,0.49751518873478,0.49751518873478,0.199636087591534
4446,6.49904063245714,6.49904063245714,0.160006196078693
4447,2.68681482747082,2.68681482747082,0.135762232795353
4448,3.77093687812242,3.77093687812242,0.116278582213196
4449,1.10679978378248,1.10679978378248,0.150443328751438
4450,4.38672210982544,4.38672210982544,0.146760839844697
4451,2.82190667378003,2.82190667378003,0.147464870140703
4452,3.8331247092389,3.8331247092389,0.128910009772962
4453,1.81058091908962,1.81058091908962,0.0950334301343527
4454,0.973077140591823,0.973077140591823,0.22419207046261
4455,2.8082356089553,2.8082356089553,0.134561920674221
4456,0.41156125763625,0.41156125763625,0.181913259946974
4457,3.15873563779249,3.15873563779249,0.11572351758489
4458,1.61537730533163,1.61537730533163,0.128847438016591
4459,2.37968539201876,2.37968539201876,0.0965811838091653
4460,4.9968517560016,4.9968517560016,0.160136120294054
4461,3.43106092190542,3.43106092190542,0.120633480130063
4462,2.65861731432126,2.65861731432126,0.128725388093009
4463,7.37725319178827,7.37725319178827,0.123513857316213
4464,0.708779105372817,0.708779105372817,0.127031621930897
4465,2.64746086100628,2.64746086100628,0.113316570725506
4466,5.7451471219924,5.7451471219924,0.128618986197969
4467,5.35704499320688,5.35704499320688,0.140010245096559
4468,0.529740076169557,0.529740076169557,0.10349351951366
4469,3.52889862909756,3.52889862909756,0.14263326698616
4470,1.31897992632751,1.31897992632751,0.0934513884407205
4471,0.289126132122078,0.289126132122078,0.0963971404888262
4472,5.09021818473721,5.09021818473721,0.142288482317768
4473,2.54499035894819,2.54499035894819,0.127695599629004
4474,4.77906230401797,4.77906230401797,0.104550061063218
4475,4.07236550547616,4.07236550547616,0.118129474314955
4476,4.92878124011638,4.92878124011638,0.138208181136094
4477,0.757451454923853,0.757451454923853,0.158678141082428
4478,11.2313857512783,11.2313857512783,0.140519559442231
4479,1.02963371111586,1.02963371111586,0.0892303545286044
4480,1.26695840663751,1.26695840663751,0.0854265748973749
4481,1.51798121925744,1.51798121925744,0.115324278118132
4482,1.1046869541208,1.1046869541208,0.0937920992185526
4483,1.53622472595869,1.53622472595869,0.105368848248237
4484,1.16000660581249,1.16000660581249,0.143864519828917
4485,0.61761338535246,0.61761338535246,0.162573180023347
4486,2.90219184193673,2.90219184193673,0.123734762873233
4487,10.4110323434524,10.4110323434524,0.122601388055611
4488,3.30174202779249,3.30174202779249,0.121662548040649
4489,0.449020198320575,0.449020198320575,0.123375996941252
4490,0.546582414955222,0.546582414955222,0.0968881108118189
4491,1.17816505526552,1.17816505526552,0.163895475330005
4492,1.52617922649406,1.52617922649406,0.147154819275091
4493,0.820819069920495,0.820819069920495,0.174697749322617
4494,2.6171109922388,2.6171109922388,0.127030941374982
4495,1.75844476710226,1.75844476710226,0.128265931187597
4496,0.510149500329144,0.510149500329144,0.140132206829043
4497,2.47204169248072,2.47204169248072,0.0945587660670521
4498,0.748629621232158,0.748629621232158,0.0835001870239453
4499,2.75196312029029,2.75196312029029,0.121109769552635
4500,1.27310585321171,1.27310585321171,0.0919422519445162
4501,3.90779611218478,3.90779611218478,0.138357195338536
4502,5.71047293898728,5.71047293898728,0.132246532815938
4503,1.78187251330736,1.78187251330736,0.107925412873199
4504,0.664062954845084,0.664062954845084,0.167577858812713
4505,0.233859329332923,0.233859329332923,0.11064631142777
4506,7.26226078793206,7.26226078793206,0.122405247115098
4507,6.65548684183044,6.65548684183044,0.13050078498719
4508,4.16794671538795,4.16794671538795,0.146089623402848
4509,15.5739225300923,15.5739225300923,0.140636521625779
4510,1.3053151358083,1.3053151358083,0.0959901722559921
4511,0.340610058718245,0.340610058718245,0.196328373357366
4512,11.121895964793,11.121895964793,0.139590093724014
4513,0.693539421173523,0.693539421173523,0.147983133663809
4514,0.869380968374322,0.869380968374322,0.0963808913319488
4515,3.03407469481079,3.03407469481079,0.101505058007719
4516,2.09873123143157,2.09873123143157,0.0996901083197961
4517,0.561777503724315,0.561777503724315,0.105824896923729
4518,4.53263721404402,4.53263721404402,0.112900760394224
4519,2.6008080372732,2.6008080372732,0.147781735481005
4520,1.35956938820993,1.35956938820993,0.101321069727045
4521,1.85885290977428,1.85885290977428,0.132397863992605
4522,4.47093759724313,4.47093759724313,0.098520181054984
4523,4.16219855296968,4.16219855296968,0.147851315083695
4524,2.49166007168566,2.49166007168566,0.162617462675276
4525,3.72861018586532,3.72861018586532,0.11220088404779
4526,10.3027585131679,10.3027585131679,0.150054703746022
4527,2.35107545961015,2.35107545961015,0.116190856671474
4528,12.2738919248684,12.2738919248684,0.138894765427062
4529,2.49727350308347,2.49727350308347,0.122610229651939
4530,2.04580967066709,2.04580967066709,0.102329001465653
4531,1.71076493369357,1.71076493369357,0.108184059971816
4532,0.579925932987415,0.579925932987415,0.130668336802047
4533,6.67379666528436,6.67379666528436,0.146753359451573
4534,13.8880319883065,13.8880319883065,0.152970722916134
4535,2.49525715626863,2.49525715626863,0.128682992050439
4536,4.1109053217465,4.1109053217465,0.128952808584964
4537,0.598654823544974,0.598654823544974,0.150533859817842
4538,2.04538680316149,2.04538680316149,0.163100173054709
4539,2.59754800828406,2.59754800828406,0.101109359172274
4540,0.427184033775239,0.427184033775239,0.0961763625759797
4541,6.18291428914277,6.18291428914277,0.156788493341697
4542,2.20087611447216,2.20087611447216,0.127888471174236
4543,3.17564302409413,3.17564302409413,0.12286835443894
4544,3.26065388356267,3.26065388356267,0.121516320024424
4545,1.20245020921141,1.20245020921141,0.0962129415784842
4546,21.042811451715,21.042811451715,0.158792702401994
4547,0.680847354941594,0.680847354941594,0.161408962322144
4548,1.31701901350356,1.31701901350356,0.102169114000153
4549,1.53772988799768,1.53772988799768,0.122362255359081
4550,2.76645599024205,2.76645599024205,0.114414499694956
4551,2.10871629478172,2.10871629478172,0.136651859011922
4552,4.14358008201651,4.14358008201651,0.134501116186102
4553,1.44142017066256,1.44142017066256,0.18104498548948
4554,0.519097840984996,0.519097840984996,0.113413735545952
4555,1.95399538632625,1.95399538632625,0.116241202783536
4556,0.252295707127766,0.252295707127766,0.126404057525383
4557,0.868094265731701,0.868094265731701,0.172555759067166
4558,1.00149032449911,1.00149032449911,0.08605079885778
4559,3.68295785594448,3.68295785594448,0.110840161765349
4560,1.168617302848,1.168617302848,0.179938561718957
4561,6.0584541062752,6.0584541062752,0.120957103708004
4562,1.83331430914946,1.83331430914946,0.152238321376597
4563,0.388573242073892,0.388573242073892,0.155661736377304
4564,2.20906491861687,2.20906491861687,0.116381696320921
4565,7.02874837670364,7.02874837670364,0.134529483656494
4566,0.994409915015473,0.994409915015473,0.0922768641127909
4567,1.83640940145452,1.83640940145452,0.140258974627668
4568,0.424637881522628,0.424637881522628,0.135525748476556
4569,4.59433170719423,4.59433170719423,0.158539198630071
4570,0.840941466893611,0.840941466893611,0.111654434967361
4571,1.85560257581438,1.85560257581438,0.0936378318599052
4572,1.50135832185722,1.50135832185722,0.0971028409125936
4573,1.21390784169418,1.21390784169418,0.113944075742606
4574,0.584932850769803,0.584932850769803,0.0966846887491375
4575,1.56257479738923,1.56257479738923,0.105223304812082
4576,0.903168333113405,0.903168333113405,0.123624755129313
4577,0.530268926363007,0.530268926363007,0.0785997073986788
4578,0.361987710308204,0.361987710308204,0.199073075461914
4579,2.93075114393811,2.93075114393811,0.105844374671653
4580,10.309244259712,10.309244259712,0.148223150450338
4581,0.637740182715713,0.637740182715713,0.168171820590952
4582,20.7383728340112,20.7383728340112,0.147952918776915
4583,0.93248788670415,0.93248788670415,0.139851859590055
4584,0.919043501795961,0.919043501795961,0.215731813250558
4585,1.86997319143081,1.86997319143081,0.126318905289883
4586,0.841971498946336,0.841971498946336,0.116022014589027
4587,1.10489080610494,1.10489080610494,0.167688100745625
4588,2.34425522668524,2.34425522668524,0.102906964066264
4589,0.391149800279949,0.391149800279949,0.133753045168733
4590,1.76324105480882,1.76324105480882,0.108507447262145
4591,0.796019062312606,0.796019062312606,0.119824858261544
4592,9.13802422186248,9.13802422186248,0.129051015928132
4593,0.924577982885033,0.924577982885033,0.152692887385799
4594,3.98698565580729,3.98698565580729,0.111489001024111
4595,0.675802810540322,0.675802810540322,0.171736872679449
4596,2.4355443248742,2.4355443248742,0.108960964536875
4597,2.18411373323514,2.18411373323514,0.102361639201557
4598,0.23835973554468,0.23835973554468,0.208235512152412
4599,1.45706828880912,1.45706828880912,0.123508280850104
4600,1.5344924635837,1.5344924635837,0.0987445450521989
4601,2.50726915711363,2.50726915711363,0.119251715515411
4602,0.154944153899498,0.154944153899498,0.160748618944803
4603,2.82880128931226,2.82880128931226,0.116142573057117
4604,1.53455292948215,1.53455292948215,0.139140932867901
4605,0.656568768215982,0.656568768215982,0.13850254047138
4606,0.834344022278813,0.834344022278813,0.131512290503054
4607,2.86976853683131,2.86976853683131,0.103129969702308
4608,1.8110029884422,1.8110029884422,0.106935734197547
4609,0.682695199033083,0.682695199033083,0.121596275308033
4610,0.644900944312614,0.644900944312614,0.0947160853550217
4611,1.43977880235117,1.43977880235117,0.181363322777771
4612,1.72190760851125,1.72190760851125,0.0914893803583989
4613,0.475835127248581,0.475835127248581,0.117314915022315
4614,0.693862765750445,0.693862765750445,0.116933411504887
4615,1.71029003505841,1.71029003505841,0.087457060740354
4616,1.92824498784744,1.92824498784744,0.102752471125803
4617,3.96798459903739,3.96798459903739,0.144090289622054
4618,0.635289805917145,0.635289805917145,0.161768217745984
4619,1.94840511215186,1.94840511215186,0.111810741970447
4620,4.99467605368328,4.99467605368328,0.137447032315716
4621,1.4942946647786,1.4942946647786,0.0965972664932362
4622,3.42934321871318,3.42934321871318,0.109164843961135
4623,3.48880503453372,3.48880503453372,0.150669687584881
4624,5.470325327141,5.470325327141,0.126770571066558
4625,4.08161573430808,4.08161573430808,0.107714389534552
4626,4.57835783170974,4.57835783170974,0.137510867308016
4627,1.56574688777166,1.56574688777166,0.120058822694276
4628,2.69787038708234,2.69787038708234,0.157716970082004
4629,5.49682661837433,5.49682661837433,0.125070946725477
4630,5.45683028978151,5.45683028978151,0.15626745211496
4631,0.5751783297136,0.5751783297136,0.11655052192927
4632,4.40471940795729,4.40471940795729,0.172385463655199
4633,3.16311559030492,3.16311559030492,0.159729981924204
4634,3.23360815718293,3.23360815718293,0.15017997304859
4635,0.994192382390412,0.994192382390412,0.102373292045619
4636,3.30712423705852,3.30712423705852,0.132130436539724
4637,0.582755005147879,0.582755005147879,0.132186463521803
4638,8.20223313558545,8.20223313558545,0.15436653913233
4639,0.954553537877051,0.954553537877051,0.140218458258184
4640,3.59642025663876,3.59642025663876,0.125294765587472
4641,1.50491665986223,1.50491665986223,0.099648700450063
4642,0.437963062344373,0.437963062344373,0.174670801919551
4643,9.91981956458355,9.91981956458355,0.16060462228726
4644,3.46450332956168,3.46450332956168,0.111297995228623
4645,0.817076504076181,0.817076504076181,0.0951923579563435
4646,2.19623682472115,2.19623682472115,0.0960543535468259
4647,0.693949552595484,0.693949552595484,0.102062283123188
4648,5.61719449495985,5.61719449495985,0.135224055334804
4649,9.94239935651493,9.94239935651493,0.129134675454375
4650,14.2149813366758,14.2149813366758,0.145683372760011
4651,2.17755644935516,2.17755644935516,0.129708422581308
4652,2.50145028386259,2.50145028386259,0.128487451517831
4653,10.9001541130459,10.9001541130459,0.134932846266962
4654,2.82205628651105,2.82205628651105,0.109800525104505
4655,0.886288226439354,0.886288226439354,0.162313845003689
4656,3.28853081938203,3.28853081938203,0.153141477286971
4657,0.569344058608284,0.569344058608284,0.155028378953531
4658,0.243507126150615,0.243507126150615,0.130370898146663
4659,0.701350396843473,0.701350396843473,0.151745662945816
4660,1.36774286969747,1.36774286969747,0.151282151711561
4661,1.91157506810854,1.91157506810854,0.101705839513174
4662,5.16072031256759,5.16072031256759,0.143066453970863
4663,1.7240114291256,1.7240114291256,0.108740411361705
4664,0.573174450078885,0.573174450078885,0.114816995856254
4665,2.2559877874703,2.2559877874703,0.128454610072997
4666,4.09686496007812,4.09686496007812,0.108592268458098
4667,0.55942680552112,0.55942680552112,0.137786768058302
4668,0.800659414543435,0.800659414543435,0.143268225393357
4669,2.83618210083473,2.83618210083473,0.0989615554109191
4670,1.71226413880505,1.71226413880505,0.141964232266972
4671,4.30990676797431,4.30990676797431,0.123882854715166
4672,0.878744435837033,0.878744435837033,0.117845464193067
4673,0.471568991942193,0.471568991942193,0.107865509043449
4674,5.75836056550143,5.75836056550143,0.131316934452908
4675,0.538175236193346,0.538175236193346,0.150861236812546
4676,1.58870139823646,1.58870139823646,0.0947529537727091
4677,3.28723296196308,3.28723296196308,0.152958570247037
4678,1.2371326879661,1.2371326879661,0.0826368491272308
4679,0.73302283012816,0.73302283012816,0.103046231881313
4680,2.25387641975833,2.25387641975833,0.136066271451105
4681,0.749533060230556,0.749533060230556,0.154359680878137
4682,27.2303807014848,27.2303807014848,0.161696803867405
4683,17.8998756296961,17.8998756296961,0.17389704284879
4684,3.46431996583955,3.46431996583955,0.105900145180998
4685,0.501874310347503,0.501874310347503,0.15862243622808
4686,2.20530438419885,2.20530438419885,0.118842553677179
4687,0.280215724246294,0.280215724246294,0.102318917160391
4688,4.94925512829358,4.94925512829358,0.163045339178592
4689,0.572313510890149,0.572313510890149,0.15520298593102
4690,3.6127981271793,3.6127981271793,0.125420731454218
4691,3.01935057681608,3.01935057681608,0.119457743044157
4692,0.709264144787936,0.709264144787936,0.111108843536322
4693,0.82503939036441,0.82503939036441,0.114932226005839
4694,1.35582667715291,1.35582667715291,0.0953360979015092
4695,0.774587315897703,0.774587315897703,0.0975994179493165
4696,2.28538863540524,2.28538863540524,0.130722836904316
4697,7.13907749473524,7.13907749473524,0.145347380786769
4698,7.75429665913891,7.75429665913891,0.12630245254478
4699,1.97563493236411,1.97563493236411,0.154869480588022
4700,0.885855104126981,0.885855104126981,0.144611174795152
4701,1.04975604045443,1.04975604045443,0.174817472214844
4702,9.50973706114109,9.50973706114109,0.161793119564639
4703,0.465580802461704,0.465580802461704,0.130180394828984
4704,4.3841094851014,4.3841094851014,0.148109204261063
4705,1.26224930702478,1.26224930702478,0.091040173443266
4706,5.71770130781386,5.71770130781386,0.124331351912791
4707,1.04508566052196,1.04508566052196,0.115256080862077
4708,1.46047934934826,1.46047934934826,0.115082400762951
4709,0.310535824973816,0.310535824973816,0.141259965739989
4710,1.02368630000634,1.02368630000634,0.094400498209954
4711,4.61943743340202,4.61943743340202,0.118123084738358
4712,0.700065494770852,0.700065494770852,0.126127709452253
4713,5.46448466811399,5.46448466811399,0.118059473883849
4714,1.30769818446549,1.30769818446549,0.148234648575905
4715,18.477254636681,18.477254636681,0.155355474725948
4716,1.05075002350064,1.05075002350064,0.150226053029216
4717,1.15557859094744,1.15557859094744,0.0984943004137677
4718,0.519158918508516,0.519158918508516,0.185164007364113
4719,0.823204677675233,0.823204677675233,0.0966337512279625
4720,11.6629700761984,11.6629700761984,0.169960355568898
4721,3.86598671599495,3.86598671599495,0.130515224337802
4722,4.05713138222426,4.05713138222426,0.101422959719983
4723,1.30028600421192,1.30028600421192,0.0911297676669547
4724,4.85123670000109,4.85123670000109,0.149470158139426
4725,1.50127717544067,1.50127717544067,0.107901444731192
4726,4.32105400748768,4.32105400748768,0.163088646129759
4727,5.35319748643306,5.35319748643306,0.126893494039353
4728,4.9083469733464,4.9083469733464,0.133369105192091
4729,7.54855293070203,7.54855293070203,0.146689469424331
4730,14.9538152145525,14.9538152145525,0.159465229486652
4731,1.81525586057826,1.81525586057826,0.140522439335306
4732,3.51620673178265,3.51620673178265,0.137728131039942
4733,1.12564626190537,1.12564626190537,0.117541272376611
4734,9.0415582768996,9.0415582768996,0.120672801454087
4735,0.973484071297361,0.973484071297361,0.120136550062577
4736,2.62742996835689,2.62742996835689,0.143900125856046
4737,0.66905048863247,0.66905048863247,0.160821051008935
4738,0.57081901886741,0.57081901886741,0.142832065556418
4739,7.55332342709987,7.55332342709987,0.1315165363708
4740,8.06482855133545,8.06482855133545,0.127177763470275
4741,8.57714839973304,8.57714839973304,0.152739081356095
4742,2.8325941251924,2.8325941251924,0.14091577286748
4743,1.08541750340336,1.08541750340336,0.182013924188251
4744,2.02850586299972,2.02850586299972,0.122611588499895
4745,3.71829508346819,3.71829508346819,0.0934768885086667
4746,4.5959937460957,4.5959937460957,0.156993398266853
4747,0.364891037570553,0.364891037570553,0.10332385639217
4748,3.88958889677447,3.88958889677447,0.140660757282428
4749,4.04696865186848,4.04696865186848,0.129070010625563
4750,3.02483926508438,3.02483926508438,0.110257784828503
4751,0.799814954831129,0.799814954831129,0.0941920934402805
4752,4.97536653229089,4.97536653229089,0.170352340785295
4753,5.72065824190623,5.72065824190623,0.126346355813283
4754,0.404767876409648,0.404767876409648,0.0933128890750752
4755,3.07831112586346,3.07831112586346,0.124969687574813
4756,6.57043908572465,6.57043908572465,0.148757755745227
4757,0.488106264550666,0.488106264550666,0.151855450848986
4758,1.04624632230302,1.04624632230302,0.101820911354827
4759,6.80110810939595,6.80110810939595,0.11505798109337
4760,6.61845555251774,6.61845555251774,0.113333346092517
4761,5.11110665124692,5.11110665124692,0.103298486176495
4762,12.9154081895747,12.9154081895747,0.147011464767442
4763,1.64631583923534,1.64631583923534,0.11630072769634
4764,0.624900734407703,0.624900734407703,0.141691460572326
4765,0.6868362333199,0.6868362333199,0.146115566831089
4766,2.99588283726054,2.99588283726054,0.0972467060955166
4767,0.277979920876271,0.277979920876271,0.158583049620533
4768,5.42651138213793,5.42651138213793,0.136602114123697
4769,2.87375263699291,2.87375263699291,0.138340547373241
4770,2.37070204708982,2.37070204708982,0.116133804211824
4771,0.642107116038598,0.642107116038598,0.145735863780516
4772,5.02117609118696,5.02117609118696,0.154024012603261
4773,0.788438997301802,0.788438997301802,0.150877597499914
4774,0.335159925524609,0.335159925524609,0.0960726393948295
4775,1.50350891361433,1.50350891361433,0.103255523178057
4776,0.974484702780911,0.974484702780911,0.113647462109225
4777,2.08515630801496,2.08515630801496,0.179900198531757
4778,0.747552056326247,0.747552056326247,0.131317032476473
4779,6.85502842922568,6.85502842922568,0.134815808599605
4780,0.983551713349516,0.983551713349516,0.200756320585348
4781,2.62212528378898,2.62212528378898,0.124320381432919
4782,1.03257219657833,1.03257219657833,0.157523361537938
4783,4.5379954160308,4.5379954160308,0.111735219564154
4784,0.148156764476166,0.148156764476166,0.132894733012215
4785,8.04394241416472,8.04394241416472,0.148035093043265
4786,0.628500730398042,0.628500730398042,0.091271751659952
4787,4.43199963642691,4.43199963642691,0.114969486982256
4788,0.653054193650199,0.653054193650199,0.147148039437443
4789,1.31167427393045,1.31167427393045,0.0895103195487822
4790,2.28013167261375,2.28013167261375,0.116645215867428
4791,0.61601445137797,0.61601445137797,0.115871826401096
4792,3.51808849235672,3.51808849235672,0.107930710059652
4793,0.204582557046919,0.204582557046919,0.0905504131817147
4794,0.756180843425451,0.756180843425451,0.158119848817522
4795,0.500105976826828,0.500105976826828,0.156737885752208
4796,2.26323129958862,2.26323129958862,0.125882390032938
4797,3.57327399361744,3.57327399361744,0.103806990576324
4798,0.609269176133237,0.609269176133237,0.169474718958992
4799,1.42386537805819,1.42386537805819,0.157663508511907
4800,1.63780753604535,1.63780753604535,0.114614873311287
4801,10.316914960249,10.316914960249,0.154452205953366
4802,5.45296541364502,5.45296541364502,0.148132472434139
4803,0.937898938649205,0.937898938649205,0.168148271403532
4804,1.87535839508907,1.87535839508907,0.101049861530049
4805,5.33015061868127,5.33015061868127,0.101893992019501
4806,1.66661725071224,1.66661725071224,0.144392537361056
4807,5.50625144854876,5.50625144854876,0.109254936820015
4808,1.52039230590653,1.52039230590653,0.215236732497104
4809,1.48562113920218,1.48562113920218,0.185306469986146
4810,2.35858197406029,2.35858197406029,0.112686917593579
4811,0.784774534460528,0.784774534460528,0.175749392840879
4812,11.0622970252912,11.0622970252912,0.136557746670951
4813,1.31871291985624,1.31871291985624,0.0931967872556093
4814,3.25425614680615,3.25425614680615,0.130305654822739
4815,7.91614757106365,7.91614757106365,0.143639781049944
4816,4.23191649062528,4.23191649062528,0.126726668323646
4817,17.1258694721063,17.1258694721063,0.166439863677961
4818,0.604938803991135,0.604938803991135,0.169239257056619
4819,0.774707818713973,0.774707818713973,0.149931459635339
4820,1.5459440147923,1.5459440147923,0.103295469974468
4821,0.796464893922387,0.796464893922387,0.176802652908937
4822,2.39032589313125,2.39032589313125,0.127709156006454
4823,2.92865140807424,2.92865140807424,0.108117245796094
4824,0.716597921165369,0.716597921165369,0.118682992261109
4825,0.555456792610802,0.555456792610802,0.178439796707321
4826,5.74990786011218,5.74990786011218,0.142069759161274
4827,0.896537941770234,0.896537941770234,0.136702361047253
4828,1.44890940937201,1.44890940937201,0.217805032813002
4829,0.687137698318835,0.687137698318835,0.185648478494074
4830,0.428771315812353,0.428771315812353,0.135444264461487
4831,1.64510193003711,1.64510193003711,0.155927561831629
4832,2.58016809587387,2.58016809587387,0.0942474442888885
4833,0.74869974125229,0.74869974125229,0.206806676749077
4834,0.687090550294097,0.687090550294097,0.0889846060525746
4835,0.462945087190028,0.462945087190028,0.109910460709719
4836,5.67628661952685,5.67628661952685,0.121297794984368
4837,0.255362530709403,0.255362530709403,0.146323775075529
4838,4.00659609675861,4.00659609675861,0.116816885322832
4839,19.2382352934437,19.2382352934437,0.172402513050738
4840,0.592175648533827,0.592175648533827,0.143423629890198
4841,4.76498105573402,4.76498105573402,0.128043865008877
4842,7.3317618236152,7.3317618236152,0.154947397117704
4843,1.94317383334094,1.94317383334094,0.125948622405061
4844,2.4501851456194,2.4501851456194,0.0951898637028206
4845,3.1861476624365,3.1861476624365,0.101922332080978
4846,0.931980663741953,0.931980663741953,0.108946726371134
4847,2.32050883037471,2.32050883037471,0.14541496276014
4848,2.06928277528257,2.06928277528257,0.0968598097847949
4849,3.22905750322665,3.22905750322665,0.130276840108809
4850,1.50852015437977,1.50852015437977,0.170144575235092
4851,0.891460612769506,0.891460612769506,0.115918664225281
4852,4.18214322000731,4.18214322000731,0.122146651824212
4853,1.37262830425359,1.37262830425359,0.10864307396222
4854,3.04917708955309,3.04917708955309,0.117277717294961
4855,1.53114425642338,1.53114425642338,0.113553123226413
4856,0.581899553189719,0.581899553189719,0.100804711425892
4857,3.0265396775668,3.0265396775668,0.117312953738283
4858,6.23541901182736,6.23541901182736,0.144866353748564
4859,1.95561507078318,1.95561507078318,0.107279992949679
4860,7.30950098030044,7.30950098030044,0.15790615172135
4861,6.10264883555922,6.10264883555922,0.137857712223605
4862,4.28714946891343,4.28714946891343,0.141891841394195
4863,1.58795360047978,1.58795360047978,0.117928883766887
4864,0.788644612891982,0.788644612891982,0.154494658426396
4865,3.54411002563084,3.54411002563084,0.120466762239964
4866,3.1317787689771,3.1317787689771,0.130055126972562
4867,0.658628929382675,0.658628929382675,0.162595087579336
4868,1.72734964308407,1.72734964308407,0.172188959534038
4869,1.65325535146321,1.65325535146321,0.0952756447625882
4870,1.20541012119049,1.20541012119049,0.0982925246298029
4871,2.46756557780926,2.46756557780926,0.132451471556769
4872,2.4537204914488,2.4537204914488,0.138738530450953
4873,0.54415455841093,0.54415455841093,0.149469553097739
4874,6.8252191368977,6.8252191368977,0.131658205499471
4875,0.765971500384416,0.765971500384416,0.0936146543225778
4876,2.58689191611773,2.58689191611773,0.115073095623707
4877,0.288653983882444,0.288653983882444,0.163533030915908
4878,0.848374299619844,0.848374299619844,0.0983313653988063
4879,2.37402575363592,2.37402575363592,0.12757019136295
4880,2.12207470863079,2.12207470863079,0.131575998705702
4881,14.8628169099782,14.8628169099782,0.152241505241629
4882,5.07794968899968,5.07794968899968,0.155569661840475
4883,1.39379730224264,1.39379730224264,0.10110961899798
4884,3.23655011655811,3.23655011655811,0.118257886068637
4885,6.19934140865385,6.19934140865385,0.128681935310756
4886,0.378284898953054,0.378284898953054,0.142004566424268
4887,0.412291674418738,0.412291674418738,0.113433052542
4888,0.239402940075495,0.239402940075495,0.159563742581914
4889,2.66738470148239,2.66738470148239,0.134478562590846
4890,4.09738603281126,4.09738603281126,0.132646367692452
4891,2.27619528051365,2.27619528051365,0.130389819433115
4892,1.4601824752644,1.4601824752644,0.105796173471807
4893,3.30504102378415,3.30504102378415,0.120080075924322
4894,5.30479305459557,5.30479305459557,0.0972229174677714
4895,3.30039302802182,3.30039302802182,0.118207262132199
4896,9.45674241516425,9.45674241516425,0.149112022244489
4897,1.90664094226717,1.90664094226717,0.103755579577001
4898,0.624215333655888,0.624215333655888,0.180467924602148
4899,4.11559561272437,4.11559561272437,0.13332125619736
4900,4.66488391403016,4.66488391403016,0.123388153467365
4901,0.484209436014025,0.484209436014025,0.108992475917295
4902,0.893157375645707,0.893157375645707,0.129991263012036
4903,1.26390311508158,1.26390311508158,0.0934891054070252
4904,0.174888515630031,0.174888515630031,0.136309775012062
4905,6.46270999439006,6.46270999439006,0.114008977462125
4906,16.3374659364851,16.3374659364851,0.150416118317957
4907,1.15088039293599,1.15088039293599,0.0851425965328519
4908,1.21222635496136,1.21222635496136,0.152465048291382
4909,1.42391344678668,1.42391344678668,0.108352872986634
4910,0.837219599736056,0.837219599736056,0.136380680782123
4911,2.27539229761381,2.27539229761381,0.13374989639643
4912,1.72991192301686,1.72991192301686,0.0960560006204113
4913,7.57898570585502,7.57898570585502,0.172728388005943
4914,10.1527105591137,10.1527105591137,0.164238232563394
4915,2.8132369053333,2.8132369053333,0.114801446366907
4916,3.28698670636907,3.28698670636907,0.110672640288002
4917,3.17046642452664,3.17046642452664,0.170100624132027
4918,4.94762323058208,4.94762323058208,0.116587841996557
4919,0.677817224422702,0.677817224422702,0.127887589287176
4920,0.449499501214616,0.449499501214616,0.101879007569395
4921,7.60110762269475,7.60110762269475,0.153221893068591
4922,8.60779718701534,8.60779718701534,0.138667287897432
4923,4.36382706114174,4.36382706114174,0.159430473696349
4924,0.951054769953001,0.951054769953001,0.119243888387948
4925,5.04074586175394,5.04074586175394,0.132398590064491
4926,3.6659185552201,3.6659185552201,0.151055719491753
4927,0.50054003060275,0.50054003060275,0.101643689013547
4928,1.39665033428804,1.39665033428804,0.102123610509525
4929,0.473976520596623,0.473976520596623,0.170006522055914
4930,2.02931513469028,2.02931513469028,0.0921643381393453
4931,2.197809016711,2.197809016711,0.0971844997505855
4932,9.27312201791562,9.27312201791562,0.138485878789635
4933,3.08795242937469,3.08795242937469,0.152761579766476
4934,3.22064857738096,3.22064857738096,0.13380972505052
4935,12.2216053253684,12.2216053253684,0.149772628221881
4936,0.360971795872352,0.360971795872352,0.109265323720262
4937,0.468505388999985,0.468505388999985,0.127225673483981
4938,1.15788106895857,1.15788106895857,0.106446571189019
4939,3.1782424286913,3.1782424286913,0.179598787365571
4940,2.75969190578431,2.75969190578431,0.108218344729017
4941,3.32552413012477,3.32552413012477,0.137125295681195
4942,1.78202676049853,1.78202676049853,0.0984808845243043
4943,0.921010330234371,0.921010330234371,0.162376743173373
4944,1.4016995415023,1.4016995415023,0.0937935015467658
4945,5.51416591305968,5.51416591305968,0.129086915027051
4946,1.42310572123268,1.42310572123268,0.114844831245274
4947,0.0405521636544098,0.0405521636544098,0.138189790814257
4948,5.58667298141344,5.58667298141344,0.131606137964303
4949,1.95457888496684,1.95457888496684,0.105453590609668
4950,0.306941299638555,0.306941299638555,0.11297816277991
4951,0.93446119814662,0.93446119814662,0.0879042722654174
4952,1.61771447302862,1.61771447302862,0.09998791131914
4953,1.69322478146883,1.69322478146883,0.131623801268452
4954,4.0152154283009,4.0152154283009,0.132913825712971
4955,1.5386255816242,1.5386255816242,0.107331087328037
4956,3.43671413020279,3.43671413020279,0.114283882735146
4957,1.88497114762762,1.88497114762762,0.140331861525529
4958,2.45884890828539,2.45884890828539,0.131208911962593
4959,1.97049422753207,1.97049422753207,0.115586901104199
4960,6.32896956687623,6.32896956687623,0.124172834338562
4961,2.15166554000452,2.15166554000452,0.095747719507587
4962,2.15349956578739,2.15349956578739,0.107690407567553
4963,0.592466437709394,0.592466437709394,0.125693458063283
4964,2.56501661243065,2.56501661243065,0.12764911034963
4965,0.784559087317254,0.784559087317254,0.149239109270958
4966,4.81068000286058,4.81068000286058,0.166690367175873
4967,0.457646979263463,0.457646979263463,0.0875878185613872
4968,1.40370175807098,1.40370175807098,0.163613627695584
4969,3.14671999983694,3.14671999983694,0.146512601620929
4970,0.678530898213271,0.678530898213271,0.165713906235898
4971,2.47486814197229,2.47486814197229,0.114034901908504
4972,0.361790152607141,0.361790152607141,0.0924975684176916
4973,5.73122719503699,5.73122719503699,0.114904641829466
4974,3.52495267791913,3.52495267791913,0.129846517158749
4975,0.0938513488686266,0.0938513488686266,0.206076394313545
4976,0.681215990586617,0.681215990586617,0.187056956364834
4977,3.18022231495132,3.18022231495132,0.138757103870264
4978,1.20909468990384,1.20909468990384,0.086762678061849
4979,6.91761830651043,6.91761830651043,0.143369598737232
4980,1.02949284233225,1.02949284233225,0.0952324795694236
4981,2.25395912173325,2.25395912173325,0.105138613428951
4982,0.990248913482658,0.990248913482658,0.175487333629405
4983,1.69508021371895,1.69508021371895,0.107982333394431
4984,2.26721566403581,2.26721566403581,0.13699919393807
4985,3.75501443048994,3.75501443048994,0.103008278929663
4986,2.10210809659841,2.10210809659841,0.149115453708226
4987,9.4901198031437,9.4901198031437,0.163716526543098
4988,0.427514675565441,0.427514675565441,0.17081427729863
4989,1.02755644379556,1.02755644379556,0.18446743118665
4990,3.29838003362998,3.29838003362998,0.152357760025706
4991,4.57323704037238,4.57323704037238,0.135400062902633
4992,0.758556608543231,0.758556608543231,0.161350094897429
4993,4.91600737443072,4.91600737443072,0.154926197607977
4994,2.80197096378949,2.80197096378949,0.144211399753255
4995,1.09293304991903,1.09293304991903,0.130765607262389
4996,0.456360162140081,0.456360162140081,0.155369993229173
4997,4.55153352574609,4.55153352574609,0.111724295151484
4998,0.405279144101585,0.405279144101585,0.154564425511253
4999,4.12678377323095,4.12678377323095,0.119084495755086
5000,1.28171069498067,1.28171069498067,0.218078903683678
5001,7.69853545351187,7.69853545351187,0.144220019429198
5002,0.594076685637368,0.594076685637368,0.121288324745988
5003,2.51416546515287,2.51416546515287,0.136874286116063
5004,1.31090518259468,1.31090518259468,0.102484445658938
5005,2.00742539810821,2.00742539810821,0.113538245957646
5006,0.549861823339941,0.549861823339941,0.190353859052434
5007,7.54350650898877,7.54350650898877,0.108160541815491
5008,2.64385876765193,2.64385876765193,0.115305184429169
5009,0.76031668133451,0.76031668133451,0.153657979685162
5010,3.20401339941674,3.20401339941674,0.154360256198215
5011,1.14820352211173,1.14820352211173,0.107617512540158
5012,1.85326529214039,1.85326529214039,0.106607878355871
5013,0.590857209390603,0.590857209390603,0.143113719558968
5014,0.868263251768195,0.868263251768195,0.136195679223772
5015,1.20019167552726,1.20019167552726,0.111918086529186
5016,12.5190486525406,12.5190486525406,0.149117638653508
5017,0.694098221773961,0.694098221773961,0.153323601835161
5018,0.719173095313144,0.719173095313144,0.151441154821217
5019,3.26644092216661,3.26644092216661,0.1104143074775
5020,1.92716848813248,1.92716848813248,0.120239668126747
5021,9.50819599511934,9.50819599511934,0.163504911405699
5022,1.00462696314714,1.00462696314714,0.158891393432881
5023,2.10768388242057,2.10768388242057,0.128982899700552
5024,1.11652614788763,1.11652614788763,0.119091425611628
5025,0.637969738995475,0.637969738995475,0.119605412095529
5026,1.98478244432317,1.98478244432317,0.0951905048843378
5027,1.65485717760671,1.65485717760671,0.104459853779755
5028,0.297312341037618,0.297312341037618,0.156100306736137
5029,6.56034558462021,6.56034558462021,0.160151358832905
5030,2.84875366056738,2.84875366056738,0.153693848723847
5031,4.80266798136724,4.80266798136724,0.131209113447361
5032,0.736042004695121,0.736042004695121,0.113476535391022
5033,0.270217422398692,0.270217422398692,0.155533476672327
5034,0.64378227526457,0.64378227526457,0.147088496684517
5035,2.50810552689914,2.50810552689914,0.108676019886316
5036,5.78670755487752,5.78670755487752,0.119259195668064
5037,5.14590144373446,5.14590144373446,0.163029679768168
5038,4.76068185264323,4.76068185264323,0.138208579204096
5039,2.34337754104905,2.34337754104905,0.0982906171838256
5040,0.509727688862362,0.509727688862362,0.16362705520272
5041,3.29483377496966,3.29483377496966,0.161204736042175
5042,3.03433967270364,3.03433967270364,0.160020502173722
5043,2.38820045784171,2.38820045784171,0.101338431956002
5044,3.16477573831815,3.16477573831815,0.124203856426126
5045,1.21378226229895,1.21378226229895,0.103681838642119
5046,1.13755233972428,1.13755233972428,0.166802744970402
5047,2.68394021953829,2.68394021953829,0.125461231408281
5048,2.7577326938165,2.7577326938165,0.161810847306418
5049,9.50013390282168,9.50013390282168,0.161559895113758
5050,0.464961086119186,0.464961086119186,0.190087368806082
5051,6.75840729171567,6.75840729171567,0.149375025708943
5052,0.729201982011637,0.729201982011637,0.145158134773253
5053,1.10291447808014,1.10291447808014,0.14185932922998
5054,15.2988103634939,15.2988103634939,0.15121096245335
5055,1.38641050642019,1.38641050642019,0.149861707802373
5056,18.3193595656524,18.3193595656524,0.165422432501979
5057,0.831299320182998,0.831299320182998,0.101281541860422
5058,3.68811279158815,3.68811279158815,0.117768075296628
5059,1.03220596430396,1.03220596430396,0.173783773955059
5060,1.24395015961279,1.24395015961279,0.119305980877369
5061,0.725722802183407,0.725722802183407,0.171903236979654
5062,1.95378774263305,1.95378774263305,0.156678972854876
5063,0.741215115965179,0.741215115965179,0.153389638973126
5064,0.597014128258812,0.597014128258812,0.15964089224913
5065,1.77550167239582,1.77550167239582,0.0818552508405917
5066,2.56825538650746,2.56825538650746,0.14025696271559
5067,10.2043131884393,10.2043131884393,0.136946193464948
5068,0.461035875700816,0.461035875700816,0.143103757872633
5069,1.22000080981212,1.22000080981212,0.101731758416016
5070,3.01360193618709,3.01360193618709,0.132508370788815
5071,0.917073154936895,0.917073154936895,0.0956204578436867
5072,0.591704676511606,0.591704676511606,0.174640944824261
5073,2.62970656489171,2.62970656489171,0.117465425322686
5074,3.26735633697169,3.26735633697169,0.147858117500232
5075,1.04381626360414,1.04381626360414,0.109852695754974
5076,1.45121037371513,1.45121037371513,0.121410415894201
5077,1.9178489073823,1.9178489073823,0.141853676409136
5078,0.459074087999943,0.459074087999943,0.123521632666798
5079,1.212749703612,1.212749703612,0.162197240567992
5080,0.886024532676426,0.886024532676426,0.162382976772649
5081,1.35638951148079,1.35638951148079,0.107494022374789
5082,8.64925578076759,8.64925578076759,0.17749655357634
5083,1.08492942545009,1.08492942545009,0.142997435621226
5084,8.45644144992774,8.45644144992774,0.111415219868787
5085,4.95256720930171,4.95256720930171,0.119174571318801
5086,0.458920331080478,0.458920331080478,0.184116153901029
5087,5.60530147564126,5.60530147564126,0.130810387876318
5088,1.69660745457611,1.69660745457611,0.101513736438057
5089,2.10109656140972,2.10109656140972,0.125801206607578
5090,0.641035977594369,0.641035977594369,0.135034791523802
5091,5.03950435400572,5.03950435400572,0.149050908911816
5092,0.768271917288413,0.768271917288413,0.188941154771468
5093,1.49535048291649,1.49535048291649,0.1060661158529
5094,1.14431616692801,1.14431616692801,0.0984808034440802
5095,1.23642988733294,1.23642988733294,0.152654994742128
5096,0.870389637510134,0.870389637510134,0.0913431204837789
5097,2.84950788301344,2.84950788301344,0.131829470442394
5098,1.05103510585211,1.05103510585211,0.158487377860419
5099,2.65519846072071,2.65519846072071,0.140922832457189
5100,1.04405832773834,1.04405832773834,0.108726274277615
5101,0.283132028086918,0.283132028086918,0.190333418484141
5102,4.01583114023592,4.01583114023592,0.13468712053319
5103,2.44345117602663,2.44345117602663,0.119025192724493
5104,0.485869621468217,0.485869621468217,0.169282998808143
5105,2.1453712733601,2.1453712733601,0.0958153695775156
5106,10.3396965725393,10.3396965725393,0.12770513817931
5107,3.5075185836955,3.5075185836955,0.124395976195238
5108,0.87563802681652,0.87563802681652,0.0985711200484212
5109,1.37211634214013,1.37211634214013,0.129747905422783
5110,10.0751315853107,10.0751315853107,0.172812589130142
5111,2.65709205365426,2.65709205365426,0.132611907275251
5112,2.02922080084887,2.02922080084887,0.0877063448802542
5113,4.01508491628731,4.01508491628731,0.154040580618904
5114,0.933444990691368,0.933444990691368,0.126465267728147
5115,2.69100162878365,2.69100162878365,0.139283663543814
5116,2.16425181383095,2.16425181383095,0.130237721130918
5117,2.77414262376137,2.77414262376137,0.157936600279872
5118,10.9477697579355,10.9477697579355,0.146740899303752
5119,0.961957008893471,0.961957008893471,0.157937093185519
5120,6.73968351613117,6.73968351613117,0.151103148972556
5121,2.19532279735432,2.19532279735432,0.131110184678709
5122,8.34435411151567,8.34435411151567,0.139191347293391
5123,2.87901208897336,2.87901208897336,0.105940130101072
5124,1.78143765967776,1.78143765967776,0.0975753200849802
5125,5.60599619225891,5.60599619225891,0.139450315751781
5126,9.20277337118057,9.20277337118057,0.138719909643755
5127,1.65534390253026,1.65534390253026,0.0955544416097486
5128,8.95758047857623,8.95758047857623,0.15215039542327
5129,0.357609523832104,0.357609523832104,0.184429951239376
5130,3.5958329853559,3.5958329853559,0.105461582628334
5131,0.819110183595706,0.819110183595706,0.175495790172674
5132,1.34563722759169,1.34563722759169,0.11048092174374
5133,5.60801284423565,5.60801284423565,0.135785239412058
5134,1.51115886700395,1.51115886700395,0.204511023291488
5135,1.52605159197428,1.52605159197428,0.0902490180909354
5136,5.5122497699164,5.5122497699164,0.115437887853542
5137,0.938889755165819,0.938889755165819,0.108239945633928
5138,0.536633460258158,0.536633460258158,0.132761087110857
5139,1.10678639116856,1.10678639116856,0.0916717589449993
5140,2.26674227016915,2.26674227016915,0.103638000954033
5141,1.21006963630397,1.21006963630397,0.164246254624367
5142,2.39749640306679,2.39749640306679,0.140953652899693
5143,1.37139203425988,1.37139203425988,0.0947183627963684
5144,2.9488404635298,2.9488404635298,0.113391023744802
5145,0.533714829226436,0.533714829226436,0.121566040494557
5146,0.5931885998853,0.5931885998853,0.172086422643528
5147,1.39201036467983,1.39201036467983,0.191695411836537
5148,1.3455861340673,1.3455861340673,0.0888569019589094
5149,2.25777093434798,2.25777093434798,0.103097475564495
5150,1.66925266801136,1.66925266801136,0.181431723727222
5151,4.70494116460584,4.70494116460584,0.149048540798943
5152,0.943806871612886,0.943806871612886,0.151075582678878
5153,3.51463681599316,3.51463681599316,0.173044943022366
5154,5.9662454334814,5.9662454334814,0.157936439416991
5155,2.68408036830516,2.68408036830516,0.110878677524033
5156,3.5868036112527,3.5868036112527,0.126030383459045
5157,3.13469085542326,3.13469085542326,0.108845261969106
5158,3.41697436406772,3.41697436406772,0.110439812581568
5159,4.86965283284059,4.86965283284059,0.122934735351881
5160,0.713482896561478,0.713482896561478,0.155797931717678
5161,3.787239194964,3.787239194964,0.108759476152089
5162,1.07603518985609,1.07603518985609,0.101388466355807
5163,0.786056488786116,0.786056488786116,0.0867122792287154
5164,2.63399637529469,2.63399637529469,0.104153241698015
5165,0.818017571834072,0.818017571834072,0.176635005532491
5166,0.727974494506255,0.727974494506255,0.126426901510483
5167,0.458198134644076,0.458198134644076,0.106712754366582
5168,4.25059068150036,4.25059068150036,0.101894512144903
5169,2.88054917237829,2.88054917237829,0.10696286538947
5170,2.01987753426967,2.01987753426967,0.107979518155612
5171,0.237882834951137,0.237882834951137,0.14321561280699
5172,2.49596012705289,2.49596012705289,0.121273275555407
5173,4.61269649266955,4.61269649266955,0.145483419738334
5174,2.36279476205431,2.36279476205431,0.128915503312042
5175,1.06394840225601,1.06394840225601,0.193110292242116
5176,0.618361765477383,0.618361765477383,0.187757907385703
5177,1.97836375413034,1.97836375413034,0.116885272219308
5178,3.4181406987608,3.4181406987608,0.171168572540085
5179,1.21049067525837,1.21049067525837,0.114953049479347
5180,7.85646696176405,7.85646696176405,0.166364263760034
5181,6.74168264068421,6.74168264068421,0.12759799039034
5182,0.393247012513094,0.393247012513094,0.135571478535568
5183,2.59274655472349,2.59274655472349,0.105546289868764
5184,0.695880367020111,0.695880367020111,0.145050511402375
5185,7.03637355632139,7.03637355632139,0.124421014125827
5186,7.0513962248624,7.0513962248624,0.1272628801539
5187,2.17059121033825,2.17059121033825,0.141027317514946
5188,2.13937900474991,2.13937900474991,0.104512032479285
5189,1.15919118227167,1.15919118227167,0.112059850375782
5190,3.06806898125308,3.06806898125308,0.144356625054198
5191,2.98090451154935,2.98090451154935,0.110398940792888
5192,10.246864728128,10.246864728128,0.14285417358705
5193,0.914048775543546,0.914048775543546,0.0845195691239444
5194,0.356427420954521,0.356427420954521,0.122951391749394
5195,14.9412536524417,14.9412536524417,0.165886189493342
5196,2.18135051950075,2.18135051950075,0.120063815677372
5197,0.504925498815026,0.504925498815026,0.162048357989017
5198,0.434171770832705,0.434171770832705,0.0953188146263317
5199,3.59721370359171,3.59721370359171,0.124765445870169
5200,1.28204099050242,1.28204099050242,0.115263614458074
5201,2.51093805238863,2.51093805238863,0.121274784775044
5202,2.24830362516173,2.24830362516173,0.113956060996557
5203,3.93306154570714,3.93306154570714,0.114789203019522
5204,0.900255175156203,0.900255175156203,0.19419930509557
5205,10.0808585858173,10.0808585858173,0.152271380126523
5206,6.19210109065302,6.19210109065302,0.13425035445262
5207,12.4130803936165,12.4130803936165,0.137042437537086
5208,1.36243024489746,1.36243024489746,0.107463052142367
5209,0.445776006504799,0.445776006504799,0.149284609191633
5210,1.98344251753833,1.98344251753833,0.106627992730783
5211,6.02323158414449,6.02323158414449,0.146009851063853
5212,7.54360463533786,7.54360463533786,0.132348311307162
5213,0.167503821389282,0.167503821389282,0.123609582845083
5214,1.60920398722329,1.60920398722329,0.100573188876517
5215,2.32426587135361,2.32426587135361,0.128537878354047
5216,1.51649227897813,1.51649227897813,0.107836221068278
5217,1.22499223246448,1.22499223246448,0.112084394713767
5218,2.99089597460179,2.99089597460179,0.107699968743346
5219,0.322250774076127,0.322250774076127,0.191129391450873
5220,7.57053947514514,7.57053947514514,0.165298378794088
5221,0.167203222165695,0.167203222165695,0.167550784529905
5222,2.91043187766431,2.91043187766431,0.120367885436107
5223,5.68993344979437,5.68993344979437,0.109416903784935
5224,1.44460381316078,1.44460381316078,0.120285328355267
5225,11.0233491887637,11.0233491887637,0.171082768553132
5226,8.60822050015691,8.60822050015691,0.154701081073783
5227,1.56833257587051,1.56833257587051,0.112919561492742
5228,0.684914746327998,0.684914746327998,0.123010424662502
5229,5.56029335053099,5.56029335053099,0.157830195650595
5230,8.21363512495293,8.21363512495293,0.121376805763943
5231,5.97988717971167,5.97988717971167,0.129651778032673
5232,0.549009933578992,0.549009933578992,0.112081798938623
5233,0.330460518979256,0.330460518979256,0.135251355091321
5234,2.623510254842,2.623510254842,0.128481893923842
5235,5.32452093582548,5.32452093582548,0.127554167897162
5236,1.25971623832345,1.25971623832345,0.0963722001368225
5237,3.60779483808596,3.60779483808596,0.121272155617267
5238,1.23819843676682,1.23819843676682,0.0982564439985914
5239,2.1189165864155,2.1189165864155,0.110121644064111
5240,0.897061441706217,0.897061441706217,0.147313439624587
5241,10.0856517355199,10.0856517355199,0.170913752224551
5242,1.50260177285915,1.50260177285915,0.0884441081936897
5243,6.55578734742557,6.55578734742557,0.128020687462734
5244,9.87362667487477,9.87362667487477,0.167824497062291
5245,0.23499866993076,0.23499866993076,0.18497372409271
5246,8.10898141575069,8.10898141575069,0.162973835307994
5247,2.89664537445484,2.89664537445484,0.132402553388206
5248,2.88998616933738,2.88998616933738,0.109780897719742
5249,1.32209717637456,1.32209717637456,0.153417409917537
5250,2.82545451046339,2.82545451046339,0.138739373102036
5251,3.345761633258,3.345761633258,0.144472778971297
5252,7.77678028863798,7.77678028863798,0.15470520406722
5253,1.299286210425,1.299286210425,0.0839402651900098
5254,1.11678565149039,1.11678565149039,0.20289159878647
5255,3.64733582555938,3.64733582555938,0.139067225307343
5256,0.472389210947589,0.472389210947589,0.170201517478808
5257,2.18406021305107,2.18406021305107,0.102458521832198
5258,1.65138016314974,1.65138016314974,0.135389919152647
5259,1.31559187321043,1.31559187321043,0.0875601783100842
5260,8.24258502277037,8.24258502277037,0.164907204793643
5261,2.91221287478728,2.91221287478728,0.115522155581272
5262,3.34624118728361,3.34624118728361,0.119586104893424
5263,6.4671952662718,6.4671952662718,0.121634878083368
5264,1.37628503373113,1.37628503373113,0.169135105284194
5265,2.04159570509309,2.04159570509309,0.119540416035699
5266,5.1144325374603,5.1144325374603,0.13303889937389
5267,5.84595032992687,5.84595032992687,0.139986164745484
5268,0.70423711382238,0.70423711382238,0.109812637790371
5269,3.51587824057846,3.51587824057846,0.140736254235839
5270,1.84931641139887,1.84931641139887,0.100480781593737
5271,0.396583004174437,0.396583004174437,0.140623156850029
5272,3.26939942875666,3.26939942875666,0.135530640525825
5273,1.77278869510018,1.77278869510018,0.14881487020543
5274,3.31644729982774,3.31644729982774,0.0999485115739707
5275,8.08842053627913,8.08842053627913,0.131364316065446
5276,2.59798774501353,2.59798774501353,0.123103935628041
5277,0.63907361702374,0.63907361702374,0.133022825747859
5278,12.0141665435042,12.0141665435042,0.151092221388502
5279,0.879687039529701,0.879687039529701,0.084942291957835
5280,0.98885013518612,0.98885013518612,0.0832523748362302
5281,2.8122454735686,2.8122454735686,0.131524148915288
5282,0.393822545739844,0.393822545739844,0.0818834195643479
5283,2.48560639015083,2.48560639015083,0.141622764675494
5284,0.6204807858257,0.6204807858257,0.158821348199389
5285,0.387934752898496,0.387934752898496,0.188131952752308
5286,2.16797083656298,2.16797083656298,0.103204065499678
5287,4.41602189371938,4.41602189371938,0.106958243075011
5288,2.11022906254763,2.11022906254763,0.115378155484013
5289,0.515162446597708,0.515162446597708,0.160406891608479
5290,0.333240682462419,0.333240682462419,0.0932246191010406
5291,0.831760517906995,0.831760517906995,0.164439527428552
5292,0.956814467462082,0.956814467462082,0.130644004480751
5293,0.6242462994256,0.6242462994256,0.153032389529762
5294,2.24200801628084,2.24200801628084,0.116336501659306
5295,3.50640855803906,3.50640855803906,0.13220766353893
5296,0.496739158817548,0.496739158817548,0.130529285991245
5297,3.38927476377161,3.38927476377161,0.104946407980313
5298,1.65287111531587,1.65287111531587,0.0940336690994709
5299,3.98850549957122,3.98850549957122,0.146068545235474
5300,1.07737231452978,1.07737231452978,0.0922109439541607
5301,3.92186045036893,3.92186045036893,0.132461977491087
5302,4.31050790904031,4.31050790904031,0.126255307057348
5303,1.71650928690355,1.71650928690355,0.108780872361017
5304,0.53642396682826,0.53642396682826,0.157329259327204
5305,0.165478508201845,0.165478508201845,0.136652481168712
5306,19.849918820085,19.849918820085,0.13777550364263
5307,6.39457275256474,6.39457275256474,0.123083732644417
5308,4.75131040542522,4.75131040542522,0.138905275837708
5309,19.8722560207845,19.8722560207845,0.153231873470069
5310,1.47419777894354,1.47419777894354,0.105822387419527
5311,0.38909543567745,0.38909543567745,0.147574132123269
5312,12.3261857170172,12.3261857170172,0.153147768467092
5313,0.638933937097476,0.638933937097476,0.125673478416453
5314,1.20218147742485,1.20218147742485,0.0975991131888587
5315,1.89303754591638,1.89303754591638,0.0987740012724655
5316,1.36364746317635,1.36364746317635,0.0991715475712448
5317,0.515831085593497,0.515831085593497,0.124074646016065
5318,4.50511250123048,4.50511250123048,0.114062780531479
5319,5.68270208295624,5.68270208295624,0.163755687923696
5320,1.69160183244688,1.69160183244688,0.105413035525432
5321,1.63496871237594,1.63496871237594,0.144169661870897
5322,2.36470320724114,2.36470320724114,0.0990024882860139
5323,3.33257104627266,3.33257104627266,0.145710706235616
5324,3.26805799891189,3.26805799891189,0.151267223053832
5325,3.37202021138006,3.37202021138006,0.106023481839182
5326,4.97590616084675,4.97590616084675,0.137825118904594
5327,2.96268205614337,2.96268205614337,0.115311894674176
5328,10.2832426218717,10.2832426218717,0.139896897726318
5329,1.76733049489212,1.76733049489212,0.119688382440848
5330,1.44480076222996,1.44480076222996,0.0960569752352299
5331,2.00191285578907,2.00191285578907,0.111303158225379
5332,1.20630212430246,1.20630212430246,0.153307480944348
5333,6.4595058888084,6.4595058888084,0.151628710801313
5334,21.261739196037,21.261739196037,0.169725469457577
5335,1.81518560389509,1.81518560389509,0.134766410757214
5336,2.66998162247129,2.66998162247129,0.113594826216006
5337,0.330985442464772,0.330985442464772,0.144636999636589
5338,0.879173080505416,0.879173080505416,0.15381469197775
5339,1.60716911682531,1.60716911682531,0.0988171302362489
5340,1.30740460740915,1.30740460740915,0.096781022426139
5341,5.36408986633841,5.36408986633841,0.156712730591347
5342,2.00556650022975,2.00556650022975,0.163765854623997
5343,2.91944406508464,2.91944406508464,0.124171417719903
5344,2.31201399411888,2.31201399411888,0.101576371923404
5345,1.29372918132782,1.29372918132782,0.0950300915685691
5346,10.2080603252396,10.2080603252396,0.146567843900075
5347,0.7599730193707,0.7599730193707,0.128647642548895
5348,1.18685446208689,1.18685446208689,0.123770527122207
5349,2.52370364820409,2.52370364820409,0.137706051327703
5350,1.15005477866001,1.15005477866001,0.102251329252801
5351,0.795465820373474,0.795465820373474,0.103649256654372
5352,2.7115941905958,2.7115941905958,0.124812623980862
5353,1.12203275464696,1.12203275464696,0.205576710288584
5354,1.40207936182701,1.40207936182701,0.0939871611821347
5355,1.90513308473797,1.90513308473797,0.10762738605976
5356,0.603987370454267,0.603987370454267,0.164773517410718
5357,0.326376162109213,0.326376162109213,0.186654438933755
5358,1.92327979415235,1.92327979415235,0.0923589256989183
5359,3.82862821625043,3.82862821625043,0.121614991282789
5360,1.41555578781885,1.41555578781885,0.181130481521951
5361,8.29552567322904,8.29552567322904,0.132152408708628
5362,5.17994148655663,5.17994148655663,0.168672199408695
5363,0.200719764402795,0.200719764402795,0.12968526952371
5364,1.51185024782074,1.51185024782074,0.110155618109476
5365,5.75389891189717,5.75389891189717,0.124884745377084
5366,1.35080601490854,1.35080601490854,0.0989236857300608
5367,1.45379912029219,1.45379912029219,0.0932286928281012
5368,0.183183822902138,0.183183822902138,0.148043286678764
5369,2.05632834350151,2.05632834350151,0.150460598584741
5370,1.2063351500587,1.2063351500587,0.127409771824373
5371,0.611551781856037,0.611551781856037,0.104006996739059
5372,2.01658511850038,2.01658511850038,0.10882819845072
5373,1.505490889752,1.505490889752,0.167919038131991
5374,1.31137566578484,1.31137566578484,0.105977294464194
5375,0.705018740770865,0.705018740770865,0.100922357713502
5376,0.529199140017773,0.529199140017773,0.185743059598412
5377,0.404503145083619,0.404503145083619,0.0859979742384222
5378,0.319077032849072,0.319077032849072,0.154011739731583
5379,1.02613370464439,1.02613370464439,0.100325830576949
5380,11.7839551413297,11.7839551413297,0.155286481647296
5381,0.825781122527733,0.825781122527733,0.152859414328614
5382,17.0023598824437,17.0023598824437,0.142799815905097
5383,0.931434414253998,0.931434414253998,0.1575826716667
5384,0.546764714687269,0.546764714687269,0.167118077027944
5385,1.70721092332829,1.70721092332829,0.130232278991225
5386,1.08774140819013,1.08774140819013,0.142888589285384
5387,0.690492165410792,0.690492165410792,0.131884440008142
5388,4.67039244269785,4.67039244269785,0.10252305569417
5389,0.912992552450972,0.912992552450972,0.184366376052667
5390,2.74384512595293,2.74384512595293,0.118176546082097
5391,0.970222650327525,0.970222650327525,0.134674239542902
5392,6.73067409573996,6.73067409573996,0.123717294530809
5393,1.43394046745205,1.43394046745205,0.198884345889602
5394,2.5494548955465,2.5494548955465,0.109854946638446
5395,1.34598521935979,1.34598521935979,0.180052507021725
5396,2.60202969338948,2.60202969338948,0.103507253735062
5397,1.67589751049254,1.67589751049254,0.0862982682495105
5398,0.88145844074463,0.88145844074463,0.160420022397848
5399,1.76996445088294,1.76996445088294,0.126033364585935
5400,2.76963021807399,2.76963021807399,0.113361024214569
5401,1.34880495294304,1.34880495294304,0.108176620512621
5402,0.178822512056524,0.178822512056524,0.153415924389758
5403,2.30544007359657,2.30544007359657,0.111539451297123
5404,0.864018780873895,0.864018780873895,0.11681152711009
5405,0.40245187657824,0.40245187657824,0.131700532517075
5406,1.46747940112925,1.46747940112925,0.154474746986425
5407,2.43181880229568,2.43181880229568,0.0967062606632061
5408,2.79468359453638,2.79468359453638,0.116489455240451
5409,1.06604406132056,1.06604406132056,0.156646470881069
5410,1.55771745598791,1.55771745598791,0.0999552293939751
5411,1.29337257119511,1.29337257119511,0.154455620296028
5412,2.01665328917498,2.01665328917498,0.110892872566907
5413,0.862045126724243,0.862045126724243,0.164693123660044
5414,1.21213719102178,1.21213719102178,0.0950079346990418
5415,1.42128989529876,1.42128989529876,0.0972270887228646
5416,1.63549159913318,1.63549159913318,0.0927521794007804
5417,5.43347600689904,5.43347600689904,0.153922959895845
5418,0.155684394946584,0.155684394946584,0.181256596750944
5419,1.58423825609662,1.58423825609662,0.108248303793299
5420,4.57974024626304,4.57974024626304,0.137278361668517
5421,1.23005784809625,1.23005784809625,0.0967783114733725
5422,1.12476408192071,1.12476408192071,0.0967152082172114
5423,6.60858192619779,6.60858192619779,0.172459632117703
5424,2.33853658375177,2.33853658375177,0.115085224015562
5425,1.74238952962718,1.74238952962718,0.118170161657525
5426,3.8584717364201,3.8584717364201,0.133845497087528
5427,1.19382319729409,1.19382319729409,0.118311765415917
5428,1.46526146049224,1.46526146049224,0.131211992834741
5429,8.39064341881801,8.39064341881801,0.13153718394824
5430,3.15992340879217,3.15992340879217,0.142182185249695
5431,0.938672715251681,0.938672715251681,0.12450669517152
5432,6.74367331095259,6.74367331095259,0.177757757210901
5433,6.49405643130451,6.49405643130451,0.163725159175433
5434,4.58715006479764,4.58715006479764,0.14203831225076
5435,1.19012188886,1.19012188886,0.0990438754603753
5436,5.48582151338696,5.48582151338696,0.143998491243983
5437,1.75763299648335,1.75763299648335,0.125859355585986
5438,8.83176609276173,8.83176609276173,0.149681343794047
5439,0.622118089979161,0.622118089979161,0.144139112255356
5440,2.4066570979114,2.4066570979114,0.139583118467508
5441,0.587626068625989,0.587626068625989,0.103277567588733
5442,0.693255041968888,0.693255041968888,0.118712772061827
5443,14.5208496614632,14.5208496614632,0.169377964781848
5444,2.87163472784791,2.87163472784791,0.105332528913762
5445,2.70537204701811,2.70537204701811,0.106038991386592
5446,4.42279793081955,4.42279793081955,0.111022794341301
5447,1.65202323465632,1.65202323465632,0.108337058565802
5448,3.01366116807282,3.01366116807282,0.126073086346855
5449,8.76579320626838,8.76579320626838,0.156875015221119
5450,9.82067152880526,9.82067152880526,0.130484624982174
5451,2.57294915765977,2.57294915765977,0.135952480783748
5452,3.13257801290619,3.13257801290619,0.11172085828033
5453,14.104965187433,14.104965187433,0.125129333640863
5454,2.06913357328105,2.06913357328105,0.097129421350783
5455,0.707658180290945,0.707658180290945,0.181445934131269
5456,3.52709398588015,3.52709398588015,0.146629451313804
5457,0.369485027316054,0.369485027316054,0.139209937588109
5458,0.301781511164716,0.301781511164716,0.163247677785908
5459,1.69964043333455,1.69964043333455,0.205250581282363
5460,0.559472292561791,0.559472292561791,0.145615669107027
5461,2.7303330466602,2.7303330466602,0.10407283834734
5462,5.20934041505834,5.20934041505834,0.146052100610176
5463,2.05220910061104,2.05220910061104,0.101276860988219
5464,0.900077445763964,0.900077445763964,0.178002411754169
5465,0.975531559382976,0.975531559382976,0.120168222749954
5466,5.01974049638077,5.01974049638077,0.110966798692059
5467,1.580409081166,1.580409081166,0.107470921114624
5468,0.376708877792376,0.376708877792376,0.183461275957981
5469,1.23449951329763,1.23449951329763,0.0876953502874045
5470,0.694416033927691,0.694416033927691,0.0824337521141393
5471,5.23661368024988,5.23661368024988,0.132444462764476
5472,1.54053026647686,1.54053026647686,0.159631405463716
5473,1.75872062497442,1.75872062497442,0.114437317848561
5474,2.44255895882914,2.44255895882914,0.114596180628114
5475,1.38887903345847,1.38887903345847,0.195243878601967
5476,1.91476380269018,1.91476380269018,0.117625572433741
5477,2.72782698841962,2.72782698841962,0.153821264646127
5478,0.967589138987873,0.967589138987873,0.0860399084599952
5479,1.46009887290259,1.46009887290259,0.109700748848139
5480,3.48445939001603,3.48445939001603,0.14550899954769
5481,0.430033892962297,0.430033892962297,0.0941144258491279
5482,21.6900505052774,21.6900505052774,0.152961548828338
5483,15.0446134814825,15.0446134814825,0.168293513190202
5484,3.50551416839765,3.50551416839765,0.103046163519517
5485,0.396134734716922,0.396134734716922,0.153787354481835
5486,2.1572410374395,2.1572410374395,0.117400751230212
5487,0.729834747701818,0.729834747701818,0.131994461922837
5488,4.84513587324364,4.84513587324364,0.160368893174039
5489,0.499782757893626,0.499782757893626,0.129042335927952
5490,3.91513727929998,3.91513727929998,0.131444228508013
5491,3.18475337302711,3.18475337302711,0.107175948432427
5492,0.628866915243264,0.628866915243264,0.191027260435357
5493,1.6578791999268,1.6578791999268,0.0862629078682094
5494,1.77167520098432,1.77167520098432,0.0949753996157145
5495,1.54999890124678,1.54999890124678,0.0971977030638646
5496,3.9953902610682,3.9953902610682,0.141690970291007
5497,3.07361952790307,3.07361952790307,0.129491232230644
5498,4.67913530496206,4.67913530496206,0.107432929620164
5499,1.41635007903631,1.41635007903631,0.137299950845985
5500,0.38943272647677,0.38943272647677,0.106194611779393
5501,0.47515602852538,0.47515602852538,0.203863762042595
5502,10.5082534802488,10.5082534802488,0.156535739832622
5503,0.346601073028034,0.346601073028034,0.118295003590892
5504,2.68388157790544,2.68388157790544,0.138181292788877
5505,1.80401013635026,1.80401013635026,0.102628808618914
5506,6.05231565440925,6.05231565440925,0.132612066487442
5507,0.99929516638555,0.99929516638555,0.114420604892412
5508,1.71033931366554,1.71033931366554,0.132972034431599
5509,0.19644656938503,0.19644656938503,0.117071351697833
5510,1.88193912460076,1.88193912460076,0.100990546500226
5511,3.8912916853935,3.8912916853935,0.115648841073323
5512,0.264188442998293,0.264188442998293,0.152641244494197
5513,4.92689864598994,4.92689864598994,0.132386054779515
5514,1.51599707953912,1.51599707953912,0.0879864632056675
5515,13.2825146771128,13.2825146771128,0.153207905035605
5516,1.6387723109752,1.6387723109752,0.135051480229739
5517,1.5463852309823,1.5463852309823,0.0990959778233248
5518,0.682953672344603,0.682953672344603,0.143648316953897
5519,1.90558506665286,1.90558506665286,0.108600135935773
5520,9.5459234260121,9.5459234260121,0.153158551506577
5521,6.37636739571167,6.37636739571167,0.146650551708358
5522,2.40553940901596,2.40553940901596,0.100035213064293
5523,0.933697222003862,0.933697222003862,0.100117661945484
5524,6.44525908233456,6.44525908233456,0.140773425987064
5525,0.920377519345089,0.920377519345089,0.104769742843363
5526,3.63887252234307,3.63887252234307,0.103799220224107
5527,5.00123334328346,5.00123334328346,0.128007334876254
5528,4.91110297064919,4.91110297064919,0.135010135327335
5529,7.07044049944172,7.07044049944172,0.142265775073158
5530,14.3073965687992,14.3073965687992,0.161844745401678
5531,2.24266033347088,2.24266033347088,0.124006544984086
5532,4.45987095713834,4.45987095713834,0.142239813568314
5533,0.767683788449681,0.767683788449681,0.121668262196288
5534,3.55202191969946,3.55202191969946,0.102408432894326
5535,1.00869361443978,1.00869361443978,0.143758977519965
5536,3.72403876578008,3.72403876578008,0.143676230862432
5537,0.762988578859227,0.762988578859227,0.17509637289842
5538,1.04179174349511,1.04179174349511,0.114891642626264
5539,5.74391878790938,5.74391878790938,0.123480359402124
5540,6.17604164618232,6.17604164618232,0.132433854712232
5541,8.02361994060585,8.02361994060585,0.157107540916125
5542,4.38138920424832,4.38138920424832,0.150845308236692
5543,1.27541886678774,1.27541886678774,0.162131033998628
5544,1.39541758664041,1.39541758664041,0.132543440746266
5545,3.51580809267645,3.51580809267645,0.102494287781566
5546,6.88554935154922,6.88554935154922,0.147236739948023
5547,1.00600772865952,1.00600772865952,0.163076848773189
5548,5.3387350810699,5.3387350810699,0.14969145524854
5549,6.02591619057585,6.02591619057585,0.138251173051145
5550,2.56930279786089,2.56930279786089,0.107549772469668
5551,2.41898423997428,2.41898423997428,0.107456403887911
5552,3.61633804462746,3.61633804462746,0.157684653207549
5553,3.29195274852883,3.29195274852883,0.108007797567459
5554,1.45753176681194,1.45753176681194,0.0953161827223688
5555,4.25828911877051,4.25828911877051,0.126778928927309
5556,4.26077281859409,4.26077281859409,0.134673763413519
5557,0.370357195108034,0.370357195108034,0.149160007162393
5558,1.76287141958104,1.76287141958104,0.111224120588657
5559,7.21163138975965,7.21163138975965,0.111716744045688
5560,4.3071239695712,4.3071239695712,0.105298216728251
5561,2.15843815010553,2.15843815010553,0.0933422456976757
5562,12.2636533604664,12.2636533604664,0.142820515655242
5563,1.14416194756436,1.14416194756436,0.110371433570308
5564,0.510435154238818,0.510435154238818,0.182189310883261
5565,1.103301762316,1.103301762316,0.196092599403219
5566,4.68918106383143,4.68918106383143,0.117067129576197
5567,0.754341640590812,0.754341640590812,0.155801648952177
5568,4.18628700652018,4.18628700652018,0.143305944780755
5569,1.94769659034137,1.94769659034137,0.1238593481371
5570,2.14081678390417,2.14081678390417,0.0913252706985838
5571,0.330465074137103,0.330465074137103,0.155288504271346
5572,4.30094519808711,4.30094519808711,0.148086127018998
5573,0.382387575603019,0.382387575603019,0.148522917511779
5574,0.456062169017259,0.456062169017259,0.145585383044862
5575,1.68641802119651,1.68641802119651,0.101270231818152
5576,0.860950597158912,0.860950597158912,0.122694484808413
5577,4.0181989812516,4.0181989812516,0.182774792219149
5578,1.03030695836854,1.03030695836854,0.133266498286136
5579,6.50165974201441,6.50165974201441,0.135176358075762
5580,0.397126707819746,0.397126707819746,0.138976153897683
5581,3.35383155723256,3.35383155723256,0.125997363437569
5582,0.96559295499382,0.96559295499382,0.150266678251846
5583,5.34761084975119,5.34761084975119,0.118302602342977
5584,0.602741970587465,0.602741970587465,0.178546895042556
5585,7.94053067453603,7.94053067453603,0.151516515865528
5586,1.01924963917825,1.01924963917825,0.0984566364291648
5587,3.76323259669218,3.76323259669218,0.124400638695563
5588,0.341099064805774,0.341099064805774,0.186874894779439
5589,3.00175574642205,3.00175574642205,0.103516700076961
5590,1.40031199016821,1.40031199016821,0.104873233906557
5591,0.99324718740625,0.99324718740625,0.101417625127548
5592,2.8595616339761,2.8595616339761,0.104569337249756
5593,0.534197061350822,0.534197061350822,0.158213503070221
5594,0.658380299642532,0.658380299642532,0.194864799103052
5595,0.32743340751259,0.32743340751259,0.206475964545223
5596,1.26886779133677,1.26886779133677,0.110024347825505
5597,5.54859755646258,5.54859755646258,0.121686226292421
5598,0.451376420767402,0.451376420767402,0.203427988594705
5599,0.563060884718516,0.563060884718516,0.120576651778597
5600,2.78867635120613,2.78867635120613,0.12874513601904
5601,7.84622687484736,7.84622687484736,0.152387873820899
5602,7.70599347990161,7.70599347990161,0.145724681820708
5603,0.53802366570951,0.53802366570951,0.158802152692872
5604,2.37120792724956,2.37120792724956,0.0976781001998529
5605,2.74297114566669,2.74297114566669,0.114173112151372
5606,1.19193341313089,1.19193341313089,0.157801067813588
5607,2.75326769387864,2.75326769387864,0.111769598761682
5608,0.463378601637009,0.463378601637009,0.183194900671814
5609,1.08500894028867,1.08500894028867,0.150806737355397
5610,2.54654569670717,2.54654569670717,0.114307967536525
5611,1.08254020611991,1.08254020611991,0.181618361375672
5612,8.14226605647412,8.14226605647412,0.133454775786919
5613,1.88513278671126,1.88513278671126,0.0964931937076032
5614,1.70907981262372,1.70907981262372,0.136617160361347
5615,2.49280262447665,2.49280262447665,0.142484759180991
5616,7.98895276789843,7.98895276789843,0.123520424458114
5617,14.8234697640121,14.8234697640121,0.174735833764915
5618,0.567928400724292,0.567928400724292,0.182584314533125
5619,0.732730928130085,0.732730928130085,0.170321897169638
5620,2.86245569428202,2.86245569428202,0.112705207144872
5621,0.826581975672715,0.826581975672715,0.112512575527638
5622,2.05671754241026,2.05671754241026,0.125501000017698
5623,5.44649630772567,5.44649630772567,0.104340017306877
5624,1.0291781965148,1.0291781965148,0.152104505997147
5625,0.557906143959338,0.557906143959338,0.195867925018926
5626,3.84484718132196,3.84484718132196,0.158882560410935
5627,1.01078159551122,1.01078159551122,0.170116540595811
5628,0.651082297331938,0.651082297331938,0.186766770956022
5629,1.02705514003124,1.02705514003124,0.108417351465129
5630,0.866555666441308,0.866555666441308,0.173739824951776
5631,1.47825155539788,1.47825155539788,0.15566659814906
5632,1.63420306275517,1.63420306275517,0.100963622075496
5633,0.479684477652706,0.479684477652706,0.153938210378465
5634,0.561893897238736,0.561893897238736,0.0882865825532437
5635,1.09178987417138,1.09178987417138,0.0961745353973359
5636,3.05297351541926,3.05297351541926,0.125412037971986
5637,0.351571592061387,0.351571592061387,0.152253431208396
5638,1.09770068161756,1.09770068161756,0.126071409927839
5639,25.1587560417634,25.1587560417634,0.170774385168699
5640,0.289887170203759,0.289887170203759,0.167240438859905
5641,8.17353500762955,8.17353500762955,0.125332876304493
5642,13.5882344561376,13.5882344561376,0.162873494107495
5643,0.439842297332653,0.439842297332653,0.134949004664997
5644,2.41746643471482,2.41746643471482,0.0991565306759037
5645,1.81488858336503,1.81488858336503,0.108178533607133
5646,1.81821527407646,1.81821527407646,0.150109266596537
5647,1.84580501434052,1.84580501434052,0.109317930350811
5648,0.908117167331176,0.908117167331176,0.0956376872907844
5649,4.82936134751578,4.82936134751578,0.12671177486316
5650,1.19347919743789,1.19347919743789,0.166227824538485
5651,1.95614729976324,1.95614729976324,0.105434905031887
5652,3.73987966046289,3.73987966046289,0.128375665584905
5653,1.09785414041313,1.09785414041313,0.0995121052425558
5654,4.21104695344,4.21104695344,0.111634756720671
5655,3.08171772974313,3.08171772974313,0.116147693967674
5656,0.35822207878999,0.35822207878999,0.160152131656672
5657,3.36779755453117,3.36779755453117,0.114406121380725
5658,5.44549557081829,5.44549557081829,0.148073899011636
5659,1.13118310363732,1.13118310363732,0.10491859929745
5660,9.753709137551,9.753709137551,0.163622887603057
5661,4.68688274992646,4.68688274992646,0.141389584936211
5662,10.736613777007,10.736613777007,0.136657289564418
5663,1.68572659192348,1.68572659192348,0.116656659673282
5664,0.72483675808896,0.72483675808896,0.153264443342353
5665,2.17530652964828,2.17530652964828,0.115485035248097
5666,2.13534326592576,2.13534326592576,0.117482267136249
5667,0.773831910597231,0.773831910597231,0.168764982510633
5668,0.468829577444362,0.468829577444362,0.159719875534448
5669,3.03884901185516,3.03884901185516,0.112102038944931
5670,0.9473015206958,0.9473015206958,0.0977409136365615
5671,2.7470563295735,2.7470563295735,0.128362090343866
5672,3.44064493264656,3.44064493264656,0.138756067761599
5673,0.328641191620727,0.328641191620727,0.180736031755674
5674,4.83353164772875,4.83353164772875,0.134260343524544
5675,0.920175484935644,0.920175484935644,0.0982249714295
5676,3.38156862407765,3.38156862407765,0.106278326096166
5677,0.776395981029702,0.776395981029702,0.135843603006076
5678,0.644472570926444,0.644472570926444,0.0998514308433547
5679,4.76849649734385,4.76849649734385,0.131308776751307
5680,5.81979696112746,5.81979696112746,0.128120309768528
5681,20.6230482695101,20.6230482695101,0.160123490626682
5682,6.47277072749184,6.47277072749184,0.158318969649153
5683,1.0973599192646,1.0973599192646,0.10647971463851
5684,4.40742615720766,4.40742615720766,0.112369149264106
5685,6.88239378919818,6.88239378919818,0.128474773530456
5686,0.80882756537467,0.80882756537467,0.164185596282359
5687,1.0244864715529,1.0244864715529,0.164164948101719
5688,0.463611420189035,0.463611420189035,0.139489488112658
5689,2.49150778438796,2.49150778438796,0.140027800498089
5690,1.28527446285441,1.28527446285441,0.13770776376391
5691,1.70809867340045,1.70809867340045,0.146897163824838
5692,1.06479923676534,1.06479923676534,0.102806328085622
5693,5.03224735570678,5.03224735570678,0.125642619232814
5694,2.78722503618874,2.78722503618874,0.103110839423931
5695,2.70835302130646,2.70835302130646,0.112802911936414
5696,4.42363023843307,4.42363023843307,0.15748968977594
5697,1.5958461387376,1.5958461387376,0.10393061482566
5698,0.446954564786222,0.446954564786222,0.0974318964824962
5699,2.71761352674491,2.71761352674491,0.141272079999082
5700,5.205674207377,5.205674207377,0.122529725802776
5701,0.354567053411226,0.354567053411226,0.113222523554411
5702,0.501227558990577,0.501227558990577,0.147929225803628
5703,0.82667627058992,0.82667627058992,0.0996723340801176
5704,0.372008016552648,0.372008016552648,0.160367571393476
5705,4.09304855083039,4.09304855083039,0.12503520992447
5706,17.5045232561313,17.5045232561313,0.148466526075048
5707,1.54880240308249,1.54880240308249,0.0838652037159238
5708,1.06563629449088,1.06563629449088,0.178664435623207
5709,2.48638646523151,2.48638646523151,0.0955385585423793
5710,0.440127179671899,0.440127179671899,0.156835700879695
5711,2.48046956812782,2.48046956812782,0.0950969000991169
5712,2.25025818090197,2.25025818090197,0.100101395949557
5713,10.8441359550685,10.8441359550685,0.176941123571374
5714,6.24793893427344,6.24793893427344,0.174548738992027
5715,5.80832399797671,5.80832399797671,0.124826241072208
5716,2.83829389253222,2.83829389253222,0.106261766264771
5717,6.89066769199251,6.89066769199251,0.1705941494029
5718,2.83660932709498,2.83660932709498,0.111536294144851
5719,1.29357145958,1.29357145958,0.133356956039251
5720,0.98889503798419,0.98889503798419,0.209706223299489
5721,12.3010156661818,12.3010156661818,0.153935239196485
5722,9.47725564097787,9.47725564097787,0.132038216091216
5723,6.69549944880626,6.69549944880626,0.158047513136542
5724,0.82854311909854,0.82854311909854,0.138651585402027
5725,8.94199438375611,8.94199438375611,0.13265125201531
5726,4.43914281968025,4.43914281968025,0.144988735263853
5727,0.644923688559889,0.644923688559889,0.0782559646038079
5728,3.43871302491469,3.43871302491469,0.0993372524544128
5729,0.413427517948625,0.413427517948625,0.138633386469491
5730,3.66374217927162,3.66374217927162,0.115072399051368
5731,2.85673925808679,2.85673925808679,0.101583602125914
5732,5.51074368786665,5.51074368786665,0.145952708934912
5733,4.100870028064,4.100870028064,0.157379964949601
5734,4.38930441067578,4.38930441067578,0.127840410074896
5735,8.00090367142969,8.00090367142969,0.15040147207852
5736,0.537840171850038,0.537840171850038,0.105555735532699
5737,0.49582111049972,0.49582111049972,0.157623983679828
5738,2.65859789579598,2.65859789579598,0.106262372912621
5739,2.85053891827872,2.85053891827872,0.147748055175205
5740,3.01159900339013,3.01159900339013,0.104075632629641
5741,2.72011069477542,2.72011069477542,0.100606971428698
5742,1.44213715886838,1.44213715886838,0.0893203721765635
5743,0.351970397907488,0.351970397907488,0.137913873133841
5744,2.0724284396521,2.0724284396521,0.0956397302295811
5745,4.94659651094775,4.94659651094775,0.132306877207747
5746,0.963787909937363,0.963787909937363,0.083422503686234
5747,0.192947506920632,0.192947506920632,0.149559964602457
5748,8.16519302060027,8.16519302060027,0.131071332905455
5749,0.944032313057395,0.944032313057395,0.106008411213424
5750,0.754061066594714,0.754061066594714,0.167746228499121
5751,2.41713709897427,2.41713709897427,0.139423840545159
5752,1.5896646378426,1.5896646378426,0.105868070825483
5753,1.87880048279421,1.87880048279421,0.122004160357005
5754,5.80622147237975,5.80622147237975,0.133218872913701
5755,3.0877429571348,3.0877429571348,0.111773964227223
5756,3.40684926757522,3.40684926757522,0.117196073743191
5757,5.69070053110941,5.69070053110941,0.128713461167186
5758,2.63690653340622,2.63690653340622,0.128610999631027
5759,2.662717798589,2.662717798589,0.107900790778553
5760,4.39664760379074,4.39664760379074,0.141359077314101
5761,2.37854833297028,2.37854833297028,0.0949958508240084
5762,2.74357447536254,2.74357447536254,0.11264072605446
5763,0.599602250296147,0.599602250296147,0.233769980030568
5764,3.62308735553437,3.62308735553437,0.124832683067025
5765,0.614634634347657,0.614634634347657,0.165172476445837
5766,10.2616853716038,10.2616853716038,0.159796075928123
5767,0.799977276714804,0.799977276714804,0.147152250402169
5768,1.039287002914,1.039287002914,0.122245357583808
5769,1.86540514263973,1.86540514263973,0.115809180983091
5770,0.995414681347605,0.995414681347605,0.145143085897698
5771,2.44537046841868,2.44537046841868,0.111759378304324
5772,1.24286608607243,1.24286608607243,0.106868168175668
5773,4.43931637960231,4.43931637960231,0.12555000875079
5774,4.03089929257907,4.03089929257907,0.125442472901292
5775,0.209650548657376,0.209650548657376,0.247319210971865
5776,0.645193651276776,0.645193651276776,0.139934333718309
5777,2.7201247951644,2.7201247951644,0.135504827047963
5778,1.03240517492521,1.03240517492521,0.0848769465738391
5779,7.25121214803084,7.25121214803084,0.137174807655778
5780,0.916328394866558,0.916328394866558,0.171865171684326
5781,2.26073939001007,2.26073939001007,0.103744025227842
5782,0.778028252495767,0.778028252495767,0.144977327047052
5783,1.09875137200762,1.09875137200762,0.111028392249638
5784,1.97337871795535,1.97337871795535,0.137860164860601
5785,2.31726678593536,2.31726678593536,0.10186601139413
5786,1.47797541012268,1.47797541012268,0.16121984005718
5787,15.2798409063094,15.2798409063094,0.152277619073123
5788,1.08599322961259,1.08599322961259,0.182612471848682
5789,0.686176505435818,0.686176505435818,0.168271359070557
5790,10.8389565091415,10.8389565091415,0.145303455846467
5791,3.76589716122477,3.76589716122477,0.134681013102858
5792,1.3164990793908,1.3164990793908,0.143599160272254
5793,3.44156421616335,3.44156421616335,0.15557729864955
5794,3.64753404912052,3.64753404912052,0.13651333938072
5795,0.723055914339414,0.723055914339414,0.141627135140602
5796,0.367197478114239,0.367197478114239,0.17059582736913
5797,4.51080067670086,4.51080067670086,0.115547464555187
5798,0.204127942813449,0.204127942813449,0.195043565986359
5799,4.46821668906592,4.46821668906592,0.113501714465132
5800,1.2543305314698,1.2543305314698,0.218328004543336
5801,10.2546477930985,10.2546477930985,0.134578701881771
5802,0.541546970780341,0.541546970780341,0.151487559332698
5803,3.56876288669819,3.56876288669819,0.135270437575391
5804,2.33717086838825,2.33717086838825,0.102629263148593
5805,1.3478920838026,1.3478920838026,0.118945666455579
5806,0.3052003044661,0.3052003044661,0.123842012217062
5807,2.85736542694796,2.85736542694796,0.10943340891159
5808,2.32892625091765,2.32892625091765,0.117695210983823
5809,0.87191022403442,0.87191022403442,0.174279931862798
5810,3.82387372088248,3.82387372088248,0.142076745950577
5811,1.37003455408953,1.37003455408953,0.0895431647260805
5812,3.01054542676291,3.01054542676291,0.0997241747179443
5813,0.93884732061402,0.93884732061402,0.141254737974783
5814,0.729372951208545,0.729372951208545,0.174398070219991
5815,0.906590123650504,0.906590123650504,0.147288669674765
5816,6.53089242199146,6.53089242199146,0.15587604078435
5817,0.356238009524254,0.356238009524254,0.188708504673525
5818,0.414537180644512,0.414537180644512,0.163928359511797
5819,2.90193620074056,2.90193620074056,0.112404409968806
5820,1.19957426497283,1.19957426497283,0.0984324456020729
5821,8.23670421364092,8.23670421364092,0.154251710108462
5822,0.202993034427543,0.202993034427543,0.149656131828364
5823,1.01969174983663,1.01969174983663,0.0970136928676009
5824,2.13547890493439,2.13547890493439,0.119010115911418
5825,0.775538378509048,0.775538378509048,0.160396451253672
5826,0.767017296951865,0.767017296951865,0.0822454270622988
5827,1.14492220833377,1.14492220833377,0.0988752704171814
5828,0.592168586076281,0.592168586076281,0.190737164626659
5829,3.93117435135833,3.93117435135833,0.18366448456057
5830,6.9589632048282,6.9589632048282,0.140276721423984
5831,3.55436347007601,3.55436347007601,0.135549756425702
5832,0.27771727836089,0.27771727836089,0.111694018721156
5833,0.344414278841384,0.344414278841384,0.176776767755065
5834,0.311870270260179,0.311870270260179,0.121253227523755
5835,2.62424970915787,2.62424970915787,0.102112971630266
5836,4.63642892219451,4.63642892219451,0.116709566655232
5837,7.65268118599221,7.65268118599221,0.160353381385364
5838,7.92348281971494,7.92348281971494,0.129875623631585
5839,2.31594046047132,2.31594046047132,0.112604066599833
5840,1.92719859679756,1.92719859679756,0.152150181061362
5841,5.17573716946446,5.17573716946446,0.151033203736457
5842,2.42092706953409,2.42092706953409,0.165492938103142
5843,2.01381517037539,2.01381517037539,0.166325516844428
5844,2.67257667515688,2.67257667515688,0.123926201840814
5845,1.52828068348774,1.52828068348774,0.0973081156196201
5846,0.904027773474747,0.904027773474747,0.180271345358972
5847,4.08447469307508,4.08447469307508,0.122670966614025
5848,5.37520124140912,5.37520124140912,0.159525668587161
5849,11.6769538707703,11.6769538707703,0.159366450610033
5850,0.32439263439224,0.32439263439224,0.177484778206666
5851,7.06464612527242,7.06464612527242,0.14411830732689
5852,0.610729941886189,0.610729941886189,0.147206136580036
5853,0.499454842352258,0.499454842352258,0.121930112907068
5854,13.2398911845679,13.2398911845679,0.153255754774175
5855,0.536325955609856,0.536325955609856,0.146307843341334
5856,18.3682970004586,18.3682970004586,0.169311491515242
5857,1.03255340087009,1.03255340087009,0.10658633662676
5858,6.27517513265579,6.27517513265579,0.114040843036789
5859,0.898599343923687,0.898599343923687,0.159796990756189
5860,1.22374237042078,1.22374237042078,0.128691236832389
5861,0.517524375725601,0.517524375725601,0.192821822199086
5862,5.71652731617067,5.71652731617067,0.143752035625619
5863,0.722598484862783,0.722598484862783,0.134983258259261
5864,0.750153229651364,0.750153229651364,0.205522000371162
5865,0.667033538108903,0.667033538108903,0.0899249131082704
5866,1.50774438076187,1.50774438076187,0.134977521960538
5867,7.59671671836029,7.59671671836029,0.133952549500326
5868,1.01004075338317,1.01004075338317,0.0936363090483364
5869,0.607403080675815,0.607403080675815,0.0881805122508473
5870,4.70908485202818,4.70908485202818,0.131958789661492
5871,1.57336453453879,1.57336453453879,0.10197200606768
5872,1.23300732084978,1.23300732084978,0.212367864318935
5873,2.39767251021097,2.39767251021097,0.100687710840597
5874,5.48723610585077,5.48723610585077,0.138861768554842
5875,1.03170627184475,1.03170627184475,0.152225077585861
5876,3.04602230785735,3.04602230785735,0.117061413429952
5877,7.02817185365054,7.02817185365054,0.142815684404363
5878,0.460723524950294,0.460723524950294,0.160257253338931
5879,0.533487872026877,0.533487872026877,0.154978453665777
5880,0.778222251488654,0.778222251488654,0.158856344977848
5881,1.3282436837269,1.3282436837269,0.0932539274780502
5882,8.68115819599273,8.68115819599273,0.179935076995582
5883,1.79657242698095,1.79657242698095,0.13221533603192
5884,4.16920631624137,4.16920631624137,0.121211746731507
5885,3.03402889246024,3.03402889246024,0.124716658839671
5886,0.499208467184617,0.499208467184617,0.135940671957823
5887,3.79301355973755,3.79301355973755,0.123779135309906
5888,1.50378776569761,1.50378776569761,0.098812561908769
5889,1.66736768738313,1.66736768738313,0.116784677146251
5890,1.16529243779244,1.16529243779244,0.200654328605232
5891,5.91357950280807,5.91357950280807,0.147649122960467
5892,0.606605102894343,0.606605102894343,0.129870874059134
5893,1.55536680471745,1.55536680471745,0.0976218058319725
5894,2.20762649850362,2.20762649850362,0.0945449192694457
5895,1.34445592924934,1.34445592924934,0.1824882777939
5896,0.462263950693232,0.462263950693232,0.0942100863909122
5897,4.65288964792183,4.65288964792183,0.119606215799347
5898,1.2916901764532,1.2916901764532,0.169532888773242
5899,4.77241858339,4.77241858339,0.130790535271618
5900,1.43246609703142,1.43246609703142,0.099260518239497
5901,0.358870456087017,0.358870456087017,0.19517981617871
5902,6.37818006927738,6.37818006927738,0.126170683705811
5903,2.793486945304,2.793486945304,0.136034147335373
5904,1.60423591530433,1.60423591530433,0.146894093115898
5905,2.31642445621387,2.31642445621387,0.101645769151304
5906,12.9014403378201,12.9014403378201,0.131777911426017
5907,2.42718098245944,2.42718098245944,0.115394090775435
5908,1.54919747330241,1.54919747330241,0.0902479595312905
5909,3.14054768010242,3.14054768010242,0.129999734825395
5910,4.43453964644796,4.43453964644796,0.162690370000096
5911,3.84235532150307,3.84235532150307,0.119248633038433
5912,1.76974536662206,1.76974536662206,0.0874795439262214
5913,7.6641252591863,7.6641252591863,0.153533448176754
5914,2.72564825335996,2.72564825335996,0.121894298907989
5915,0.165972558172348,0.165972558172348,0.103419813385093
5916,0.83583910187069,0.83583910187069,0.143550846640831
5917,5.29860248406783,5.29860248406783,0.143995206208936
5918,7.19532548461317,7.19532548461317,0.154786901631566
5919,0.467824109117703,0.467824109117703,0.188211033846432
5920,9.24505123382726,9.24505123382726,0.144033530330603
5921,3.04976573505727,3.04976573505727,0.124063645870557
5922,3.13769689490759,3.13769689490759,0.157737549484745
5923,1.61428994287135,1.61428994287135,0.115610888467213
5924,1.11171497326698,1.11171497326698,0.0919913683631497
5925,3.21562405167409,3.21562405167409,0.140044195073085
5926,8.11130075026167,8.11130075026167,0.155672788206579
5927,1.71069470792719,1.71069470792719,0.0973878337321248
5928,7.32754879544536,7.32754879544536,0.156565696247246
5929,0.761925993537684,0.761925993537684,0.150179213065226
5930,2.25677751744953,2.25677751744953,0.137536643382598
5931,0.762730161661837,0.762730161661837,0.158587769824463
5932,3.32009576624503,3.32009576624503,0.120266396193411
5933,2.31197031979167,2.31197031979167,0.142380352305887
5934,0.172352030756138,0.172352030756138,0.186503410323051
5935,2.44839552809931,2.44839552809931,0.110138988161819
5936,2.17337274005845,2.17337274005845,0.123017477587314
5937,0.813187784340041,0.813187784340041,0.0984000601010869
5938,0.396290396137555,0.396290396137555,0.210608750401354
5939,1.65999929778195,1.65999929778195,0.0892804853698774
5940,1.34705733304079,1.34705733304079,0.103232975506789
5941,1.97534684389594,1.97534684389594,0.176326368678835
5942,4.37270960889072,4.37270960889072,0.13204492415462
5943,1.48638628437338,1.48638628437338,0.0895790625776637
5944,2.07614558022277,2.07614558022277,0.112861340816447
5945,0.460192634016933,0.460192634016933,0.181866337202288
5946,0.508837582672781,0.508837582672781,0.149384770219275
5947,1.52154690402621,1.52154690402621,0.242371512657726
5948,0.710270525921765,0.710270525921765,0.0972088161332108
5949,3.04408813806087,3.04408813806087,0.100636957694501
5950,1.43197075958075,1.43197075958075,0.156444465951544
5951,8.26780172932769,8.26780172932769,0.14783674184232
5952,0.186383403479379,0.186383403479379,0.13592081410476
5953,6.32534799811084,6.32534799811084,0.157819825577908
5954,11.2551606211385,11.2551606211385,0.153027193276533
5955,2.83248240027671,2.83248240027671,0.107104159614322
5956,4.11596800207469,4.11596800207469,0.137989669015606
5957,2.21938421121884,2.21938421121884,0.108900440052233
5958,4.02075898219429,4.02075898219429,0.117947573327933
5959,4.36521578139222,4.36521578139222,0.13710860058253
5960,0.33720951883529,0.33720951883529,0.137142084328635
5961,2.46067843514541,2.46067843514541,0.124308437311795
5962,2.24774001364013,2.24774001364013,0.106282813684138
5963,1.52118590365461,1.52118590365461,0.0895575089393982
5964,2.17087139106653,2.17087139106653,0.105488071816007
5965,0.760354714526361,0.760354714526361,0.13678147553696
5966,0.758831853169393,0.758831853169393,0.173163701792614
5967,1.14290829594447,1.14290829594447,0.18491126015585
5968,3.58350503751697,3.58350503751697,0.159508943861268
5969,1.44891242452002,1.44891242452002,0.109037425020303
5970,1.6446987052367,1.6446987052367,0.106564658686315
5971,0.0570344525063563,0.0570344525063563,0.177150550854554
5972,5.71228893295357,5.71228893295357,0.128915616525296
5973,6.45710692150563,6.45710692150563,0.138114022200503
5974,2.99234372062166,2.99234372062166,0.1274643476109
5975,0.742053233526147,0.742053233526147,0.141043005315817
5976,0.604399172479981,0.604399172479981,0.186074650384407
5977,1.80594688223903,1.80594688223903,0.100476516490983
5978,5.13400242967494,5.13400242967494,0.168459636636533
5979,1.37364118027,1.37364118027,0.108850324544272
5980,16.4510750723306,16.4510750723306,0.159204008623889
5981,4.28771808552889,4.28771808552889,0.118574498013323
5982,0.366971648201144,0.366971648201144,0.128534483701995
5983,1.53035482094714,1.53035482094714,0.104578145394066
5984,0.556600366066014,0.556600366066014,0.0924673425778181
5985,4.80907101135058,4.80907101135058,0.129199414321656
5986,5.53645865110828,5.53645865110828,0.127062629993567
5987,1.78705861009014,1.78705861009014,0.118981229520206
5988,1.66825170290841,1.66825170290841,0.106445006308641
5989,2.53141144427053,2.53141144427053,0.113589172538738
5990,3.90597340262746,3.90597340262746,0.158029932436746
5991,2.89840110939443,2.89840110939443,0.119507658861499
5992,6.99442878874363,6.99442878874363,0.147120978628274
5993,0.681889752605877,0.681889752605877,0.0883389116016035
5994,0.27122065966541,0.27122065966541,0.0805883169888407
5995,22.0865139165427,22.0865139165427,0.16541583791659
5996,1.81677154678594,1.81677154678594,0.103762544766706
5997,0.681040170470802,0.681040170470802,0.180939261730641
5998,1.22077688600228,1.22077688600228,0.130711488259443
5999,1.69533953609459,1.69533953609459,0.124699095706412
6000,3.07356701877474,3.07356701877474,0.104245067666103
6001,0.912799167283638,0.912799167283638,0.116945568828129
6002,2.80657739599279,2.80657739599279,0.11187070456162
6003,2.62759466817015,2.62759466817015,0.121468000654839
6004,1.05114636554855,1.05114636554855,0.197232765290229
6005,14.9898171066379,14.9898171066379,0.147691274951733
6006,3.20760315052322,3.20760315052322,0.142536715922633
6007,9.02073827407319,9.02073827407319,0.15017411247146
6008,1.30104209162331,1.30104209162331,0.107370035455447
6009,0.226701843694245,0.226701843694245,0.12465570535045
6010,1.63904771403065,1.63904771403065,0.12066727137566
6011,5.70288479245316,5.70288479245316,0.148013104948694
6012,8.98267111390128,8.98267111390128,0.128184267908255
6013,0.272667153578363,0.272667153578363,0.159275708485074
6014,3.27350906516218,3.27350906516218,0.115793889172835
6015,2.75942370769397,2.75942370769397,0.108646228204261
6016,1.35547015135451,1.35547015135451,0.111404539297267
6017,2.31519947467666,2.31519947467666,0.127991374042831
6018,4.65925319816732,4.65925319816732,0.120910274673307
6019,0.156203583039656,0.156203583039656,0.174851262689576
6020,12.6446338221587,12.6446338221587,0.181455908791027
6021,0.413363194279877,0.413363194279877,0.106546531413592
6022,2.7846734367526,2.7846734367526,0.121187475149039
6023,5.04680643633807,5.04680643633807,0.116947978349779
6024,1.28375381039959,1.28375381039959,0.121839528172715
6025,16.387386420604,16.387386420604,0.171518004879229
6026,4.90403051668642,4.90403051668642,0.155304024753809
6027,2.18659108203594,2.18659108203594,0.113318465680737
6028,0.422507187740885,0.422507187740885,0.140060884427891
6029,7.09319422338961,7.09319422338961,0.145355843720049
6030,3.20700295390527,3.20700295390527,0.122940848475407
6031,3.80092281104096,3.80092281104096,0.137905419533258
6032,0.905665955070803,0.905665955070803,0.148592040756032
6033,1.02658782436686,1.02658782436686,0.148080354588907
6034,1.07588711973724,1.07588711973724,0.128311026409432
6035,5.43077731352619,5.43077731352619,0.123990922561449
6036,0.562137594316911,0.562137594316911,0.0907726997767769
6037,4.63527947229378,4.63527947229378,0.120556919056045
6038,1.00204207983285,1.00204207983285,0.112946016258151
6039,3.49435077669155,3.49435077669155,0.124909638040017
6040,1.06674964691606,1.06674964691606,0.140576176050392
6041,19.3087086064663,19.3087086064663,0.152840815323596
6042,0.89673733236511,0.89673733236511,0.0865981966367083
6043,3.61472321989897,3.61472321989897,0.133884940835124
6044,7.53440707295864,7.53440707295864,0.166508037863754
6045,0.890384139626146,0.890384139626146,0.181635175715852
6046,9.43340734327444,9.43340734327444,0.164628026305298
6047,1.55401725715904,1.55401725715904,0.135791696724291
6048,3.60343982991024,3.60343982991024,0.105098896810505
6049,0.830808535264644,0.830808535264644,0.172233084126652
6050,4.9104671105932,4.9104671105932,0.141029598850388
6051,3.20296361231713,3.20296361231713,0.14529623215817
6052,7.10109969452296,7.10109969452296,0.150342744027903
6053,1.30169722173623,1.30169722173623,0.088330181073725
6054,1.9407933990766,1.9407933990766,0.174953941443461
6055,4.91227561776834,4.91227561776834,0.136790521295306
6056,0.345515460102366,0.345515460102366,0.183649938499662
6057,0.919886246303551,0.919886246303551,0.106549825019222
6058,1.84477882511007,1.84477882511007,0.132187758828588
6059,1.91923559619771,1.91923559619771,0.0893740851082649
6060,4.5347225413758,4.5347225413758,0.166796089094034
6061,3.10658041164064,3.10658041164064,0.111569488890895
6062,3.47286474115667,3.47286474115667,0.134461463117602
6063,10.2072427459407,10.2072427459407,0.12818148474301
6064,0.495782335009583,0.495782335009583,0.149771721198039
6065,2.00125870737876,2.00125870737876,0.108066033588281
6066,5.65637507765071,5.65637507765071,0.123713568947761
6067,6.40626982670596,6.40626982670596,0.144267591953588
6068,1.81298411085215,1.81298411085215,0.110210780058256
6069,5.65729897034303,5.65729897034303,0.146396767678626
6070,2.85002063547495,2.85002063547495,0.105531092209614
6071,0.467200920889339,0.467200920889339,0.147369028838414
6072,2.94044441922167,2.94044441922167,0.138465352245454
6073,1.4498828121479,1.4498828121479,0.102614386454501
6074,4.10721801814168,4.10721801814168,0.100030519143407
6075,2.34426561885596,2.34426561885596,0.135865378615133
6076,3.14167120923029,3.14167120923029,0.114416857984898
6077,0.989162575364726,0.989162575364726,0.165791324595136
6078,6.13571852657426,6.13571852657426,0.147434851377769
6079,0.592830300171804,0.592830300171804,0.0934365943168661
6080,1.87475448583364,1.87475448583364,0.087422939784552
6081,7.11908099836498,7.11908099836498,0.124746900567435
6082,1.01117729675145,1.01117729675145,0.0885860863305666
6083,1.86064987313104,1.86064987313104,0.158121270145513
6084,0.719192101436294,0.719192101436294,0.167737435794555
6085,0.611914290055745,0.611914290055745,0.149030125224249
6086,1.36718663032216,1.36718663032216,0.114071579379661
6087,3.73117875751511,3.73117875751511,0.109114338822149
6088,1.40802441151301,1.40802441151301,0.117698582358913
6089,0.195517243486275,0.195517243486275,0.118755952268687
6090,1.5074755876135,1.5074755876135,0.090075871642464
6091,0.478344176093664,0.478344176093664,0.206961703931003
6092,0.9645479199682,0.9645479199682,0.119697823625756
6093,0.708148634874379,0.708148634874379,0.12335943208649
6094,2.45796441582917,2.45796441582917,0.116085340101814
6095,2.52361138727831,2.52361138727831,0.132562859068853
6096,0.82641993537881,0.82641993537881,0.132813340060662
6097,1.48583733440514,1.48583733440514,0.102828912903642
6098,1.12250469630984,1.12250469630984,0.0873449530179409
6099,3.42729881921609,3.42729881921609,0.133392565633734
6100,1.59852260754848,1.59852260754848,0.115997503495481
6101,5.28026267741946,5.28026267741946,0.127618486991885
6102,5.40382701427234,5.40382701427234,0.134234615537312
6103,1.97317188239746,1.97317188239746,0.0953862529602783
6104,1.01677216584465,1.01677216584465,0.164395701232619
6105,0.89302936479095,0.89302936479095,0.117119380591269
6106,13.2188390647837,13.2188390647837,0.134606766713651
6107,3.735243631283,3.735243631283,0.13302039260289
6108,3.169221656964,3.169221656964,0.145144423178963
6109,22.9028823343964,22.9028823343964,0.154514011736068
6110,0.89875255831035,0.89875255831035,0.104349235749073
6111,0.425946596338569,0.425946596338569,0.17662580774448
6112,8.97332963567372,8.97332963567372,0.158153141534571
6113,0.333317545086334,0.333317545086334,0.13756570795677
6114,1.60238816558226,1.60238816558226,0.104612176348941
6115,2.77038465540854,2.77038465540854,0.113664398381711
6116,1.9113943717042,1.9113943717042,0.101247725324962
6117,0.227477646570485,0.227477646570485,0.156763018407675
6118,1.77298082648639,1.77298082648639,0.113729341382222
6119,4.76583482932971,4.76583482932971,0.158912712691807
6120,3.08634794552402,3.08634794552402,0.0973950728647032
6121,1.53161972659133,1.53161972659133,0.132980901808847
6122,3.43095265532481,3.43095265532481,0.105152169914668
6123,5.6837459340731,5.6837459340731,0.144326558823538
6124,1.62869988197251,1.62869988197251,0.156073060617592
6125,2.86824734070254,2.86824734070254,0.099841137148379
6126,4.54691877101446,4.54691877101446,0.141689610016312
6127,1.64910046260762,1.64910046260762,0.117444888698219
6128,20.0988794667729,20.0988794667729,0.144704533938516
6129,1.90341901909592,1.90341901909592,0.126620230430427
6130,2.79434052086929,2.79434052086929,0.118516882314
6131,2.3475957806715,2.3475957806715,0.112441584298149
6132,0.486702121094566,0.486702121094566,0.171146270835279
6133,6.857992549749,6.857992549749,0.156601814520732
6134,13.4667875899745,13.4667875899745,0.183300511981789
6135,1.78375030539349,1.78375030539349,0.133561662179644
6136,1.00604471723816,1.00604471723816,0.126451600508413
6137,0.270459096883414,0.270459096883414,0.176236810105752
6138,2.22943909750435,2.22943909750435,0.121837565378855
6139,1.04969288628328,1.04969288628328,0.095755951187675
6140,2.4929844814827,2.4929844814827,0.0979846820646261
6141,9.16398696001169,9.16398696001169,0.165405224499937
6142,0.944312775423221,0.944312775423221,0.169940970669391
6143,3.78082065675506,3.78082065675506,0.127116404960135
6144,4.24094878725472,4.24094878725472,0.109546201228622
6145,1.43668544726866,1.43668544726866,0.0949395181520155
6146,9.10796211218671,9.10796211218671,0.165218598880481
6147,0.538081413760405,0.538081413760405,0.159512828766014
6148,0.750985504944592,0.750985504944592,0.138428320618949
6149,2.63483799773856,2.63483799773856,0.146571101716212
6150,2.06366098269788,2.06366098269788,0.101472094237783
6151,1.65385986177621,1.65385986177621,0.168484208145177
6152,4.59603752184987,4.59603752184987,0.120720188743918
6153,0.900736867120504,0.900736867120504,0.170952487165171
6154,0.266252462075709,0.266252462075709,0.110233896513951
6155,1.38605011634411,1.38605011634411,0.118010009902722
6156,0.312021762610186,0.312021762610186,0.15145335907897
6157,0.589866523275985,0.589866523275985,0.162217811302131
6158,1.09314085331155,1.09314085331155,0.0914734992906311
6159,6.32520601795908,6.32520601795908,0.121424888030613
6160,1.63826086035792,1.63826086035792,0.150147072194127
6161,4.00076357903082,4.00076357903082,0.113908187753547
6162,6.51872067702006,6.51872067702006,0.154336914605759
6163,0.373478069422479,0.373478069422479,0.190137733642844
6164,1.79470168387476,1.79470168387476,0.112331106345964
6165,2.18182863414052,2.18182863414052,0.132483808689343
6166,2.41649842896688,2.41649842896688,0.106406310464366
6167,1.14287065089179,1.14287065089179,0.131883921481695
6168,0.278793447364002,0.278793447364002,0.162656286394483
6169,5.77719423473954,5.77719423473954,0.140612660041408
6170,0.770532257582763,0.770532257582763,0.145942386608928
6171,2.44403369600849,2.44403369600849,0.108850207315109
6172,1.62653530099162,1.62653530099162,0.110219104239004
6173,0.564634165338496,0.564634165338496,0.129443585707309
6174,1.44685642533319,1.44685642533319,0.11616312154201
6175,1.60049403028701,1.60049403028701,0.096993635494841
6176,0.726042016403257,0.726042016403257,0.125313634430287
6177,0.393426651289122,0.393426651289122,0.0905605856972358
6178,0.606574598610172,0.606574598610172,0.182526712645818
6179,2.56528755678998,2.56528755678998,0.110242233406927
6180,13.9164796557305,13.9164796557305,0.155401642432537
6181,0.467790966016676,0.467790966016676,0.155452692549091
6182,23.7800511137339,23.7800511137339,0.153418739478569
6183,0.714683058861763,0.714683058861763,0.158125451509329
6184,1.05660034813186,1.05660034813186,0.123473379225553
6185,3.76585062004445,3.76585062004445,0.128839429978794
6186,1.56059419334229,1.56059419334229,0.0951873717811214
6187,0.925268787212348,0.925268787212348,0.165908170441636
6188,1.98838431135394,1.98838431135394,0.110803093415438
6189,1.09169088261222,1.09169088261222,0.172156049001822
6190,6.47068759338216,6.47068759338216,0.114260745792144
6191,1.41953475772763,1.41953475772763,0.135049272946519
6192,7.41942548843812,7.41942548843812,0.119465445118144
6193,1.04450681318226,1.04450681318226,0.124407373327659
6194,6.43293131528272,6.43293131528272,0.118714438975253
6195,0.583128665161042,0.583128665161042,0.150285395943492
6196,1.75074767011626,1.75074767011626,0.107808239406878
6197,1.15507725141895,1.15507725141895,0.0878316821945589
6198,0.162768553473498,0.162768553473498,0.169394541316404
6199,2.1319994432016,2.1319994432016,0.109642479686569
6200,1.86946989892265,1.86946989892265,0.110492586908016
6201,2.11632175145766,2.11632175145766,0.115728457244761
6202,0.203004471965138,0.203004471965138,0.169392492396852
6203,2.52996497681712,2.52996497681712,0.115497988697017
6204,1.14824106216915,1.14824106216915,0.104859121599397
6205,0.588418958434874,0.588418958434874,0.134991127653108
6206,1.09721601077428,1.09721601077428,0.156969121027207
6207,5.04656765284024,5.04656765284024,0.0994708520726133
6208,2.51933577723055,2.51933577723055,0.114164005814631
6209,0.224065902943514,0.224065902943514,0.159147563911656
6210,1.0721592969218,1.0721592969218,0.0880240489324953
6211,1.15394328842643,1.15394328842643,0.203137217801604
6212,2.0243621527147,2.0243621527147,0.118849330213845
6213,1.20894083390015,1.20894083390015,0.170755931049456
6214,1.36715788261027,1.36715788261027,0.111667007833513
6215,1.64913974628943,1.64913974628943,0.183570777622767
6216,2.96272513596828,2.96272513596828,0.112028310114905
6217,3.34242984868544,3.34242984868544,0.152077660347064
6218,0.651057424673842,0.651057424673842,0.20470759361529
6219,0.559495930149329,0.559495930149329,0.0954162315550528
6220,3.24431859631704,3.24431859631704,0.140274606255208
6221,1.00561224159447,1.00561224159447,0.0927266648086024
6222,2.20390730148045,2.20390730148045,0.102507167737435
6223,3.56800424847171,3.56800424847171,0.175311754069463
6224,5.95291354308036,5.95291354308036,0.13452676120774
6225,2.91853935081772,2.91853935081772,0.107697577722145
6226,5.63562317264827,5.63562317264827,0.12743036496432
6227,1.37813238976469,1.37813238976469,0.133978800615403
6228,0.668663358482759,0.668663358482759,0.0876825387502542
6229,3.97024218606788,3.97024218606788,0.123925148971426
6230,3.38031418708101,3.38031418708101,0.135019499217788
6231,0.445083466290524,0.445083466290524,0.116661818941673
6232,8.14834753665487,8.14834753665487,0.147862026918958
6233,5.13627630220083,5.13627630220083,0.162779534456962
6234,2.25091858809633,2.25091858809633,0.144615354735844
6235,0.435644304750829,0.435644304750829,0.0835118114800033
6236,5.37133621180624,5.37133621180624,0.150009691996787
6237,0.503681556157997,0.503681556157997,0.168568053389086
6238,5.09646725774207,5.09646725774207,0.161309202875782
6239,0.962528467861664,0.962528467861664,0.152230643387503
6240,3.32113135434395,3.32113135434395,0.136865324175413
6241,1.87170957178182,1.87170957178182,0.0989722120837654
6242,0.670497930331096,0.670497930331096,0.193416136770562
6243,16.1263192262689,16.1263192262689,0.170461219887461
6244,2.94876734689282,2.94876734689282,0.104653748982658
6245,1.9362863959286,1.9362863959286,0.104564276328248
6246,2.81381738981044,2.81381738981044,0.113814918028572
6247,2.18415509536212,2.18415509536212,0.112137086968317
6248,7.5309812926298,7.5309812926298,0.12876249678028
6249,7.75575088010093,7.75575088010093,0.137052160259967
6250,10.1925035621085,10.1925035621085,0.136453894790229
6251,2.1576298897391,2.1576298897391,0.135055541433197
6252,3.82640344391762,3.82640344391762,0.106253818855137
6253,6.02052581151085,6.02052581151085,0.121807713393705
6254,1.90874119939513,1.90874119939513,0.0996723867212057
6255,0.56288732950964,0.56288732950964,0.125623712357208
6256,6.02154138762817,6.02154138762817,0.13763945485707
6257,0.451928424215713,0.451928424215713,0.123092756555541
6258,0.378806553927714,0.378806553927714,0.143390824491404
6259,0.882194168242959,0.882194168242959,0.204765493854715
6260,0.599702945054072,0.599702945054072,0.0941064897779287
6261,1.70659727051013,1.70659727051013,0.102650038975
6262,9.96339231858269,9.96339231858269,0.141773039755821
6263,2.00968951261561,2.00968951261561,0.102518089174461
6264,0.521975397996244,0.521975397996244,0.169983166837413
6265,4.09671792918205,4.09671792918205,0.117891614134179
6266,3.25311495296059,3.25311495296059,0.109383954595736
6267,1.6257136200575,1.6257136200575,0.16239284949634
6268,1.45397469135052,1.45397469135052,0.184688732237966
6269,1.83881721612702,1.83881721612702,0.136705913930781
6270,0.506778927672457,0.506778927672457,0.090764828436304
6271,4.95822865401361,4.95822865401361,0.128868491378117
6272,1.14864189797566,1.14864189797566,0.157535482466525
6273,1.0897889091935,1.0897889091935,0.11130285515735
6274,3.83657016366015,3.83657016366015,0.11680271540359
6275,0.752273978206545,0.752273978206545,0.14405662612979
6276,2.5933043462182,2.5933043462182,0.103257936044834
6277,4.10037909631919,4.10037909631919,0.147125211594672
6278,1.10405394613579,1.10405394613579,0.107894232902095
6279,1.07492288790217,1.07492288790217,0.109182747246343
6280,4.0314214710765,4.0314214710765,0.157311017698491
6281,0.419725519532492,0.419725519532492,0.133925863831194
6282,21.3603480378079,21.3603480378079,0.156729048623011
6283,14.643147961411,14.643147961411,0.16474399587671
6284,4.50219738346787,4.50219738346787,0.115315288574216
6285,0.255032876642754,0.255032876642754,0.133419511701254
6286,2.80722546790177,2.80722546790177,0.124314442796336
6287,0.0720854057649329,0.0720854057649329,0.159348171806545
6288,7.59871127656278,7.59871127656278,0.149912782874902
6289,0.41449438751133,0.41449438751133,0.184623023716963
6290,5.55799317742598,5.55799317742598,0.136165234876608
6291,0.854128004623337,0.854128004623337,0.113714503803115
6292,1.32397643076546,1.32397643076546,0.142756148493338
6293,0.703714490722526,0.703714490722526,0.118282574835543
6294,2.13434504688739,2.13434504688739,0.0964053962025589
6295,0.641582834715791,0.641582834715791,0.095862752150125
6296,10.969035206528,10.969035206528,0.132672138638594
6297,6.27138392550455,6.27138392550455,0.13170602857933
6298,2.24785183340117,2.24785183340117,0.120692791718676
6299,0.9715030662288,0.9715030662288,0.130293340169391
6300,1.21607045658823,1.21607045658823,0.146030651281716
6301,0.711584292614485,0.711584292614485,0.169529280456818
6302,9.51930057030025,9.51930057030025,0.146484913328327
6303,0.402602404419548,0.402602404419548,0.156465235740472
6304,3.56295013975486,3.56295013975486,0.123375017952114
6305,2.22101186391792,2.22101186391792,0.100746615150018
6306,6.22502685880352,6.22502685880352,0.125676055242247
6307,1.11763495679787,1.11763495679787,0.119926453392667
6308,1.05287208617359,1.05287208617359,0.149382962371258
6309,0.266362592638761,0.266362592638761,0.130619103886275
6310,1.7557017635655,1.7557017635655,0.130448581940545
6311,3.84688127679432,3.84688127679432,0.113577038455071
6312,1.14856989490414,1.14856989490414,0.147724102846328
6313,2.6407596711058,2.6407596711058,0.137631696012917
6314,1.52918776364126,1.52918776364126,0.138396100203245
6315,11.5186913922274,11.5186913922274,0.154598418767098
6316,2.38188005057331,2.38188005057331,0.183965621175114
6317,1.17898378637983,1.17898378637983,0.0975557112438086
6318,0.616005701774474,0.616005701774474,0.151443305100029
6319,0.884510022494818,0.884510022494818,0.102838137252216
6320,5.87721785884423,5.87721785884423,0.153496608194548
6321,4.3975669670849,4.3975669670849,0.13983537196561
6322,2.61808321959252,2.61808321959252,0.103863263851768
6323,1.75604173082474,1.75604173082474,0.0936405909294099
6324,8.3930492022735,8.3930492022735,0.131532806316185
6325,1.52314340706529,1.52314340706529,0.1065032395451
6326,1.76775370856856,1.76775370856856,0.10975043805431
6327,5.07124780617943,5.07124780617943,0.132412180558581
6328,4.62090744134622,4.62090744134622,0.133648552619063
6329,6.28929371759535,6.28929371759535,0.141340587752883
6330,6.06533440339414,6.06533440339414,0.166967894280778
6331,1.42522383305399,1.42522383305399,0.0944339226079483
6332,9.59898515541537,9.59898515541537,0.145098622404838
6333,1.23964542531664,1.23964542531664,0.111221263526943
6334,2.21775935221554,2.21775935221554,0.113594863370996
6335,2.69678108526105,2.69678108526105,0.151359137592589
6336,4.15090410680228,4.15090410680228,0.149071969834805
6337,1.5092277335015,1.5092277335015,0.161731534049916
6338,1.36507383854546,1.36507383854546,0.127921419691539
6339,5.8211408786551,5.8211408786551,0.135325813105727
6340,6.78219766931824,6.78219766931824,0.131522208063817
6341,8.013471364482,8.013471364482,0.157385842100063
6342,7.4490948834011,7.4490948834011,0.133064556549902
6343,0.93735644946411,0.93735644946411,0.154747060527338
6344,1.4584804373888,1.4584804373888,0.116365772437912
6345,2.37026740335652,2.37026740335652,0.101926454851129
6346,4.60138042659878,4.60138042659878,0.162449456954097
6347,1.36303146114638,1.36303146114638,0.173317108476418
6348,9.15994347737042,9.15994347737042,0.138830066603319
6349,8.17062769783752,8.17062769783752,0.142479218038788
6350,2.47886311207253,2.47886311207253,0.102030180241706
6351,1.4171323901921,1.4171323901921,0.10467198286393
6352,7.40446964995148,7.40446964995148,0.165705420696668
6353,2.1894699617672,2.1894699617672,0.120539399610602
6354,0.75517388900422,0.75517388900422,0.0975157537091004
6355,3.75423337924612,3.75423337924612,0.127364500035106
6356,6.91798127979057,6.91798127979057,0.138024552336318
6357,1.06033066282438,1.06033066282438,0.127033964023654
6358,1.54805322753168,1.54805322753168,0.10434525382994
6359,2.63320702947105,2.63320702947105,0.119557360364161
6360,2.16038714476913,2.16038714476913,0.116388413093228
6361,1.49712890791112,1.49712890791112,0.09938996745094
6362,6.32646238095266,6.32646238095266,0.165829848696728
6363,1.83095648510708,1.83095648510708,0.114321190634686
6364,0.228866399590711,0.228866399590711,0.184081154691084
6365,1.32309948564899,1.32309948564899,0.165879074024129
6366,6.92727227037139,6.92727227037139,0.119653468140287
6367,0.48612572050215,0.48612572050215,0.140508681523527
6368,3.12673594215843,3.12673594215843,0.138453091145454
6369,3.56586988495586,3.56586988495586,0.112812777441779
6370,1.75791931203049,1.75791931203049,0.0923251034527559
6371,0.740399689079375,0.740399689079375,0.15649561245494
6372,3.38904538649823,3.38904538649823,0.135589608437636
6373,0.798134037432533,0.798134037432533,0.221723742233274
6374,0.627584250813898,0.627584250813898,0.126490101193181
6375,1.73048844197234,1.73048844197234,0.10112770131031
6376,2.97630883981199,2.97630883981199,0.109499118339221
6377,1.57273565137276,1.57273565137276,0.0922378060849202
6378,1.14403745510838,1.14403745510838,0.131630538546775
6379,6.80492242767916,6.80492242767916,0.134998691102076
6380,0.951426801687003,0.951426801687003,0.173243111334773
6381,3.18682392777136,3.18682392777136,0.129770034945439
6382,1.20057747318578,1.20057747318578,0.150620969811442
6383,3.0482830111126,3.0482830111126,0.120443547764196
6384,0.319338196902461,0.319338196902461,0.173218888444226
6385,5.18987288610103,5.18987288610103,0.145824909105625
6386,1.70356533566569,1.70356533566569,0.101191710437534
6387,2.44020057378825,2.44020057378825,0.111572773980344
6388,0.903744516579054,0.903744516579054,0.199154658253505
6389,1.63303400579135,1.63303400579135,0.109735509081447
6390,1.80011301474256,1.80011301474256,0.109817347777952
6391,1.03569334333498,1.03569334333498,0.123710406376732
6392,2.33904592427021,2.33904592427021,0.11200325125566
6393,0.339225858981991,0.339225858981991,0.162397043109473
6394,1.06423878374975,1.06423878374975,0.168909684682813
6395,0.296648070877436,0.296648070877436,0.149009241113568
6396,1.64880451196502,1.64880451196502,0.102474265397446
6397,3.78507514605014,3.78507514605014,0.124710313087141
6398,0.434169131222043,0.434169131222043,0.175435955880279
6399,0.588954890855594,0.588954890855594,0.149986350501331
6400,2.11619386489477,2.11619386489477,0.128267496981335
6401,6.75610136528516,6.75610136528516,0.151269776299282
6402,2.5798735849804,2.5798735849804,0.148777572655169
6403,0.99801605272567,0.99801605272567,0.13917113981761
6404,2.09044278267363,2.09044278267363,0.109041326473357
6405,5.41644723647022,5.41644723647022,0.105492266484435
6406,1.50149022939469,1.50149022939469,0.157772234462602
6407,6.98314278392627,6.98314278392627,0.104145129348298
6408,0.523670928120482,0.523670928120482,0.148011231199066
6409,1.57120982031733,1.57120982031733,0.169531289339031
6410,2.13404799264955,2.13404799264955,0.111033674819861
6411,0.845656727651957,0.845656727651957,0.159754276975013
6412,8.57609212457604,8.57609212457604,0.149239786164806
6413,4.1047981770249,4.1047981770249,0.0986377538730336
6414,3.36644114744038,3.36644114744038,0.135470186165515
6415,7.85235844951723,7.85235844951723,0.148489325640166
6416,5.48620382379542,5.48620382379542,0.125212418298141
6417,26.8405413230398,26.8405413230398,0.167066429947457
6418,0.483379476632612,0.483379476632612,0.156995256526773
6419,0.802176421249961,0.802176421249961,0.129092624368921
6420,2.38309481304008,2.38309481304008,0.107693264276255
6421,0.861798832210582,0.861798832210582,0.132276567066238
6422,2.10765920096565,2.10765920096565,0.129878449899786
6423,2.30544198104384,2.30544198104384,0.0984458840415085
6424,0.633100733215599,0.633100733215599,0.153962899606146
6425,0.484966887931148,0.484966887931148,0.154750038614963
6426,8.16797942266987,8.16797942266987,0.139060183624179
6427,1.32441171089802,1.32441171089802,0.154687263683108
6428,0.651082297331938,0.651082297331938,0.186766770956022
6429,0.970943877036969,0.970943877036969,0.134163135301702
6430,0.864866070993308,0.864866070993308,0.17386057194599
6431,1.21155566767629,1.21155566767629,0.119347340919467
6432,2.00423958188601,2.00423958188601,0.0964038974459359
6433,0.472779160156878,0.472779160156878,0.154342496645513
6434,0.479114430757458,0.479114430757458,0.0864512918675575
6435,0.573370707215767,0.573370707215767,0.111829028825431
6436,4.39630480116328,4.39630480116328,0.122430851274539
6437,0.322711101235328,0.322711101235328,0.154017233196723
6438,5.76049157331693,5.76049157331693,0.123123684839761
6439,15.9340575809576,15.9340575809576,0.167151598892189
6440,0.289887170203759,0.289887170203759,0.167240438859905
6441,2.63879487873664,2.63879487873664,0.127491398113989
6442,11.9970440846964,11.9970440846964,0.152268590455742
6443,0.443477310451393,0.443477310451393,0.15638616941636
6444,2.27597730993593,2.27597730993593,0.0956308814216514
6445,1.59719942603112,1.59719942603112,0.102982241575281
6446,1.60106912016883,1.60106912016883,0.166832872643143
6447,1.59491781244698,1.59491781244698,0.122786938759164
6448,1.65886796579348,1.65886796579348,0.0964550847394312
6449,3.84342857338015,3.84342857338015,0.129849258003175
6450,1.22110885230411,1.22110885230411,0.157394457464871
6451,1.22982584095868,1.22982584095868,0.112464842308284
6452,2.66396498495354,2.66396498495354,0.118883848216423
6453,0.898526462323995,0.898526462323995,0.105673847962586
6454,3.8681737688664,3.8681737688664,0.113039503499065
6455,1.20723879288949,1.20723879288949,0.109842351936263
6456,0.383753119830722,0.383753119830722,0.160564443307943
6457,2.88378807792581,2.88378807792581,0.12197574176612
6458,4.83539720117672,4.83539720117672,0.158557688053705
6459,1.57271466016523,1.57271466016523,0.10639633869227
6460,3.93285809155233,3.93285809155233,0.161322596681036
6461,3.78577750608947,3.78577750608947,0.135051588708569
6462,4.60206497104794,4.60206497104794,0.143011277156509
6463,2.11178418001752,2.11178418001752,0.126313102807156
6464,1.13303690736343,1.13303690736343,0.199899766528586
6465,2.74380868491152,2.74380868491152,0.131553913534058
6466,3.80205303927009,3.80205303927009,0.138453915013817
6467,0.658654833228762,0.658654833228762,0.146994460364851
6468,0.763752916206452,0.763752916206452,0.139898800833031
6469,2.29979623015445,2.29979623015445,0.0986561695370565
6470,1.40702468195951,1.40702468195951,0.101570123809732
6471,4.11331027068448,4.11331027068448,0.132721444350826
6472,2.37689924595649,2.37689924595649,0.135576504250192
6473,0.319153372660247,0.319153372660247,0.181127380382612
6474,9.64803835395739,9.64803835395739,0.132864849920388
6475,0.720374738945289,0.720374738945289,0.0968386797093397
6476,1.57097553195522,1.57097553195522,0.116498485959042
6477,0.434961224161759,0.434961224161759,0.125215163718437
6478,0.933491593671855,0.933491593671855,0.0972492965066334
6479,3.38065170828225,3.38065170828225,0.12867681306045
6480,2.30081278136072,2.30081278136072,0.126783097652935
6481,21.1631457977864,21.1631457977864,0.154191335904816
6482,6.26555498077347,6.26555498077347,0.154658099743588
6483,1.78684877078982,1.78684877078982,0.104966446136658
6484,2.75334540941971,2.75334540941971,0.120131119935287
6485,4.91268007141103,4.91268007141103,0.131761900381923
6486,0.853483506894576,0.853483506894576,0.161973836649151
6487,0.787646842306826,0.787646842306826,0.154696460815573
6488,0.436508607120992,0.436508607120992,0.164643977907951
6489,3.4483746545672,3.4483746545672,0.127208017436158
6490,4.64930644504101,4.64930644504101,0.130673249598381
6491,1.4866694029249,1.4866694029249,0.135836622425127
6492,1.55762060288248,1.55762060288248,0.10529507246569
6493,3.27218643075442,3.27218643075442,0.115847370661016
6494,2.94885916809959,2.94885916809959,0.115289637528194
6495,2.2816915230468,2.2816915230468,0.114003332064541
6496,7.1973188600787,7.1973188600787,0.147071435371239
6497,1.4626039848885,1.4626039848885,0.10701058731373
6498,0.296594491395903,0.296594491395903,0.116476844074988
6499,4.54507788564191,4.54507788564191,0.134928407035849
6500,3.84166811466027,3.84166811466027,0.121712495188353
6501,0.381679843367846,0.381679843367846,0.137069312045268
6502,0.544646124299373,0.544646124299373,0.148003395897156
6503,0.628893543045289,0.628893543045289,0.100013384078968
6504,0.372008016552648,0.372008016552648,0.160367571393476
6505,6.52701565445401,6.52701565445401,0.114674049518025
6506,7.47470887173392,7.47470887173392,0.147770253113526
6507,1.34488125373212,1.34488125373212,0.0878405261238346
6508,1.11781845130272,1.11781845130272,0.177706439960946
6509,2.18414982220907,2.18414982220907,0.107504887500552
6510,0.261911744493361,0.261911744493361,0.154360723021208
6511,1.81444300779843,1.81444300779843,0.115234742486266
6512,2.09845737399511,2.09845737399511,0.0993002797377251
6513,9.94083651537114,9.94083651537114,0.172026110188063
6514,16.4237404662674,16.4237404662674,0.1621410909061
6515,5.62791036919875,5.62791036919875,0.120976805202424
6516,3.38782456342903,3.38782456342903,0.105001368734232
6517,2.99705831529372,2.99705831529372,0.169320025206591
6518,6.69249490721686,6.69249490721686,0.118625953044478
6519,1.16418170214588,1.16418170214588,0.150580173168864
6520,1.01541260670386,1.01541260670386,0.149091376441453
6521,5.84792964235288,5.84792964235288,0.145438239271927
6522,5.14581112248366,5.14581112248366,0.130187840737558
6523,5.25056500652552,5.25056500652552,0.158325144690314
6524,0.735711067277243,0.735711067277243,0.136539740252287
6525,3.98057432448323,3.98057432448323,0.130735183898481
6526,4.51271098916546,4.51271098916546,0.143148652047445
6527,0.609606383490099,0.609606383490099,0.0815633762560586
6528,1.77707414788063,1.77707414788063,0.101047499839608
6529,0.540701745027628,0.540701745027628,0.1709349071443
6530,1.59291723604531,1.59291723604531,0.092689477028239
6531,1.97348804346148,1.97348804346148,0.10007918519155
6532,6.78478706071688,6.78478706071688,0.135901351794405
6533,5.17969711653884,5.17969711653884,0.159492087247137
6534,4.09023776064896,4.09023776064896,0.133042007724261
6535,13.9399432845808,13.9399432845808,0.149560933083607
6536,0.392414938349215,0.392414938349215,0.120628839504894
6537,0.488677055458149,0.488677055458149,0.157602316838419
6538,1.29867627016882,1.29867627016882,0.109799576401118
6539,3.59716009892621,3.59716009892621,0.158422194341755
6540,4.60938702493419,4.60938702493419,0.108392649864602
6541,2.99681385984191,2.99681385984191,0.133602474291061
6542,1.3249984323701,1.3249984323701,0.0964327985032139
6543,0.516727847248247,0.516727847248247,0.166045841536247
6544,1.71594279073031,1.71594279073031,0.0963199884302841
6545,4.13753560877318,4.13753560877318,0.13346845588845
6546,1.19992103402094,1.19992103402094,0.0958761973184566
6547,0.192947506920632,0.192947506920632,0.149559964602457
6548,6.93141843331793,6.93141843331793,0.132463232539082
6549,1.50162783041686,1.50162783041686,0.104881300855712
6550,0.808549894722834,0.808549894722834,0.188836105563599
6551,1.47075775660914,1.47075775660914,0.0899867766170992
6552,1.33042944186111,1.33042944186111,0.103541241597323
6553,2.42851745880342,2.42851745880342,0.129798934523368
6554,3.52863203825312,3.52863203825312,0.127906867035822
6555,2.81876671551104,2.81876671551104,0.110666367824211
6556,4.18171560156838,4.18171560156838,0.114541709058899
6557,2.48853550867522,2.48853550867522,0.140794176376314
6558,1.77293265497918,1.77293265497918,0.132516694440145
6559,2.71215644394072,2.71215644394072,0.120164133133317
6560,7.52589569490117,7.52589569490117,0.129311430079502
6561,2.38888751009135,2.38888751009135,0.0939719267022106
6562,2.81012731837968,2.81012731837968,0.11738539200996
6563,0.641350310350289,0.641350310350289,0.236397359861679
6564,2.86638708288298,2.86638708288298,0.127790579911349
6565,0.951179737594436,0.951179737594436,0.207047113129887
6566,4.74263851031951,4.74263851031951,0.164708284595395
6567,0.985482618032414,0.985482618032414,0.148424158295602
6568,0.765372894812587,0.765372894812587,0.106766720454933
6569,3.31445226803292,3.31445226803292,0.111605487660174
6570,0.88097627800515,0.88097627800515,0.189122185082037
6571,2.88437432778757,2.88437432778757,0.114174123300052
6572,1.16477458601688,1.16477458601688,0.0948789094316578
6573,6.56108244663121,6.56108244663121,0.122690648427966
6574,2.17164182939563,2.17164182939563,0.127633413210732
6575,0.264691640422226,0.264691640422226,0.251323565614391
6576,0.589618400420064,0.589618400420064,0.104097537934278
6577,3.06466775195947,3.06466775195947,0.135609499533464
6578,1.08838322074157,1.08838322074157,0.0841868622202645
6579,5.37837072750213,5.37837072750213,0.138622528021625
6580,1.09669542195241,1.09669542195241,0.176640573306283
6581,2.55070557320962,2.55070557320962,0.10356716268924
6582,0.789963809837303,0.789963809837303,0.143769878826326
6583,1.19977162850721,1.19977162850721,0.107306140426867
6584,2.41019988166884,2.41019988166884,0.134970794640035
6585,2.34781596871055,2.34781596871055,0.0954393332586565
6586,0.898623443779633,0.898623443779633,0.203532996102683
6587,7.40430484908307,7.40430484908307,0.165460312025591
6588,1.04700751997989,1.04700751997989,0.193335060188632
6589,0.736714254070595,0.736714254070595,0.156883750244715
6590,4.10562885781758,4.10562885781758,0.150747685725399
6591,5.65788048068519,5.65788048068519,0.133744085276531
6592,1.10106087472159,1.10106087472159,0.11790001567086
6593,3.68774183694636,3.68774183694636,0.146074774678743
6594,1.76464836820019,1.76464836820019,0.146473884093093
6595,0.803865904210912,0.803865904210912,0.188403655959604
6596,0.437308258801313,0.437308258801313,0.135208257579351
6597,6.56759788158089,6.56759788158089,0.112899938540145
6598,0.104033061594062,0.104033061594062,0.169976107736099
6599,4.59590157477757,4.59590157477757,0.118402495977113
6600,1.2543305314698,1.2543305314698,0.218328004543336
6601,8.72234813533778,8.72234813533778,0.137988498300651
6602,0.592147124199695,0.592147124199695,0.147148197091278
6603,2.44715882187256,2.44715882187256,0.131999796427182
6604,1.00026269024134,1.00026269024134,0.100546576290513
6605,1.30939350610809,1.30939350610809,0.112329964664904
6606,0.293016825592238,0.293016825592238,0.14433049529709
6607,5.0677174539479,5.0677174539479,0.101015892208185
6608,2.04293535273363,2.04293535273363,0.121884819359649
6609,0.918197459144671,0.918197459144671,0.159093710282182
6610,3.08400340580268,3.08400340580268,0.160494420760296
6611,2.60057974143136,2.60057974143136,0.125742564061792
6612,2.88903143063703,2.88903143063703,0.109595493687542
6613,0.561499733924235,0.561499733924235,0.141854360715792
6614,0.498692762814354,0.498692762814354,0.192606218562151
6615,0.643940171304819,0.643940171304819,0.158664840661776
6616,10.9098439287594,10.9098439287594,0.14632354967309
6617,0.225554501801606,0.225554501801606,0.197950600248647
6618,1.26819214402584,1.26819214402584,0.149169642360604
6619,2.68456259108738,2.68456259108738,0.108924719745303
6620,2.2815336870365,2.2815336870365,0.0848245386291584
6621,6.79479252444038,6.79479252444038,0.159037377120904
6622,0.340629608492783,0.340629608492783,0.148979923274063
6623,2.4998267743755,2.4998267743755,0.0946392973632514
6624,1.74273923299716,1.74273923299716,0.181564858908954
6625,0.743279364009485,0.743279364009485,0.167162008505999
6626,0.376221287259615,0.376221287259615,0.0844196404769711
6627,1.71037925826015,1.71037925826015,0.0973631836538327
6628,0.765015633904695,0.765015633904695,0.167443201197738
6629,8.0711803679817,8.0711803679817,0.159844998015562
6630,5.3734889405419,5.3734889405419,0.158566978913682
6631,5.7314476175893,5.7314476175893,0.134847110534523
6632,0.216221871827881,0.216221871827881,0.143797855159463
6633,0.322544781039412,0.322544781039412,0.176807299246214
6634,0.28716607018318,0.28716607018318,0.124383453437749
6635,4.15279737953203,4.15279737953203,0.109938473022262
6636,7.81993694354214,7.81993694354214,0.116828157111666
6637,4.67935613046471,4.67935613046471,0.16493303901004
6638,6.04164631525054,6.04164631525054,0.136714058137127
6639,1.98279086153726,1.98279086153726,0.0940301013959686
6640,1.97534649467782,1.97534649467782,0.155876964191411
6641,2.79506654815637,2.79506654815637,0.154940776873783
6642,1.86568530054167,1.86568530054167,0.144019158315317
6643,1.88378497182863,1.88378497182863,0.0971622658413719
6644,4.53227459269037,4.53227459269037,0.12719917125245
6645,2.168388319185,2.168388319185,0.106999462402867
6646,1.27446953951757,1.27446953951757,0.148656688090808
6647,2.77860694150234,2.77860694150234,0.124225032174045
6648,3.07552689981117,3.07552689981117,0.160107721210173
6649,10.6519966860458,10.6519966860458,0.159364595977731
6650,0.32439263439224,0.32439263439224,0.177484778206666
6651,6.42313335455892,6.42313335455892,0.149047788632887
6652,0.740184856910695,0.740184856910695,0.128902552508483
6653,0.605473486574592,0.605473486574592,0.121550838232732
6654,5.19519574137648,5.19519574137648,0.138566479769433
6655,0.669017196291445,0.669017196291445,0.141167401875401
6656,11.3159700384436,11.3159700384436,0.158258700494696
6657,0.973810604942901,0.973810604942901,0.0982754408357729
6658,3.40635860773949,3.40635860773949,0.110660533134064
6659,0.575551341518877,0.575551341518877,0.158489307828515
6660,2.23028332582519,2.23028332582519,0.129561747435702
6661,0.543946711199332,0.543946711199332,0.175641984506748
6662,4.56302558015003,4.56302558015003,0.164207979889068
6663,0.627776732311868,0.627776732311868,0.152935545286526
6664,0.806915005508974,0.806915005508974,0.205927517699666
6665,1.32525388521184,1.32525388521184,0.0972529196959811
6666,1.91531561041749,1.91531561041749,0.137585532571008
6667,9.68370151448958,9.68370151448958,0.140886943251222
6668,0.270326635480658,0.270326635480658,0.142563100204763
6669,2.26296504542307,2.26296504542307,0.105007884135719
6670,5.33492660250941,5.33492660250941,0.134712458093637
6671,0.902408976940911,0.902408976940911,0.0941881715117455
6672,1.03700139584641,1.03700139584641,0.188545002121307
6673,2.07636499161476,2.07636499161476,0.0973417250722562
6674,3.5577639987698,3.5577639987698,0.147968705909381
6675,1.35274933837456,1.35274933837456,0.127415578996361
6676,2.27008355556093,2.27008355556093,0.122321731084727
6677,4.01802220766859,4.01802220766859,0.14797874128809
6678,0.32917881426321,0.32917881426321,0.156635353379009
6679,0.33014229122366,0.33014229122366,0.15346485724914
6680,0.70596416417128,0.70596416417128,0.168073488938583
6681,1.48948135105877,1.48948135105877,0.0923102343998459
6682,5.14811932334547,5.14811932334547,0.179167239256628
6683,1.50103253916113,1.50103253916113,0.126156937128821
6684,9.97893448098849,9.97893448098849,0.11371786032947
6685,3.56161843411029,3.56161843411029,0.120602176806509
6686,0.423923701221502,0.423923701221502,0.114587082123554
6687,5.96443390684581,5.96443390684581,0.12867550523626
6688,1.77575408012974,1.77575408012974,0.0978177021131158
6689,1.79143655539411,1.79143655539411,0.119909704741224
6690,1.0903655613685,1.0903655613685,0.200346444569206
6691,4.60648537444454,4.60648537444454,0.149411281262723
6692,0.68685149542318,0.68685149542318,0.167505005998916
6693,1.52255543363474,1.52255543363474,0.106917888575798
6694,1.33169890281344,1.33169890281344,0.101460460224437
6695,0.622739927021278,0.622739927021278,0.155319452141927
6696,0.796350002411574,0.796350002411574,0.0956765626426797
6697,2.61052555847346,2.61052555847346,0.124921342062326
6698,1.38550595219426,1.38550595219426,0.169942319137691
6699,2.69714715872078,2.69714715872078,0.137567043636618
6700,2.61739436033343,2.61739436033343,0.113768204233498
6701,0.239900921367904,0.239900921367904,0.210901012558341
6702,6.73534505013419,6.73534505013419,0.137312853665093
6703,3.15643139330217,3.15643139330217,0.121430316579154
6704,1.60274374742007,1.60274374742007,0.16596798362504
6705,3.56423079017536,3.56423079017536,0.129739862347831
6706,6.02052365214814,6.02052365214814,0.13190133079853
6707,2.36586747127586,2.36586747127586,0.117813272235198
6708,0.614588269523244,0.614588269523244,0.0957074990576827
6709,1.92604597709809,1.92604597709809,0.132108130728116
6710,6.84495712700561,6.84495712700561,0.167491959008662
6711,2.14199224722437,2.14199224722437,0.129941728074165
6712,1.95013130418014,1.95013130418014,0.0906749249859423
6713,6.09787591530193,6.09787591530193,0.157693452153401
6714,2.09527372096657,2.09527372096657,0.127222486871825
6715,0.126104543802674,0.126104543802674,0.104228760055792
6716,0.876334873050284,0.876334873050284,0.130132531553929
6717,2.53578942147115,2.53578942147115,0.155569032714362
6718,13.1998840714779,13.1998840714779,0.144077396642212
6719,0.450171665096707,0.450171665096707,0.160734731848791
6720,6.14465283997693,6.14465283997693,0.146192336209219
6721,2.52061326558389,2.52061326558389,0.131945360854713
6722,9.17127520674461,9.17127520674461,0.146418590588408
6723,2.73031536228053,2.73031536228053,0.112183498248942
6724,0.742010072249762,0.742010072249762,0.0935764730169606
6725,5.00120514360466,5.00120514360466,0.146192469595514
6726,6.3232671897234,6.3232671897234,0.140854115837018
6727,1.85952894066662,1.85952894066662,0.0986530742603849
6728,9.19522908147233,9.19522908147233,0.153632827385815
6729,0.678535658139463,0.678535658139463,0.139095060848686
6730,1.54882448384684,1.54882448384684,0.103248703299674
6731,1.18025998215801,1.18025998215801,0.161359841880227
6732,3.07741117278159,3.07741117278159,0.115571044148331
6733,6.31626939247476,6.31626939247476,0.13910967957171
6734,0.172352030756138,0.172352030756138,0.186503410323051
6735,2.71229978366718,2.71229978366718,0.0946555475163205
6736,3.68912389528002,3.68912389528002,0.10802356554527
6737,0.743390043125335,0.743390043125335,0.106222135721216
6738,0.537765354547392,0.537765354547392,0.205885925611468
6739,1.1074753755347,1.1074753755347,0.0931479493762859
6740,2.37707490657523,2.37707490657523,0.0976272082396894
6741,1.25358755848239,1.25358755848239,0.199707237252368
6742,2.76899669790908,2.76899669790908,0.140952131110303
6743,2.05731293227281,2.05731293227281,0.106541728026815
6744,2.99665714289922,2.99665714289922,0.122765316382989
6745,0.40344042649538,0.40344042649538,0.157331348106761
6746,0.531070035387215,0.531070035387215,0.155753293103459
6747,1.65258766268869,1.65258766268869,0.236752637584274
6748,0.635913945099689,0.635913945099689,0.0842992237874567
6749,1.93096430912143,1.93096430912143,0.101866710150422
6750,1.28328454417937,1.28328454417937,0.150256021964438
6751,6.79413653873103,6.79413653873103,0.154490588468592
6752,0.186383403479379,0.186383403479379,0.13592081410476
6753,2.19763280576866,2.19763280576866,0.166314937368612
6754,5.71969685209906,5.71969685209906,0.156777354785578
6755,1.76803279529985,1.76803279529985,0.108957313662807
6756,4.10849758608006,4.10849758608006,0.132681152013725
6757,3.17989676990159,3.17989676990159,0.112742446479231
6758,3.09173028376363,3.09173028376363,0.113371683651066
6759,2.71106108677918,2.71106108677918,0.122255688747121
6760,0.479661728503972,0.479661728503972,0.137258342174874
6761,5.22867044412676,5.22867044412676,0.114876346111239
6762,1.37121131058334,1.37121131058334,0.0968173276552342
6763,1.49126723747909,1.49126723747909,0.0919049289190248
6764,1.75289506884327,1.75289506884327,0.10052719981216
6765,0.747247207901338,0.747247207901338,0.173981615531078
6766,0.450772067310158,0.450772067310158,0.131725439699617
6767,1.1187617649611,1.1187617649611,0.182288503368454
6768,3.2883170056052,3.2883170056052,0.103232637418574
6769,2.4849399280979,2.4849399280979,0.11212103106406
6770,2.00902212264038,2.00902212264038,0.101398486816302
6771,0.195001007772581,0.195001007772581,0.178868012693784
6772,2.98983832376306,2.98983832376306,0.124078643239495
6773,4.68900062419306,4.68900062419306,0.147730284985401
6774,2.56585412840059,2.56585412840059,0.126688300700518
6775,0.688471431750353,0.688471431750353,0.163630481074106
6776,0.604399172479981,0.604399172479981,0.186074650384407
6777,0.93967706451975,0.93967706451975,0.0976896894169908
6778,5.88196446377531,5.88196446377531,0.173088841242534
6779,0.978363825215923,0.978363825215923,0.110911868928769
6780,7.28457974535368,7.28457974535368,0.16256264987669
6781,7.00218487116089,7.00218487116089,0.113720636663994
6782,0.358045708855688,0.358045708855688,0.109343570211881
6783,1.93895921777191,1.93895921777191,0.102648048811493
6784,0.736029818430417,0.736029818430417,0.0947641464040864
6785,8.22831772079927,8.22831772079927,0.129804903655412
6786,9.94122031331322,9.94122031331322,0.125705030627431
6787,4.56114801668141,4.56114801668141,0.11590959615698
6788,3.27765238428407,3.27765238428407,0.105613502832396
6789,1.90134817274956,1.90134817274956,0.109999199767496
6790,4.11779511073011,4.11779511073011,0.146116925294924
6791,4.44359251429758,4.44359251429758,0.109282715635586
6792,7.22380278846579,7.22380278846579,0.141043041504617
6793,0.962859007119851,0.962859007119851,0.0843694649770115
6794,0.32959107547702,0.32959107547702,0.0815367392293341
6795,9.95489748140577,9.95489748140577,0.163713615538468
6796,1.8183705151128,1.8183705151128,0.114685214095926
6797,0.658935371412387,0.658935371412387,0.17986543399476
6798,1.21078232450898,1.21078232450898,0.130092825991739
6799,2.35709617122824,2.35709617122824,0.120857671377636
6800,1.62993737911125,1.62993737911125,0.113681119884688
6801,3.51309675372524,3.51309675372524,0.124215974126914
6802,1.48802786925844,1.48802786925844,0.108180012054847
6803,3.75625069703816,3.75625069703816,0.118341406373939
6804,1.07417694937591,1.07417694937591,0.181299014968145
6805,10.4003033710588,10.4003033710588,0.151261403010402
6806,5.07867350785875,5.07867350785875,0.134875972482727
6807,9.43346117357439,9.43346117357439,0.134357429954564
6808,1.18181547753789,1.18181547753789,0.107293493667067
6809,0.173008643166763,0.173008643166763,0.111048246610508
6810,2.9601534894363,2.9601534894363,0.108246898475149
6811,9.23520662202612,9.23520662202612,0.146418030959991
6812,6.6524598099317,6.6524598099317,0.124120993169489
6813,0.454128074120762,0.454128074120762,0.159893233306907
6814,2.11110999326201,2.11110999326201,0.101898301029711
6815,1.86438408431388,1.86438408431388,0.12314936535085
6816,0.832476811643078,0.832476811643078,0.105184302613227
6817,1.53875458040556,1.53875458040556,0.0925877092446815
6818,3.45036589912073,3.45036589912073,0.10265113197582
6819,0.183161058741241,0.183161058741241,0.175322091551025
6820,5.87507255150139,5.87507255150139,0.156160869966322
6821,0.367712079945545,0.367712079945545,0.126666787158048
6822,2.41876049401106,2.41876049401106,0.127221214151585
6823,8.02387461943897,8.02387461943897,0.109243925366669
6824,1.44242795080026,1.44242795080026,0.120182269818238
6825,10.3526028726549,10.3526028726549,0.172648850892789
6826,5.03383964359041,5.03383964359041,0.150389450553253
6827,2.98542051756804,2.98542051756804,0.111846369105948
6828,0.563019306161145,0.563019306161145,0.135132782560247
6829,4.50474260978989,4.50474260978989,0.157648104783926
6830,3.32155188888146,3.32155188888146,0.112324989246803
6831,7.07989283724525,7.07989283724525,0.134787045607627
6832,0.963485584650175,0.963485584650175,0.148840934307508
6833,0.889088445035585,0.889088445035585,0.136440766687242
6834,1.50311349988446,1.50311349988446,0.1317340210731
6835,3.42675138343168,3.42675138343168,0.122661550159378
6836,0.245346478540568,0.245346478540568,0.0951822600981877
6837,5.01789113547179,5.01789113547179,0.120822892147268
6838,1.5620902778712,1.5620902778712,0.108952515211003
6839,2.77574586507554,2.77574586507554,0.107240581391432
6840,1.12528764652412,1.12528764652412,0.149736022469601
6841,5.58532768459267,5.58532768459267,0.170233441158822
6842,1.57676534900422,1.57676534900422,0.108179663346815
6843,5.34820802767918,5.34820802767918,0.123705974842004
6844,10.7120731046649,10.7120731046649,0.169662627458169
6845,0.323948188918222,0.323948188918222,0.181403881073957
6846,6.31904007233023,6.31904007233023,0.161241961643818
6847,2.4683421189777,2.4683421189777,0.135141327013457
6848,2.67270274393208,2.67270274393208,0.109870335425048
6849,0.976014085831757,0.976014085831757,0.15554832890331
6850,3.80949103213651,3.80949103213651,0.141567693437048
6851,2.43457872562102,2.43457872562102,0.14554230915188
6852,4.8890710131248,4.8890710131248,0.146293155574419
6853,0.958779112928799,0.958779112928799,0.0855888045045184
6854,2.1669419352742,2.1669419352742,0.140176847537077
6855,2.95149916780318,2.95149916780318,0.138418760778181
6856,0.370835573345449,0.370835573345449,0.166311793678607
6857,2.11118058078989,2.11118058078989,0.106725753483825
6858,1.48034526203056,1.48034526203056,0.117454121165947
6859,1.12274684330875,1.12274684330875,0.0878073039054885
6860,4.29921144380612,4.29921144380612,0.164474189133708
6861,2.5521306351591,2.5521306351591,0.116190793987238
6862,2.33137465042769,2.33137465042769,0.119018378715515
6863,5.84794853376171,5.84794853376171,0.123216928049987
6864,0.658742516471883,0.658742516471883,0.128360687234467
6865,2.25387985571028,2.25387985571028,0.105490703312697
6866,7.72583645665821,7.72583645665821,0.134515818990411
6867,5.44752632787054,5.44752632787054,0.139404463291584
6868,0.598959545165365,0.598959545165365,0.108778453364193
6869,9.6623492422438,9.6623492422438,0.153228917627272
6870,2.1158112257863,2.1158112257863,0.103633274193225
6871,0.596859833349621,0.596859833349621,0.153571916130762
6872,3.1848118579914,3.1848118579914,0.129023818014343
6873,2.3322013590707,2.3322013590707,0.103323977115913
6874,5.77114625594755,5.77114625594755,0.113207622305373
6875,5.56201696628249,5.56201696628249,0.132462310869065
6876,2.45218466546187,2.45218466546187,0.122154928871677
6877,1.43193621757881,1.43193621757881,0.177821520980958
6878,21.6900539080647,21.6900539080647,0.150590908272615
6879,0.983992232979293,0.983992232979293,0.0845654264337877
6880,1.19463951947069,1.19463951947069,0.0865798189888429
6881,2.19470880680713,2.19470880680713,0.128668414459869
6882,0.534718324725853,0.534718324725853,0.084437046021073
6883,2.34443277267951,2.34443277267951,0.173418135119215
6884,0.584505310675121,0.584505310675121,0.187306007397027
6885,0.79781813671514,0.79781813671514,0.150952227448266
6886,1.95327001388285,1.95327001388285,0.106730458351159
6887,5.07771865802181,5.07771865802181,0.112575987034962
6888,2.58676931264239,2.58676931264239,0.117283748567648
6889,0.272599222291365,0.272599222291365,0.116027536855052
6890,0.731706426709327,0.731706426709327,0.0935318336123148
6891,0.396309143842504,0.396309143842504,0.206244416732551
6892,0.698190190274932,0.698190190274932,0.110537394502774
6893,0.708148634874379,0.708148634874379,0.12335943208649
6894,1.75615724560347,1.75615724560347,0.115776949896888
6895,2.69316572770327,2.69316572770327,0.135024288167914
6896,1.19246961782284,1.19246961782284,0.13012301639788
6897,2.34947612418874,2.34947612418874,0.100262162866599
6898,1.08445322080798,1.08445322080798,0.0891133158152647
6899,2.61345058328629,2.61345058328629,0.133416608474612
6900,1.47470020495692,1.47470020495692,0.0919191467462463
6901,3.49418389667215,3.49418389667215,0.132654249544421
6902,5.79388588056162,5.79388588056162,0.132976116282878
6903,1.25494007192663,1.25494007192663,0.107672964696786
6904,1.10528369788343,1.10528369788343,0.19274339470389
6905,1.21894956766652,1.21894956766652,0.133667929491324
6906,14.3961495944552,14.3961495944552,0.13800917822725
6907,6.36176873041278,6.36176873041278,0.126935432663544
6908,5.10589218184278,5.10589218184278,0.136231391104841
6909,25.7408426145627,25.7408426145627,0.153510754786566
6910,1.55612432317246,1.55612432317246,0.105543771966349
6911,0.300812000643652,0.300812000643652,0.120329940206259
6912,15.4804713423638,15.4804713423638,0.150834477324019
6913,0.577616430008483,0.577616430008483,0.098877254008122
6914,1.47076894085391,1.47076894085391,0.102564508661687
6915,2.05440694767306,2.05440694767306,0.0973797303822222
6916,1.2567052630879,1.2567052630879,0.0961084511487541
6917,0.211473254271702,0.211473254271702,0.137383657380033
6918,3.77287779953916,3.77287779953916,0.110837934686423
6919,3.61496566181307,3.61496566181307,0.164562534765962
6920,2.61623199988972,2.61623199988972,0.113168149443139
6921,2.68050208911581,2.68050208911581,0.134364552490012
6922,4.61782207967475,4.61782207967475,0.10334709936944
6923,4.40676259969958,4.40676259969958,0.149933277596391
6924,3.54095923146111,3.54095923146111,0.159387663566836
6925,4.32850469912581,4.32850469912581,0.109549963364351
6926,4.39966480148003,4.39966480148003,0.132849294513589
6927,2.44685114132934,2.44685114132934,0.11554640569783
6928,8.93957422726184,8.93957422726184,0.140726086617015
6929,3.51479789520088,3.51479789520088,0.125899107518431
6930,2.28334332844399,2.28334332844399,0.101899008924493
6931,2.09593834183926,2.09593834183926,0.115950963605952
6932,0.565322904165015,0.565322904165015,0.167902250623751
6933,5.07271781226176,5.07271781226176,0.150688993177874
6934,26.269838649737,26.269838649737,0.171165168557886
6935,2.70654635555045,2.70654635555045,0.140134538210894
6936,2.35914035375764,2.35914035375764,0.116695503569481
6937,0.281819573261253,0.281819573261253,0.182907552825205
6938,1.32068113300753,1.32068113300753,0.133710910862326
6939,1.51420114268536,1.51420114268536,0.0954492015856746
6940,1.70994889193435,1.70994889193435,0.104041002690952
6941,5.74492803488141,5.74492803488141,0.165616216684732
6942,2.36450257393817,2.36450257393817,0.167793010500445
6943,3.45448199804286,3.45448199804286,0.126141535639845
6944,1.80792100510848,1.80792100510848,0.0929312632058027
6945,1.21366398950432,1.21366398950432,0.0955173780070724
6946,18.5813457788403,18.5813457788403,0.150044914340181
6947,0.647251640953607,0.647251640953607,0.160479176602227
6948,0.726871088233283,0.726871088233283,0.12327320982906
6949,3.58756949228066,3.58756949228066,0.144396443287396
6950,0.986357332051778,0.986357332051778,0.0992068478403103
6951,1.36527858290127,1.36527858290127,0.153195528324969
6952,3.59027796544249,3.59027796544249,0.126282502518552
6953,0.849041210272299,0.849041210272299,0.188663282212797
6954,0.282615628152004,0.282615628152004,0.101582374324371
6955,1.80884174315477,1.80884174315477,0.106858718943628
6956,0.234840677853074,0.234840677853074,0.150903069401219
6957,0.623059989551377,0.623059989551377,0.152684678343541
6958,1.69191323507287,1.69191323507287,0.0909803249225809
6959,5.42562327386279,5.42562327386279,0.119664839854695
6960,1.45301711912811,1.45301711912811,0.190329948722927
6961,5.6729350748159,5.6729350748159,0.145111967558712
6962,4.79084261533574,4.79084261533574,0.165920833851016
6963,0.395201382139459,0.395201382139459,0.184235508830037
6964,1.11137990088158,1.11137990088158,0.102264596449506
6965,5.02423639284793,5.02423639284793,0.120797739427505
6966,1.83121245112497,1.83121245112497,0.106826614473146
6967,1.96606416758837,1.96606416758837,0.0961988703528765
6968,0.278793447364002,0.278793447364002,0.162656286394483
6969,2.39080838811557,2.39080838811557,0.146934318834632
6970,1.26289828402101,1.26289828402101,0.142893288454752
6971,1.76408654478827,1.76408654478827,0.100476271287761
6972,1.20410327814656,1.20410327814656,0.104897181217618
6973,0.716193122074445,0.716193122074445,0.161316870721694
6974,1.10853099913679,1.10853099913679,0.114447787478067
6975,2.57719699457696,2.57719699457696,0.102570726372674
6976,0.715775921764459,0.715775921764459,0.156588405436085
6977,0.947303598440959,0.947303598440959,0.121411547993356
6978,0.581737510520749,0.581737510520749,0.165472991290232
6979,1.0996524872376,1.0996524872376,0.0942062702226582
6980,14.5005166556511,14.5005166556511,0.156571611385856
6981,0.348292232157644,0.348292232157644,0.122103148816271
6982,22.4309208306293,22.4309208306293,0.147774948946772
6983,0.844223713282459,0.844223713282459,0.16337300887915
6984,0.857975523514644,0.857975523514644,0.131213727570973
6985,1.91608585141321,1.91608585141321,0.126077192704599
6986,1.70790628016755,1.70790628016755,0.101063198551104
6987,1.14290913765316,1.14290913765316,0.119742076749906
6988,2.54205552013928,2.54205552013928,0.105758791711415
6989,1.36413058113943,1.36413058113943,0.173424535002882
6990,3.26020718412287,3.26020718412287,0.12052880442433
6991,1.23177089669307,1.23177089669307,0.133017238664771
6992,5.43062724838548,5.43062724838548,0.117476514405413
6993,1.19884752328397,1.19884752328397,0.126639917769837
6994,4.87603464392744,4.87603464392744,0.110198037229778
6995,0.583823261029781,0.583823261029781,0.179528527536219
6996,2.06534589341415,2.06534589341415,0.106161926884014
6997,1.29202016306789,1.29202016306789,0.0876296019088102
6998,0.162768553473498,0.162768553473498,0.169394541316404
6999,1.12277876714113,1.12277876714113,0.120795324931987
7000,2.2242981250357,2.2242981250357,0.107499601530058
7001,1.95625388856899,1.95625388856899,0.112173004843235
7002,0.137472092254878,0.137472092254878,0.169699852591595
7003,2.37412141631373,2.37412141631373,0.113022482035421
7004,1.21543497483919,1.21543497483919,0.123576436602407
7005,0.665638433774827,0.665638433774827,0.153517054273888
7006,1.48962807060173,1.48962807060173,0.146927564155462
7007,5.1035456643025,5.1035456643025,0.103003318801131
7008,3.5427698358037,3.5427698358037,0.119984868964233
7009,0.320069816450968,0.320069816450968,0.112236776232241
7010,0.590736911796188,0.590736911796188,0.090092946739022
7011,1.16189102029124,1.16189102029124,0.178360938185416
7012,1.74416468732461,1.74416468732461,0.0926641859380568
7013,1.31171393264028,1.31171393264028,0.206313407619136
7014,0.900325178501449,0.900325178501449,0.111279396868091
7015,1.12268887037977,1.12268887037977,0.138879999933172
7016,1.67143100115629,1.67143100115629,0.088431646999053
7017,4.47608691413243,4.47608691413243,0.147733129529559
7018,0.738707123889158,0.738707123889158,0.170306536122782
7019,0.968475882470748,0.968475882470748,0.0979360289484103
7020,4.61514247830205,4.61514247830205,0.140731705583087
7021,1.16532201550516,1.16532201550516,0.0934605468938578
7022,1.98169003520459,1.98169003520459,0.101375562517763
7023,10.2357308602368,10.2357308602368,0.173278823152704
7024,1.51606233185812,1.51606233185812,0.113550438575905
7025,2.13641139030597,2.13641139030597,0.125620597830823
7026,4.01424700328344,4.01424700328344,0.130903357253281
7027,1.76415545085154,1.76415545085154,0.138819398454434
7028,0.543146406031067,0.543146406031067,0.112247501947359
7029,2.87609910661691,2.87609910661691,0.117119982434053
7030,3.60525033498383,3.60525033498383,0.138422953048591
7031,0.530916260135542,0.530916260135542,0.101580530016505
7032,6.39361185444082,6.39361185444082,0.178590553101579
7033,5.33400862084582,5.33400862084582,0.161558432468614
7034,3.42323269445996,3.42323269445996,0.145488847498929
7035,0.739668675210165,0.739668675210165,0.0827126722902505
7036,7.81126206204323,7.81126206204323,0.152566089708015
7037,0.795644346706418,0.795644346706418,0.105851175010572
7038,9.54079175755857,9.54079175755857,0.153184679237559
7039,0.488422490769292,0.488422490769292,0.145890188415665
7040,2.92101033838973,2.92101033838973,0.106647307160119
7041,1.80323420174425,1.80323420174425,0.107924183557717
7042,0.541570931918881,0.541570931918881,0.165380296394008
7043,21.6872562963239,21.6872562963239,0.178937022293006
7044,3.51204112029363,3.51204112029363,0.10412055091915
7045,0.891505856282918,0.891505856282918,0.10106355664787
7046,7.23917814470905,7.23917814470905,0.122920155756206
7047,1.1431137840127,1.1431137840127,0.115514666733837
7048,3.26804863560609,3.26804863560609,0.127810943525041
7049,4.25635767374784,4.25635767374784,0.135330126795175
7050,10.2500695213888,10.2500695213888,0.132931484607629
7051,3.41664791127389,3.41664791127389,0.135541899028991
7052,3.58931202528304,3.58931202528304,0.096801685899014
7053,11.9806975537519,11.9806975537519,0.129331994980691
7054,3.25944054756452,3.25944054756452,0.100809278671745
7055,0.612495348860613,0.612495348860613,0.124526136511585
7056,3.44087028850452,3.44087028850452,0.143646539035188
7057,0.467326935336571,0.467326935336571,0.109055746802099
7058,0.29480742529329,0.29480742529329,0.142502061580603
7059,2.22933491476829,2.22933491476829,0.209606573363368
7060,0.477411314060858,0.477411314060858,0.125929051724857
7061,2.05392211502709,2.05392211502709,0.103230018454437
7062,6.49934519850156,6.49934519850156,0.146324486669781
7063,1.71404218732815,1.71404218732815,0.105545015598343
7064,0.563122569536888,0.563122569536888,0.164812660881563
7065,1.6043388694983,1.6043388694983,0.12383575811836
7066,5.47981868748871,5.47981868748871,0.110532241089402
7067,1.51076232761609,1.51076232761609,0.150200587962256
7068,0.401044373246033,0.401044373246033,0.182432007123115
7069,1.48772303073056,1.48772303073056,0.0876820073157941
7070,0.722902487416,0.722902487416,0.0835919699829284
7071,4.61486301080538,4.61486301080538,0.130543493075579
7072,1.66772498434172,1.66772498434172,0.175821190731934
7073,0.766311807038083,0.766311807038083,0.112996152930785
7074,3.19982365576407,3.19982365576407,0.112520859646429
7075,0.74151549435142,0.74151549435142,0.157751638757708
7076,2.63115182714487,2.63115182714487,0.118677919097902
7077,3.63330221534523,3.63330221534523,0.157541437687917
7078,1.70925729054493,1.70925729054493,0.108063311370997
7079,1.01187829240952,1.01187829240952,0.108609018761026
7080,4.43661832985992,4.43661832985992,0.146185869552485
7081,0.451436428779572,0.451436428779572,0.113176943600726
7082,29.3416027954725,29.3416027954725,0.157708439796325
7083,9.79287201371777,9.79287201371777,0.161710387151825
7084,3.59271915698654,3.59271915698654,0.107539350604671
7085,0.330754490279628,0.330754490279628,0.13582966566789
7086,2.20869736737306,2.20869736737306,0.121178533927025
7087,0.0718772244574695,0.0718772244574695,0.140636848186006
7088,4.10477067293721,4.10477067293721,0.156106637744452
7089,0.41449438751133,0.41449438751133,0.184623023716963
7090,4.56658025636664,4.56658025636664,0.128951157282264
7091,2.38949426239068,2.38949426239068,0.106942060263243
7092,1.13860185515952,1.13860185515952,0.139732131992523
7093,1.10333662014282,1.10333662014282,0.116229241566127
7094,2.07557018601176,2.07557018601176,0.0993290354296709
7095,0.768601457042589,0.768601457042589,0.0945916682129633
7096,4.33868698619657,4.33868698619657,0.14030230010312
7097,3.08710132782158,3.08710132782158,0.121132347720606
7098,3.89069787101611,3.89069787101611,0.111190965647286
7099,1.18103948927918,1.18103948927918,0.151219583990724
7100,1.03669979077618,1.03669979077618,0.145370789072379
7101,0.533016745280064,0.533016745280064,0.206916353276561
7102,7.93584128108749,7.93584128108749,0.150456867350712
7103,0.320959687111658,0.320959687111658,0.155433593371903
7104,4.73595519138038,4.73595519138038,0.138765895762291
7105,2.34167655318988,2.34167655318988,0.100530829313544
7106,4.35259402819338,4.35259402819338,0.131051795795796
7107,1.28174637035479,1.28174637035479,0.115628884401114
7108,1.26427487785076,1.26427487785076,0.143186487839598
7109,0.266362592638761,0.266362592638761,0.130619103886275
7110,1.77991072258898,1.77991072258898,0.105888522888017
7111,4.77936971153985,4.77936971153985,0.116083667586017
7112,1.14856989490414,1.14856989490414,0.147724102846328
7113,5.71039927564714,5.71039927564714,0.137011042442455
7114,1.89285974402973,1.89285974402973,0.120242124443416
7115,11.1829520331235,11.1829520331235,0.152643426381047
7116,2.26233226204514,2.26233226204514,0.176763244288791
7117,1.29591439331144,1.29591439331144,0.0975518204535505
7118,1.47164708456671,1.47164708456671,0.177685362878769
7119,1.14905118981395,1.14905118981395,0.10010621830921
7120,6.83848949314754,6.83848949314754,0.156372604135364
7121,4.90609392449951,4.90609392449951,0.141470264735253
7122,3.2909017496175,3.2909017496175,0.102478906889976
7123,1.80461827525109,1.80461827525109,0.102196454672183
7124,5.12169397814011,5.12169397814011,0.147742228140687
7125,0.90349133805474,0.90349133805474,0.106578822775304
7126,1.88415666852914,1.88415666852914,0.10505413369832
7127,5.91821685875738,5.91821685875738,0.128473615355346
7128,6.78324336952058,6.78324336952058,0.137303046342564
7129,6.31592605727351,6.31592605727351,0.138731514801337
7130,11.9343687459138,11.9343687459138,0.163525654795962
7131,1.84252448366303,1.84252448366303,0.103579221794167
7132,6.06200963812772,6.06200963812772,0.148820054801291
7133,0.899026336117672,0.899026336117672,0.0981337010663688
7134,4.5341457448841,4.5341457448841,0.10723143549246
7135,2.44656456109874,2.44656456109874,0.149782776951408
7136,3.84579217683668,3.84579217683668,0.146008532986789
7137,1.2158274552465,1.2158274552465,0.139910671053694
7138,1.32997305342486,1.32997305342486,0.0913894097614236
7139,4.07360971213498,4.07360971213498,0.126840869886235
7140,6.32845653401819,6.32845653401819,0.130816173525756
7141,11.4574553058221,11.4574553058221,0.152611627442124
7142,7.54440804136642,7.54440804136642,0.155808351422491
7143,1.03779862840262,1.03779862840262,0.135322282277105
7144,1.41630641878315,1.41630641878315,0.136528392707937
7145,3.82342777929749,3.82342777929749,0.118661500216243
7146,10.2232015026722,10.2232015026722,0.160470155516754
7147,0.974274592159184,0.974274592159184,0.152432572723008
7148,3.35529293417903,3.35529293417903,0.139235114503204
7149,5.15990177696748,5.15990177696748,0.138083299893706
7150,2.13885791199044,2.13885791199044,0.103604890966944
7151,1.53002972293499,1.53002972293499,0.107255855149441
7152,4.72491178956584,4.72491178956584,0.163677382595748
7153,2.80658264621676,2.80658264621676,0.10646782648054
7154,1.26096739741125,1.26096739741125,0.0973149086161884
7155,2.77562277904012,2.77562277904012,0.128083930383336
7156,2.75422146923811,2.75422146923811,0.132451557320704
7157,0.826091559274439,0.826091559274439,0.116516507975265
7158,1.60073637224649,1.60073637224649,0.112042783044897
7159,4.74122751166912,4.74122751166912,0.109605369066969
7160,3.56786824870873,3.56786824870873,0.103504206111266
7161,2.4060922739957,2.4060922739957,0.0952795073830378
7162,12.9178156197274,12.9178156197274,0.158110154118945
7163,1.83678981461262,1.83678981461262,0.112448613719041
7164,0.359725115790005,0.359725115790005,0.196105961334583
7165,1.25926916804947,1.25926916804947,0.156690101588325
7166,9.19863847022046,9.19863847022046,0.123266292844836
7167,0.68285468091973,0.68285468091973,0.123663197199661
7168,3.83243602046322,3.83243602046322,0.136496148805613
7169,1.79398719570988,1.79398719570988,0.122190446154112
7170,1.46296116525939,1.46296116525939,0.102762133441853
7171,0.990175377937311,0.990175377937311,0.16308598893931
7172,2.36729355931833,2.36729355931833,0.138059560482789
7173,0.719618494417087,0.719618494417087,0.203614844775553
7174,0.579294409029697,0.579294409029697,0.133011641482823
7175,1.61285232737238,1.61285232737238,0.099086631060314
7176,1.07177483388016,1.07177483388016,0.120502234120043
7177,3.74146603911191,3.74146603911191,0.171919916835544
7178,0.934948185919961,0.934948185919961,0.13139644730836
7179,7.51031813968641,7.51031813968641,0.140901458552427
7180,0.659321364413565,0.659321364413565,0.189729742998724
7181,3.177960265287,3.177960265287,0.129304003625575
7182,1.12597914514389,1.12597914514389,0.163495824096196
7183,4.52569762472006,4.52569762472006,0.120402850897873
7184,0.285074636300062,0.285074636300062,0.191024110425206
7185,8.2222877003493,8.2222877003493,0.146601289539562
7186,1.65840868873191,1.65840868873191,0.101826292962667
7187,2.99231321426105,2.99231321426105,0.125235749996914
7188,0.825652548891036,0.825652548891036,0.206013018014417
7189,2.46984577287138,2.46984577287138,0.108175069708694
7190,0.913804924254836,0.913804924254836,0.10951595890931
7191,0.564024467338655,0.564024467338655,0.104950203007358
7192,2.96812393302607,2.96812393302607,0.1038873706611
7193,0.339225858981991,0.339225858981991,0.162397043109473
7194,1.02610333928468,1.02610333928468,0.17204022264768
7195,0.324531864248954,0.324531864248954,0.146151232035796
7196,1.01592673015877,1.01592673015877,0.103810350900453
7197,3.95266827162817,3.95266827162817,0.115044114568708
7198,0.439228856189649,0.439228856189649,0.194073850478762
7199,0.877604318947922,0.877604318947922,0.157541004081575
7200,3.39300148033882,3.39300148033882,0.130805466505705
7201,12.8310709986347,12.8310709986347,0.1557218057516
7202,5.80562952017571,5.80562952017571,0.151238722023122
7203,0.918830814602766,0.918830814602766,0.161488343264846
7204,2.37579483050956,2.37579483050956,0.109184587316953
7205,5.96110235182256,5.96110235182256,0.106986237632559
7206,1.45384477483479,1.45384477483479,0.142925597826734
7207,7.02345962370262,7.02345962370262,0.104760374998409
7208,0.47537094583173,0.47537094583173,0.167859465114359
7209,1.64715359632729,1.64715359632729,0.120636808467465
7210,2.7879661887272,2.7879661887272,0.117939235718982
7211,0.897423523605855,0.897423523605855,0.160330369827969
7212,8.99696533816998,8.99696533816998,0.152864003306423
7213,1.93811948054829,1.93811948054829,0.0996196971836925
7214,3.48219604476901,3.48219604476901,0.126631166146603
7215,5.4802466708251,5.4802466708251,0.144132633024663
7216,5.04736206735917,5.04736206735917,0.121907706319228
7217,22.3314098892421,22.3314098892421,0.169617112610745
7218,0.538615909380298,0.538615909380298,0.158790362172265
7219,0.76352190993144,0.76352190993144,0.1497172800421
7220,2.79928705126576,2.79928705126576,0.113364808698773
7221,0.8398406749314,0.8398406749314,0.151816105830503
7222,1.64504986699632,1.64504986699632,0.125354059300114
7223,2.80832689909476,2.80832689909476,0.0988491895308365
7224,0.650676480643047,0.650676480643047,0.171844569464191
7225,0.523349534061527,0.523349534061527,0.195016712325535
7226,6.19345761884915,6.19345761884915,0.146295436247014
7227,1.15740265421664,1.15740265421664,0.142505133382654
7228,0.651082297331938,0.651082297331938,0.186766770956022
7229,0.780681846653361,0.780681846653361,0.134113828882243
7230,1.37234552237218,1.37234552237218,0.176731103821617
7231,1.47825155539788,1.47825155539788,0.15566659814906
7232,2.00984638496561,2.00984638496561,0.0978098912309649
7233,0.481674433078964,0.481674433078964,0.154699169234372
7234,0.479621373063803,0.479621373063803,0.0887924079092246
7235,0.534434551867509,0.534434551867509,0.111951098397295
7236,4.78646890181051,4.78646890181051,0.121426521672859
7237,0.298488401321212,0.298488401321212,0.169115878194088
7238,2.65786206063884,2.65786206063884,0.118947716390127
7239,18.9867975282514,18.9867975282514,0.173494487695633
7240,0.289887170203759,0.289887170203759,0.167240438859905
7241,4.52947010683655,4.52947010683655,0.129407242401489
7242,9.47305927000566,9.47305927000566,0.155409939542228
7243,0.419950160036709,0.419950160036709,0.132905038106806
7244,3.20590828167513,3.20590828167513,0.0926237910489168
7245,1.7456522720862,1.7456522720862,0.102608862211445
7246,1.81358263972425,1.81358263972425,0.148151423126993
7247,2.45558612971627,2.45558612971627,0.128103579941904
7248,2.02590350320152,2.02590350320152,0.0951439990083549
7249,3.68250412586026,3.68250412586026,0.126346719470989
7250,1.30933917639019,1.30933917639019,0.14160358662447
7251,0.951978675163851,0.951978675163851,0.10908508648115
7252,5.32144698192854,5.32144698192854,0.120060142365454
7253,1.13993610600158,1.13993610600158,0.106489990685614
7254,3.83412797552238,3.83412797552238,0.114350444693253
7255,1.44466947068169,1.44466947068169,0.11055878582964
7256,0.3219500342827,0.3219500342827,0.159719033572967
7257,2.18288150943888,2.18288150943888,0.114653352598
7258,5.10774883968661,5.10774883968661,0.162442344338475
7259,1.64699712216087,1.64699712216087,0.105412314017582
7260,5.32833788150035,5.32833788150035,0.163335479082972
7261,5.91655831236156,5.91655831236156,0.145109287734658
7262,5.06117953372378,5.06117953372378,0.150370310943533
7263,2.01316016505393,2.01316016505393,0.105779706705939
7264,1.57641158639837,1.57641158639837,0.178211271425093
7265,2.15002223034966,2.15002223034966,0.125922607705435
7266,3.3568321840959,3.3568321840959,0.128515785699005
7267,0.600471575546443,0.600471575546443,0.184938966669967
7268,0.846807630927825,0.846807630927825,0.160169245799319
7269,2.21412842349436,2.21412842349436,0.0933010072621652
7270,0.803350067223042,0.803350067223042,0.0975785847873899
7271,2.57955956948391,2.57955956948391,0.12623246990054
7272,3.04254920278652,3.04254920278652,0.141184825971867
7273,0.319153372660247,0.319153372660247,0.181127380382612
7274,5.53773953606149,5.53773953606149,0.131848375162519
7275,1.15302366135194,1.15302366135194,0.103144342370802
7276,1.6705056454985,1.6705056454985,0.111939941352336
7277,0.398443593281552,0.398443593281552,0.137025607774832
7278,0.788951589695019,0.788951589695019,0.0955166527435265
7279,3.02795369118625,3.02795369118625,0.129637796967514
7280,2.91825229941605,2.91825229941605,0.128941211253335
7281,18.0330779685365,18.0330779685365,0.156376225384389
7282,4.11332249844441,4.11332249844441,0.152073024985369
7283,1.57128926454148,1.57128926454148,0.105186169363174
7284,2.39257529872733,2.39257529872733,0.118405248432399
7285,7.06802408222514,7.06802408222514,0.129746583346027
7286,0.745321593768909,0.745321593768909,0.132932058256016
7287,0.619105341832954,0.619105341832954,0.155951169156581
7288,0.409701651920336,0.409701651920336,0.123799191517468
7289,3.99008227322379,3.99008227322379,0.131298459103352
7290,5.09819835154354,5.09819835154354,0.139248954813062
7291,2.07975771155883,2.07975771155883,0.141841686646302
7292,1.76601887386952,1.76601887386952,0.109406897249165
7293,3.80618401965855,3.80618401965855,0.117176385917441
7294,3.78935196721325,3.78935196721325,0.125630656757188
7295,2.54329217249752,2.54329217249752,0.105313053099304
7296,7.29621614775103,7.29621614775103,0.145420745502417
7297,1.83463406559469,1.83463406559469,0.103513329827714
7298,0.296594491395903,0.296594491395903,0.116476844074988
7299,8.52771660435285,8.52771660435285,0.143691001013757
7300,5.08321990825321,5.08321990825321,0.12656190625589
7301,0.325616416835621,0.325616416835621,0.139820014357747
7302,0.548719775496683,0.548719775496683,0.147277758368456
7303,0.378354652043716,0.378354652043716,0.0967122123471166
7304,0.372008016552648,0.372008016552648,0.160367571393476
7305,8.99863973387297,8.99863973387297,0.118164437456908
7306,12.1695681445038,12.1695681445038,0.14956192530132
7307,1.15031084991653,1.15031084991653,0.0852350998576909
7308,1.11781845130272,1.11781845130272,0.177706439960946
7309,1.91712974769334,1.91712974769334,0.107479637052758
7310,0.529316609300797,0.529316609300797,0.15534205994824
7311,1.50067866495059,1.50067866495059,0.0945745681164122
7312,1.81321711159434,1.81321711159434,0.0967964552447755
7313,10.2483629278836,10.2483629278836,0.176858123195621
7314,10.5425768695028,10.5425768695028,0.157036467265191
7315,4.02006198760686,4.02006198760686,0.119601746599722
7316,3.05420463891273,3.05420463891273,0.103570526826822
7317,2.78696996167417,2.78696996167417,0.166320904078554
7318,3.46270659224302,3.46270659224302,0.110446167718206
7319,1.22353454401056,1.22353454401056,0.137016317405537
7320,0.918037095391126,0.918037095391126,0.150969179648341
7321,12.578523495776,12.578523495776,0.157176766309237
7322,7.74112223556396,7.74112223556396,0.141221656697876
7323,4.44116641030637,4.44116641030637,0.164662453353818
7324,0.80782793697695,0.80782793697695,0.13854831228016
7325,5.69807835565213,5.69807835565213,0.141425505815592
7326,5.91164278472462,5.91164278472462,0.148586700770692
7327,0.783690687515855,0.783690687515855,0.121659647345617
7328,1.27491910397647,1.27491910397647,0.0978738295240583
7329,0.467448881386458,0.467448881386458,0.148548471526867
7330,2.26311533717003,2.26311533717003,0.0888466376112817
7331,2.36577352398608,2.36577352398608,0.0962096467362681
7332,8.63863175182449,8.63863175182449,0.143792680288535
7333,6.25946732828964,6.25946732828964,0.160858597493982
7334,3.08903256938353,3.08903256938353,0.13493890616944
7335,10.8413931685478,10.8413931685478,0.153139207823376
7336,0.342823429143493,0.342823429143493,0.12026860387837
7337,0.538203810017176,0.538203810017176,0.158442528977411
7338,1.0864123441002,1.0864123441002,0.109445706006913
7339,2.98215429047207,2.98215429047207,0.138013078853303
7340,3.12874725570018,3.12874725570018,0.112433415802454
7341,3.78020090786473,3.78020090786473,0.121759173711056
7342,1.26645809840752,1.26645809840752,0.0938900950661582
7343,0.495563539527361,0.495563539527361,0.155171789004965
7344,1.77680605000311,1.77680605000311,0.102452722831348
7345,6.47287795910569,6.47287795910569,0.129662868465536
7346,1.92608741825487,1.92608741825487,0.115358570878591
7347,0.192947506920632,0.192947506920632,0.149559964602457
7348,6.27829162680042,6.27829162680042,0.131999895290699
7349,1.25743066634305,1.25743066634305,0.106159411939188
7350,0.877918306770199,0.877918306770199,0.189748560682152
7351,1.25930534325783,1.25930534325783,0.0951965827464433
7352,1.03268080130875,1.03268080130875,0.104359923931342
7353,2.98290033063445,2.98290033063445,0.118906852947881
7354,3.35462592336069,3.35462592336069,0.130705342415563
7355,2.80415709486987,2.80415709486987,0.108483992478402
7356,3.62305962768613,3.62305962768613,0.113681256839459
7357,2.02665598978501,2.02665598978501,0.136722316007306
7358,2.63756672636215,2.63756672636215,0.133700892570479
7359,2.23224294111151,2.23224294111151,0.117445519750792
7360,5.58919938474368,5.58919938474368,0.131506574008626
7361,2.69831000631876,2.69831000631876,0.0954411050796345
7362,1.57254438068681,1.57254438068681,0.116151409111661
7363,0.663664120392208,0.663664120392208,0.216727757232438
7364,2.82318838195505,2.82318838195505,0.125239759284689
7365,0.921985478425942,0.921985478425942,0.208246212968224
7366,4.32401254962236,4.32401254962236,0.16133244434638
7367,0.861833269585535,0.861833269585535,0.146340279195662
7368,0.887567335604552,0.887567335604552,0.115405231421794
7369,2.71077701907113,2.71077701907113,0.113966141792063
7370,1.11931674765723,1.11931674765723,0.181541902916539
7371,3.03411112739937,3.03411112739937,0.113580982915984
7372,0.791828333237315,0.791828333237315,0.100307922821163
7373,3.73729394192992,3.73729394192992,0.124153389969615
7374,2.78223089113125,2.78223089113125,0.128649766630093
7375,0.237724776180351,0.237724776180351,0.230760878888318
7376,0.648278060246735,0.648278060246735,0.137781774436823
7377,2.80545171810659,2.80545171810659,0.138608741804414
7378,0.881805021122043,0.881805021122043,0.085768444729422
7379,4.99486456628092,4.99486456628092,0.140803920687506
7380,1.20277964995895,1.20277964995895,0.173876583029611
7381,3.45979675947487,3.45979675947487,0.109984315510192
7382,0.862852393367202,0.862852393367202,0.164271215876266
7383,1.35254939882476,1.35254939882476,0.106916272724388
7384,2.16869330583779,2.16869330583779,0.13720070827018
7385,3.30741244869421,3.30741244869421,0.100395702140065
7386,1.16935617055164,1.16935617055164,0.180414722267216
7387,9.34002392210437,9.34002392210437,0.157143168858677
7388,1.04067197330772,1.04067197330772,0.193391499422069
7389,0.778249182991434,0.778249182991434,0.155409599300752
7390,4.39611877451699,4.39611877451699,0.159002453344556
7391,3.85304870868324,3.85304870868324,0.13451528692324
7392,1.10426213025901,1.10426213025901,0.117907497209114
7393,4.54307051745272,4.54307051745272,0.155041988366049
7394,2.22150366228111,2.22150366228111,0.151107225823494
7395,0.829515539347216,0.829515539347216,0.160529894774769
7396,0.447672112952107,0.447672112952107,0.137055677049286
7397,4.6641192379698,4.6641192379698,0.116364342079579
7398,0.227562928170376,0.227562928170376,0.15762897268662
7399,4.42330039829435,4.42330039829435,0.118735333000411
7400,1.2543305314698,1.2543305314698,0.218328004543336
7401,9.98241568699952,9.98241568699952,0.138887193626084
7402,0.596821028271395,0.596821028271395,0.129120914466786
7403,2.87419178644369,2.87419178644369,0.129983755124078
7404,1.23851239611235,1.23851239611235,0.099856779925551
7405,1.97461871019358,1.97461871019358,0.117115928660499
7406,0.276479797366959,0.276479797366959,0.122526115155425
7407,6.55385383448398,6.55385383448398,0.106934716561533
7408,1.74380529539235,1.74380529539235,0.115511314004211
7409,0.875046419137767,0.875046419137767,0.117392927412078
7410,3.31305298442636,3.31305298442636,0.163229501737016
7411,2.19805225541929,2.19805225541929,0.125755325427115
7412,2.45238826161345,2.45238826161345,0.109810135122615
7413,0.555099863882224,0.555099863882224,0.140812819292052
7414,0.509406162049391,0.509406162049391,0.173989336454398
7415,0.626096482887317,0.626096482887317,0.143519247502427
7416,12.0745805345613,12.0745805345613,0.141214218542388
7417,0.212473850571342,0.212473850571342,0.167633906098518
7418,0.978014135310536,0.978014135310536,0.185293057027555
7419,2.8266657344722,2.8266657344722,0.108625233185455
7420,1.51109144587217,1.51109144587217,0.0823556388666495
7421,8.14608785688825,8.14608785688825,0.160293144611243
7422,0.343002341044181,0.343002341044181,0.149583101852138
7423,1.84241959415489,1.84241959415489,0.09412320894447
7424,2.00532731929377,2.00532731929377,0.152808379508613
7425,0.847920272497883,0.847920272497883,0.15282647205927
7426,0.831069106135081,0.831069106135081,0.0880771886104846
7427,1.35736839279054,1.35736839279054,0.0972884552381791
7428,0.499956390696661,0.499956390696661,0.16487251650502
7429,7.21638704622408,7.21638704622408,0.160756374621666
7430,4.11680225241648,4.11680225241648,0.156620285321403
7431,5.88323793134935,5.88323793134935,0.129889916136407
7432,0.278206186525729,0.278206186525729,0.129142903431455
7433,0.265960598881635,0.265960598881635,0.175619017976606
7434,0.29753856589423,0.29753856589423,0.129067667586885
7435,3.13550568396746,3.13550568396746,0.111688004904303
7436,7.54095415209454,7.54095415209454,0.109534130571415
7437,5.30866072071279,5.30866072071279,0.165459573179849
7438,4.41642460284373,4.41642460284373,0.140991904699168
7439,2.34096053447628,2.34096053447628,0.0966722933809699
7440,1.98920442362189,1.98920442362189,0.176363592012116
7441,2.75472653832504,2.75472653832504,0.155933263298832
7442,1.87687092398547,1.87687092398547,0.159327180412004
7443,2.17875146423249,2.17875146423249,0.119248363004826
7444,3.52109410550847,3.52109410550847,0.124243712343156
7445,1.22133609231958,1.22133609231958,0.0977775628281073
7446,1.40515389037704,1.40515389037704,0.150118511315068
7447,2.68403835455804,2.68403835455804,0.124879447622408
7448,2.63698653046831,2.63698653046831,0.157026998450879
7449,9.98078022334861,9.98078022334861,0.155155282816033
7450,0.32439263439224,0.32439263439224,0.177484778206666
7451,5.4247489940647,5.4247489940647,0.142827086274835
7452,1.39482823607378,1.39482823607378,0.13074143492037
7453,0.656903767122526,0.656903767122526,0.121200613846212
7454,10.4638776344226,10.4638776344226,0.148034377116695
7455,0.446203517887148,0.446203517887148,0.128166177675022
7456,14.5327189572331,14.5327189572331,0.167126060621556
7457,1.42467696009963,1.42467696009963,0.100998506201991
7458,1.80308348089359,1.80308348089359,0.111484808802833
7459,0.55818703481493,0.55818703481493,0.140555558251402
7460,2.12279884569564,2.12279884569564,0.132984430996674
7461,0.500471332750092,0.500471332750092,0.17519759650421
7462,2.93129657212333,2.93129657212333,0.148788198171567
7463,0.553950496973808,0.553950496973808,0.153845859020853
7464,0.906408840994261,0.906408840994261,0.206816280748863
7465,1.27542850655321,1.27542850655321,0.0956170574507863
7466,1.98297401680281,1.98297401680281,0.140959896599227
7467,8.71585257264008,8.71585257264008,0.142939365875966
7468,0.326984485523921,0.326984485523921,0.14108546597856
7469,1.76027700740531,1.76027700740531,0.107320963469054
7470,5.48849951210654,5.48849951210654,0.13129111290634
7471,0.933555747881803,0.933555747881803,0.0952016648401504
7472,1.34372097410938,1.34372097410938,0.211643690178253
7473,4.22770513510821,4.22770513510821,0.106498955604652
7474,3.47364109864016,3.47364109864016,0.145217427850798
7475,1.55352638720708,1.55352638720708,0.131663057640865
7476,2.00890237050602,2.00890237050602,0.123988277898471
7477,3.60326313063752,3.60326313063752,0.1424003010465
7478,0.414198827516891,0.414198827516891,0.160557079958109
7479,0.26597984195094,0.26597984195094,0.155703632751104
7480,0.725147011786452,0.725147011786452,0.170524412717355
7481,1.48741361128654,1.48741361128654,0.107950487102721
7482,6.12259052983934,6.12259052983934,0.172392530007849
7483,1.38593356236627,1.38593356236627,0.142634574726935
7484,8.7528536780607,8.7528536780607,0.113578493293441
7485,3.44686361916425,3.44686361916425,0.126551724021739
7486,0.423923701221502,0.423923701221502,0.114587082123554
7487,4.06884433921719,4.06884433921719,0.134700405514027
7488,1.79606545831063,1.79606545831063,0.105420783908299
7489,1.48743189965245,1.48743189965245,0.123624042681319
7490,1.07536432217837,1.07536432217837,0.180274479285515
7491,3.73029359374247,3.73029359374247,0.153161611330818
7492,0.634309297201401,0.634309297201401,0.166209771481693
7493,1.81887340450585,1.81887340450585,0.104277315619636
7494,1.10985747749737,1.10985747749737,0.105090277240272
7495,0.681221797586417,0.681221797586417,0.19101580926967
7496,1.28345913565266,1.28345913565266,0.0979214405820016
7497,3.2010048526532,3.2010048526532,0.132503751357436
7498,1.42367874617697,1.42367874617697,0.169167514367831
7499,2.69542860161797,2.69542860161797,0.138500352044375
7500,3.35377718913734,3.35377718913734,0.111972558222895
7501,0.256071973077585,0.256071973077585,0.212505924862807
7502,3.36349090689675,3.36349090689675,0.136067424354797
7503,2.31324493150366,2.31324493150366,0.120420627463328
7504,1.62509675290522,1.62509675290522,0.146267372488405
7505,4.0941530446764,4.0941530446764,0.138705972797297
7506,8.55154141578025,8.55154141578025,0.130367756980893
7507,1.71996688379862,1.71996688379862,0.115480454466443
7508,0.566128968213683,0.566128968213683,0.097317441835238
7509,2.32714935418514,2.32714935418514,0.136575222108029
7510,9.67210082696457,9.67210082696457,0.166089909393432
7511,1.62973417099189,1.62973417099189,0.127722854041805
7512,2.40248264676112,2.40248264676112,0.0923155116282807
7513,4.36991183276328,4.36991183276328,0.154030865258474
7514,1.79776188182787,1.79776188182787,0.130462107924441
7515,0.116766932137321,0.116766932137321,0.103477917626664
7516,0.914116113744172,0.914116113744172,0.130686281397964
7517,3.31523045153657,3.31523045153657,0.160184923294985
7518,16.7033484011916,16.7033484011916,0.147323584851499
7519,0.438013839554814,0.438013839554814,0.161672409947091
7520,8.45337332007239,8.45337332007239,0.153700716096262
7521,3.56683674890951,3.56683674890951,0.13950750695742
7522,6.75972306589775,6.75972306589775,0.139259664062168
7523,1.97969108023321,1.97969108023321,0.108088025312248
7524,0.694161391815526,0.694161391815526,0.0960275782690695
7525,4.88176512754169,4.88176512754169,0.140752490916567
7526,10.642922799081,10.642922799081,0.147819647975649
7527,1.96271859092566,1.96271859092566,0.0950796012889652
7528,8.10064716300052,8.10064716300052,0.161161114846097
7529,0.899351151728354,0.899351151728354,0.161664063402982
7530,2.91001968969287,2.91001968969287,0.109655091930476
7531,1.19373760054237,1.19373760054237,0.162167461206257
7532,3.23030219668251,3.23030219668251,0.118407669690889
7533,5.0181311823239,5.0181311823239,0.130409644424955
7534,0.172352030756138,0.172352030756138,0.186503410323051
7535,1.57287947277048,1.57287947277048,0.0906399821968345
7536,6.18816170573102,6.18816170573102,0.118584301792597
7537,0.951089936231491,0.951089936231491,0.108024888903027
7538,0.528247190681689,0.528247190681689,0.206334797744217
7539,1.18376852813063,1.18376852813063,0.0936894894276936
7540,1.92796876816235,1.92796876816235,0.0929185930524318
7541,1.73097090857095,1.73097090857095,0.197599875596035
7542,3.23754187289351,3.23754187289351,0.13384072949171
7543,1.29800077941415,1.29800077941415,0.0906368171236523
7544,2.66983715129051,2.66983715129051,0.128894272292206
7545,0.309687550952863,0.309687550952863,0.145612480347158
7546,0.611616763507777,0.611616763507777,0.172067156050255
7547,1.53185305958097,1.53185305958097,0.206265311855411
7548,0.682678025679022,0.682678025679022,0.082699746396099
7549,2.99208892958204,2.99208892958204,0.115144409164694
7550,1.37994259167402,1.37994259167402,0.189604616586958
7551,9.76409243506589,9.76409243506589,0.14576051439803
7552,0.186383403479379,0.186383403479379,0.13592081410476
7553,2.25324443383958,2.25324443383958,0.168868211851173
7554,6.16113300572929,6.16113300572929,0.16356209746139
7555,3.36325439937526,3.36325439937526,0.113868103369155
7556,3.65780798724368,3.65780798724368,0.138485736059745
7557,4.38738275202909,4.38738275202909,0.113016677109202
7558,2.27224445582764,2.27224445582764,0.110919471746405
7559,3.03923405042179,3.03923405042179,0.115613938096822
7560,0.601355618272245,0.601355618272245,0.155887227252105
7561,5.88502183901323,5.88502183901323,0.111556194006828
7562,2.32277486537994,2.32277486537994,0.102154086580656
7563,1.1795276960794,1.1795276960794,0.0888231218451616
7564,1.82906959442362,1.82906959442362,0.106617153924225
7565,0.770376998927755,0.770376998927755,0.135577565503309
7566,0.484530334721991,0.484530334721991,0.116536683409095
7567,1.14167071131892,1.14167071131892,0.18251595303593
7568,2.62763509894736,2.62763509894736,0.0914102419341302
7569,2.03620694196218,2.03620694196218,0.104956060641363
7570,2.13857408141211,2.13857408141211,0.125364219048473
7571,0.137396345736964,0.137396345736964,0.174963002497374
7572,3.17357196456543,3.17357196456543,0.13143082140582
7573,4.38613194004783,4.38613194004783,0.14202104820939
7574,1.63344389660465,1.63344389660465,0.12655307429637
7575,0.7089979763833,0.7089979763833,0.143177051445277
7576,0.604399172479981,0.604399172479981,0.186074650384407
7577,2.28415435215813,2.28415435215813,0.11763856347494
7578,4.6653472914263,4.6653472914263,0.170011942383877
7579,1.32126522146327,1.32126522146327,0.113117628497773
7580,7.53225426896631,7.53225426896631,0.16538501443198
7581,6.6635486947729,6.6635486947729,0.111196064034426
7582,0.28720568169296,0.28720568169296,0.106768942129477
7583,2.76338590065802,2.76338590065802,0.100828690905453
7584,0.567520454346881,0.567520454346881,0.0920077719914237
7585,5.12965392525899,5.12965392525899,0.128308432733963
7586,10.2891586624985,10.2891586624985,0.131401536753711
7587,2.49139119172596,2.49139119172596,0.128683168479299
7588,2.51627180927852,2.51627180927852,0.105391739333545
7589,1.96714017676212,1.96714017676212,0.112866318145047
7590,4.24814281730823,4.24814281730823,0.149586864952768
7591,2.80941561535256,2.80941561535256,0.115331252063916
7592,8.29474699982891,8.29474699982891,0.142882329211796
7593,0.646053269156359,0.646053269156359,0.0825108043010592
7594,0.310808877978541,0.310808877978541,0.0808329918500731
7595,18.0266616238454,18.0266616238454,0.167297583996136
7596,1.63323323140483,1.63323323140483,0.118170456229132
7597,0.656320145552119,0.656320145552119,0.179766516107909
7598,0.817359846390726,0.817359846390726,0.113080561850506
7599,2.67620739829774,2.67620739829774,0.119710461291771
7600,2.01543428866256,2.01543428866256,0.121633794912362
7601,1.7765115063573,1.7765115063573,0.117647841347766
7602,1.41896879172211,1.41896879172211,0.111527099265793
7603,4.20533823629044,4.20533823629044,0.121821453472555
7604,1.40529763088475,1.40529763088475,0.182959009898868
7605,9.65327327786997,9.65327327786997,0.156026930920503
7606,4.69571410735569,4.69571410735569,0.138490632110519
7607,8.14576912670628,8.14576912670628,0.14259454182854
7608,1.4472661027091,1.4472661027091,0.112119116815198
7609,0.160745836832823,0.160745836832823,0.0846275985545783
7610,3.7940290499057,3.7940290499057,0.111690437478553
7611,6.22559909071068,6.22559909071068,0.140205114637903
7612,7.97222209015275,7.97222209015275,0.135243404074637
7613,0.219620875956559,0.219620875956559,0.161344628736646
7614,2.98232322532158,2.98232322532158,0.107757436862839
7615,1.8908179207779,1.8908179207779,0.128013840795556
7616,1.85279844383272,1.85279844383272,0.107995443120075
7617,1.30902826787701,1.30902826787701,0.0901691941326899
7618,4.05712672572309,4.05712672572309,0.103887101385443
7619,0.195285182867151,0.195285182867151,0.176019391439571
7620,12.3741936944744,12.3741936944744,0.174222644163823
7621,0.362220275415426,0.362220275415426,0.126193213768379
7622,3.57042935672815,3.57042935672815,0.122312654319274
7623,5.04676083154491,5.04676083154491,0.108413460069377
7624,1.28536669591168,1.28536669591168,0.115577937344291
7625,14.6584058431813,14.6584058431813,0.169717594104699
7626,7.66612763175372,7.66612763175372,0.155261462531523
7627,2.46459339513508,2.46459339513508,0.11035579202085
7628,0.322179924517066,0.322179924517066,0.116919958606397
7629,4.62632502771684,4.62632502771684,0.151568406841989
7630,4.18790477092079,4.18790477092079,0.117805623706903
7631,6.08144602513584,6.08144602513584,0.132177293679008
7632,0.976542328863838,0.976542328863838,0.147986242627333
7633,0.962157016241524,0.962157016241524,0.149145835625497
7634,2.11724498920126,2.11724498920126,0.12724182976491
7635,3.97895867526846,3.97895867526846,0.125096242977835
7636,0.331871289710811,0.331871289710811,0.0951518305546044
7637,4.71531528172244,4.71531528172244,0.124663240606542
7638,0.817019316922883,0.817019316922883,0.10274634618778
7639,2.5763736521955,2.5763736521955,0.113692299763108
7640,1.1309214696314,1.1309214696314,0.131735347348876
7641,7.37272177501746,7.37272177501746,0.17111013897898
7642,2.42493299629117,2.42493299629117,0.106343651260544
7643,7.44367962566807,7.44367962566807,0.134329773890966
7644,11.6700537406641,11.6700537406641,0.17067910215508
7645,0.407731470853355,0.407731470853355,0.178066139966908
7646,5.27125441242566,5.27125441242566,0.15936054876847
7647,2.06069608670596,2.06069608670596,0.133420496816233
7648,3.40026304714912,3.40026304714912,0.114500931734757
7649,0.913583607537735,0.913583607537735,0.174235990780839
7650,4.11881553593161,4.11881553593161,0.144658140278552
7651,2.02637151254038,2.02637151254038,0.143308118901075
7652,5.92005649813151,5.92005649813151,0.147876325775153
7653,0.901879886139848,0.901879886139848,0.0832074596792624
7654,1.74692918521271,1.74692918521271,0.176740382169964
7655,2.76686084456491,2.76686084456491,0.139986663777612
7656,0.40661485727802,0.40661485727802,0.16748465435479
7657,1.21203741458955,1.21203741458955,0.099995045235624
7658,2.14599885563766,2.14599885563766,0.121909028685412
7659,1.48971037768353,1.48971037768353,0.0887235850238514
7660,4.34283017532608,4.34283017532608,0.168698407151865
7661,2.53077722261476,2.53077722261476,0.117036765057623
7662,2.49295569939536,2.49295569939536,0.119393122184845
7663,5.41750352001448,5.41750352001448,0.117983560521717
7664,0.766763913007929,0.766763913007929,0.153047412957111
7665,1.907405621775,1.907405621775,0.102157684426799
7666,4.41268614273945,4.41268614273945,0.129395358492044
7667,6.03566648062669,6.03566648062669,0.139798995650803
7668,0.715169202464481,0.715169202464481,0.110615720678725
7669,5.75882692770391,5.75882692770391,0.146726194855045
7670,1.951075075009,1.951075075009,0.101726341430702
7671,0.595329098799952,0.595329098799952,0.172413441450435
7672,4.50256098904595,4.50256098904595,0.133618419952235
7673,2.21434643787001,2.21434643787001,0.120247177724765
7674,5.95652268142307,5.95652268142307,0.0998969214240547
7675,6.21782837022127,6.21782837022127,0.131927915604293
7676,2.16880356969959,2.16880356969959,0.120511000810932
7677,0.889314364410858,0.889314364410858,0.172449624642066
7678,12.7907525733708,12.7907525733708,0.146941949452688
7679,0.419214259112837,0.419214259112837,0.0815668480488404
7680,1.13818955510032,1.13818955510032,0.0876292737645662
7681,2.30005413061853,2.30005413061853,0.13487096713027
7682,1.0269930641568,1.0269930641568,0.0879947278751232
7683,2.03973351624684,2.03973351624684,0.123735686490895
7684,0.2994158779144,0.2994158779144,0.166021434446647
7685,0.644203072515368,0.644203072515368,0.150356981819449
7686,2.10691047367334,2.10691047367334,0.10874523577544
7687,5.20140927596734,5.20140927596734,0.111232253305921
7688,2.20552504274198,2.20552504274198,0.114376072400733
7689,0.207486804123731,0.207486804123731,0.115326708813848
7690,0.550140406698647,0.550140406698647,0.096818172223685
7691,0.422405547966942,0.422405547966942,0.206931742702457
7692,0.805333600777816,0.805333600777816,0.114018982047386
7693,0.708148634874379,0.708148634874379,0.12335943208649
7694,2.25303120816476,2.25303120816476,0.119659045738241
7695,1.6983969223908,1.6983969223908,0.130686465409542
7696,1.02795282718203,1.02795282718203,0.101056665181014
7697,4.26668597813846,4.26668597813846,0.103333512049612
7698,0.831637928589591,0.831637928589591,0.0922378716423592
7699,4.13973688433463,4.13973688433463,0.140202155563292
7700,1.52634551099559,1.52634551099559,0.0970769782642158
7701,3.56444869707126,3.56444869707126,0.132158744374205
7702,7.93343465124784,7.93343465124784,0.13302676015148
7703,1.6373739660992,1.6373739660992,0.107613006442424
7704,1.10118752539528,1.10118752539528,0.192948309309057
7705,0.835382417937415,0.835382417937415,0.114768188182626
7706,14.9983130512274,14.9983130512274,0.144811293829523
7707,6.12064554917397,6.12064554917397,0.130482988482579
7708,2.76510511849521,2.76510511849521,0.134966789152108
7709,21.5685247694068,21.5685247694068,0.15291011925213
7710,1.35486061507026,1.35486061507026,0.10318732161101
7711,0.542072817967101,0.542072817967101,0.123115601408301
7712,11.5415522458104,11.5415522458104,0.147212118215622
7713,1.21058820715581,1.21058820715581,0.113775429903205
7714,1.66977058616541,1.66977058616541,0.105977993365872
7715,2.05991595613311,2.05991595613311,0.101581364728656
7716,1.34877904403605,1.34877904403605,0.0949450509163127
7717,0.20721712231282,0.20721712231282,0.133955626490963
7718,4.27058537454379,4.27058537454379,0.113349366839124
7719,4.49531254263524,4.49531254263524,0.160743209563715
7720,1.82894424488631,1.82894424488631,0.103436392896454
7721,2.2271034863807,2.2271034863807,0.129719646926053
7722,5.82768960321804,5.82768960321804,0.128342939109461
7723,3.12973402745466,3.12973402745466,0.146627613408712
7724,3.01201608182265,3.01201608182265,0.158223321613718
7725,2.78906576334322,2.78906576334322,0.10953526625209
7726,5.13096062107226,5.13096062107226,0.137711675932766
7727,2.32007611571217,2.32007611571217,0.115963711267539
7728,16.3511207331474,16.3511207331474,0.150048189648572
7729,2.26851604759218,2.26851604759218,0.118999964646303
7730,2.46833869841267,2.46833869841267,0.10605414229757
7731,2.19156113458525,2.19156113458525,0.109802490218926
7732,0.618459100534257,0.618459100534257,0.204086227394976
7733,12.5651276105475,12.5651276105475,0.159603498933791
7734,15.6323412159832,15.6323412159832,0.173159579710856
7735,1.83912301894094,1.83912301894094,0.13245555922021
7736,2.94621080300177,2.94621080300177,0.112892779632627
7737,0.299523729906856,0.299523729906856,0.175822832495989
7738,1.51986550422594,1.51986550422594,0.114687315783136
7739,1.94542860606101,1.94542860606101,0.0980449301352496
7740,0.802977575651294,0.802977575651294,0.099971201273835
7741,8.91138660646805,8.91138660646805,0.157022787191466
7742,1.92512180704245,1.92512180704245,0.150850888772075
7743,4.88061930940054,4.88061930940054,0.122098882666617
7744,2.38481869807279,2.38481869807279,0.102124244808951
7745,1.27879108875828,1.27879108875828,0.0971627070117521
7746,15.971614591375,15.971614591375,0.152637949154913
7747,0.481423347761064,0.481423347761064,0.143322622367786
7748,0.960109601249838,0.960109601249838,0.106669226563839
7749,3.95905496687555,3.95905496687555,0.149536733057681
7750,1.54451945240527,1.54451945240527,0.100167997176906
7751,1.35745130174962,1.35745130174962,0.160105504200918
7752,4.36858061313011,4.36858061313011,0.131614661703096
7753,0.855450198100225,0.855450198100225,0.202177980518139
7754,0.284543359090901,0.284543359090901,0.109348904364742
7755,2.64649889321442,2.64649889321442,0.113984598985502
7756,0.381842781161537,0.381842781161537,0.151205558255917
7757,0.633945533650659,0.633945533650659,0.159521402302606
7758,2.14384007230781,2.14384007230781,0.107966220992344
7759,6.37661865934025,6.37661865934025,0.118372658228558
7760,1.18387111305791,1.18387111305791,0.170665143021739
7761,5.95327187271182,5.95327187271182,0.143610721082798
7762,2.60393576652296,2.60393576652296,0.1640258900705
7763,0.349761081020189,0.349761081020189,0.168246492739151
7764,1.38790857618307,1.38790857618307,0.107398232340958
7765,6.95410651733125,6.95410651733125,0.125081790553254
7766,1.58075355997331,1.58075355997331,0.101290593896453
7767,1.69186740454103,1.69186740454103,0.0977840398137958
7768,0.278793447364002,0.278793447364002,0.162656286394483
7769,2.88933832172013,2.88933832172013,0.150039110661539
7770,1.07372511059729,1.07372511059729,0.128221846565603
7771,1.55903666957257,1.55903666957257,0.0975686703816938
7772,2.55651168735296,2.55651168735296,0.111202163470271
7773,0.911190330200274,0.911190330200274,0.157437186013869
7774,1.29055111076068,1.29055111076068,0.111979655705426
7775,1.31438002082876,1.31438002082876,0.0975567646100102
7776,0.843411719861866,0.843411719861866,0.160777942639939
7777,1.11287891971469,1.11287891971469,0.12137287026713
7778,0.632241061918329,0.632241061918329,0.145702588434171
7779,1.21786769445624,1.21786769445624,0.0925185975252644
7780,12.4470734770435,12.4470734770435,0.158769701776896
7781,0.448051839627218,0.448051839627218,0.140513651569616
7782,14.778584709801,14.778584709801,0.146662243479314
7783,0.615503330384002,0.615503330384002,0.161948312486191
7784,1.47874665878785,1.47874665878785,0.153858634499195
7785,4.74366068068928,4.74366068068928,0.141000611384897
7786,1.42448719011674,1.42448719011674,0.0978782438552465
7787,1.08154021626384,1.08154021626384,0.138657823121736
7788,2.29605315558415,2.29605315558415,0.106247500549895
7789,1.13801904846637,1.13801904846637,0.17232271353345
7790,3.45199676058704,3.45199676058704,0.119341268882334
7791,0.806027885106088,0.806027885106088,0.129446941733944
7792,5.81488510710505,5.81488510710505,0.117821823034475
7793,0.958513380181849,0.958513380181849,0.113662783906677
7794,4.76886937984246,4.76886937984246,0.104448614017369
7795,0.551841366447648,0.551841366447648,0.179856048977523
7796,1.58330792284731,1.58330792284731,0.10315931486
7797,1.24683899055659,1.24683899055659,0.0879895015166016
7798,0.162768553473498,0.162768553473498,0.169394541316404
7799,1.67602131221504,1.67602131221504,0.124200961815035
7800,2.40512047669632,2.40512047669632,0.105591890717715
7801,2.35685834698685,2.35685834698685,0.112628831712611
7802,0.181153612345418,0.181153612345418,0.19072259738274
7803,2.44538042913467,2.44538042913467,0.10519832461738
7804,1.46654794215956,1.46654794215956,0.116340893053704
7805,0.687994698139375,0.687994698139375,0.137769055658855
7806,0.965379430873305,0.965379430873305,0.174288362945575
7807,3.97885684000278,3.97885684000278,0.100077327218815
7808,3.90050821896091,3.90050821896091,0.120467523144892
7809,0.294572531409515,0.294572531409515,0.132175955257133
7810,0.619322951677635,0.619322951677635,0.0878137615200067
7811,1.30853513264338,1.30853513264338,0.184832799271436
7812,2.20552535909989,2.20552535909989,0.0945940337798647
7813,1.18461718001185,1.18461718001185,0.19271662151774
7814,1.27638333318898,1.27638333318898,0.114027524816198
7815,1.2382833418018,1.2382833418018,0.143837454572809
7816,1.26861190325193,1.26861190325193,0.0942044270802807
7817,4.68330305310442,4.68330305310442,0.149542195422862
7818,0.692018075357725,0.692018075357725,0.170546712450557
7819,0.77214270286317,0.77214270286317,0.0984679572697124
7820,4.68372140139608,4.68372140139608,0.141810558558173
7821,1.45351920491493,1.45351920491493,0.0963685796324346
7822,2.66752433299381,2.66752433299381,0.106542832417842
7823,8.18452192200622,8.18452192200622,0.171474162100071
7824,2.90330011478697,2.90330011478697,0.122728961262738
7825,2.70402390313294,2.70402390313294,0.140487694966285
7826,4.06199269425878,4.06199269425878,0.121007097720599
7827,2.52868125483888,2.52868125483888,0.13677360355149
7828,0.820846367864241,0.820846367864241,0.115731441373681
7829,8.56960179473148,8.56960179473148,0.134794290750732
7830,3.11686005842041,3.11686005842041,0.136603657507316
7831,0.530641879740439,0.530641879740439,0.106887180926347
7832,4.27381473310869,4.27381473310869,0.17873137986756
7833,4.78912270591216,4.78912270591216,0.160821596751529
7834,4.35044478973339,4.35044478973339,0.153466047166237
7835,0.752319939119167,0.752319939119167,0.0854559309332471
7836,4.33893381239498,4.33893381239498,0.149410159242653
7837,1.04244080920293,1.04244080920293,0.13444774300971
7838,7.62263054006805,7.62263054006805,0.148601103186244
7839,0.556544694920141,0.556544694920141,0.136707716464055
7840,2.7128296349337,2.7128296349337,0.138110306021826
7841,1.98665077720214,1.98665077720214,0.0997819040413569
7842,0.533538905237951,0.533538905237951,0.16406450672939
7843,13.5558247046314,13.5558247046314,0.171658390912378
7844,4.56575704884168,4.56575704884168,0.109196283518
7845,0.995807314174907,0.995807314174907,0.0975254230879944
7846,5.28589881386175,5.28589881386175,0.118143806220613
7847,1.6601677997959,1.6601677997959,0.11064939965558
7848,5.02998546236046,5.02998546236046,0.128836958868862
7849,6.45007127270042,6.45007127270042,0.158034245037268
7850,8.08911054595895,8.08911054595895,0.132376323217391
7851,1.88308662062136,1.88308662062136,0.127739964316213
7852,3.35226011701247,3.35226011701247,0.10955147343318
7853,10.3407760527829,10.3407760527829,0.123521342590387
7854,1.41384804837969,1.41384804837969,0.0989865227189057
7855,0.695808961048755,0.695808961048755,0.139031681994768
7856,2.99519044033596,2.99519044033596,0.13937605146175
7857,0.479261732333112,0.479261732333112,0.145841425573523
7858,0.312924404754599,0.312924404754599,0.144048398413594
7859,1.37853643688198,1.37853643688198,0.20270740079557
7860,0.654725030901589,0.654725030901589,0.1274662502428
7861,1.48395056524877,1.48395056524877,0.102887364706355
7862,6.16394383233519,6.16394383233519,0.145597661786697
7863,1.45505115382006,1.45505115382006,0.106431632326658
7864,0.653792611090488,0.653792611090488,0.150432723532151
7865,2.07177404045478,2.07177404045478,0.123777945298605
7866,4.3549606380098,4.3549606380098,0.108857577368134
7867,1.22462388142056,1.22462388142056,0.148774433890567
7868,0.620749941497793,0.620749941497793,0.100995269187329
7869,1.21508604327691,1.21508604327691,0.0873872266297216
7870,0.742344457625188,0.742344457625188,0.0871343523994597
7871,3.81342433462616,3.81342433462616,0.131120774147328
7872,2.22762562656865,2.22762562656865,0.123250055205769
7873,0.757436323730674,0.757436323730674,0.110353242313303
7874,2.28668588748531,2.28668588748531,0.106060335211486
7875,0.754280306441148,0.754280306441148,0.156160124364782
7876,2.95981251243356,2.95981251243356,0.100977810323011
7877,4.03639205394793,4.03639205394793,0.150717958970483
7878,1.62122340866326,1.62122340866326,0.121865721306481
7879,1.42575913188721,1.42575913188721,0.106888660155645
7880,3.77381729337284,3.77381729337284,0.146418218258592
7881,0.46413092035671,0.46413092035671,0.14688932246873
7882,22.2794999051432,22.2794999051432,0.148433725372884
7883,14.9930023647481,14.9930023647481,0.162760306319387
7884,4.00084589455813,4.00084589455813,0.108341597296709
7885,0.300264244243592,0.300264244243592,0.154188171825809
7886,1.83442128205527,1.83442128205527,0.11330854711325
7887,0.0510122548388667,0.0510122548388667,0.140611795934419
7888,5.54309959148259,5.54309959148259,0.157250152512058
7889,0.41449438751133,0.41449438751133,0.184623023716963
7890,3.2523298497325,3.2523298497325,0.125526241281814
7891,1.94687256166711,1.94687256166711,0.107149486724338
7892,1.07567764635483,1.07567764635483,0.127876340404509
7893,0.963453122117995,0.963453122117995,0.118357504830263
7894,2.1876870243249,2.1876870243249,0.0968245797710267
7895,0.844380096717347,0.844380096717347,0.099443599504651
7896,4.8323977495811,4.8323977495811,0.141405180436616
7897,3.10881119979646,3.10881119979646,0.125934625110662
7898,4.9338300680383,4.9338300680383,0.100527957220001
7899,1.09145661629085,1.09145661629085,0.202012137237968
7900,1.11187214759342,1.11187214759342,0.145672450003559
7901,0.675451789080893,0.675451789080893,0.208192916087847
7902,6.62161074317912,6.62161074317912,0.158722667601573
7903,0.292595277629921,0.292595277629921,0.155860909363076
7904,5.24095221533593,5.24095221533593,0.137582226652567
7905,2.27718837601919,2.27718837601919,0.0969290259876961
7906,7.15777627287994,7.15777627287994,0.130888394746134
7907,1.17065742227969,1.17065742227969,0.118823565468443
7908,2.10749203614117,2.10749203614117,0.142990451329144
7909,0.266362592638761,0.266362592638761,0.130619103886275
7910,1.54692074392564,1.54692074392564,0.104822148006977
7911,5.03004071189981,5.03004071189981,0.115941657620377
7912,1.14856989490414,1.14856989490414,0.147724102846328
7913,5.91863770547993,5.91863770547993,0.140024935420062
7914,1.55475254834471,1.55475254834471,0.116573927518592
7915,13.3650848895661,13.3650848895661,0.148871896327174
7916,1.96518967290656,1.96518967290656,0.18065695723844
7917,1.06704929937851,1.06704929937851,0.0934198504588245
7918,0.597741266022773,0.597741266022773,0.167649071895012
7919,1.2533941464965,1.2533941464965,0.109310631240655
7920,5.83889774799133,5.83889774799133,0.156373026315436
7921,4.76783454417403,4.76783454417403,0.144617142941513
7922,2.7279581660542,2.7279581660542,0.102444765128154
7923,1.59985358979108,1.59985358979108,0.102312334698457
7924,5.72808801396176,5.72808801396176,0.150666885475045
7925,1.33621976078846,1.33621976078846,0.105374616572512
7926,2.05359533978475,2.05359533978475,0.106445075218055
7927,7.06313824707347,7.06313824707347,0.130714086069882
7928,4.71977661398566,4.71977661398566,0.139227828538286
7929,5.64167812335538,5.64167812335538,0.140051438525209
7930,12.4751749117758,12.4751749117758,0.168987581921608
7931,2.21155633886913,2.21155633886913,0.127408403891513
7932,7.31625565187567,7.31625565187567,0.145384938646698
7933,0.712408973913905,0.712408973913905,0.0991221106303894
7934,3.71249750234934,3.71249750234934,0.108096696061944
7935,2.60032257312785,2.60032257312785,0.151551622236115
7936,2.78047904260144,2.78047904260144,0.139507529149908
7937,1.04205003263844,1.04205003263844,0.13869025324208
7938,1.06942192036244,1.06942192036244,0.121124601556498
7939,4.96689178403385,4.96689178403385,0.125540682808885
7940,7.14264113390342,7.14264113390342,0.127461660827465
7941,9.30719172566369,9.30719172566369,0.14784503067225
7942,6.39446424812803,6.39446424812803,0.152461044318552
7943,1.00225604890167,1.00225604890167,0.153876945362125
7944,1.07732520180583,1.07732520180583,0.111718477139187
7945,5.10837313912388,5.10837313912388,0.112289407008447
7946,5.19907935516947,5.19907935516947,0.152213092038296
7947,0.968877647820091,0.968877647820091,0.150798534587096
7948,4.56244221310254,4.56244221310254,0.139428634017603
7949,6.34751738117861,6.34751738117861,0.138945797866148
7950,3.17408071891561,3.17408071891561,0.108418224470593
7951,1.6492007257655,1.6492007257655,0.106840796162409
7952,4.82134266956813,4.82134266956813,0.159860565003878
7953,3.86962896047251,3.86962896047251,0.110872494307553
7954,1.3064963814735,1.3064963814735,0.0969906570600045
7955,5.4938236158183,5.4938236158183,0.131986748349387
7956,3.30778426404474,3.30778426404474,0.14138672097112
7957,0.754652385605086,0.754652385605086,0.101726329419536
7958,0.886013050737976,0.886013050737976,0.107447304908647
7959,5.33939559291406,5.33939559291406,0.112331901761241
7960,4.04091813875688,4.04091813875688,0.103817071570915
7961,2.66622709324799,2.66622709324799,0.0957458226629307
7962,10.893900475993,10.893900475993,0.14476220671934
7963,1.57063841764894,1.57063841764894,0.115196838808161
7964,0.333716570831969,0.333716570831969,0.200137166706275
7965,1.22870991551507,1.22870991551507,0.156325187633869
7966,5.36514998167873,5.36514998167873,0.128212069242437
7967,0.881396172619305,0.881396172619305,0.125889198769282
7968,5.2150759428914,5.2150759428914,0.142737263264987
7969,2.19692898047412,2.19692898047412,0.123113749871781
7970,1.88080042478306,1.88080042478306,0.0919671463092494
7971,0.595473867958612,0.595473867958612,0.131145658598568
7972,3.95484116162444,3.95484116162444,0.144270499233279
7973,0.790768116057565,0.790768116057565,0.164825289017687
7974,0.397365391790503,0.397365391790503,0.131075031115311
7975,1.35830085513302,1.35830085513302,0.0999947066060589
7976,0.819563119598297,0.819563119598297,0.118816578224171
7977,2.85130489943061,2.85130489943061,0.152329518698904
7978,0.915086995851221,0.915086995851221,0.126389080923421
7979,4.93993407791964,4.93993407791964,0.136386829421435
7980,0.71281111887979,0.71281111887979,0.190107019213789
7981,2.80459886370843,2.80459886370843,0.134083569050451
7982,1.54292800854278,1.54292800854278,0.161213636966783
7983,3.31540831424551,3.31540831424551,0.118526799962348
7984,0.267967142334068,0.267967142334068,0.191929087259269
7985,7.19305414251209,7.19305414251209,0.155639971981687
7986,1.55665307765508,1.55665307765508,0.105409562285526
7987,3.2528209073169,3.2528209073169,0.110120226954628
7988,0.767007852633018,0.767007852633018,0.160839198633631
7989,4.11562588311798,4.11562588311798,0.112313911949803
7990,1.46176291526235,1.46176291526235,0.111738682300163
7991,0.659604052584134,0.659604052584134,0.122866683212262
7992,3.19423809660299,3.19423809660299,0.104823586975483
7993,0.339225858981991,0.339225858981991,0.162397043109473
7994,1.21652233675216,1.21652233675216,0.173330389735258
7995,0.268668788582625,0.268668788582625,0.127057755844889
7996,1.64755269093438,1.64755269093438,0.111227263413055
7997,7.76990057133381,7.76990057133381,0.120772221872854
7998,0.412758566842654,0.412758566842654,0.186209166636805
7999,0.530395078760292,0.530395078760292,0.153683523095471
8000,4.02752497053308,4.02752497053308,0.132775329190815
