"scenario","subject","day","n_reps","mean","ci_lower","ci_upper"
"high_intensity","Battle injury",1,30,0,0,0
"high_intensity","Battle injury",2,30,0,0,0
"high_intensity","Battle injury",3,30,0,0,0
"high_intensity","Battle injury",4,30,0,0,0
"high_intensity","Battle injury",5,30,0,0,0
"high_intensity","Battle injury",6,30,0,0,0
"high_intensity","Battle injury",7,30,0,0,0
"high_intensity","Battle injury",8,30,31.9,29.8752072195481,33.9247927804519
"high_intensity","Battle injury",9,30,45.3333333333333,42.3779074267316,48.2887592399351
"high_intensity","Battle injury",10,30,54.9666666666667,52.3694622754237,57.5638710579096
"high_intensity","Battle injury",11,30,56.6333333333333,54.0884910250921,59.1781756415745
"high_intensity","Battle injury",12,30,57,54.4655386003303,59.5344613996697
"high_intensity","Battle injury",13,30,57.2,54.6933885736993,59.7066114263007
"high_intensity","Battle injury",14,30,57.2333333333333,54.7589943890959,59.7076722775708
"high_intensity","Battle injury",15,30,87.0333333333333,83.5726137530033,90.4940529136633
"high_intensity","Battle injury",16,30,92.4333333333333,88.752856078572,96.1138105880947
"high_intensity","Battle injury",17,30,94.5666666666667,90.5167447228254,98.616588610508
"high_intensity","Battle injury",18,30,93.6333333333333,89.4390121997214,97.8276544669452
"high_intensity","Battle injury",19,30,91.9,87.7265171068115,96.0734828931885
"high_intensity","Battle injury",20,30,89.2666666666667,85.1680659105636,93.3652674227697
"high_intensity","Battle injury",21,30,86.9666666666667,82.9527578169993,90.9805755163341
"high_intensity","Battle injury",22,30,111.8,107.255836757646,116.344163242354
"high_intensity","Battle injury",23,30,114.933333333333,110.297479477833,119.569187188834
"high_intensity","Battle injury",24,30,117.133333333333,112.551937775769,121.714728890898
"high_intensity","Battle injury",25,30,115.066666666667,110.584791665061,119.548541668272
"high_intensity","Battle injury",26,30,112.4,108.063518836426,116.736481163574
"high_intensity","Battle injury",27,30,108.666666666667,104.624290374361,112.709042958973
"high_intensity","Battle injury",28,30,104.966666666667,101.032609269693,108.900724063641
"high_intensity","Battle injury",29,30,129.9,125.715012597589,134.084987402411
"high_intensity","Battle injury",30,30,131.766666666667,127.961582465335,135.571750867999
"high_intensity","Battle injury",31,30,132,128.378365362311,135.621634637689
"high_intensity","Battle injury",32,30,128.933333333333,125.44983460707,132.416832059596
"high_intensity","Battle injury",33,30,125.933333333333,122.21742845141,129.649238215256
"high_intensity","Battle injury",34,30,121.533333333333,117.879010766001,125.187655900665
"high_intensity","Battle injury",35,30,116.9,113.326006897404,120.473993102596
"high_intensity","Battle injury",36,30,142.266666666667,137.658900537256,146.874432796077
"high_intensity","Battle injury",37,30,142.133333333333,137.680733187146,146.585933479521
"high_intensity","Battle injury",38,30,140.5,136.072287260686,144.927712739314
"high_intensity","Battle injury",39,30,136.7,132.350731809153,141.049268190847
"high_intensity","Battle injury",40,30,131.5,127.196741817215,135.803258182785
"high_intensity","Battle injury",41,30,126.466666666667,122.330930060997,130.602403272336
"high_intensity","Battle injury",42,30,121.033333333333,117.043453127583,125.023213539084
"high_intensity","Battle injury",43,30,145.866666666667,140.822720015481,150.910613317853
"high_intensity","Battle injury",44,30,145.6,140.523873522005,150.676126477995
"high_intensity","Battle injury",45,30,143.066666666667,138.460987923677,147.672345409656
"high_intensity","Battle injury",46,30,139.133333333333,134.505991797558,143.760674869109
"high_intensity","Battle injury",47,30,134.666666666667,130.478253205571,138.855080127762
"high_intensity","Battle injury",48,30,129.133333333333,125.205085434352,133.061581232314
"high_intensity","Battle injury",49,30,122.966666666667,118.944381703806,126.988951629528
"high_intensity","Battle injury",50,30,147.166666666667,142.964786678264,151.368546655069
"high_intensity","Battle injury",51,30,147.2,143.256279124049,151.143720875951
"high_intensity","Battle injury",52,30,144.9,141.338134953614,148.461865046386
"high_intensity","Battle injury",53,30,140.833333333333,137.815525739817,143.85114092685
"high_intensity","Battle injury",54,30,136.2,133.458841466728,138.941158533272
"high_intensity","Battle injury",55,30,130.8,127.964011522093,133.635988477907
"high_intensity","Battle injury",56,30,125.066666666667,122.347462644358,127.785870688976
"high_intensity","Battle injury",57,30,147.666666666667,143.738908380837,151.594424952497
"high_intensity","Battle injury",58,30,147.333333333333,143.728553914652,150.938112752015
"high_intensity","Battle injury",59,30,144.5,141.059810450705,147.940189549295
"high_intensity","Battle injury",60,30,140.4,137.203443715945,143.596556284055
"high_intensity","Battle injury",61,30,135,132.129299658631,137.870700341369
"high_intensity","Battle injury",62,30,129.4,126.473565585695,132.326434414305
"high_intensity","Battle injury",63,30,122.933333333333,120.113439880237,125.75322678643
"high_intensity","Battle injury",64,30,143.266666666667,139.15635180567,147.376981527663
"high_intensity","Battle injury",65,30,143.9,140.182262546638,147.617737453362
"high_intensity","Battle injury",66,30,141.1,137.567956626576,144.632043373424
"high_intensity","Battle injury",67,30,137.466666666667,134.134411106405,140.798922226928
"high_intensity","Battle injury",68,30,132.733333333333,129.210035494403,136.256631172264
"high_intensity","Battle injury",69,30,127.266666666667,123.859925873243,130.673407460091
"high_intensity","Battle injury",70,30,121.2,117.718618258877,124.681381741123
"high_intensity","Battle injury",71,30,142.4,138.51994522762,146.28005477238
"high_intensity","Battle injury",72,30,144.033333333333,140.366205094201,147.700461572466
"high_intensity","Battle injury",73,30,141.4,137.820294042898,144.979705957102
"high_intensity","Battle injury",74,30,138.2,134.688366328282,141.711633671718
"high_intensity","Battle injury",75,30,133.766666666667,130.245075030845,137.288258302488
"high_intensity","Battle injury",76,30,128.333333333333,125.134170969908,131.532495696759
"high_intensity","Battle injury",77,30,123.333333333333,120.010324959015,126.656341707652
"high_intensity","Battle injury",78,30,145.066666666667,141.32754414006,148.805789193273
"high_intensity","Battle injury",79,30,145.333333333333,141.802674171781,148.863992494886
"high_intensity","Battle injury",80,30,143.566666666667,140.036892777499,147.096440555834
"high_intensity","Battle injury",81,30,139.733333333333,136.007091638223,143.459575028443
"high_intensity","Battle injury",82,30,134.8,131.46966881941,138.130331180591
"high_intensity","Battle injury",83,30,129.266666666667,125.855694537909,132.677638795424
"high_intensity","Battle injury",84,30,123.333333333333,119.981512208484,126.685154458183
"high_intensity","Battle injury",85,30,146.8,142.655360086361,150.944639913639
"high_intensity","Battle injury",86,30,146.566666666667,142.822725253403,150.31060807993
"high_intensity","Battle injury",87,30,143.333333333333,139.758017621339,146.908649045328
"high_intensity","Battle injury",88,30,138.733333333333,134.862790439319,142.603876227348
"high_intensity","Battle injury",89,30,133.066666666667,129.552934236217,136.580399097116
"high_intensity","Battle injury",90,30,128.133333333333,124.835888431253,131.430778235414
"high_intensity","Battle injury",91,30,122.133333333333,119.136870595395,125.129796071272
"high_intensity","Battle injury",92,30,144.733333333333,141.560429102822,147.906237563844
"high_intensity","Battle injury",93,30,146.9,143.758441195885,150.041558804115
"high_intensity","Battle injury",94,30,144.1,140.66876674183,147.53123325817
"high_intensity","Battle injury",95,30,139.1,135.665965391599,142.534034608401
"high_intensity","Battle injury",96,30,133.3,129.758712203337,136.841287796663
"high_intensity","Battle injury",97,30,127.766666666667,124.194916393439,131.338416939895
"high_intensity","Battle injury",98,30,122.033333333333,118.730425081621,125.336241585046
"high_intensity","Battle injury",99,30,142.733333333333,139.216865273971,146.249801392695
"high_intensity","Battle injury",100,30,141.8,138.292476227485,145.307523772516
"high_intensity","Battle injury",101,30,138.7,135.283089352734,142.116910647266
"high_intensity","Battle injury",102,30,133.966666666667,130.685666396729,137.247666936604
"high_intensity","Battle injury",103,30,129.1,125.544890640309,132.655109359691
"high_intensity","Battle injury",104,30,124.5,121.023662790891,127.976337209109
"high_intensity","Battle injury",105,30,118,114.491653862476,121.508346137524
"high_intensity","Battle injury",106,30,138.733333333333,134.256825377268,143.209841289399
"high_intensity","Battle injury",107,30,139.333333333333,135.384820028363,143.281846638303
"high_intensity","Battle injury",108,30,136.633333333333,132.964894219472,140.301772447194
"high_intensity","Battle injury",109,30,133.233333333333,129.55677722833,136.909889438337
"high_intensity","Battle injury",110,30,128.4,124.617834447358,132.182165552642
"high_intensity","Battle injury",111,30,123.1,119.294073509319,126.905926490681
"high_intensity","Battle injury",112,30,117.866666666667,114.36829329003,121.365040043304
"high_intensity","Battle injury",113,30,138.4,133.746892672572,143.053107327428
"high_intensity","Battle injury",114,30,140.633333333333,136.099674677379,145.166991989288
"high_intensity","Battle injury",115,30,137.666666666667,133.724246436627,141.609086896706
"high_intensity","Battle injury",116,30,134.633333333333,130.729949243062,138.536717423605
"high_intensity","Battle injury",117,30,130.466666666667,126.690692838243,134.242640495091
"high_intensity","Battle injury",118,30,125.666666666667,121.778277175323,129.55505615801
"high_intensity","Battle injury",119,30,120.233333333333,116.197682749736,124.268983916931
"high_intensity","Battle injury",120,30,141.766666666667,136.549399293453,146.98393403988
"high_intensity","Battle injury",121,30,144.6,140.576380460315,148.623619539685
"high_intensity","Battle injury",122,30,142.266666666667,138.496809705771,146.036523627562
"high_intensity","Battle injury",123,30,138.6,134.988202805258,142.211797194742
"high_intensity","Battle injury",124,30,134.533333333333,130.954791610215,138.111875056451
"high_intensity","Battle injury",125,30,129.3,125.83280304477,132.76719695523
"high_intensity","Battle injury",126,30,124.6,121.40946586953,127.79053413047
"high_intensity","Battle injury",127,30,145.7,142.155997844454,149.244002155546
"high_intensity","Battle injury",128,30,146.033333333333,142.745014185101,149.321652481566
"high_intensity","Battle injury",129,30,143.533333333333,140.165199225939,146.901467440727
"high_intensity","Battle injury",130,30,139.433333333333,136.184436019415,142.682230647252
"high_intensity","Battle injury",131,30,135.766666666667,132.560973376527,138.972359956807
"high_intensity","Battle injury",132,30,130.1,126.872384118002,133.327615881998
"high_intensity","Battle injury",133,30,124.433333333333,121.169670689158,127.696995977509
"high_intensity","Battle injury",134,30,146.8,143.555965291388,150.044034708612
"high_intensity","Battle injury",135,30,147.5,144.054224590239,150.945775409761
"high_intensity","Battle injury",136,30,144.6,140.826743555154,148.373256444846
"high_intensity","Battle injury",137,30,140.1,136.329611667694,143.870388332306
"high_intensity","Battle injury",138,30,135.133333333333,131.345917005323,138.920749661344
"high_intensity","Battle injury",139,30,129.4,125.967015630053,132.832984369947
"high_intensity","Battle injury",140,30,122.966666666667,119.621809837867,126.311523495466
"high_intensity","Battle injury",141,30,143.666666666667,139.91291390691,147.420419426423
"high_intensity","Battle injury",142,30,146.033333333333,142.415041311201,149.651625355466
"high_intensity","Battle injury",143,30,143.1,139.520629840762,146.679370159238
"high_intensity","Battle injury",144,30,139.4,135.521184584592,143.278815415408
"high_intensity","Battle injury",145,30,134.5,130.727826808033,138.272173191967
"high_intensity","Battle injury",146,30,129,125.133102621978,132.866897378022
"high_intensity","Battle injury",147,30,124.1,120.049286677084,128.150713322916
"high_intensity","Battle injury",148,30,146,141.973513613112,150.026486386888
"high_intensity","Battle injury",149,30,146.8,142.781402364167,150.818597635833
"high_intensity","Battle injury",150,30,143.566666666667,139.765375077003,147.36795825633
"high_intensity","Battle injury",151,30,138.533333333333,135.176638636684,141.890028029982
"high_intensity","Battle injury",152,30,133.333333333333,129.857572449633,136.809094217033
"high_intensity","Battle injury",153,30,128.9,125.027697716469,132.772302283531
"high_intensity","Battle injury",154,30,122.8,118.835607673927,126.764392326073
"high_intensity","Battle injury",155,30,143.166666666667,139.212373636761,147.120959696572
"high_intensity","Battle injury",156,30,143.8,139.817457261632,147.782542738368
"high_intensity","Battle injury",157,30,141.3,137.491800258624,145.108199741376
"high_intensity","Battle injury",158,30,138.233333333333,134.434572255044,142.032094411623
"high_intensity","Battle injury",159,30,132.566666666667,128.500158104122,136.633175229211
"high_intensity","Battle injury",160,30,127.4,123.476814383468,131.323185616532
"high_intensity","Battle injury",161,30,122.133333333333,118.313053409291,125.953613257375
"high_intensity","Battle injury",162,30,145.033333333333,141.113969164955,148.952697501711
"high_intensity","Battle injury",163,30,146.266666666667,142.442361510225,150.090971823109
"high_intensity","Battle injury",164,30,143.266666666667,139.282273210772,147.251060122562
"high_intensity","Battle injury",165,30,139.266666666667,134.953160203058,143.580173130275
"high_intensity","Battle injury",166,30,133.8,129.573798784513,138.026201215487
"high_intensity","Battle injury",167,30,128.566666666667,124.718860783509,132.414472549824
"high_intensity","Battle injury",168,30,123.5,120.029199465254,126.970800534746
"high_intensity","Battle injury",169,30,143.033333333333,139.452441142642,146.614225524024
"high_intensity","Battle injury",170,30,145.3,142.032705500575,148.567294499425
"high_intensity","Battle injury",171,30,142.433333333333,138.790937344856,146.075729321811
"high_intensity","Battle injury",172,30,139.166666666667,135.857069022755,142.476264310578
"high_intensity","Battle injury",173,30,134.733333333333,131.60161032678,137.865056339887
"high_intensity","Battle injury",174,30,129.433333333333,126.634404437125,132.232262229542
"high_intensity","Battle injury",175,30,123.566666666667,120.776339998204,126.356993335129
"high_intensity","Battle injury",176,30,144.866666666667,141.388969708267,148.344363625066
"high_intensity","Battle injury",177,30,145.4,142.572160931118,148.227839068882
"high_intensity","Battle injury",178,30,143.233333333333,140.328197951427,146.13846871524
"high_intensity","Battle injury",179,30,139.166666666667,136.05164575457,142.281687578763
"high_intensity","Battle injury",180,30,134,130.761008373405,137.238991626595
"high_intensity","Battle injury",181,30,129.1,125.607656072806,132.592343927194
"high_intensity","Battle injury",182,30,123.4,120.279555867486,126.520444132514
"high_intensity","Battle injury",183,30,145.633333333333,141.168063332798,150.098603333869
"high_intensity","Battle injury",184,30,146.333333333333,142.371448248177,150.29521841849
"high_intensity","Battle injury",185,30,144.6,141.116961378443,148.083038621557
"high_intensity","Battle injury",186,30,141,137.579081409986,144.420918590014
"high_intensity","Battle injury",187,30,135.833333333333,132.351007994211,139.315658672456
"high_intensity","Battle injury",188,30,129.966666666667,126.561972903744,133.371360429589
"high_intensity","Battle injury",189,30,124,120.645788984562,127.354211015438
"high_intensity","Battle injury",190,30,145.533333333333,141.251375074132,149.815291592534
"high_intensity","Battle injury",191,30,145.8,142.243470881644,149.356529118357
"high_intensity","Battle injury",192,30,144.033333333333,140.786212370918,147.280454295748
"high_intensity","Battle injury",193,30,139.6,136.125253681188,143.074746318812
"high_intensity","Battle injury",194,30,133.166666666667,129.870169665933,136.4631636674
"high_intensity","Battle injury",195,30,127.333333333333,124.092363092243,130.574303574424
"high_intensity","Battle injury",196,30,121.166666666667,117.923101325735,124.410232007598
"high_intensity","Battle injury",197,30,143.033333333333,139.378024121583,146.688642545083
"high_intensity","Battle injury",198,30,142.8,139.32691451757,146.27308548243
"high_intensity","Battle injury",199,30,140.466666666667,136.653945507327,144.279387826007
"high_intensity","Battle injury",200,30,137.266666666667,133.587169307594,140.946164025739
"high_intensity","Battle injury",201,30,131.966666666667,128.239715368917,135.693617964417
"high_intensity","Battle injury",202,30,126.7,123.075512192032,130.324487807968
"high_intensity","Battle injury",203,30,121.466666666667,117.670374461014,125.262958872319
"high_intensity","Battle injury",204,30,142.566666666667,138.591031479694,146.542301853639
"high_intensity","Battle injury",205,30,144.2,140.305350599475,148.094649400525
"high_intensity","Battle injury",206,30,141.4,137.45969423524,145.34030576476
"high_intensity","Battle injury",207,30,137,132.736872200459,141.263127799541
"high_intensity","Battle injury",208,30,133.166666666667,129.150841736566,137.182491596767
"high_intensity","Battle injury",209,30,128.166666666667,124.380075582951,131.953257750382
"high_intensity","Battle injury",210,30,123.033333333333,118.93878171882,127.127884947846
"high_intensity","Battle injury",211,30,143.133333333333,138.858117493825,147.408549172842
"high_intensity","Battle injury",212,30,145,140.94377110233,149.05622889767
"high_intensity","Battle injury",213,30,144.1,140.289023682584,147.910976317416
"high_intensity","Battle injury",214,30,140.3,136.60587488129,143.99412511871
"high_intensity","Battle injury",215,30,135.8,132.223250146066,139.376749853934
"high_intensity","Battle injury",216,30,131.466666666667,127.868027894576,135.065305438757
"high_intensity","Battle injury",217,30,126.133333333333,122.72687481581,129.539791850857
"high_intensity","Battle injury",218,30,148.1,144.429115172445,151.770884827555
"high_intensity","Battle injury",219,30,148.233333333333,144.944721768766,151.5219448979
"high_intensity","Battle injury",220,30,146.233333333333,143.017158347505,149.449508319162
"high_intensity","Battle injury",221,30,142.533333333333,138.873751736272,146.192914930395
"high_intensity","Battle injury",222,30,138.566666666667,134.552518256928,142.580815076406
"high_intensity","Battle injury",223,30,133.8,129.859938285023,137.740061714977
"high_intensity","Battle injury",224,30,128.666666666667,124.680584175651,132.652749157682
"high_intensity","Battle injury",225,30,148.033333333333,143.753902236639,152.312764430028
"high_intensity","Battle injury",226,30,148.633333333333,144.497887375639,152.768779291027
"high_intensity","Battle injury",227,30,145.166666666667,141.030523188144,149.302810145189
"high_intensity","Battle injury",228,30,141.466666666667,137.638842904109,145.294490429224
"high_intensity","Battle injury",229,30,136.866666666667,133.265356761686,140.467976571648
"high_intensity","Battle injury",230,30,130.9,127.402153498901,134.397846501099
"high_intensity","Battle injury",231,30,124.333333333333,120.679537085297,127.98712958137
"high_intensity","Battle injury",232,30,145.766666666667,141.643796263353,149.889537069981
"high_intensity","Battle injury",233,30,147.066666666667,142.822830501088,151.310502832246
"high_intensity","Battle injury",234,30,144.9,141.096600936958,148.703399063042
"high_intensity","Battle injury",235,30,140.766666666667,137.2532763396,144.280056993734
"high_intensity","Battle injury",236,30,136.9,133.491260421473,140.308739578527
"high_intensity","Battle injury",237,30,132.033333333333,128.833945543609,135.232721123058
"high_intensity","Battle injury",238,30,125.866666666667,122.718406528707,129.014926804626
"high_intensity","Battle injury",239,30,146.5,143.259895254077,149.740104745923
"high_intensity","Battle injury",240,30,147.866666666667,144.592634485319,151.140698848014
"high_intensity","Battle injury",241,30,145.7,142.14516113482,149.25483886518
"high_intensity","Battle injury",242,30,141.366666666667,137.986065026179,144.747268307154
"high_intensity","Battle injury",243,30,135.666666666667,132.155124273783,139.17820905955
"high_intensity","Battle injury",244,30,130.033333333333,126.320599856858,133.746066809809
"high_intensity","Battle injury",245,30,124.7,120.694884914538,128.705115085462
"high_intensity","Battle injury",246,30,145.4,141.346616913413,149.453383086587
"high_intensity","Battle injury",247,30,145.8,141.873384382274,149.726615617726
"high_intensity","Battle injury",248,30,143.1,139.123558649605,147.076441350395
"high_intensity","Battle injury",249,30,138.7,134.956743561101,142.443256438899
"high_intensity","Battle injury",250,30,132.866666666667,128.987685980784,136.74564735255
"high_intensity","Battle injury",251,30,127.2,123.104372136092,131.295627863908
"high_intensity","Battle injury",252,30,121.066666666667,116.968065910564,125.16526742277
"high_intensity","Battle injury",253,30,142.166666666667,138.771022816646,145.562310516687
"high_intensity","Battle injury",254,30,144.533333333333,140.851484662737,148.215182003929
"high_intensity","Battle injury",255,30,142,138.566455462901,145.433544537099
"high_intensity","Battle injury",256,30,137.7,134.162787647142,141.237212352858
"high_intensity","Battle injury",257,30,133.366666666667,130.033329131059,136.700004202274
"high_intensity","Battle injury",258,30,127.9,124.484215234604,131.315784765396
"high_intensity","Battle injury",259,30,122.1,118.82066094665,125.37933905335
"high_intensity","Battle injury",260,30,143.066666666667,139.042648831622,147.090684501711
"high_intensity","Battle injury",261,30,144.233333333333,140.465070936248,148.001595730419
"high_intensity","Battle injury",262,30,140.633333333333,137.102469909674,144.164196756993
"high_intensity","Battle injury",263,30,136.266666666667,132.785929480932,139.747403852401
"high_intensity","Battle injury",264,30,131.233333333333,127.426985767873,135.039680898794
"high_intensity","Battle injury",265,30,126.833333333333,123.110770836574,130.555895830092
"high_intensity","Battle injury",266,30,121.2,117.792600653747,124.607399346253
"high_intensity","Battle injury",267,30,141.766666666667,138.182821789577,145.350511543756
"high_intensity","Battle injury",268,30,143.3,139.957060296881,146.642939703119
"high_intensity","Battle injury",269,30,141.966666666667,138.710673637848,145.222659695485
"high_intensity","Battle injury",270,30,138.733333333333,135.555886357289,141.910780309378
"high_intensity","Battle injury",271,30,134.6,131.505860472357,137.694139527643
"high_intensity","Battle injury",272,30,130.1,126.827999911748,133.372000088252
"high_intensity","Battle injury",273,30,124.9,121.714367251918,128.085632748082
"high_intensity","Battle injury",274,30,146.366666666667,142.349165915824,150.384167417509
"high_intensity","Battle injury",275,30,148.266666666667,144.712120860436,151.821212472897
"high_intensity","Battle injury",276,30,146,142.113259528871,149.886740471129
"high_intensity","Battle injury",277,30,141.533333333333,137.867188557844,145.199478108823
"high_intensity","Battle injury",278,30,137.266666666667,133.69457987926,140.838753454074
"high_intensity","Battle injury",279,30,131.6,128.279500503634,134.920499496366
"high_intensity","Battle injury",280,30,125.633333333333,121.95181114398,129.314855522687
"high_intensity","Battle injury",281,30,146.1,141.644575221789,150.555424778211
"high_intensity","Battle injury",282,30,147.3,142.663921437425,151.936078562575
"high_intensity","Battle injury",283,30,144.766666666667,139.967989917324,149.565343416009
"high_intensity","Battle injury",284,30,140,135.373420491535,144.626579508465
"high_intensity","Battle injury",285,30,134.733333333333,130.108902031962,139.357764634705
"high_intensity","Battle injury",286,30,129.2,124.323091267259,134.076908732741
"high_intensity","Battle injury",287,30,124.066666666667,119.001602675077,129.131730658257
"high_intensity","Battle injury",288,30,144.233333333333,139.73566286125,148.731003805417
"high_intensity","Battle injury",289,30,144.966666666667,140.932445995824,149.00088733751
"high_intensity","Battle injury",290,30,142.366666666667,138.101866274717,146.631467058617
"high_intensity","Battle injury",291,30,138.666666666667,134.439403763047,142.893929570287
"high_intensity","Battle injury",292,30,134.066666666667,129.867247538294,138.266085795039
"high_intensity","Battle injury",293,30,128.733333333333,124.342495292391,133.124171374275
"high_intensity","Battle injury",294,30,123,118.377579215529,127.622420784471
"high_intensity","Battle injury",295,30,145.333333333333,140.948631627793,149.718035038874
"high_intensity","Battle injury",296,30,147.233333333333,142.756019910296,151.710646756371
"high_intensity","Battle injury",297,30,145.366666666667,140.954473142517,149.778860190816
"high_intensity","Battle injury",298,30,141.4,137.001867960806,145.798132039194
"high_intensity","Battle injury",299,30,136.833333333333,132.75808483021,140.908581836457
"high_intensity","Battle injury",300,30,131.766666666667,127.713184733712,135.820148599621
"high_intensity","Battle injury",301,30,125.2,121.341317625526,129.058682374474
"high_intensity","Battle injury",302,30,145.233333333333,141.132680193261,149.333986473405
"high_intensity","Battle injury",303,30,145.666666666667,141.310568321793,150.02276501154
"high_intensity","Battle injury",304,30,143.166666666667,139.086701666615,147.246631666719
"high_intensity","Battle injury",305,30,138.933333333333,134.745379069359,143.121287597308
"high_intensity","Battle injury",306,30,134.8,130.624156099667,138.975843900333
"high_intensity","Battle injury",307,30,129.266666666667,125.345524142011,133.187809191322
"high_intensity","Battle injury",308,30,123.133333333333,119.381630497873,126.885036168794
"high_intensity","Battle injury",309,30,144.033333333333,139.095597745743,148.971068920924
"high_intensity","Battle injury",310,30,144.7,140.429941792451,148.970058207549
"high_intensity","Battle injury",311,30,143.066666666667,138.864958319404,147.26837501393
"high_intensity","Battle injury",312,30,139.3,135.120990989832,143.479009010168
"high_intensity","Battle injury",313,30,134.1,129.94499057739,138.25500942261
"high_intensity","Battle injury",314,30,129,125.091056451241,132.908943548759
"high_intensity","Battle injury",315,30,124.566666666667,120.830438455383,128.30289487795
"high_intensity","Battle injury",316,30,146.166666666667,142.096140125447,150.237193207886
"high_intensity","Battle injury",317,30,147,143.389001610353,150.610998389647
"high_intensity","Battle injury",318,30,143.533333333333,139.82675623033,147.239910436336
"high_intensity","Battle injury",319,30,140.266666666667,136.728389717321,143.804943616012
"high_intensity","Battle injury",320,30,135.866666666667,131.897022363825,139.836310969509
"high_intensity","Battle injury",321,30,130.766666666667,126.938905707998,134.594427625335
"high_intensity","Battle injury",322,30,125.2,121.739396197262,128.660603802738
"high_intensity","Battle injury",323,30,145.066666666667,140.727599227877,149.405734105457
"high_intensity","Battle injury",324,30,145.3,141.08319497339,149.51680502661
"high_intensity","Battle injury",325,30,143.033333333333,138.851640654118,147.215026012549
"high_intensity","Battle injury",326,30,139.7,135.757803361692,143.642196638308
"high_intensity","Battle injury",327,30,134.733333333333,130.79018143718,138.676485229487
"high_intensity","Battle injury",328,30,129,124.972319695699,133.027680304301
"high_intensity","Battle injury",329,30,122.6,118.686630952378,126.513369047622
"high_intensity","Battle injury",330,30,143.566666666667,139.610428683161,147.522904650173
"high_intensity","Battle injury",331,30,143.766666666667,140.164088667361,147.369244665972
"high_intensity","Battle injury",332,30,140.933333333333,137.879337836155,143.987328830511
"high_intensity","Battle injury",333,30,136.033333333333,132.879351416258,139.187315250409
"high_intensity","Battle injury",334,30,130.6,127.199380430345,134.000619569655
"high_intensity","Battle injury",335,30,125.266666666667,121.809491636597,128.723841696736
"high_intensity","Battle injury",336,30,120.066666666667,116.619240507992,123.514092825342
"high_intensity","Battle injury",337,30,140.7,137.14922102521,144.25077897479
"high_intensity","Battle injury",338,30,142.1,138.524661875114,145.675338124886
"high_intensity","Battle injury",339,30,139.533333333333,136.021243303029,143.045423363637
"high_intensity","Battle injury",340,30,135.9,132.496907072269,139.303092927731
"high_intensity","Battle injury",341,30,130.666666666667,127.323463293578,134.009870039755
"high_intensity","Battle injury",342,30,125.3,121.864845491163,128.735154508837
"high_intensity","Battle injury",343,30,120.033333333333,116.615953678097,123.45071298857
"high_intensity","Battle injury",344,30,142.366666666667,138.109765174483,146.623568158851
"high_intensity","Battle injury",345,30,143.8,139.370495906069,148.229504093931
"high_intensity","Battle injury",346,30,141.866666666667,137.525605154074,146.20772817926
"high_intensity","Battle injury",347,30,138.133333333333,134.173390428163,142.093276238504
"high_intensity","Battle injury",348,30,134,130.12068879429,137.87931120571
"high_intensity","Battle injury",349,30,128.966666666667,125.465888995975,132.467444337359
"high_intensity","Battle injury",350,30,123.833333333333,120.422149775587,127.24451689108
"high_intensity","Battle injury",351,30,145.733333333333,141.996783420746,149.469883245921
"high_intensity","Battle injury",352,30,146.366666666667,142.341991730454,150.391341602879
"high_intensity","Battle injury",353,30,143.666666666667,139.76100449817,147.572328835164
"high_intensity","Battle injury",354,30,139.9,136.227805638717,143.572194361283
"high_intensity","Battle injury",355,30,134.866666666667,131.499960359973,138.23337297336
"high_intensity","Battle injury",356,30,129.866666666667,126.408379229737,133.324954103596
"high_intensity","Battle injury",357,30,125.366666666667,121.80597168767,128.927361645663
"high_intensity","Battle injury",358,30,147.7,143.932418155541,151.467581844459
"high_intensity","Battle injury",359,30,148.9,144.885053159922,152.914946840078
"high_intensity","Battle injury",360,30,147.166666666667,143.200233323604,151.133100009729
"high_intensity","Disease and non-battle injury",1,30,0,0,0
"high_intensity","Disease and non-battle injury",2,30,0,0,0
"high_intensity","Disease and non-battle injury",3,30,0,0,0
"high_intensity","Disease and non-battle injury",4,30,0,0,0
"high_intensity","Disease and non-battle injury",5,30,0,0,0
"high_intensity","Disease and non-battle injury",6,30,0,0,0
"high_intensity","Disease and non-battle injury",7,30,0,0,0
"high_intensity","Disease and non-battle injury",8,30,12.1666666666667,10.7119077507861,13.6214255825472
"high_intensity","Disease and non-battle injury",9,30,17.0333333333333,15.1484048528855,18.9182618137812
"high_intensity","Disease and non-battle injury",10,30,20.0666666666667,18.3264362110816,21.8068971222517
"high_intensity","Disease and non-battle injury",11,30,20.5,18.8569252091983,22.1430747908017
"high_intensity","Disease and non-battle injury",12,30,19.7333333333333,18.2049193420886,21.2617473245781
"high_intensity","Disease and non-battle injury",13,30,17.7333333333333,16.259366861186,19.2072998054806
"high_intensity","Disease and non-battle injury",14,30,15.6,14.1769287872718,17.0230712127282
"high_intensity","Disease and non-battle injury",15,30,19.8,18.4118183202748,21.1881816797252
"high_intensity","Disease and non-battle injury",16,30,19.9333333333333,18.4890227461412,21.3776439205254
"high_intensity","Disease and non-battle injury",17,30,19.0666666666667,17.5636293252298,20.5697040081035
"high_intensity","Disease and non-battle injury",18,30,16.8666666666667,15.2832481167756,18.4500852165577
"high_intensity","Disease and non-battle injury",19,30,14.9666666666667,13.4240059218834,16.5093274114499
"high_intensity","Disease and non-battle injury",20,30,12.5,11.039743109438,13.960256890562
"high_intensity","Disease and non-battle injury",21,30,10.5,9.07642208573792,11.9235779142621
"high_intensity","Disease and non-battle injury",22,30,12.9666666666667,11.3598877831381,14.5734455501952
"high_intensity","Disease and non-battle injury",23,30,14.3,12.7646287689437,15.8353712310563
"high_intensity","Disease and non-battle injury",24,30,15.3,13.8318621964892,16.7681378035108
"high_intensity","Disease and non-battle injury",25,30,15.0666666666667,13.7081259695296,16.4252073638037
"high_intensity","Disease and non-battle injury",26,30,13.9666666666667,12.5541647094648,15.3791686238685
"high_intensity","Disease and non-battle injury",27,30,12.7666666666667,11.4669079715412,14.0664253617921
"high_intensity","Disease and non-battle injury",28,30,10.6,9.34190810234697,11.858091897653
"high_intensity","Disease and non-battle injury",29,30,14.3,12.9196332538995,15.6803667461005
"high_intensity","Disease and non-battle injury",30,30,15.9,14.1641495774114,17.6358504225886
"high_intensity","Disease and non-battle injury",31,30,16.8,14.8329000107708,18.7670999892292
"high_intensity","Disease and non-battle injury",32,30,16.8333333333333,14.8596856121287,18.8069810545379
"high_intensity","Disease and non-battle injury",33,30,15.6,13.6894405681006,17.5105594318994
"high_intensity","Disease and non-battle injury",34,30,13.9333333333333,12.23222254902,15.6344441176467
"high_intensity","Disease and non-battle injury",35,30,12.1,10.6214196532994,13.5785803467006
"high_intensity","Disease and non-battle injury",36,30,14.9666666666667,12.7337894095096,17.1995439238237
"high_intensity","Disease and non-battle injury",37,30,16.3666666666667,13.730873264871,19.0024600684624
"high_intensity","Disease and non-battle injury",38,30,16.9,14.414674280198,19.385325719802
"high_intensity","Disease and non-battle injury",39,30,16.1333333333333,13.6031755719674,18.6634910946992
"high_intensity","Disease and non-battle injury",40,30,14.9333333333333,12.7102750793358,17.1563915873309
"high_intensity","Disease and non-battle injury",41,30,13.5666666666667,11.5245346412067,15.6087986921267
"high_intensity","Disease and non-battle injury",42,30,11.6666666666667,9.8078087171919,13.5255246161414
"high_intensity","Disease and non-battle injury",43,30,15.3,13.1157419355783,17.4842580644217
"high_intensity","Disease and non-battle injury",44,30,16.3333333333333,14.0245512303607,18.642115436306
"high_intensity","Disease and non-battle injury",45,30,17.1666666666667,15.0024582349466,19.3308750983867
"high_intensity","Disease and non-battle injury",46,30,17.3,15.2264043767272,19.3735956232728
"high_intensity","Disease and non-battle injury",47,30,16.8666666666667,14.8173662886151,18.9159670447182
"high_intensity","Disease and non-battle injury",48,30,15.3,13.5236290827849,17.0763709172151
"high_intensity","Disease and non-battle injury",49,30,13.8,12.1346900457884,15.4653099542116
"high_intensity","Disease and non-battle injury",50,30,16.2666666666667,14.5017456692039,18.0315876641294
"high_intensity","Disease and non-battle injury",51,30,16.9666666666667,15.2029719870671,18.7303613462663
"high_intensity","Disease and non-battle injury",52,30,18.1666666666667,16.1712144832869,20.1621188500465
"high_intensity","Disease and non-battle injury",53,30,17.7,15.7043871909914,19.6956128090086
"high_intensity","Disease and non-battle injury",54,30,16.5666666666667,14.5891250253372,18.5442083079961
"high_intensity","Disease and non-battle injury",55,30,14.6,12.8009033047544,16.3990966952456
"high_intensity","Disease and non-battle injury",56,30,13.1666666666667,11.4013370858903,14.931996247443
"high_intensity","Disease and non-battle injury",57,30,15.7,14.0470059886098,17.3529940113902
"high_intensity","Disease and non-battle injury",58,30,17.2333333333333,15.3504465686776,19.116220097989
"high_intensity","Disease and non-battle injury",59,30,17.6666666666667,15.6442894696336,19.6890438636997
"high_intensity","Disease and non-battle injury",60,30,17.2333333333333,15.0856276591394,19.3810390075273
"high_intensity","Disease and non-battle injury",61,30,16.4666666666667,14.292152334275,18.6411809990583
"high_intensity","Disease and non-battle injury",62,30,15.2333333333333,12.9092953664582,17.5573713002085
"high_intensity","Disease and non-battle injury",63,30,13.2,10.9140997926699,15.4859002073301
"high_intensity","Disease and non-battle injury",64,30,16.7333333333333,14.6211809932614,18.8454856734053
"high_intensity","Disease and non-battle injury",65,30,17.9333333333333,16.2897221556794,19.5769445109873
"high_intensity","Disease and non-battle injury",66,30,18.4333333333333,16.7104572562688,20.1562094103979
"high_intensity","Disease and non-battle injury",67,30,18.7333333333333,16.6929678753787,20.773698791288
"high_intensity","Disease and non-battle injury",68,30,17.6666666666667,15.5903290848036,19.7430042485297
"high_intensity","Disease and non-battle injury",69,30,15.9333333333333,13.7583768317571,18.1082898349096
"high_intensity","Disease and non-battle injury",70,30,13.9,11.633214860504,16.166785139496
"high_intensity","Disease and non-battle injury",71,30,15.9,13.8028871967805,17.9971128032195
"high_intensity","Disease and non-battle injury",72,30,16.9666666666667,14.9463112725099,18.9870220608234
"high_intensity","Disease and non-battle injury",73,30,17.1666666666667,15.038300631848,19.2950327014854
"high_intensity","Disease and non-battle injury",74,30,16.6666666666667,14.6066021810649,18.7267311522684
"high_intensity","Disease and non-battle injury",75,30,15.9,13.8728340438854,17.9271659561146
"high_intensity","Disease and non-battle injury",76,30,14.4333333333333,12.4364359844265,16.4302306822402
"high_intensity","Disease and non-battle injury",77,30,12.6,10.8773564957408,14.3226435042592
"high_intensity","Disease and non-battle injury",78,30,14.6666666666667,12.7668748269948,16.5664585063386
"high_intensity","Disease and non-battle injury",79,30,15.5333333333333,13.4934392184238,17.5732274482429
"high_intensity","Disease and non-battle injury",80,30,16.1333333333333,14.3908939953839,17.8757726712828
"high_intensity","Disease and non-battle injury",81,30,16.2333333333333,14.6622606220286,17.8044060446381
"high_intensity","Disease and non-battle injury",82,30,15.6666666666667,14.1913959915164,17.1419373418169
"high_intensity","Disease and non-battle injury",83,30,14.1,12.4580961160214,15.7419038839786
"high_intensity","Disease and non-battle injury",84,30,12.7333333333333,11.259366861186,14.2072998054806
"high_intensity","Disease and non-battle injury",85,30,15.1666666666667,13.5974312291716,16.7359021041618
"high_intensity","Disease and non-battle injury",86,30,16.4333333333333,14.7216563960926,18.1450102705741
"high_intensity","Disease and non-battle injury",87,30,16.2333333333333,14.5643223119248,17.9023443547419
"high_intensity","Disease and non-battle injury",88,30,16,14.3886891478755,17.6113108521245
"high_intensity","Disease and non-battle injury",89,30,14.3666666666667,12.7840074166466,15.9493259166867
"high_intensity","Disease and non-battle injury",90,30,12.9333333333333,11.6179471894734,14.2487194771933
"high_intensity","Disease and non-battle injury",91,30,10.8666666666667,9.86311459228589,11.8702187410474
"high_intensity","Disease and non-battle injury",92,30,13.8666666666667,12.6587472863232,15.0745860470102
"high_intensity","Disease and non-battle injury",93,30,14.9,13.4052492211246,16.3947507788754
"high_intensity","Disease and non-battle injury",94,30,15,13.3738380426681,16.6261619573319
"high_intensity","Disease and non-battle injury",95,30,14.9333333333333,13.2435659348233,16.6231007318434
"high_intensity","Disease and non-battle injury",96,30,14.2666666666667,12.4935918919139,16.0397414414195
"high_intensity","Disease and non-battle injury",97,30,12.8666666666667,11.1269888698969,14.6063444634365
"high_intensity","Disease and non-battle injury",98,30,11.4,9.77798264569403,13.022017354306
"high_intensity","Disease and non-battle injury",99,30,14.2333333333333,12.6289500958663,15.8377165708004
"high_intensity","Disease and non-battle injury",100,30,15.4333333333333,13.6474245440333,17.2192421226334
"high_intensity","Disease and non-battle injury",101,30,15.8333333333333,13.790259763108,17.8764069035587
"high_intensity","Disease and non-battle injury",102,30,15.8,14.0256602275402,17.5743397724598
"high_intensity","Disease and non-battle injury",103,30,15.0666666666667,13.3458848764543,16.787448456879
"high_intensity","Disease and non-battle injury",104,30,14,12.4006693203923,15.5993306796077
"high_intensity","Disease and non-battle injury",105,30,12.4,10.9076636158179,13.8923363841821
"high_intensity","Disease and non-battle injury",106,30,15.0666666666667,13.4615344057205,16.6717989276129
"high_intensity","Disease and non-battle injury",107,30,15.4,13.8169863647173,16.9830136352827
"high_intensity","Disease and non-battle injury",108,30,15.8,14.3310436995736,17.2689563004264
"high_intensity","Disease and non-battle injury",109,30,15.9666666666667,14.4586792446249,17.4746540887085
"high_intensity","Disease and non-battle injury",110,30,15.4,13.7140306899034,17.0859693100966
"high_intensity","Disease and non-battle injury",111,30,14.4,12.8353159710882,15.9646840289118
"high_intensity","Disease and non-battle injury",112,30,12.4666666666667,11.0330482234526,13.9002851098807
"high_intensity","Disease and non-battle injury",113,30,15.2,13.4640110915982,16.9359889084018
"high_intensity","Disease and non-battle injury",114,30,17,14.8854209438152,19.1145790561848
"high_intensity","Disease and non-battle injury",115,30,17.4333333333333,15.5326559179009,19.3340107487658
"high_intensity","Disease and non-battle injury",116,30,17.2333333333333,15.6289500958663,18.8377165708004
"high_intensity","Disease and non-battle injury",117,30,16.4,14.7312290584301,18.0687709415699
"high_intensity","Disease and non-battle injury",118,30,14.8333333333333,13.2919197711926,16.374746895474
"high_intensity","Disease and non-battle injury",119,30,13.6,12.2355735604741,14.9644264395259
"high_intensity","Disease and non-battle injury",120,30,16.2333333333333,14.9079334938232,17.5587331728435
"high_intensity","Disease and non-battle injury",121,30,17.3333333333333,15.7299993166,18.9366673500667
"high_intensity","Disease and non-battle injury",122,30,17.7,15.8994340544521,19.5005659455479
"high_intensity","Disease and non-battle injury",123,30,17.3,15.4390309107767,19.1609690892233
"high_intensity","Disease and non-battle injury",124,30,16.5,14.7085359923395,18.2914640076605
"high_intensity","Disease and non-battle injury",125,30,14.7,13.1336268274276,16.2663731725724
"high_intensity","Disease and non-battle injury",126,30,12.9333333333333,11.2955831437167,14.5710835229499
"high_intensity","Disease and non-battle injury",127,30,16.2,14.2574958767029,18.1425041232971
"high_intensity","Disease and non-battle injury",128,30,16.5666666666667,14.5745906133114,18.5587427200219
"high_intensity","Disease and non-battle injury",129,30,16.8666666666667,14.7755616437277,18.9577716896056
"high_intensity","Disease and non-battle injury",130,30,16.5333333333333,14.2174816039408,18.8491850627259
"high_intensity","Disease and non-battle injury",131,30,15.6333333333333,13.4199204127986,17.8467462538681
"high_intensity","Disease and non-battle injury",132,30,14.3666666666667,12.387180937726,16.3461523956074
"high_intensity","Disease and non-battle injury",133,30,13.1333333333333,11.2174127981369,15.0492538685298
"high_intensity","Disease and non-battle injury",134,30,15.6666666666667,13.8443799882632,17.4889533450702
"high_intensity","Disease and non-battle injury",135,30,17.0333333333333,15.3194107139104,18.7472559527563
"high_intensity","Disease and non-battle injury",136,30,17.7666666666667,16.0690925480544,19.4642407852789
"high_intensity","Disease and non-battle injury",137,30,17.7666666666667,16.0833135133198,19.4500198200135
"high_intensity","Disease and non-battle injury",138,30,17.1666666666667,15.5761284158504,18.757204917483
"high_intensity","Disease and non-battle injury",139,30,15.4333333333333,13.9215247221433,16.9451419445233
"high_intensity","Disease and non-battle injury",140,30,13.7,12.2091141294127,15.1908858705873
"high_intensity","Disease and non-battle injury",141,30,15.7,14.0067742797458,17.3932257202542
"high_intensity","Disease and non-battle injury",142,30,16,14.32432852889,17.67567147111
"high_intensity","Disease and non-battle injury",143,30,15.9333333333333,14.2693712627535,17.5972954039132
"high_intensity","Disease and non-battle injury",144,30,16.4,14.8261244839851,17.9738755160149
"high_intensity","Disease and non-battle injury",145,30,15.5666666666667,13.8465835387157,17.2867497946176
"high_intensity","Disease and non-battle injury",146,30,14.1666666666667,12.5791541730308,15.7541791603025
"high_intensity","Disease and non-battle injury",147,30,12.5666666666667,11.0078833511392,14.1254499821941
"high_intensity","Disease and non-battle injury",148,30,15.7,13.7237554795522,17.6762445204478
"high_intensity","Disease and non-battle injury",149,30,16.9666666666667,15.0664952439884,18.8668380893449
"high_intensity","Disease and non-battle injury",150,30,17.5666666666667,15.6659892512342,19.4673440820991
"high_intensity","Disease and non-battle injury",151,30,17.5333333333333,15.72588234283,19.3407843238366
"high_intensity","Disease and non-battle injury",152,30,16.7,15.035411990572,18.364588009428
"high_intensity","Disease and non-battle injury",153,30,15.2333333333333,13.7375107410555,16.7291559256111
"high_intensity","Disease and non-battle injury",154,30,13.2,11.8683873618179,14.5316126381821
"high_intensity","Disease and non-battle injury",155,30,16.7333333333333,15.0041896148686,18.4624770517981
"high_intensity","Disease and non-battle injury",156,30,17.8333333333333,16.1980804246956,19.4685862419711
"high_intensity","Disease and non-battle injury",157,30,17.4666666666667,15.7132246556856,19.2201086776477
"high_intensity","Disease and non-battle injury",158,30,17.6333333333333,15.7230675206773,19.5435991459894
"high_intensity","Disease and non-battle injury",159,30,17.1333333333333,15.2682780258453,18.9983886408214
"high_intensity","Disease and non-battle injury",160,30,15.5666666666667,13.6812281027311,17.4521052306023
"high_intensity","Disease and non-battle injury",161,30,13.9,11.9502078320721,15.8497921679279
"high_intensity","Disease and non-battle injury",162,30,16.1,14.0562989742506,18.1437010257494
"high_intensity","Disease and non-battle injury",163,30,17.1333333333333,15.1435514877572,19.1231151789095
"high_intensity","Disease and non-battle injury",164,30,17.3333333333333,15.2662789764241,19.4003876902425
"high_intensity","Disease and non-battle injury",165,30,16.6,14.6275300789829,18.5724699210171
"high_intensity","Disease and non-battle injury",166,30,15.4333333333333,13.4582244924509,17.4084421742158
"high_intensity","Disease and non-battle injury",167,30,13.9,11.9675462672825,15.8324537327175
"high_intensity","Disease and non-battle injury",168,30,11.9666666666667,10.414683998247,13.5186493350863
"high_intensity","Disease and non-battle injury",169,30,14.6,13.2042193590623,15.9957806409377
"high_intensity","Disease and non-battle injury",170,30,16.5,15.0136358907344,17.9863641092656
"high_intensity","Disease and non-battle injury",171,30,16.6333333333333,15.2942196070049,17.9724470596617
"high_intensity","Disease and non-battle injury",172,30,16.9333333333333,15.5712581387727,18.295408527894
"high_intensity","Disease and non-battle injury",173,30,16.7666666666667,15.248510779879,18.2848225534543
"high_intensity","Disease and non-battle injury",174,30,15.6333333333333,14.2174315751033,17.0492350915634
"high_intensity","Disease and non-battle injury",175,30,14.0333333333333,12.6942196070049,15.3724470596617
"high_intensity","Disease and non-battle injury",176,30,17.9,16.0359331656627,19.7640668343373
"high_intensity","Disease and non-battle injury",177,30,18.2666666666667,16.3277961738543,20.205537159479
"high_intensity","Disease and non-battle injury",178,30,18.6,16.5207313706467,20.6792686293533
"high_intensity","Disease and non-battle injury",179,30,17.9333333333333,15.7985388218474,20.0681278448193
"high_intensity","Disease and non-battle injury",180,30,16.7,14.549013448649,18.850986551351
"high_intensity","Disease and non-battle injury",181,30,14.9666666666667,12.8578176219566,17.0755157113767
"high_intensity","Disease and non-battle injury",182,30,12.5,10.6400646389994,14.3599353610006
"high_intensity","Disease and non-battle injury",183,30,15.9666666666667,13.8419181256873,18.091415207646
"high_intensity","Disease and non-battle injury",184,30,17.0333333333333,14.8838374689845,19.1828291976822
"high_intensity","Disease and non-battle injury",185,30,17.2333333333333,15.0655732562713,19.4010934103954
"high_intensity","Disease and non-battle injury",186,30,17.2666666666667,15.1751018412471,19.3582314920862
"high_intensity","Disease and non-battle injury",187,30,16.5,14.6194980388259,18.3805019611741
"high_intensity","Disease and non-battle injury",188,30,15.3333333333333,13.5618863115603,17.1047803551064
"high_intensity","Disease and non-battle injury",189,30,13.4333333333333,11.7992569363236,15.0674097303431
"high_intensity","Disease and non-battle injury",190,30,16.6666666666667,14.9088428695672,18.4244904637661
"high_intensity","Disease and non-battle injury",191,30,18.0666666666667,16.0239461248709,20.1093872084624
"high_intensity","Disease and non-battle injury",192,30,18,16.0289931549076,19.9710068450924
"high_intensity","Disease and non-battle injury",193,30,17.6333333333333,15.6345107224048,19.6321559442619
"high_intensity","Disease and non-battle injury",194,30,16.4666666666667,14.3870897463146,18.5462435870187
"high_intensity","Disease and non-battle injury",195,30,14.9333333333333,12.9024155204776,16.9642511461891
"high_intensity","Disease and non-battle injury",196,30,12.6333333333333,10.7612021074028,14.5054645592638
"high_intensity","Disease and non-battle injury",197,30,14.5666666666667,12.5866952140816,16.5466381192517
"high_intensity","Disease and non-battle injury",198,30,15.1666666666667,13.1592032260395,17.1741301072939
"high_intensity","Disease and non-battle injury",199,30,15.9666666666667,14.1492676680849,17.7840656652484
"high_intensity","Disease and non-battle injury",200,30,16.4,14.4275300789829,18.3724699210171
"high_intensity","Disease and non-battle injury",201,30,15.2666666666667,13.2476205767333,17.2857127566001
"high_intensity","Disease and non-battle injury",202,30,14.5,12.5247288792026,16.4752711207974
"high_intensity","Disease and non-battle injury",203,30,12.9,11.0935690032668,14.7064309967332
"high_intensity","Disease and non-battle injury",204,30,15.3333333333333,13.694409269341,16.9722573973257
"high_intensity","Disease and non-battle injury",205,30,16.4333333333333,14.9215247221433,17.9451419445233
"high_intensity","Disease and non-battle injury",206,30,16.4666666666667,14.9170092220422,18.0163241112911
"high_intensity","Disease and non-battle injury",207,30,16.3,14.6972158491945,17.9027841508055
"high_intensity","Disease and non-battle injury",208,30,15.9333333333333,14.0600467744906,17.8066198921761
"high_intensity","Disease and non-battle injury",209,30,14.9333333333333,13.0345540859904,16.8321125806762
"high_intensity","Disease and non-battle injury",210,30,13.7,11.6828201438101,15.7171798561899
"high_intensity","Disease and non-battle injury",211,30,15.6,13.4502431908074,17.7497568091926
"high_intensity","Disease and non-battle injury",212,30,16.7333333333333,14.609829729152,18.8568369375146
"high_intensity","Disease and non-battle injury",213,30,16.8333333333333,14.9545366565373,18.7121300101294
"high_intensity","Disease and non-battle injury",214,30,16.7666666666667,14.7410825187256,18.7922508146077
"high_intensity","Disease and non-battle injury",215,30,16.2333333333333,14.2220414397409,18.2446252269258
"high_intensity","Disease and non-battle injury",216,30,14.9666666666667,13.0363704319188,16.8969629014145
"high_intensity","Disease and non-battle injury",217,30,13.4666666666667,11.6486064029485,15.2847269303848
"high_intensity","Disease and non-battle injury",218,30,16.5666666666667,14.7513853352587,18.3819479980746
"high_intensity","Disease and non-battle injury",219,30,17.5,15.6608612156171,19.3391387843829
"high_intensity","Disease and non-battle injury",220,30,17.4666666666667,15.498752109516,19.4345812238173
"high_intensity","Disease and non-battle injury",221,30,16.9666666666667,14.9799075517613,18.953425781572
"high_intensity","Disease and non-battle injury",222,30,16.3,14.2148432053786,18.3851567946214
"high_intensity","Disease and non-battle injury",223,30,14.9,12.807477577251,16.992522422749
"high_intensity","Disease and non-battle injury",224,30,13.1333333333333,11.2325294407584,15.0341372259082
"high_intensity","Disease and non-battle injury",225,30,16.1666666666667,14.5974312291716,17.7359021041618
"high_intensity","Disease and non-battle injury",226,30,16.6333333333333,15.2552906342488,18.0113760324178
"high_intensity","Disease and non-battle injury",227,30,17.0666666666667,15.5732567362813,18.5600765970521
"high_intensity","Disease and non-battle injury",228,30,16.8666666666667,15.1689509399694,18.5643823933639
"high_intensity","Disease and non-battle injury",229,30,16.1333333333333,14.410317727654,17.8563489390126
"high_intensity","Disease and non-battle injury",230,30,14.9666666666667,12.9920447455486,16.9412885877848
"high_intensity","Disease and non-battle injury",231,30,12.9666666666667,11.0463595260138,14.8869738073195
"high_intensity","Disease and non-battle injury",232,30,15.3,13.2971723706073,17.3028276293927
"high_intensity","Disease and non-battle injury",233,30,16.5333333333333,14.2763616993837,18.7903049672829
"high_intensity","Disease and non-battle injury",234,30,16.3666666666667,13.973724209201,18.7596091241323
"high_intensity","Disease and non-battle injury",235,30,15.6666666666667,13.38511748446,17.9482158488734
"high_intensity","Disease and non-battle injury",236,30,14.7,12.6033457825728,16.7966542174272
"high_intensity","Disease and non-battle injury",237,30,13.2333333333333,11.2220414397409,15.2446252269258
"high_intensity","Disease and non-battle injury",238,30,11.6333333333333,9.76377207003006,13.5028945966366
"high_intensity","Disease and non-battle injury",239,30,15.1,12.867409865004,17.332590134996
"high_intensity","Disease and non-battle injury",240,30,16.3333333333333,14.1998905756399,18.4667760910268
"high_intensity","Disease and non-battle injury",241,30,17.4,15.1885067002708,19.6114932997292
"high_intensity","Disease and non-battle injury",242,30,17.7333333333333,15.3799993978323,20.0866672688344
"high_intensity","Disease and non-battle injury",243,30,17.3333333333333,14.9487438164933,19.7179228501733
"high_intensity","Disease and non-battle injury",244,30,15.7333333333333,13.5102750793358,17.9563915873309
"high_intensity","Disease and non-battle injury",245,30,13.8333333333333,12.059851853773,15.6068148128937
"high_intensity","Disease and non-battle injury",246,30,16.8666666666667,15.2207169374231,18.5126163959102
"high_intensity","Disease and non-battle injury",247,30,17.8,16.3050884001247,19.2949115998753
"high_intensity","Disease and non-battle injury",248,30,18.2333333333333,16.7601825743988,19.7064840922679
"high_intensity","Disease and non-battle injury",249,30,17.6,16.1735541768592,19.0264458231408
"high_intensity","Disease and non-battle injury",250,30,16.8333333333333,15.3686929225452,18.2979737441215
"high_intensity","Disease and non-battle injury",251,30,15.8666666666667,14.1860291002902,17.5473042330431
"high_intensity","Disease and non-battle injury",252,30,13.4666666666667,11.7632962699546,15.1700370633787
"high_intensity","Disease and non-battle injury",253,30,15.6666666666667,13.7467351280531,17.5865982052803
"high_intensity","Disease and non-battle injury",254,30,16.5,14.6504336974142,18.3495663025858
"high_intensity","Disease and non-battle injury",255,30,16.9666666666667,15.2781801678665,18.6551531654669
"high_intensity","Disease and non-battle injury",256,30,16.7333333333333,15.179957201319,18.2867094653477
"high_intensity","Disease and non-battle injury",257,30,16,14.4495154096296,17.5504845903704
"high_intensity","Disease and non-battle injury",258,30,14.2666666666667,12.6289164770501,15.9044168562833
"high_intensity","Disease and non-battle injury",259,30,12.5,10.8164564436265,14.1835435563735
"high_intensity","Disease and non-battle injury",260,30,14.2333333333333,12.8066066529524,15.6600600137142
"high_intensity","Disease and non-battle injury",261,30,16.1,14.369698098631,17.830301901369
"high_intensity","Disease and non-battle injury",262,30,16.1,14.4522499024597,17.7477500975403
"high_intensity","Disease and non-battle injury",263,30,16.2666666666667,14.649597214055,17.8837361192784
"high_intensity","Disease and non-battle injury",264,30,15.3666666666667,13.8115891081716,16.9217442251617
"high_intensity","Disease and non-battle injury",265,30,14.1333333333333,12.4131104502294,15.8535562164373
"high_intensity","Disease and non-battle injury",266,30,12.3,10.612462942626,13.987537057374
"high_intensity","Disease and non-battle injury",267,30,15.4,13.7054969624792,17.0945030375208
"high_intensity","Disease and non-battle injury",268,30,16.2,14.2724040335519,18.1275959664481
"high_intensity","Disease and non-battle injury",269,30,16.4666666666667,14.4914361145981,18.4418972187352
"high_intensity","Disease and non-battle injury",270,30,16.7333333333333,14.7600510610932,18.7066156055735
"high_intensity","Disease and non-battle injury",271,30,15.5666666666667,13.5842683810258,17.5490649523075
"high_intensity","Disease and non-battle injury",272,30,14.2,12.4067923441074,15.9932076558926
"high_intensity","Disease and non-battle injury",273,30,12.5333333333333,11.0698423256867,13.99682434098
"high_intensity","Disease and non-battle injury",274,30,16.1333333333333,14.3205699448043,17.9460967218624
"high_intensity","Disease and non-battle injury",275,30,17.1666666666667,15.3716277709257,18.9617055624076
"high_intensity","Disease and non-battle injury",276,30,17.2666666666667,15.2739873134298,19.2593460199035
"high_intensity","Disease and non-battle injury",277,30,16.2333333333333,14.4528170643879,18.0138496022788
"high_intensity","Disease and non-battle injury",278,30,14.7333333333333,13.1523458266619,16.3143208400047
"high_intensity","Disease and non-battle injury",279,30,13.5333333333333,11.9836758887089,15.0829907779578
"high_intensity","Disease and non-battle injury",280,30,12.2,10.7508152107467,13.6491847892533
"high_intensity","Disease and non-battle injury",281,30,14.5666666666667,13.0078833511392,16.1254499821941
"high_intensity","Disease and non-battle injury",282,30,15.1666666666667,13.6954754647376,16.6378578685957
"high_intensity","Disease and non-battle injury",283,30,15.9333333333333,14.5125163137084,17.3541503529583
"high_intensity","Disease and non-battle injury",284,30,15.2,13.72777426241,16.67222573759
"high_intensity","Disease and non-battle injury",285,30,14.6333333333333,13.1641043019303,16.1025623647364
"high_intensity","Disease and non-battle injury",286,30,13.7333333333333,12.1830554880256,15.2836111786411
"high_intensity","Disease and non-battle injury",287,30,12.2666666666667,10.8091011924204,13.724232140913
"high_intensity","Disease and non-battle injury",288,30,15.2333333333333,13.6776375356573,16.7890291310094
"high_intensity","Disease and non-battle injury",289,30,15.8666666666667,14.566723027101,17.1666103062323
"high_intensity","Disease and non-battle injury",290,30,16.1333333333333,14.5743958024298,17.6922708642369
"high_intensity","Disease and non-battle injury",291,30,16.1666666666667,14.5402583398223,17.793074993511
"high_intensity","Disease and non-battle injury",292,30,15.4333333333333,13.7499801799865,17.1166864866802
"high_intensity","Disease and non-battle injury",293,30,14.1333333333333,12.4019665879573,15.8647000787094
"high_intensity","Disease and non-battle injury",294,30,12.2,10.737604501907,13.662395498093
"high_intensity","Disease and non-battle injury",295,30,13.8333333333333,12.1980804246956,15.4685862419711
"high_intensity","Disease and non-battle injury",296,30,15.1666666666667,13.6535864702421,16.6797468630912
"high_intensity","Disease and non-battle injury",297,30,15.8333333333333,14.1892834238756,17.4773832427911
"high_intensity","Disease and non-battle injury",298,30,15.8,14.3050884001247,17.2949115998753
"high_intensity","Disease and non-battle injury",299,30,14.6666666666667,13.2276922205769,16.1056411127564
"high_intensity","Disease and non-battle injury",300,30,12.9666666666667,11.5921174057669,14.3412159275665
"high_intensity","Disease and non-battle injury",301,30,10.9333333333333,9.60702690680949,12.2596397598572
"high_intensity","Disease and non-battle injury",302,30,13.8333333333333,12.2856939085088,15.3809727581578
"high_intensity","Disease and non-battle injury",303,30,15,13.3532714915649,16.6467285084351
"high_intensity","Disease and non-battle injury",304,30,16.1333333333333,14.2174127981369,18.0492538685298
"high_intensity","Disease and non-battle injury",305,30,15.8333333333333,13.6207894687182,18.0458771979485
"high_intensity","Disease and non-battle injury",306,30,14.9333333333333,12.8463710914103,17.0202955752564
"high_intensity","Disease and non-battle injury",307,30,14.2666666666667,12.2381176402158,16.2952156931176
"high_intensity","Disease and non-battle injury",308,30,12.7,10.7433154761892,14.6566845238108
"high_intensity","Disease and non-battle injury",309,30,15.9,14.0282112318811,17.7717887681189
"high_intensity","Disease and non-battle injury",310,30,17.9,16.0333556383884,19.7666443616116
"high_intensity","Disease and non-battle injury",311,30,19.3,17.4416163094817,21.1583836905183
"high_intensity","Disease and non-battle injury",312,30,19.6,17.833263799962,21.366736200038
"high_intensity","Disease and non-battle injury",313,30,19,17.248569971335,20.751430028665
"high_intensity","Disease and non-battle injury",314,30,17.3,15.7552628551319,18.8447371448681
"high_intensity","Disease and non-battle injury",315,30,15.1666666666667,13.5580933899804,16.7752399433529
"high_intensity","Disease and non-battle injury",316,30,17.4333333333333,15.8319496932254,19.0347169734413
"high_intensity","Disease and non-battle injury",317,30,17.9,16.0882536144156,19.7117463855844
"high_intensity","Disease and non-battle injury",318,30,17.6,15.7430398130919,19.4569601869081
"high_intensity","Disease and non-battle injury",319,30,17.0666666666667,15.26134501245,18.8719883208833
"high_intensity","Disease and non-battle injury",320,30,16.1666666666667,14.3136375643208,18.0196957690125
"high_intensity","Disease and non-battle injury",321,30,14.5,12.6478359906529,16.3521640093471
"high_intensity","Disease and non-battle injury",322,30,12.8,11.0835078150266,14.5164921849734
"high_intensity","Disease and non-battle injury",323,30,16.0333333333333,14.5510722274019,17.5155944392648
"high_intensity","Disease and non-battle injury",324,30,16.3666666666667,14.7840074166466,17.9493259166867
"high_intensity","Disease and non-battle injury",325,30,15.9333333333333,14.5712581387727,17.295408527894
"high_intensity","Disease and non-battle injury",326,30,15.6,14.1303892302605,17.0696107697395
"high_intensity","Disease and non-battle injury",327,30,14.6666666666667,13.2310373807299,16.1022959526035
"high_intensity","Disease and non-battle injury",328,30,13.2333333333333,11.9043108563099,14.5623558103567
"high_intensity","Disease and non-battle injury",329,30,11.6666666666667,10.6089982496432,12.7243350836901
"high_intensity","Disease and non-battle injury",330,30,14.4,12.8569756834994,15.9430243165006
"high_intensity","Disease and non-battle injury",331,30,16.0666666666667,14.3375229482019,17.7958103851314
"high_intensity","Disease and non-battle injury",332,30,16.7666666666667,14.9861503977212,18.5471829356121
"high_intensity","Disease and non-battle injury",333,30,16.5666666666667,14.7620109452842,18.3713223880491
"high_intensity","Disease and non-battle injury",334,30,16.0333333333333,14.2833222266405,17.7833444400262
"high_intensity","Disease and non-battle injury",335,30,15.0666666666667,13.2088436200926,16.9244897132407
"high_intensity","Disease and non-battle injury",336,30,13.1666666666667,11.3582848799517,14.9750484533816
"high_intensity","Disease and non-battle injury",337,30,15.1333333333333,12.9346317414306,17.3320349252361
"high_intensity","Disease and non-battle injury",338,30,16.5333333333333,14.2071241248076,18.8595425418591
"high_intensity","Disease and non-battle injury",339,30,16.3666666666667,14.1251928468399,18.6081404864935
"high_intensity","Disease and non-battle injury",340,30,15.6333333333333,13.2343707170507,18.032295949616
"high_intensity","Disease and non-battle injury",341,30,15.0666666666667,12.9545143265947,17.1788190067386
"high_intensity","Disease and non-battle injury",342,30,13.5666666666667,11.8662626270213,15.267070706312
"high_intensity","Disease and non-battle injury",343,30,11.8,10.2451801137174,13.3548198862826
"high_intensity","Disease and non-battle injury",344,30,13.9666666666667,12.4302519590517,15.5030813742816
"high_intensity","Disease and non-battle injury",345,30,16.6,14.7929037246391,18.407096275361
"high_intensity","Disease and non-battle injury",346,30,16.6,15.0230725603975,18.1769274396025
"high_intensity","Disease and non-battle injury",347,30,16.5333333333333,15.0118557268794,18.0548109397873
"high_intensity","Disease and non-battle injury",348,30,15.6333333333333,14.0415863901122,17.2250802765544
"high_intensity","Disease and non-battle injury",349,30,14.4,12.5275691748636,16.2724308251364
"high_intensity","Disease and non-battle injury",350,30,12.6,10.7560311590317,14.4439688409683
"high_intensity","Disease and non-battle injury",351,30,15.5666666666667,13.7303185539611,17.4030147793722
"high_intensity","Disease and non-battle injury",352,30,16.9333333333333,14.9870376678503,18.8796289988164
"high_intensity","Disease and non-battle injury",353,30,17.4333333333333,15.3631412341,19.5035254325667
"high_intensity","Disease and non-battle injury",354,30,17.2,15.1798429307246,19.2201570692754
"high_intensity","Disease and non-battle injury",355,30,16.7666666666667,14.9303185539611,18.6030147793722
"high_intensity","Disease and non-battle injury",356,30,15.1666666666667,13.3188341974149,17.0144991359184
"high_intensity","Disease and non-battle injury",357,30,13.4333333333333,11.5891472199985,15.2775194466682
"high_intensity","Disease and non-battle injury",358,30,15.3666666666667,13.2464486725269,17.4868846608065
"high_intensity","Disease and non-battle injury",359,30,16.3,14.4781971009064,18.1218028990936
"high_intensity","Disease and non-battle injury",360,30,16.2,14.1822243497645,18.2177756502355
"high_intensity","Reconstruction cohort",1,30,0,0,0
"high_intensity","Reconstruction cohort",2,30,0,0,0
"high_intensity","Reconstruction cohort",3,30,0,0,0
"high_intensity","Reconstruction cohort",4,30,0,0,0
"high_intensity","Reconstruction cohort",5,30,0,0,0
"high_intensity","Reconstruction cohort",6,30,0,0,0
"high_intensity","Reconstruction cohort",7,30,0,0,0
"high_intensity","Reconstruction cohort",8,30,3.96666666666667,3.23623646439291,4.69709686894042
"high_intensity","Reconstruction cohort",9,30,5.86666666666667,4.86311459228589,6.87021874104744
"high_intensity","Reconstruction cohort",10,30,7.36666666666667,6.32664703107885,8.40668630225448
"high_intensity","Reconstruction cohort",11,30,7.36666666666667,6.32664703107885,8.40668630225448
"high_intensity","Reconstruction cohort",12,30,7.33333333333333,6.31740105624509,8.34926561042158
"high_intensity","Reconstruction cohort",13,30,7.3,6.28968349185574,8.31031650814426
"high_intensity","Reconstruction cohort",14,30,7.26666666666667,6.26695472910364,8.2663786042297
"high_intensity","Reconstruction cohort",15,30,13.4,12.1966001973984,14.6033998026016
"high_intensity","Reconstruction cohort",16,30,14.2333333333333,12.8970950446463,15.5695716220203
"high_intensity","Reconstruction cohort",17,30,14.5333333333333,13.2520162700162,15.8146503966505
"high_intensity","Reconstruction cohort",18,30,14.4333333333333,13.1597319056744,15.7069347609922
"high_intensity","Reconstruction cohort",19,30,14.4,13.1116975115217,15.6883024884783
"high_intensity","Reconstruction cohort",20,30,14.2666666666667,13.0188074879207,15.5145258454126
"high_intensity","Reconstruction cohort",21,30,14.0666666666667,12.8861242649029,15.2472090684304
"high_intensity","Reconstruction cohort",22,30,20.6333333333333,19.0628728078077,22.203793858859
"high_intensity","Reconstruction cohort",23,30,21.3,19.736699355244,22.863300644756
"high_intensity","Reconstruction cohort",24,30,21.5666666666667,19.9563009962722,23.1770323370612
"high_intensity","Reconstruction cohort",25,30,21.2,19.5579497070074,22.8420502929926
"high_intensity","Reconstruction cohort",26,30,20.7666666666667,19.1833999476184,22.349933385715
"high_intensity","Reconstruction cohort",27,30,20.3,18.6704414331444,21.9295585668556
"high_intensity","Reconstruction cohort",28,30,20.1,18.5086558522413,21.6913441477587
"high_intensity","Reconstruction cohort",29,30,25.0666666666667,23.3319707224661,26.8013626108673
"high_intensity","Reconstruction cohort",30,30,25.0666666666667,23.3940585828921,26.7392747504413
"high_intensity","Reconstruction cohort",31,30,24.5,22.7994074663912,26.2005925336088
"high_intensity","Reconstruction cohort",32,30,23.9333333333333,22.2014112770715,25.6652553895951
"high_intensity","Reconstruction cohort",33,30,23.3,21.5982769410653,25.0017230589347
"high_intensity","Reconstruction cohort",34,30,22.5,20.9379300585599,24.0620699414401
"high_intensity","Reconstruction cohort",35,30,21.6,20.0789437971288,23.1210562028712
"high_intensity","Reconstruction cohort",36,30,27.8,26.1089052858177,29.4910947141823
"high_intensity","Reconstruction cohort",37,30,27.5333333333333,25.8728422732862,29.1938243933805
"high_intensity","Reconstruction cohort",38,30,26.9666666666667,25.3243723876557,28.6089609456776
"high_intensity","Reconstruction cohort",39,30,26.1333333333333,24.4844650787245,27.7822015879422
"high_intensity","Reconstruction cohort",40,30,25.4,23.8079006943439,26.9920993056561
"high_intensity","Reconstruction cohort",41,30,24.4666666666667,22.8501919800112,26.0831413533221
"high_intensity","Reconstruction cohort",42,30,23.3666666666667,21.7688899767085,24.9644433566248
"high_intensity","Reconstruction cohort",43,30,28.4333333333333,26.5250821268318,30.3415845398349
"high_intensity","Reconstruction cohort",44,30,27.9,25.9750248314552,29.8249751685448
"high_intensity","Reconstruction cohort",45,30,27.1333333333333,25.0816881278112,29.1849785388555
"high_intensity","Reconstruction cohort",46,30,26.1333333333333,24.1900043324572,28.0766623342095
"high_intensity","Reconstruction cohort",47,30,25.2,23.398766609589,27.001233390411
"high_intensity","Reconstruction cohort",48,30,23.9666666666667,22.2057001953822,25.7276331379511
"high_intensity","Reconstruction cohort",49,30,23,21.237623427088,24.762376572912
"high_intensity","Reconstruction cohort",50,30,28.2,26.5404743979448,29.8595256020552
"high_intensity","Reconstruction cohort",51,30,27.2666666666667,25.5319707224661,29.0013626108673
"high_intensity","Reconstruction cohort",52,30,26.6,24.8773564957408,28.3226435042592
"high_intensity","Reconstruction cohort",53,30,26.1666666666667,24.4260218321227,27.9073115012107
"high_intensity","Reconstruction cohort",54,30,25.2,23.5346900457884,26.8653099542116
"high_intensity","Reconstruction cohort",55,30,24.3666666666667,22.7361248979798,25.9972084353535
"high_intensity","Reconstruction cohort",56,30,23.2,21.5638162862938,24.8361837137062
"high_intensity","Reconstruction cohort",57,30,28.2,26.4067923441074,29.9932076558926
"high_intensity","Reconstruction cohort",58,30,28.0666666666667,26.3017456692039,29.8315876641294
"high_intensity","Reconstruction cohort",59,30,27.1333333333333,25.4075295242999,28.8591371423668
"high_intensity","Reconstruction cohort",60,30,25.9333333333333,24.2693712627535,27.5972954039132
"high_intensity","Reconstruction cohort",61,30,24.8,23.2669791880863,26.3330208119137
"high_intensity","Reconstruction cohort",62,30,23.6,22.0230725603975,25.1769274396025
"high_intensity","Reconstruction cohort",63,30,22.5333333333333,20.9499147834423,24.1167518832244
"high_intensity","Reconstruction cohort",64,30,27.8,25.9722686670819,29.6277313329181
"high_intensity","Reconstruction cohort",65,30,27.6,25.9111813228036,29.2888186771964
"high_intensity","Reconstruction cohort",66,30,26.4666666666667,24.6887175744223,28.244615758911
"high_intensity","Reconstruction cohort",67,30,25.5333333333333,23.7689572608043,27.2977094058624
"high_intensity","Reconstruction cohort",68,30,24.5666666666667,22.8410021608078,26.2923311725256
"high_intensity","Reconstruction cohort",69,30,23.6,21.8251183616634,25.3748816383366
"high_intensity","Reconstruction cohort",70,30,22.7666666666667,20.9566903429435,24.5766429903898
"high_intensity","Reconstruction cohort",71,30,27.8333333333333,25.7072275108706,29.9594391557961
"high_intensity","Reconstruction cohort",72,30,27.9333333333333,25.8882604197837,29.9784062468829
"high_intensity","Reconstruction cohort",73,30,27.3,25.390573348258,29.209426651742
"high_intensity","Reconstruction cohort",74,30,26.6333333333333,24.7663455702818,28.5003210963849
"high_intensity","Reconstruction cohort",75,30,25.8666666666667,23.9608105709061,27.7725227624272
"high_intensity","Reconstruction cohort",76,30,25.3333333333333,23.4667319013438,27.1999347653228
"high_intensity","Reconstruction cohort",77,30,24.4666666666667,22.6119517935528,26.3213815397805
"high_intensity","Reconstruction cohort",78,30,29.5333333333333,27.3989893113213,31.6676773553454
"high_intensity","Reconstruction cohort",79,30,29.4,27.3115024365701,31.4884975634299
"high_intensity","Reconstruction cohort",80,30,28.7333333333333,26.6906127915376,30.7760538751291
"high_intensity","Reconstruction cohort",81,30,27.4666666666667,25.5183957344383,29.4149375988951
"high_intensity","Reconstruction cohort",82,30,26.3333333333333,24.3959512899607,28.2707153767059
"high_intensity","Reconstruction cohort",83,30,25.1,23.1875540922121,27.0124459077879
"high_intensity","Reconstruction cohort",84,30,23.4333333333333,21.6965598805707,25.1701067860959
"high_intensity","Reconstruction cohort",85,30,29.4333333333333,27.5684069274137,31.298259739253
"high_intensity","Reconstruction cohort",86,30,28.9666666666667,27.1598808241811,30.7734525091523
"high_intensity","Reconstruction cohort",87,30,28.3333333333333,26.5429879420839,30.1236787245827
"high_intensity","Reconstruction cohort",88,30,26.9,25.0619072209822,28.7380927790178
"high_intensity","Reconstruction cohort",89,30,25.8666666666667,24.0752473902515,27.6580859430819
"high_intensity","Reconstruction cohort",90,30,24.8666666666667,23.0968488949645,26.6364844383688
"high_intensity","Reconstruction cohort",91,30,24,22.2623501227204,25.7376498772796
"high_intensity","Reconstruction cohort",92,30,29.3,27.4676709240463,31.1323290759537
"high_intensity","Reconstruction cohort",93,30,29.3333333333333,27.611434273147,31.0552323935196
"high_intensity","Reconstruction cohort",94,30,28.2,26.5726558091732,29.8273441908268
"high_intensity","Reconstruction cohort",95,30,27.4333333333333,25.8289500958663,29.0377165708004
"high_intensity","Reconstruction cohort",96,30,26.0666666666667,24.3570977355946,27.7762355977387
"high_intensity","Reconstruction cohort",97,30,25.1,23.4290695816931,26.7709304183069
"high_intensity","Reconstruction cohort",98,30,24.1,22.355859891184,25.844140108816
"high_intensity","Reconstruction cohort",99,30,29.8666666666667,28.0995676498674,31.6337656834659
"high_intensity","Reconstruction cohort",100,30,29.3666666666667,27.5203960395632,31.2129372937701
"high_intensity","Reconstruction cohort",101,30,28.4,26.6170101347219,30.1829898652781
"high_intensity","Reconstruction cohort",102,30,27.5666666666667,25.8298932139041,29.3034401194293
"high_intensity","Reconstruction cohort",103,30,26.4666666666667,24.7746245073351,28.1587088259982
"high_intensity","Reconstruction cohort",104,30,25.1,23.5086558522413,26.6913441477587
"high_intensity","Reconstruction cohort",105,30,23.8333333333333,22.342662473689,25.3240041929777
"high_intensity","Reconstruction cohort",106,30,28.9333333333333,27.1121023391036,30.754564327563
"high_intensity","Reconstruction cohort",107,30,29.1,27.2540766283897,30.9459233716103
"high_intensity","Reconstruction cohort",108,30,28.1666666666667,26.3371386495536,29.9961946837797
"high_intensity","Reconstruction cohort",109,30,27.5666666666667,25.7460957859048,29.3872375474285
"high_intensity","Reconstruction cohort",110,30,26.6666666666667,24.9253314196537,28.4080019136796
"high_intensity","Reconstruction cohort",111,30,25.8666666666667,24.1269888698969,27.6063444634365
"high_intensity","Reconstruction cohort",112,30,24.5333333333333,22.7580905429656,26.3085761237011
"high_intensity","Reconstruction cohort",113,30,28.9333333333333,26.9747249327648,30.8919417339019
"high_intensity","Reconstruction cohort",114,30,29.0333333333333,27.2641948586605,30.8024718080062
"high_intensity","Reconstruction cohort",115,30,28.5333333333333,26.7338803460364,30.3327863206302
"high_intensity","Reconstruction cohort",116,30,27.3,25.3780244050243,29.2219755949757
"high_intensity","Reconstruction cohort",117,30,26.1666666666667,24.3476810356179,27.9856522977155
"high_intensity","Reconstruction cohort",118,30,25.1333333333333,23.3991918117573,26.8674748549094
"high_intensity","Reconstruction cohort",119,30,24.1666666666667,22.479319561686,25.8540137716473
"high_intensity","Reconstruction cohort",120,30,29.7,27.9128352971908,31.4871647028092
"high_intensity","Reconstruction cohort",121,30,30,28.2267444560389,31.7732555439611
"high_intensity","Reconstruction cohort",122,30,29.3333333333333,27.4335414936614,31.2331251730052
"high_intensity","Reconstruction cohort",123,30,28.3666666666667,26.5177937023003,30.215539631033
"high_intensity","Reconstruction cohort",124,30,27.3333333333333,25.5031484334211,29.1635182332455
"high_intensity","Reconstruction cohort",125,30,26.0666666666667,24.41430298609,27.7190303472433
"high_intensity","Reconstruction cohort",126,30,24.7,23.1930757389914,26.2069242610086
"high_intensity","Reconstruction cohort",127,30,29.6333333333333,27.8027544168849,31.4639122497818
"high_intensity","Reconstruction cohort",128,30,29.5666666666667,27.701740260747,31.4315930725863
"high_intensity","Reconstruction cohort",129,30,28.8333333333333,27.059851853773,30.6068148128937
"high_intensity","Reconstruction cohort",130,30,27.8333333333333,26.1834448145213,29.4832218521454
"high_intensity","Reconstruction cohort",131,30,26.5,24.9317862002678,28.0682137997322
"high_intensity","Reconstruction cohort",132,30,25.3333333333333,23.9769177554732,26.6897489111935
"high_intensity","Reconstruction cohort",133,30,24.3,22.9911485353403,25.6088514646597
"high_intensity","Reconstruction cohort",134,30,29.3333333333333,27.6030777443956,31.063588922271
"high_intensity","Reconstruction cohort",135,30,28.9,27.1096098506753,30.6903901493247
"high_intensity","Reconstruction cohort",136,30,28.1666666666667,26.4067926629255,29.9265406704079
"high_intensity","Reconstruction cohort",137,30,27.1333333333333,25.4159077140722,28.8507589525945
"high_intensity","Reconstruction cohort",138,30,26.2666666666667,24.5017456692039,28.0315876641294
"high_intensity","Reconstruction cohort",139,30,25.1666666666667,23.3636101875727,26.9697231457606
"high_intensity","Reconstruction cohort",140,30,23.8666666666667,22.1352999212906,25.5980334120427
"high_intensity","Reconstruction cohort",141,30,29.2666666666667,27.2667619103355,31.2665714229978
"high_intensity","Reconstruction cohort",142,30,29.1666666666667,27.2802083495233,31.0531249838101
"high_intensity","Reconstruction cohort",143,30,28.2333333333333,26.3761573939252,30.0905092727415
"high_intensity","Reconstruction cohort",144,30,27.2666666666667,25.424436927133,29.1088964062003
"high_intensity","Reconstruction cohort",145,30,26,24.3157426239818,27.6842573760182
"high_intensity","Reconstruction cohort",146,30,24.7,23.0067742797458,26.3932257202542
"high_intensity","Reconstruction cohort",147,30,23.4,21.6035777475817,25.1964222524183
"high_intensity","Reconstruction cohort",148,30,28.2666666666667,26.3452331604325,30.1881001729008
"high_intensity","Reconstruction cohort",149,30,28.2666666666667,26.4401633532115,30.0931699801218
"high_intensity","Reconstruction cohort",150,30,27.5333333333333,25.7152730696152,29.3513935970515
"high_intensity","Reconstruction cohort",151,30,26.5333333333333,24.7073565667531,28.3593100999136
"high_intensity","Reconstruction cohort",152,30,25.7,23.8967657572776,27.5032342427224
"high_intensity","Reconstruction cohort",153,30,24.4666666666667,22.7022905941376,26.2310427391957
"high_intensity","Reconstruction cohort",154,30,23.2666666666667,21.46134501245,25.0719883208833
"high_intensity","Reconstruction cohort",155,30,28.8,26.5458705427653,31.0541294572347
"high_intensity","Reconstruction cohort",156,30,28.7,26.5647175655025,30.8352824344975
"high_intensity","Reconstruction cohort",157,30,27.7333333333333,25.6075667499966,29.85909991667
"high_intensity","Reconstruction cohort",158,30,26.6333333333333,24.5752536272829,28.6914130393838
"high_intensity","Reconstruction cohort",159,30,25.5,23.4343029323416,27.5656970676584
"high_intensity","Reconstruction cohort",160,30,24.4333333333333,22.472884692289,26.3937819743777
"high_intensity","Reconstruction cohort",161,30,23.4333333333333,21.5632577949617,25.303408871705
"high_intensity","Reconstruction cohort",162,30,27.9,25.6868767268536,30.1131232731464
"high_intensity","Reconstruction cohort",163,30,28.1666666666667,25.8563232276079,30.4770101057254
"high_intensity","Reconstruction cohort",164,30,27.2,25.0799709887553,29.3200290112447
"high_intensity","Reconstruction cohort",165,30,26.4333333333333,24.3701204751559,28.4965461915107
"high_intensity","Reconstruction cohort",166,30,25.3,23.345774241327,27.254225758673
"high_intensity","Reconstruction cohort",167,30,23.8333333333333,21.8841988513601,25.7824678153066
"high_intensity","Reconstruction cohort",168,30,22.9,20.9452822408765,24.8547177591235
"high_intensity","Reconstruction cohort",169,30,28.1,25.707325456713,30.492674543287
"high_intensity","Reconstruction cohort",170,30,28.4,26.1475775702401,30.6524224297599
"high_intensity","Reconstruction cohort",171,30,26.9666666666667,24.8784377030146,29.0548956303188
"high_intensity","Reconstruction cohort",172,30,26.0333333333333,23.8928033916102,28.1738632750565
"high_intensity","Reconstruction cohort",173,30,24.8666666666667,22.85764703713,26.8756862962034
"high_intensity","Reconstruction cohort",174,30,23.9333333333333,21.8463710914103,26.0202955752564
"high_intensity","Reconstruction cohort",175,30,22.9666666666667,20.848717580212,25.0846157531214
"high_intensity","Reconstruction cohort",176,30,28.5666666666667,25.9913993536398,31.1419339796936
"high_intensity","Reconstruction cohort",177,30,28.6,26.0099945022705,31.1900054977295
"high_intensity","Reconstruction cohort",178,30,27.7333333333333,25.1279040224964,30.3387626441703
"high_intensity","Reconstruction cohort",179,30,26.7,24.188119256498,29.211880743502
"high_intensity","Reconstruction cohort",180,30,25.4666666666667,23.1674839523851,27.7658493809483
"high_intensity","Reconstruction cohort",181,30,23.9666666666667,21.7816749896547,26.1516583436786
"high_intensity","Reconstruction cohort",182,30,22.9,20.8871150667585,24.9128849332415
"high_intensity","Reconstruction cohort",183,30,27.1666666666667,25.0113629533843,29.321970379949
"high_intensity","Reconstruction cohort",184,30,26.8666666666667,24.6289497793652,29.1043835539681
"high_intensity","Reconstruction cohort",185,30,26.5333333333333,24.2934688558316,28.773197810835
"high_intensity","Reconstruction cohort",186,30,25.5666666666667,23.2323075424579,27.9010257908754
"high_intensity","Reconstruction cohort",187,30,24.8666666666667,22.5612189480595,27.1721143852738
"high_intensity","Reconstruction cohort",188,30,24.2333333333333,22.0151466913931,26.4515199752735
"high_intensity","Reconstruction cohort",189,30,23.3,21.1179442532026,25.4820557467974
"high_intensity","Reconstruction cohort",190,30,28.3,25.6702940296014,30.9297059703986
"high_intensity","Reconstruction cohort",191,30,28,25.4941559428972,30.5058440571028
"high_intensity","Reconstruction cohort",192,30,27.4333333333333,25.0969154489136,29.7697512177531
"high_intensity","Reconstruction cohort",193,30,26.4666666666667,24.2701529106488,28.6631804226846
"high_intensity","Reconstruction cohort",194,30,25.6333333333333,23.4950507464068,27.7716159202599
"high_intensity","Reconstruction cohort",195,30,24.7666666666667,22.6301836656424,26.9031496676909
"high_intensity","Reconstruction cohort",196,30,23.8333333333333,21.7483302659899,25.9183364006768
"high_intensity","Reconstruction cohort",197,30,28.7,26.7067979345738,30.6932020654262
"high_intensity","Reconstruction cohort",198,30,28.3333333333333,26.2873202283708,30.3793464382958
"high_intensity","Reconstruction cohort",199,30,27,25.0934712886915,28.9065287113085
"high_intensity","Reconstruction cohort",200,30,26.1,24.2776693480277,27.9223306519723
"high_intensity","Reconstruction cohort",201,30,24.8,23.1375797060501,26.4624202939499
"high_intensity","Reconstruction cohort",202,30,23.7333333333333,22.2143859020333,25.2522807646334
"high_intensity","Reconstruction cohort",203,30,22.7666666666667,21.2327574953376,24.3005758379958
"high_intensity","Reconstruction cohort",204,30,27.9333333333333,26.0781000696919,29.7885665969748
"high_intensity","Reconstruction cohort",205,30,28.2,26.455722063525,29.944277936475
"high_intensity","Reconstruction cohort",206,30,27.4333333333333,25.8349549197699,29.0317117468968
"high_intensity","Reconstruction cohort",207,30,26.5666666666667,25.0078833511392,28.1254499821941
"high_intensity","Reconstruction cohort",208,30,25.5333333333333,24.0863620550548,26.9803046116119
"high_intensity","Reconstruction cohort",209,30,24.6333333333333,23.1739547268238,26.0927119398429
"high_intensity","Reconstruction cohort",210,30,23.4666666666667,21.9108163475807,25.0225169857526
"high_intensity","Reconstruction cohort",211,30,28.1333333333333,26.1387246467223,30.1279420199444
"high_intensity","Reconstruction cohort",212,30,27.7333333333333,25.7821032502324,29.6845634164343
"high_intensity","Reconstruction cohort",213,30,27.1,25.1800267241979,29.0199732758021
"high_intensity","Reconstruction cohort",214,30,26.0333333333333,24.2345484515238,27.8321182151429
"high_intensity","Reconstruction cohort",215,30,25.0333333333333,23.2506580987863,26.8160085678804
"high_intensity","Reconstruction cohort",216,30,24.1333333333333,22.3936555365635,25.8730111301031
"high_intensity","Reconstruction cohort",217,30,23,21.2240351258968,24.7759648741032
"high_intensity","Reconstruction cohort",218,30,27.0333333333333,25.0955790704141,28.9710875962525
"high_intensity","Reconstruction cohort",219,30,27.1,25.1551458979159,29.0448541020841
"high_intensity","Reconstruction cohort",220,30,26.2333333333333,24.40222919339,28.0644374732766
"high_intensity","Reconstruction cohort",221,30,25.4,23.5404524352355,27.2595475647645
"high_intensity","Reconstruction cohort",222,30,24.3,22.5454158450937,26.0545841549063
"high_intensity","Reconstruction cohort",223,30,23.4333333333333,21.7846108822932,25.0820557843735
"high_intensity","Reconstruction cohort",224,30,22.2666666666667,20.7257210582585,23.8076122750748
"high_intensity","Reconstruction cohort",225,30,26.9666666666667,25.4554942493376,28.4778390839957
"high_intensity","Reconstruction cohort",226,30,27,25.5389201976282,28.4610798023718
"high_intensity","Reconstruction cohort",227,30,26.3666666666667,24.8333845191428,27.8999488141906
"high_intensity","Reconstruction cohort",228,30,25.6,24.0445617721196,27.1554382278804
"high_intensity","Reconstruction cohort",229,30,24.5666666666667,23.0935159077321,26.0398174256012
"high_intensity","Reconstruction cohort",230,30,23.4333333333333,22.0407138871415,24.8259527795252
"high_intensity","Reconstruction cohort",231,30,22.3333333333333,20.9840256589529,23.6826410077137
"high_intensity","Reconstruction cohort",232,30,27.8,26.1994672678516,29.4005327321484
"high_intensity","Reconstruction cohort",233,30,27.6,26.0169863647173,29.1830136352827
"high_intensity","Reconstruction cohort",234,30,27.1666666666667,25.4965037424203,28.836829590913
"high_intensity","Reconstruction cohort",235,30,26.3333333333333,24.5727764579359,28.0938902087307
"high_intensity","Reconstruction cohort",236,30,25.0666666666667,23.411395769578,26.7219375637553
"high_intensity","Reconstruction cohort",237,30,24.1333333333333,22.4299629366213,25.8367037300454
"high_intensity","Reconstruction cohort",238,30,23.1333333333333,21.5198357650866,24.74683090158
"high_intensity","Reconstruction cohort",239,30,27.8,26.0419938654905,29.5580061345095
"high_intensity","Reconstruction cohort",240,30,27.8,26.0310880156399,29.5689119843601
"high_intensity","Reconstruction cohort",241,30,27.0666666666667,25.4615344057205,28.6717989276129
"high_intensity","Reconstruction cohort",242,30,26.3,24.6674936040945,27.9325063959055
"high_intensity","Reconstruction cohort",243,30,25.3,23.612462942626,26.987537057374
"high_intensity","Reconstruction cohort",244,30,24.2333333333333,22.6470327585664,25.8196339081003
"high_intensity","Reconstruction cohort",245,30,23.1666666666667,21.6824606189519,24.6508727143814
"high_intensity","Reconstruction cohort",246,30,28,26.4371607554148,29.5628392445852
"high_intensity","Reconstruction cohort",247,30,28.3666666666667,26.8177850723493,29.915548260984
"high_intensity","Reconstruction cohort",248,30,27.5666666666667,25.9622834291996,29.1710499041337
"high_intensity","Reconstruction cohort",249,30,27.2,25.4975707439735,28.9024292560265
"high_intensity","Reconstruction cohort",250,30,26.0333333333333,24.2915839702019,27.7750826964648
"high_intensity","Reconstruction cohort",251,30,25,23.3591213448968,26.6408786551032
"high_intensity","Reconstruction cohort",252,30,23.8,22.2451801137174,25.3548198862826
"high_intensity","Reconstruction cohort",253,30,28.5333333333333,26.6325294407584,30.4341372259083
"high_intensity","Reconstruction cohort",254,30,28.7666666666667,26.9250895135837,30.6082438197496
"high_intensity","Reconstruction cohort",255,30,27.9666666666667,26.1759184930121,29.7574148403212
"high_intensity","Reconstruction cohort",256,30,26.8,25.1089052858177,28.4910947141823
"high_intensity","Reconstruction cohort",257,30,25.6333333333333,23.9706720425433,27.2959946241233
"high_intensity","Reconstruction cohort",258,30,24.6333333333333,23.0205809033947,26.246085763272
"high_intensity","Reconstruction cohort",259,30,23.2333333333333,21.7310959195773,24.7355707470894
"high_intensity","Reconstruction cohort",260,30,27.7333333333333,26.2626324286099,29.2040342380568
"high_intensity","Reconstruction cohort",261,30,27.9333333333333,26.5024004093863,29.3642662572804
"high_intensity","Reconstruction cohort",262,30,27.3666666666667,25.9712879618702,28.7620453714632
"high_intensity","Reconstruction cohort",263,30,26.1,24.7119915074353,27.4880084925647
"high_intensity","Reconstruction cohort",264,30,25.1,23.7294207333641,26.4705792666359
"high_intensity","Reconstruction cohort",265,30,24.0333333333333,22.7680644390492,25.2986022276175
"high_intensity","Reconstruction cohort",266,30,23.0333333333333,21.8066527407405,24.2600139259262
"high_intensity","Reconstruction cohort",267,30,27.8666666666667,26.4533139925035,29.2800193408298
"high_intensity","Reconstruction cohort",268,30,27.7333333333333,26.3024004093863,29.1642662572804
"high_intensity","Reconstruction cohort",269,30,27.2,25.8575990733965,28.5424009266035
"high_intensity","Reconstruction cohort",270,30,26.4,24.9973469362182,27.8026530637818
"high_intensity","Reconstruction cohort",271,30,25.1,23.6377688991306,26.5622311008694
"high_intensity","Reconstruction cohort",272,30,24.2,22.7083081143943,25.6916918856057
"high_intensity","Reconstruction cohort",273,30,23.4333333333333,21.8869370757955,24.9797295908712
"high_intensity","Reconstruction cohort",274,30,28.4333333333333,26.814035454015,30.0526312126517
"high_intensity","Reconstruction cohort",275,30,28.4,26.777982645694,30.022017354306
"high_intensity","Reconstruction cohort",276,30,27.7,26.2285909406432,29.1714090593568
"high_intensity","Reconstruction cohort",277,30,26.9,25.5154597999437,28.2845402000563
"high_intensity","Reconstruction cohort",278,30,25.8333333333333,24.4187905149588,27.2478761517079
"high_intensity","Reconstruction cohort",279,30,24.6666666666667,23.2177030763446,26.1156302569887
"high_intensity","Reconstruction cohort",280,30,23.9,22.4214196532994,25.3785803467006
"high_intensity","Reconstruction cohort",281,30,29.0666666666667,27.1577856673428,30.9755476659905
"high_intensity","Reconstruction cohort",282,30,29.2666666666667,27.4908822859705,31.0424510473629
"high_intensity","Reconstruction cohort",283,30,28.5333333333333,26.7365542585354,30.3301124081313
"high_intensity","Reconstruction cohort",284,30,27.5333333333333,25.7826355078896,29.2840311587771
"high_intensity","Reconstruction cohort",285,30,26.5,24.8365677539535,28.1634322460465
"high_intensity","Reconstruction cohort",286,30,25.1333333333333,23.4498373756976,26.816829290969
"high_intensity","Reconstruction cohort",287,30,24.1333333333333,22.5258065425711,25.7408601240955
"high_intensity","Reconstruction cohort",288,30,28.8,26.7750884947082,30.8249115052918
"high_intensity","Reconstruction cohort",289,30,28.6666666666667,26.6562116242,30.6771217091333
"high_intensity","Reconstruction cohort",290,30,27.7666666666667,25.9069036495657,29.6264296837676
"high_intensity","Reconstruction cohort",291,30,26.7666666666667,24.8634613053368,28.6698720279966
"high_intensity","Reconstruction cohort",292,30,25.9,23.9976369140527,27.8023630859473
"high_intensity","Reconstruction cohort",293,30,25.0333333333333,23.1281080303094,26.9385586363573
"high_intensity","Reconstruction cohort",294,30,23.9,22.0359331656627,25.7640668343373
"high_intensity","Reconstruction cohort",295,30,28.4666666666667,26.498752109516,30.4345812238173
"high_intensity","Reconstruction cohort",296,30,28.1666666666667,26.2751178298561,30.0582155034772
"high_intensity","Reconstruction cohort",297,30,27.2666666666667,25.445435672437,29.0878976608964
"high_intensity","Reconstruction cohort",298,30,26.5333333333333,24.7472899396298,28.3193767270369
"high_intensity","Reconstruction cohort",299,30,25.5666666666667,23.8382182304554,27.2951151028779
"high_intensity","Reconstruction cohort",300,30,24.5333333333333,22.8412911740018,26.2253754926649
"high_intensity","Reconstruction cohort",301,30,23.4666666666667,21.8090736675753,25.124259665758
"high_intensity","Reconstruction cohort",302,30,29.1,27.1428240938299,31.0571759061701
"high_intensity","Reconstruction cohort",303,30,29.5,27.66347734608,31.33652265392
"high_intensity","Reconstruction cohort",304,30,28.6666666666667,26.9061097912693,30.4272235420641
"high_intensity","Reconstruction cohort",305,30,27.4666666666667,25.7888923613276,29.1444409720057
"high_intensity","Reconstruction cohort",306,30,26.3333333333333,24.6003011891104,28.0663654775563
"high_intensity","Reconstruction cohort",307,30,25.3666666666667,23.6555516104797,27.0777817228537
"high_intensity","Reconstruction cohort",308,30,24.2,22.5756130062212,25.8243869937788
"high_intensity","Reconstruction cohort",309,30,28.7,26.8781971009064,30.5218028990936
"high_intensity","Reconstruction cohort",310,30,28.8,26.9643938726104,30.6356061273896
"high_intensity","Reconstruction cohort",311,30,28.2666666666667,26.5740562948069,29.9592770385265
"high_intensity","Reconstruction cohort",312,30,27.3666666666667,25.6696590985603,29.063674234773
"high_intensity","Reconstruction cohort",313,30,26.2333333333333,24.5846108822932,27.8820557843735
"high_intensity","Reconstruction cohort",314,30,25.1666666666667,23.6599551278868,26.6733782054465
"high_intensity","Reconstruction cohort",315,30,24.2333333333333,22.7278987591494,25.7387679075173
"high_intensity","Reconstruction cohort",316,30,28.4,26.7750211362822,30.0249788637178
"high_intensity","Reconstruction cohort",317,30,28.3666666666667,26.742033034209,29.9913002991244
"high_intensity","Reconstruction cohort",318,30,27.0666666666667,25.5540631894351,28.5792701438983
"high_intensity","Reconstruction cohort",319,30,25.8,24.436278508307,27.163721491693
"high_intensity","Reconstruction cohort",320,30,24.8333333333333,23.5320958186966,26.1345708479701
"high_intensity","Reconstruction cohort",321,30,23.8,22.3911904191537,25.2088095808463
"high_intensity","Reconstruction cohort",322,30,22.9333333333333,21.4890227461412,24.3776439205254
"high_intensity","Reconstruction cohort",323,30,29.3666666666667,27.8941688036538,30.8391645296795
"high_intensity","Reconstruction cohort",324,30,29.2,27.8222480824383,30.5777519175617
"high_intensity","Reconstruction cohort",325,30,28.2666666666667,26.6826409389365,29.8506923943968
"high_intensity","Reconstruction cohort",326,30,27.4,25.891640648634,28.908359351366
"high_intensity","Reconstruction cohort",327,30,26.5,25.0831930059973,27.9168069940027
"high_intensity","Reconstruction cohort",328,30,25.6333333333333,24.2106563465655,27.0560103201012
"high_intensity","Reconstruction cohort",329,30,24.6333333333333,23.2174315751033,26.0492350915634
"high_intensity","Reconstruction cohort",330,30,29.6666666666667,27.9757615052187,31.3575718281147
"high_intensity","Reconstruction cohort",331,30,29.9666666666667,28.3688899767085,31.5644433566248
"high_intensity","Reconstruction cohort",332,30,28.9,27.3238349872852,30.4761650127148
"high_intensity","Reconstruction cohort",333,30,28.0666666666667,26.5351101582438,29.5982231750896
"high_intensity","Reconstruction cohort",334,30,27.1333333333333,25.6277390793454,28.6389275873212
"high_intensity","Reconstruction cohort",335,30,26.2666666666667,24.8458496470417,27.6874836862916
"high_intensity","Reconstruction cohort",336,30,24.9,23.5399854792861,26.2600145207139
"high_intensity","Reconstruction cohort",337,30,30.1333333333333,28.5348045242597,31.731862142407
"high_intensity","Reconstruction cohort",338,30,30.8,29.1815436101526,32.4184563898474
"high_intensity","Reconstruction cohort",339,30,29.7333333333333,28.1014651818366,31.3652014848301
"high_intensity","Reconstruction cohort",340,30,28.6333333333333,27.0116618407514,30.2550048259152
"high_intensity","Reconstruction cohort",341,30,26.9,25.3515323514626,28.4484676485374
"high_intensity","Reconstruction cohort",342,30,26,24.3679354390241,27.6320645609759
"high_intensity","Reconstruction cohort",343,30,24.9666666666667,23.2583637878861,26.6749695454472
"high_intensity","Reconstruction cohort",344,30,29.7333333333333,28.1044141659068,31.3622525007599
"high_intensity","Reconstruction cohort",345,30,30,28.2706709201456,31.7293290798544
"high_intensity","Reconstruction cohort",346,30,29.2,27.3907764769627,31.0092235230373
"high_intensity","Reconstruction cohort",347,30,28.2666666666667,26.4935918919139,30.0397414414194
"high_intensity","Reconstruction cohort",348,30,27.4333333333333,25.7729870561961,29.0936796104706
"high_intensity","Reconstruction cohort",349,30,26.3666666666667,24.7068996474644,28.0264336858689
"high_intensity","Reconstruction cohort",350,30,25.1,23.4233245744799,26.7766754255201
"high_intensity","Reconstruction cohort",351,30,29.3333333333333,27.6282701924758,31.0383964741909
"high_intensity","Reconstruction cohort",352,30,29.2333333333333,27.3301279720034,31.1365386946632
"high_intensity","Reconstruction cohort",353,30,28.2333333333333,26.2412572799781,30.2254093866886
"high_intensity","Reconstruction cohort",354,30,27.3333333333333,25.551062705626,29.1156039610407
"high_intensity","Reconstruction cohort",355,30,26.3333333333333,24.6086442647386,28.0580224019281
"high_intensity","Reconstruction cohort",356,30,25.2,23.596466078769,26.803533921231
"high_intensity","Reconstruction cohort",357,30,24.1666666666667,22.5974312291716,25.7359021041618
"high_intensity","Reconstruction cohort",358,30,28.6,27.1238604963438,30.0761395036562
"high_intensity","Reconstruction cohort",359,30,28.4333333333333,26.9536694599252,29.9129972067415
"high_intensity","Reconstruction cohort",360,30,27.2666666666667,25.7382526754219,28.7950806579114
"high_intensity","Total",1,30,0,0,0
"high_intensity","Total",2,30,0,0,0
"high_intensity","Total",3,30,0,0,0
"high_intensity","Total",4,30,0,0,0
"high_intensity","Total",5,30,0,0,0
"high_intensity","Total",6,30,0,0,0
"high_intensity","Total",7,30,0,0,0
"high_intensity","Total",8,30,48.0333333333333,45.9612840733937,50.1053825932729
"high_intensity","Total",9,30,68.2333333333333,64.8867520304215,71.5799146362452
"high_intensity","Total",10,30,82.4,80.1841627689591,84.6158372310409
"high_intensity","Total",11,30,84.5,82.481390533527,86.518609466473
"high_intensity","Total",12,30,84.0666666666667,82.245435672437,85.8878976608964
"high_intensity","Total",13,30,82.2333333333333,80.5160476968705,83.9506189697962
"high_intensity","Total",14,30,80.1,78.2333556383884,81.9666443616116
"high_intensity","Total",15,30,120.233333333333,117.364839064507,123.10182760216
"high_intensity","Total",16,30,126.6,123.129407262366,130.070592737634
"high_intensity","Total",17,30,128.166666666667,124.15803176061,132.175301572723
"high_intensity","Total",18,30,124.933333333333,120.7985268731,129.068139793566
"high_intensity","Total",19,30,121.266666666667,117.016038306126,125.517295027208
"high_intensity","Total",20,30,116.033333333333,111.732608429472,120.334058237195
"high_intensity","Total",21,30,111.533333333333,107.132869768145,115.933796898522
"high_intensity","Total",22,30,145.4,140.44271497713,150.35728502287
"high_intensity","Total",23,30,150.533333333333,145.777884782334,155.288781884332
"high_intensity","Total",24,30,154,149.245292944814,158.754707055186
"high_intensity","Total",25,30,151.333333333333,146.789240628972,155.877426037695
"high_intensity","Total",26,30,147.133333333333,142.752580953767,151.514085712899
"high_intensity","Total",27,30,141.733333333333,137.698576385822,145.768090280845
"high_intensity","Total",28,30,135.666666666667,131.454215654709,139.879117678624
"high_intensity","Total",29,30,169.266666666667,164.660987923677,173.872345409656
"high_intensity","Total",30,30,172.733333333333,168.367753134207,177.09891353246
"high_intensity","Total",31,30,173.3,169.134820029249,177.465179970751
"high_intensity","Total",32,30,169.7,165.638854926106,173.761145073894
"high_intensity","Total",33,30,164.833333333333,160.797206224726,168.86946044194
"high_intensity","Total",34,30,157.966666666667,154.415436363739,161.517896969595
"high_intensity","Total",35,30,150.6,147.401939949439,153.798060050561
"high_intensity","Total",36,30,185.033333333333,180.968243829102,189.098422837565
"high_intensity","Total",37,30,186.033333333333,181.792273775143,190.274392891524
"high_intensity","Total",38,30,184.366666666667,180.113154907593,188.62017842574
"high_intensity","Total",39,30,178.966666666667,174.58948271131,183.343850622023
"high_intensity","Total",40,30,171.833333333333,167.564476341272,176.102190325395
"high_intensity","Total",41,30,164.5,160.263174961604,168.736825038396
"high_intensity","Total",42,30,156.066666666667,152.113772163265,160.019561170068
"high_intensity","Total",43,30,189.6,184.632057678834,194.567942321166
"high_intensity","Total",44,30,189.833333333333,185.077530927361,194.589135739305
"high_intensity","Total",45,30,187.366666666667,182.839375561651,191.893957771682
"high_intensity","Total",46,30,182.566666666667,178.336731764154,186.796601569179
"high_intensity","Total",47,30,176.733333333333,172.773147603575,180.693519063091
"high_intensity","Total",48,30,168.4,164.58366556316,172.21633443684
"high_intensity","Total",49,30,159.766666666667,155.603180061954,163.930153271379
"high_intensity","Total",50,30,191.633333333333,187.325905938953,195.940760727713
"high_intensity","Total",51,30,191.433333333333,187.105638550045,195.761028116622
"high_intensity","Total",52,30,189.666666666667,185.576991070364,193.756342262969
"high_intensity","Total",53,30,184.7,181.157354763929,188.242645236071
"high_intensity","Total",54,30,177.966666666667,174.77480166643,181.158531666904
"high_intensity","Total",55,30,169.766666666667,166.669291524648,172.864041808685
"high_intensity","Total",56,30,161.433333333333,158.283622694936,164.58304397173
"high_intensity","Total",57,30,191.566666666667,187.418219658515,195.715113674818
"high_intensity","Total",58,30,192.633333333333,188.971453285761,196.295213380905
"high_intensity","Total",59,30,189.3,185.341979981953,193.258020018047
"high_intensity","Total",60,30,183.566666666667,179.861451826721,187.271881506612
"high_intensity","Total",61,30,176.266666666667,172.81227422098,179.721059112353
"high_intensity","Total",62,30,168.233333333333,164.326009621668,172.140657044998
"high_intensity","Total",63,30,158.666666666667,154.507050449443,162.82628288389
"high_intensity","Total",64,30,187.8,182.714599630587,192.885400369413
"high_intensity","Total",65,30,189.433333333333,185.181856711402,193.684809955265
"high_intensity","Total",66,30,186,182.128132314814,189.871867685186
"high_intensity","Total",67,30,181.733333333333,178.078747634778,185.387919031888
"high_intensity","Total",68,30,174.966666666667,170.94557722317,178.987756110163
"high_intensity","Total",69,30,166.8,162.943810475696,170.656189524304
"high_intensity","Total",70,30,157.866666666667,153.874076019177,161.859257314157
"high_intensity","Total",71,30,186.133333333333,182.039662496967,190.2270041697
"high_intensity","Total",72,30,188.933333333333,185.196783420746,192.669883245921
"high_intensity","Total",73,30,185.866666666667,181.884928856403,189.848404476931
"high_intensity","Total",74,30,181.5,177.768836873752,185.231163126248
"high_intensity","Total",75,30,175.533333333333,171.837148037433,179.229518629233
"high_intensity","Total",76,30,168.1,164.755334834319,171.444665165681
"high_intensity","Total",77,30,160.4,157.17499205203,163.62500794797
"high_intensity","Total",78,30,189.266666666667,185.311340261079,193.221993072254
"high_intensity","Total",79,30,190.266666666667,187.133408777562,193.399924555772
"high_intensity","Total",80,30,188.433333333333,185.79535189504,191.071314771627
"high_intensity","Total",81,30,183.433333333333,180.581649747854,186.285016918812
"high_intensity","Total",82,30,176.8,174.324268858559,179.275731141441
"high_intensity","Total",83,30,168.466666666667,165.679702063822,171.253631269511
"high_intensity","Total",84,30,159.5,156.42745745677,162.57254254323
"high_intensity","Total",85,30,191.4,187.521184584592,195.278815415408
"high_intensity","Total",86,30,191.966666666667,188.688598523444,195.244734809889
"high_intensity","Total",87,30,187.9,184.717387239086,191.082612760914
"high_intensity","Total",88,30,181.633333333333,178.21033059488,185.056336071787
"high_intensity","Total",89,30,173.3,169.926992133756,176.673007866244
"high_intensity","Total",90,30,165.933333333333,162.787823346301,169.078843320365
"high_intensity","Total",91,30,157,154.374227909823,159.625772090177
"high_intensity","Total",92,30,187.9,184.54815496781,191.25184503219
"high_intensity","Total",93,30,191.133333333333,187.596687385767,194.6699792809
"high_intensity","Total",94,30,187.3,183.50571361627,191.09428638373
"high_intensity","Total",95,30,181.466666666667,177.645128402054,185.288204931279
"high_intensity","Total",96,30,173.633333333333,169.46315425267,177.803512413997
"high_intensity","Total",97,30,165.733333333333,161.735688111476,169.73097855519
"high_intensity","Total",98,30,157.533333333333,153.595305954717,161.471360711949
"high_intensity","Total",99,30,186.833333333333,182.986277249969,190.680389416697
"high_intensity","Total",100,30,186.6,182.537138628317,190.662861371683
"high_intensity","Total",101,30,182.933333333333,178.78807477055,187.078591896116
"high_intensity","Total",102,30,177.333333333333,173.538814642261,181.127852024406
"high_intensity","Total",103,30,170.633333333333,166.429851698933,174.836814967734
"high_intensity","Total",104,30,163.6,159.526501919204,167.673498080796
"high_intensity","Total",105,30,154.233333333333,150.189351668945,158.277314997722
"high_intensity","Total",106,30,182.733333333333,177.641759753881,187.824906912786
"high_intensity","Total",107,30,183.833333333333,179.75808483021,187.908581836457
"high_intensity","Total",108,30,180.6,177.541809163943,183.658190836057
"high_intensity","Total",109,30,176.766666666667,173.908246943965,179.625086389368
"high_intensity","Total",110,30,170.466666666667,167.417713196174,173.51562013716
"high_intensity","Total",111,30,163.366666666667,160.269601996947,166.463731336386
"high_intensity","Total",112,30,154.866666666667,152.009845338378,157.723487994955
"high_intensity","Total",113,30,182.533333333333,177.929951808635,187.136714858032
"high_intensity","Total",114,30,186.666666666667,182.031435133761,191.301898199573
"high_intensity","Total",115,30,183.633333333333,179.677338416734,187.589328249933
"high_intensity","Total",116,30,179.166666666667,175.214806174868,183.118527158465
"high_intensity","Total",117,30,173.033333333333,169.123795329235,176.942871337431
"high_intensity","Total",118,30,165.633333333333,161.238609731469,170.028056935198
"high_intensity","Total",119,30,158,153.478535971374,162.521464028626
"high_intensity","Total",120,30,187.7,181.769806878427,193.630193121573
"high_intensity","Total",121,30,191.933333333333,187.243858577854,196.622808088813
"high_intensity","Total",122,30,189.3,184.726569794261,193.87343020574
"high_intensity","Total",123,30,184.266666666667,179.716652583057,188.816680750277
"high_intensity","Total",124,30,178.366666666667,173.997178446061,182.736154887272
"high_intensity","Total",125,30,170.066666666667,165.922568146788,174.210765186546
"high_intensity","Total",126,30,162.233333333333,158.4421739235,166.024492743167
"high_intensity","Total",127,30,191.533333333333,187.625948096601,195.440718570065
"high_intensity","Total",128,30,192.166666666667,188.327116634516,196.006216698817
"high_intensity","Total",129,30,189.233333333333,185.215593236589,193.251073430078
"high_intensity","Total",130,30,183.8,179.605774393561,187.994225606439
"high_intensity","Total",131,30,177.9,174.066381778348,181.733618221652
"high_intensity","Total",132,30,169.8,166.016817599496,173.583182400504
"high_intensity","Total",133,30,161.866666666667,157.998857587522,165.734475745811
"high_intensity","Total",134,30,191.8,188.189800592195,195.410199407805
"high_intensity","Total",135,30,193.433333333333,189.724227640618,197.142439026049
"high_intensity","Total",136,30,190.533333333333,186.357105655564,194.709561011103
"high_intensity","Total",137,30,185,180.687533992128,189.312466007872
"high_intensity","Total",138,30,178.566666666667,174.135769797619,182.997563535714
"high_intensity","Total",139,30,170,165.847710790563,174.152289209437
"high_intensity","Total",140,30,160.533333333333,156.543151876469,164.523514790198
"high_intensity","Total",141,30,188.633333333333,184.282591426211,192.984075240456
"high_intensity","Total",142,30,191.2,187.037995655741,195.362004344259
"high_intensity","Total",143,30,187.266666666667,183.441104493672,191.092228839662
"high_intensity","Total",144,30,183.066666666667,179.408136270775,186.725197062558
"high_intensity","Total",145,30,176.066666666667,172.214801904437,179.918531428897
"high_intensity","Total",146,30,167.866666666667,163.911583384008,171.821749949326
"high_intensity","Total",147,30,160.066666666667,155.962204679118,164.171128654215
"high_intensity","Total",148,30,189.966666666667,185.848697128034,194.0846362053
"high_intensity","Total",149,30,192.033333333333,188.162107287256,195.904559379411
"high_intensity","Total",150,30,188.666666666667,184.89757501221,192.435758321124
"high_intensity","Total",151,30,182.6,179.461120629515,185.738879370485
"high_intensity","Total",152,30,175.733333333333,172.415248008592,179.051418658075
"high_intensity","Total",153,30,168.6,164.889706249441,172.310293750559
"high_intensity","Total",154,30,159.266666666667,155.43608055239,163.097252780943
"high_intensity","Total",155,30,188.7,184.300173838722,193.099826161278
"high_intensity","Total",156,30,190.333333333333,187.073134530835,193.593532135832
"high_intensity","Total",157,30,186.5,183.061208333554,189.938791666446
"high_intensity","Total",158,30,182.5,179.043079946919,185.956920053081
"high_intensity","Total",159,30,175.2,171.526431130714,178.873568869286
"high_intensity","Total",160,30,167.4,163.950250182605,170.849749817395
"high_intensity","Total",161,30,159.466666666667,156.288009388276,162.645323945057
"high_intensity","Total",162,30,189.033333333333,185.223450577041,192.843216089626
"high_intensity","Total",163,30,191.566666666667,187.98819212245,195.145141210883
"high_intensity","Total",164,30,187.8,184.130359662336,191.469640337664
"high_intensity","Total",165,30,182.3,178.184755685895,186.415244314105
"high_intensity","Total",166,30,174.533333333333,170.541947099383,178.524719567283
"high_intensity","Total",167,30,166.3,162.574769184424,170.025230815576
"high_intensity","Total",168,30,158.366666666667,155.348221855936,161.385111477398
"high_intensity","Total",169,30,185.733333333333,182.767189716701,188.699476949966
"high_intensity","Total",170,30,190.2,187.528123183979,192.871876816021
"high_intensity","Total",171,30,186.033333333333,182.989509219954,189.077157446712
"high_intensity","Total",172,30,182.133333333333,179.040540818258,185.226125848409
"high_intensity","Total",173,30,176.366666666667,173.195960429612,179.537372903722
"high_intensity","Total",174,30,169,166.017583342252,171.982416657748
"high_intensity","Total",175,30,160.566666666667,157.576709459628,163.556623873705
"high_intensity","Total",176,30,191.333333333333,187.473488179754,195.193178486913
"high_intensity","Total",177,30,192.266666666667,189.342971795766,195.190361537567
"high_intensity","Total",178,30,189.566666666667,186.201460202692,192.931873130641
"high_intensity","Total",179,30,183.8,180.066711276777,187.533288723223
"high_intensity","Total",180,30,176.166666666667,172.332128831419,180.001204501915
"high_intensity","Total",181,30,168.033333333333,164.199547892802,171.867118773865
"high_intensity","Total",182,30,158.8,155.551522014811,162.048477985189
"high_intensity","Total",183,30,188.766666666667,184.568678934024,192.964654399309
"high_intensity","Total",184,30,190.233333333333,186.558085207917,193.90858145875
"high_intensity","Total",185,30,188.366666666667,184.551739320552,192.181594012781
"high_intensity","Total",186,30,183.833333333333,180.185133917147,187.48153274952
"high_intensity","Total",187,30,177.2,173.314001816265,181.085998183735
"high_intensity","Total",188,30,169.533333333333,165.95882457904,173.107842087626
"high_intensity","Total",189,30,160.733333333333,157.204581188275,164.262085478391
"high_intensity","Total",190,30,190.5,186.219146020884,194.780853979116
"high_intensity","Total",191,30,191.866666666667,187.664042980997,196.069290352336
"high_intensity","Total",192,30,189.466666666667,185.751020573519,193.182312759815
"high_intensity","Total",193,30,183.7,180.250877416185,187.149122583815
"high_intensity","Total",194,30,175.266666666667,171.673108517071,178.860224816263
"high_intensity","Total",195,30,167.033333333333,163.296075775353,170.770590891313
"high_intensity","Total",196,30,157.633333333333,153.971453285761,161.295213380905
"high_intensity","Total",197,30,186.3,182.419263749997,190.180736250003
"high_intensity","Total",198,30,186.3,182.52222273902,190.07777726098
"high_intensity","Total",199,30,183.433333333333,179.190913577115,187.675753089552
"high_intensity","Total",200,30,179.766666666667,175.502768265521,184.030565067812
"high_intensity","Total",201,30,172.033333333333,167.688120439459,176.378546227208
"high_intensity","Total",202,30,164.933333333333,160.661267598028,169.205399068639
"high_intensity","Total",203,30,157.133333333333,152.633471947061,161.633194719605
"high_intensity","Total",204,30,185.833333333333,181.100840512644,190.565826154022
"high_intensity","Total",205,30,188.833333333333,184.412865782329,193.253800884337
"high_intensity","Total",206,30,185.3,181.072945621218,189.527054378782
"high_intensity","Total",207,30,179.866666666667,175.7729958303,183.960337503033
"high_intensity","Total",208,30,174.633333333333,170.444747686296,178.82191898037
"high_intensity","Total",209,30,167.733333333333,163.706926553527,171.75974011314
"high_intensity","Total",210,30,160.2,155.922910199975,164.477089800025
"high_intensity","Total",211,30,186.866666666667,181.510211761353,192.22312157198
"high_intensity","Total",212,30,189.466666666667,184.782526379378,194.150806953956
"high_intensity","Total",213,30,188.033333333333,183.935260499245,192.131406167421
"high_intensity","Total",214,30,183.1,178.843249105302,187.356750894698
"high_intensity","Total",215,30,177.066666666667,173.10041515378,181.032918179554
"high_intensity","Total",216,30,170.566666666667,166.631142963966,174.502190369367
"high_intensity","Total",217,30,162.6,158.721184584592,166.478815415408
"high_intensity","Total",218,30,191.7,187.308924713628,196.091075286372
"high_intensity","Total",219,30,192.833333333333,188.879040303428,196.787626363239
"high_intensity","Total",220,30,189.933333333333,186.349153077611,193.517513589055
"high_intensity","Total",221,30,184.9,180.983253731731,188.816746268269
"high_intensity","Total",222,30,179.166666666667,174.844085436435,183.489247896898
"high_intensity","Total",223,30,172.133333333333,167.622799817854,176.643866848813
"high_intensity","Total",224,30,164.066666666667,159.591232892064,168.54210044127
"high_intensity","Total",225,30,191.166666666667,186.855222779365,195.478110553968
"high_intensity","Total",226,30,192.266666666667,188.220010797422,196.313322535911
"high_intensity","Total",227,30,188.6,184.240297591683,192.959702408317
"high_intensity","Total",228,30,183.933333333333,179.723622523256,188.14304414341
"high_intensity","Total",229,30,177.566666666667,173.341280857057,181.792052476277
"high_intensity","Total",230,30,169.3,164.793287758732,173.806712241268
"high_intensity","Total",231,30,159.633333333333,155.030212928709,164.236453737958
"high_intensity","Total",232,30,188.866666666667,183.602564070122,194.130769263211
"high_intensity","Total",233,30,191.2,186.107041626313,196.292958373687
"high_intensity","Total",234,30,188.433333333333,184.065826207723,192.800840458944
"high_intensity","Total",235,30,182.766666666667,178.462365802386,187.070967530947
"high_intensity","Total",236,30,176.666666666667,172.301747323873,181.03158600946
"high_intensity","Total",237,30,169.4,165.248173983069,173.551826016931
"high_intensity","Total",238,30,160.633333333333,156.441305452684,164.825361213983
"high_intensity","Total",239,30,189.4,185.1929549862,193.6070450138
"high_intensity","Total",240,30,192,187.928390858828,196.071609141172
"high_intensity","Total",241,30,190.166666666667,185.852993010365,194.480340322968
"high_intensity","Total",242,30,185.4,181.158808181191,189.641191818809
"high_intensity","Total",243,30,178.3,174.067262260607,182.532737739393
"high_intensity","Total",244,30,170,165.636549585178,174.363450414822
"high_intensity","Total",245,30,161.7,156.934031295678,166.465968704322
"high_intensity","Total",246,30,190.266666666667,185.797683402915,194.735649930419
"high_intensity","Total",247,30,191.966666666667,187.604887758814,196.328445574519
"high_intensity","Total",248,30,188.9,184.332671350824,193.467328649176
"high_intensity","Total",249,30,183.5,179.314553074966,187.685446925034
"high_intensity","Total",250,30,175.733333333333,171.346877513159,180.119789153508
"high_intensity","Total",251,30,168.066666666667,163.499776661553,172.63355667178
"high_intensity","Total",252,30,158.333333333333,153.686705795849,162.979960870817
"high_intensity","Total",253,30,186.366666666667,182.29094626824,190.442387065094
"high_intensity","Total",254,30,189.8,185.438312951754,194.161687048246
"high_intensity","Total",255,30,186.933333333333,183.098983582923,190.767683083743
"high_intensity","Total",256,30,181.233333333333,177.374297935309,185.092368731357
"high_intensity","Total",257,30,175,171.391665571166,178.608334428834
"high_intensity","Total",258,30,166.8,163.015546923882,170.584453076118
"high_intensity","Total",259,30,157.833333333333,154.046742249618,161.619924417049
"high_intensity","Total",260,30,185.033333333333,181.051897413063,189.014769253604
"high_intensity","Total",261,30,188.266666666667,184.03758434634,192.495748986993
"high_intensity","Total",262,30,184.1,179.905831710909,188.294168289091
"high_intensity","Total",263,30,178.633333333333,174.656730769865,182.609935896801
"high_intensity","Total",264,30,171.7,167.207178270016,176.192821729984
"high_intensity","Total",265,30,165,160.602523925219,169.397476074781
"high_intensity","Total",266,30,156.533333333333,152.366326069398,160.700340597269
"high_intensity","Total",267,30,185.033333333333,181.439039385984,188.627627280682
"high_intensity","Total",268,30,187.233333333333,183.752941494231,190.713725172436
"high_intensity","Total",269,30,185.633333333333,181.795787394375,189.470879272291
"high_intensity","Total",270,30,181.866666666667,177.834532194231,185.898801139102
"high_intensity","Total",271,30,175.266666666667,171.211702327352,179.321631005981
"high_intensity","Total",272,30,168.5,164.469038246178,172.530961753822
"high_intensity","Total",273,30,160.866666666667,157.010061555435,164.723271777898
"high_intensity","Total",274,30,190.933333333333,186.369602810041,195.497063856625
"high_intensity","Total",275,30,193.833333333333,189.948964555225,197.717702111442
"high_intensity","Total",276,30,190.966666666667,186.802256322392,195.131077010942
"high_intensity","Total",277,30,184.666666666667,180.513991502941,188.819341830393
"high_intensity","Total",278,30,177.833333333333,174.087594458324,181.579072208343
"high_intensity","Total",279,30,169.8,166.372902913122,173.227097086878
"high_intensity","Total",280,30,161.733333333333,157.906514556685,165.560152109982
"high_intensity","Total",281,30,189.733333333333,184.801979779959,194.664686886707
"high_intensity","Total",282,30,191.733333333333,187.090225210687,196.376441455979
"high_intensity","Total",283,30,189.233333333333,184.46783543497,193.998831231697
"high_intensity","Total",284,30,182.733333333333,177.860830149468,187.605836517199
"high_intensity","Total",285,30,175.866666666667,171.081987449923,180.65134588341
"high_intensity","Total",286,30,168.066666666667,163.113909849974,173.019423483359
"high_intensity","Total",287,30,160.466666666667,155.393256164286,165.540077169047
"high_intensity","Total",288,30,188.266666666667,183.479777235227,193.053556098106
"high_intensity","Total",289,30,189.5,185.065776712767,193.934223287233
"high_intensity","Total",290,30,186.266666666667,181.925383646857,190.607949686476
"high_intensity","Total",291,30,181.6,177.198589605165,186.001410394835
"high_intensity","Total",292,30,175.4,170.839782579413,179.960217420587
"high_intensity","Total",293,30,167.9,163.21933380123,172.58066619877
"high_intensity","Total",294,30,159.1,154.362159498625,163.837840501375
"high_intensity","Total",295,30,187.633333333333,183.133739074603,192.132927592063
"high_intensity","Total",296,30,190.566666666667,185.904183077049,195.229150256284
"high_intensity","Total",297,30,188.466666666667,183.933803465409,192.999529867925
"high_intensity","Total",298,30,183.733333333333,179.193898559879,188.272768106788
"high_intensity","Total",299,30,177.066666666667,172.992775167023,181.140558166311
"high_intensity","Total",300,30,169.266666666667,165.329616142881,173.203717190452
"high_intensity","Total",301,30,159.6,155.854881579755,163.345118420245
"high_intensity","Total",302,30,188.166666666667,184.258850781587,192.074482551747
"high_intensity","Total",303,30,190.166666666667,185.818577808475,194.514755524858
"high_intensity","Total",304,30,187.966666666667,183.7188104738,192.214522859534
"high_intensity","Total",305,30,182.233333333333,177.815476958821,186.651189707845
"high_intensity","Total",306,30,176.066666666667,172.020010797422,180.113322535911
"high_intensity","Total",307,30,168.9,164.668171085383,173.131828914617
"high_intensity","Total",308,30,160.033333333333,155.837866043302,164.228800623365
"high_intensity","Total",309,30,188.633333333333,182.962303029269,194.304363637398
"high_intensity","Total",310,30,191.4,186.826096737883,195.973903262117
"high_intensity","Total",311,30,190.633333333333,186.078513797291,195.188152869376
"high_intensity","Total",312,30,186.266666666667,181.836583703929,190.696749629405
"high_intensity","Total",313,30,179.333333333333,175.184133050647,183.48253361602
"high_intensity","Total",314,30,171.466666666667,167.439304705735,175.494028627599
"high_intensity","Total",315,30,163.966666666667,159.992482985952,167.940850347382
"high_intensity","Total",316,30,192,187.35268269371,196.64731730629
"high_intensity","Total",317,30,193.266666666667,189.38372159971,197.149611733624
"high_intensity","Total",318,30,188.2,184.200591193568,192.199408806432
"high_intensity","Total",319,30,183.133333333333,179.467188557844,186.799478108823
"high_intensity","Total",320,30,176.866666666667,172.668621668824,181.064711664509
"high_intensity","Total",321,30,169.066666666667,165.016447937552,173.116885395781
"high_intensity","Total",322,30,160.933333333333,157.169858681324,164.696807985342
"high_intensity","Total",323,30,190.466666666667,186.050933010003,194.88240032333
"high_intensity","Total",324,30,190.866666666667,186.910367918768,194.822965414566
"high_intensity","Total",325,30,187.233333333333,183.184598748139,191.282067918528
"high_intensity","Total",326,30,182.7,178.668561166938,186.731438833062
"high_intensity","Total",327,30,175.9,171.723062426931,180.076937573069
"high_intensity","Total",328,30,167.866666666667,163.625323697914,172.108009635419
"high_intensity","Total",329,30,158.9,154.676131643437,163.123868356563
"high_intensity","Total",330,30,187.633333333333,182.520509990275,192.746156676391
"high_intensity","Total",331,30,189.8,185.379188033939,194.220811966061
"high_intensity","Total",332,30,186.6,182.682946856058,190.517053143942
"high_intensity","Total",333,30,180.666666666667,176.849408452402,184.483924880932
"high_intensity","Total",334,30,173.766666666667,169.94770844646,177.585624886874
"high_intensity","Total",335,30,166.6,162.640218986161,170.559781013839
"high_intensity","Total",336,30,158.133333333333,154.110749546148,162.155917120518
"high_intensity","Total",337,30,185.966666666667,181.549027959864,190.38430537347
"high_intensity","Total",338,30,189.433333333333,184.80708292092,194.059583745747
"high_intensity","Total",339,30,185.633333333333,181.436720199915,189.829946466752
"high_intensity","Total",340,30,180.166666666667,176.086701666615,184.246631666719
"high_intensity","Total",341,30,172.633333333333,168.711516470694,176.555150195973
"high_intensity","Total",342,30,164.866666666667,161.097064790653,168.63626854268
"high_intensity","Total",343,30,156.8,152.918954026998,160.681045973002
"high_intensity","Total",344,30,186.066666666667,181.766556680484,190.36677665285
"high_intensity","Total",345,30,190.4,185.917409877843,194.882590122157
"high_intensity","Total",346,30,187.666666666667,183.774569434329,191.558763899004
"high_intensity","Total",347,30,182.933333333333,179.635596824116,186.231069842551
"high_intensity","Total",348,30,177.066666666667,173.495926126259,180.637407207074
"high_intensity","Total",349,30,169.733333333333,166.150494780503,173.316171886164
"high_intensity","Total",350,30,161.533333333333,157.830649740191,165.236016926476
"high_intensity","Total",351,30,190.633333333333,186.814626918104,194.452039748563
"high_intensity","Total",352,30,192.533333333333,188.459677880439,196.606988786228
"high_intensity","Total",353,30,189.333333333333,185.403127591693,193.263539074974
"high_intensity","Total",354,30,184.433333333333,181.031182425226,187.835484241441
"high_intensity","Total",355,30,177.966666666667,174.497621254332,181.435712079001
"high_intensity","Total",356,30,170.233333333333,166.736403326598,173.730263340069
"high_intensity","Total",357,30,162.966666666667,159.27601391956,166.657319413773
"high_intensity","Total",358,30,191.666666666667,187.210180865352,196.123152467982
"high_intensity","Total",359,30,193.633333333333,189.208082627118,198.058584039549
"high_intensity","Total",360,30,190.633333333333,186.325905938953,194.940760727713
"high_intensity","hold",1,30,0,0,0
"high_intensity","hold",2,30,0,0,0
"high_intensity","hold",3,30,0,0,0
"high_intensity","hold",4,30,0,0,0
"high_intensity","hold",5,30,0,0,0
"high_intensity","hold",6,30,0,0,0
"high_intensity","hold",7,30,0,0,0
"high_intensity","hold",8,30,29.6333333333333,27.7356938982185,31.5309727684482
"high_intensity","hold",9,30,40.9,38.178292228108,43.621707771892
"high_intensity","hold",10,30,49.2,46.8477559494413,51.5522440505587
"high_intensity","hold",11,30,53.0333333333333,51.0129779391766,55.0536887274901
"high_intensity","hold",12,30,55.2333333333333,53.3150302533811,57.1516364132856
"high_intensity","hold",13,30,56.3,54.4006721981335,58.1993278018665
"high_intensity","hold",14,30,57.4,55.6662281920028,59.1337718079972
"high_intensity","hold",15,30,70.1666666666667,67.1424929429987,73.1908403903346
"high_intensity","hold",16,30,76.2666666666667,72.6637550325093,79.869578300824
"high_intensity","hold",17,30,80.8666666666667,76.7753454990245,84.9579878343088
"high_intensity","hold",18,30,82.8666666666667,78.6766464119556,87.0566869213777
"high_intensity","hold",19,30,84.8,80.5635721648392,89.0364278351608
"high_intensity","hold",20,30,85.2666666666667,81.0489685772465,89.4843647560868
"high_intensity","hold",21,30,84.9,80.3941413229321,89.4058586770679
"high_intensity","hold",22,30,94.5,89.6782671331996,99.3217328668004
"high_intensity","hold",23,30,101.133333333333,96.3677849892498,105.898881677417
"high_intensity","hold",24,30,107.2,102.410633661974,111.989366338026
"high_intensity","hold",25,30,109.666666666667,105.366109458907,113.967223874427
"high_intensity","hold",26,30,111.266666666667,107.126050225497,115.407283107836
"high_intensity","hold",27,30,110.933333333333,106.916490857259,114.950175809408
"high_intensity","hold",28,30,109.833333333333,105.435766146533,114.230900520134
"high_intensity","hold",29,30,117.5,113.196741817215,121.803258182785
"high_intensity","hold",30,30,122.033333333333,117.756149856834,126.310516809832
"high_intensity","hold",31,30,125.366666666667,121.256878222952,129.476455110381
"high_intensity","hold",32,30,126.6,122.440075560316,130.759924439684
"high_intensity","hold",33,30,127.533333333333,123.507165384216,131.559501282451
"high_intensity","hold",34,30,125.433333333333,121.844126158694,129.022540507973
"high_intensity","hold",35,30,122.533333333333,119.344105501634,125.722561165032
"high_intensity","hold",36,30,130.333333333333,126.699329085363,133.967337581304
"high_intensity","hold",37,30,132.833333333333,128.787687511501,136.878979155166
"high_intensity","hold",38,30,135.433333333333,131.08458106117,139.782085605496
"high_intensity","hold",39,30,136.333333333333,132.11403960247,140.552627064197
"high_intensity","hold",40,30,136.133333333333,132.156428512968,140.110238153699
"high_intensity","hold",41,30,134.5,130.521866238179,138.478133761821
"high_intensity","hold",42,30,130.666666666667,126.993185052439,134.340148280894
"high_intensity","hold",43,30,137.2,133.343810475696,141.056189524304
"high_intensity","hold",44,30,139.133333333333,134.761370006384,143.505296660283
"high_intensity","hold",45,30,140.533333333333,136.074258976364,144.992407690303
"high_intensity","hold",46,30,140.7,136.73712396072,144.66287603928
"high_intensity","hold",47,30,140.833333333333,136.879040303428,144.787626363239
"high_intensity","hold",48,30,137.9,134.062621116053,141.737378883947
"high_intensity","hold",49,30,134.1,129.507476159428,138.692523840572
"high_intensity","hold",50,30,140.2,135.908321390684,144.491678609316
"high_intensity","hold",51,30,141.166666666667,136.868625685588,145.464707647745
"high_intensity","hold",52,30,143.6,139.487736032351,147.712263967649
"high_intensity","hold",53,30,142.966666666667,139.222982104103,146.710351229231
"high_intensity","hold",54,30,141.6,138.121105059121,145.078894940879
"high_intensity","hold",55,30,139,135.277545136859,142.722454863141
"high_intensity","hold",56,30,135.1,131.611788699601,138.588211300399
"high_intensity","hold",57,30,140.3,136.519678181253,144.080321818747
"high_intensity","hold",58,30,142.466666666667,139.266903201737,145.666430131597
"high_intensity","hold",59,30,142.8,138.864822459102,146.735177540898
"high_intensity","hold",60,30,141.9,137.873095701752,145.926904298248
"high_intensity","hold",61,30,139.933333333333,136.278747634778,143.587919031888
"high_intensity","hold",62,30,136.966666666667,133.038724768753,140.89460856458
"high_intensity","hold",63,30,132.666666666667,128.691454780938,136.641878552396
"high_intensity","hold",64,30,137.7,133.51754087448,141.88245912552
"high_intensity","hold",65,30,139.633333333333,135.657940027266,143.6087266394
"high_intensity","hold",66,30,139.2,135.337581366986,143.062418633014
"high_intensity","hold",67,30,139.466666666667,135.931380462046,143.001952871287
"high_intensity","hold",68,30,138.833333333333,135.060735299244,142.605931367422
"high_intensity","hold",69,30,135.966666666667,132.336435097446,139.596898235887
"high_intensity","hold",70,30,132.5,128.748275805388,136.251724194612
"high_intensity","hold",71,30,135.466666666667,131.984824601891,138.948508731443
"high_intensity","hold",72,30,137.7,134.263446128832,141.136553871168
"high_intensity","hold",73,30,138.1,134.198012146139,142.001987853861
"high_intensity","hold",74,30,138.9,135.219958222221,142.580041777779
"high_intensity","hold",75,30,139.366666666667,135.60376695343,143.129566379903
"high_intensity","hold",76,30,136.6,133.250666170331,139.949333829669
"high_intensity","hold",77,30,134.066666666667,130.761648340919,137.371684992414
"high_intensity","hold",78,30,137.8,134.38977972492,141.21022027508
"high_intensity","hold",79,30,139.3,136.122225188221,142.477774811779
"high_intensity","hold",80,30,140.8,137.695311886265,143.904688113735
"high_intensity","hold",81,30,141.333333333333,138.292907242801,144.373759423865
"high_intensity","hold",82,30,141.033333333333,138.368513824491,143.698152842176
"high_intensity","hold",83,30,137.6,134.870794760836,140.329205239164
"high_intensity","hold",84,30,133.233333333333,130.105066566001,136.361600100665
"high_intensity","hold",85,30,139.2,135.733843235085,142.666156764915
"high_intensity","hold",86,30,140.1,136.698320199531,143.501679800469
"high_intensity","hold",87,30,140.9,137.342186826282,144.457813173718
"high_intensity","hold",88,30,139.7,136.172315325855,143.227684674145
"high_intensity","hold",89,30,138.233333333333,134.769558624238,141.697108042429
"high_intensity","hold",90,30,136.3,132.791448301342,139.808551698658
"high_intensity","hold",91,30,131.166666666667,128.332911284285,134.000422049048
"high_intensity","hold",92,30,136.833333333333,133.624042462422,140.042624204244
"high_intensity","hold",93,30,140.333333333333,136.728553914652,143.938112752015
"high_intensity","hold",94,30,140.5,136.652110814773,144.347889185227
"high_intensity","hold",95,30,140.433333333333,136.529702900242,144.336963766425
"high_intensity","hold",96,30,138.266666666667,133.857252774844,142.67608055849
"high_intensity","hold",97,30,135.5,131.427505309289,139.572494690711
"high_intensity","hold",98,30,131.8,127.608067698783,135.991932301217
"high_intensity","hold",99,30,135.8,131.697334566556,139.902665433444
"high_intensity","hold",100,30,136.566666666667,132.424018657224,140.709314676109
"high_intensity","hold",101,30,137.033333333333,132.879326902577,141.18733976409
"high_intensity","hold",102,30,136.033333333333,132.09316992911,139.973496737557
"high_intensity","hold",103,30,134.733333333333,130.451150509642,139.015516157024
"high_intensity","hold",104,30,132.666666666667,128.668540390049,136.664792943284
"high_intensity","hold",105,30,128.5,124.648364086344,132.351635913656
"high_intensity","hold",106,30,133.033333333333,128.997921033343,137.068745633324
"high_intensity","hold",107,30,133.733333333333,130.428315007586,137.038351659081
"high_intensity","hold",108,30,134.233333333333,131.192353817546,137.274312849121
"high_intensity","hold",109,30,134.933333333333,132.036069876143,137.830596790524
"high_intensity","hold",110,30,134.466666666667,131.412986052259,137.520347281075
"high_intensity","hold",111,30,132.8,129.585744099565,136.014255900435
"high_intensity","hold",112,30,128.733333333333,125.731740394341,131.734926272325
"high_intensity","hold",113,30,133.866666666667,130.377927035605,137.355406297729
"high_intensity","hold",114,30,137.1,133.230181792988,140.969818207012
"high_intensity","hold",115,30,136.833333333333,133.190409378483,140.476257288184
"high_intensity","hold",116,30,137.266666666667,133.539134885416,140.994198447918
"high_intensity","hold",117,30,136.6,133.083987730981,140.116012269019
"high_intensity","hold",118,30,134.733333333333,130.532769439569,138.933897227098
"high_intensity","hold",119,30,132.3,127.719216670067,136.880783329933
"high_intensity","hold",120,30,138.4,133.117783210668,143.682216789332
"high_intensity","hold",121,30,141,135.819432123889,146.180567876111
"high_intensity","hold",122,30,142.133333333333,136.827382655038,147.439284011629
"high_intensity","hold",123,30,141.933333333333,136.516894926479,147.349771740187
"high_intensity","hold",124,30,141.7,136.616727344019,146.783272655981
"high_intensity","hold",125,30,138.7,133.999039134439,143.400960865561
"high_intensity","hold",126,30,135.166666666667,130.932868878272,139.400464455061
"high_intensity","hold",127,30,139.3,135.279309141954,143.320690858046
"high_intensity","hold",128,30,139.766666666667,135.641464564679,143.891868768654
"high_intensity","hold",129,30,140.9,136.763546549975,145.036453450025
"high_intensity","hold",130,30,141.9,137.795049954262,146.004950045738
"high_intensity","hold",131,30,141.266666666667,137.683828113836,144.849505219497
"high_intensity","hold",132,30,138.533333333333,134.841052505437,142.225614161229
"high_intensity","hold",133,30,136.166666666667,132.137693351084,140.195639982249
"high_intensity","hold",134,30,140.7,136.673334502932,144.726665497068
"high_intensity","hold",135,30,142.2,138.140927286441,146.259072713559
"high_intensity","hold",136,30,143.233333333333,138.592555702764,147.874110963903
"high_intensity","hold",137,30,143.466666666667,138.655931643461,148.277401689872
"high_intensity","hold",138,30,143.4,138.49732947815,148.30267052185
"high_intensity","hold",139,30,139.933333333333,135.464350069581,144.402316597085
"high_intensity","hold",140,30,135.066666666667,130.78560678322,139.347726550113
"high_intensity","hold",141,30,139.766666666667,135.381581188592,144.151752144741
"high_intensity","hold",142,30,141.233333333333,136.979595508014,145.487071158652
"high_intensity","hold",143,30,141.866666666667,137.620791701713,146.112541631621
"high_intensity","hold",144,30,143.2,139.118483678668,147.281516321332
"high_intensity","hold",145,30,141.733333333333,137.537350375055,145.929316291611
"high_intensity","hold",146,30,138.433333333333,134.230766850474,142.635899816193
"high_intensity","hold",147,30,134.833333333333,130.733383752025,138.933282914641
"high_intensity","hold",148,30,139.133333333333,135.600768184768,142.665898481899
"high_intensity","hold",149,30,141.166666666667,137.485666907531,144.847666425803
"high_intensity","hold",150,30,141.966666666667,138.256524102341,145.676809230992
"high_intensity","hold",151,30,141.866666666667,138.894369778407,144.838963554926
"high_intensity","hold",152,30,140.266666666667,137.35946326829,143.173870065043
"high_intensity","hold",153,30,138.433333333333,134.917207111189,141.949459555477
"high_intensity","hold",154,30,133.2,129.662447847497,136.737552152503
"high_intensity","hold",155,30,138.066666666667,134.262530263772,141.870803069562
"high_intensity","hold",156,30,139.4,136.261120629515,142.538879370485
"high_intensity","hold",157,30,138.866666666667,135.534411106405,142.198922226928
"high_intensity","hold",158,30,140.266666666667,136.937009281718,143.596324051616
"high_intensity","hold",159,30,138.8,135.217877227529,142.382122772471
"high_intensity","hold",160,30,136.6,133.190907816342,140.009092183658
"high_intensity","hold",161,30,133.6,130.560733793919,136.639266206081
"high_intensity","hold",162,30,137.666666666667,134.148284932642,141.185048400691
"high_intensity","hold",163,30,139.8,136.021904575578,143.578095424422
"high_intensity","hold",164,30,140.6,136.662135413694,144.537864586306
"high_intensity","hold",165,30,141.033333333333,136.646274698238,145.420391968429
"high_intensity","hold",166,30,138.533333333333,134.370943935613,142.695722731053
"high_intensity","hold",167,30,135.2,131.242891149353,139.157108850647
"high_intensity","hold",168,30,131.8,128.452389226518,135.147610773482
"high_intensity","hold",169,30,136,133.427877377804,138.572122622196
"high_intensity","hold",170,30,139.2,136.62526172254,141.77473827746
"high_intensity","hold",171,30,137.566666666667,134.486413972173,140.64691936116
"high_intensity","hold",172,30,139.2,136.188066451292,142.211933548708
"high_intensity","hold",173,30,139.2,135.879790111545,142.520209888455
"high_intensity","hold",174,30,137.666666666667,134.25372171004,141.079611623293
"high_intensity","hold",175,30,134.033333333333,130.89157047558,137.175096191087
"high_intensity","hold",176,30,139.866666666667,136.465858587376,143.267474745957
"high_intensity","hold",177,30,141.566666666667,138.473951881754,144.659381451579
"high_intensity","hold",178,30,142.5,139.192339917993,145.807660082007
"high_intensity","hold",179,30,143,139.173097464445,146.826902535555
"high_intensity","hold",180,30,140.333333333333,136.286202234884,144.380464431783
"high_intensity","hold",181,30,137.6,133.241400559902,141.958599440098
"high_intensity","hold",182,30,132.933333333333,129.192925163249,136.673741503418
"high_intensity","hold",183,30,138.066666666667,134.433191681157,141.700141652176
"high_intensity","hold",184,30,140.1,136.37580185524,143.82419814476
"high_intensity","hold",185,30,142.366666666667,138.273289465131,146.460043868202
"high_intensity","hold",186,30,143.833333333333,139.854796722523,147.811869944144
"high_intensity","hold",187,30,142.4,138.190669914599,146.609330085401
"high_intensity","hold",188,30,140.266666666667,136.224766162615,144.308567170718
"high_intensity","hold",189,30,136.5,132.465461526971,140.534538473029
"high_intensity","hold",190,30,141.4,137.286567011669,145.513432988331
"high_intensity","hold",191,30,142.633333333333,138.3091951642,146.957471502466
"high_intensity","hold",192,30,143.3,139.110649167734,147.489350832266
"high_intensity","hold",193,30,143.233333333333,139.274665501618,147.192001165048
"high_intensity","hold",194,30,140.6,136.601553052362,144.598446947638
"high_intensity","hold",195,30,137.566666666667,133.617727198534,141.515606134799
"high_intensity","hold",196,30,132.266666666667,128.351659814902,136.181673518431
"high_intensity","hold",197,30,136.633333333333,132.69805397698,140.568612689687
"high_intensity","hold",198,30,136.866666666667,132.809568613765,140.923764719569
"high_intensity","hold",199,30,137.1,132.696678358214,141.503321641786
"high_intensity","hold",200,30,139.066666666667,134.414248249615,143.719085083718
"high_intensity","hold",201,30,136.9,132.087649498831,141.712350501169
"high_intensity","hold",202,30,134.866666666667,130.10414601157,139.629187321763
"high_intensity","hold",203,30,131.866666666667,127.034989145293,136.698344188041
"high_intensity","hold",204,30,136.5,132.019394618468,140.980605381532
"high_intensity","hold",205,30,138.366666666667,134.255708498313,142.47762483502
"high_intensity","hold",206,30,138.966666666667,134.7346862677,143.198647065634
"high_intensity","hold",207,30,138.233333333333,134.111629274008,142.355037392659
"high_intensity","hold",208,30,137.533333333333,133.545562522594,141.521104144073
"high_intensity","hold",209,30,135.633333333333,131.631420771215,139.635245895452
"high_intensity","hold",210,30,133.233333333333,128.807865333807,137.65880133286
"high_intensity","hold",211,30,137.233333333333,132.08377897166,142.382887695006
"high_intensity","hold",212,30,139.1,134.116838045806,144.083161954194
"high_intensity","hold",213,30,141.2,137.181402364167,145.218597635833
"high_intensity","hold",214,30,140.633333333333,136.571793644024,144.694873022643
"high_intensity","hold",215,30,140.1,136.35777125773,143.84222874227
"high_intensity","hold",216,30,138.7,135.095465117077,142.304534882923
"high_intensity","hold",217,30,135.266666666667,131.857104399557,138.676228933777
"high_intensity","hold",218,30,140.833333333333,137.187770693556,144.478895973111
"high_intensity","hold",219,30,142.2,138.919121849691,145.480878150309
"high_intensity","hold",220,30,142.933333333333,139.675199846502,146.191466820164
"high_intensity","hold",221,30,142.933333333333,139.213548780288,146.653117886379
"high_intensity","hold",222,30,142.266666666667,138.267818916415,146.265514416919
"high_intensity","hold",223,30,140.5,136.890666355447,144.109333644553
"high_intensity","hold",224,30,137.433333333333,133.75154995667,141.115116709997
"high_intensity","hold",225,30,141.566666666667,137.793304037296,145.340029296037
"high_intensity","hold",226,30,141.933333333333,137.909315498289,145.957351168378
"high_intensity","hold",227,30,142.6,138.534772510027,146.665227489973
"high_intensity","hold",228,30,142.866666666667,138.886136553751,146.847196779582
"high_intensity","hold",229,30,141.466666666667,137.700893137355,145.232440195978
"high_intensity","hold",230,30,139.033333333333,135.144758370977,142.92190829569
"high_intensity","hold",231,30,134.233333333333,130.198874308504,138.267792358163
"high_intensity","hold",232,30,139.433333333333,135.437191780847,143.42947488582
"high_intensity","hold",233,30,141.466666666667,137.200457295867,145.732876037467
"high_intensity","hold",234,30,141.3,137.285292672351,145.314707327649
"high_intensity","hold",235,30,140.733333333333,136.872740863838,144.593925802829
"high_intensity","hold",236,30,140.633333333333,136.792030577341,144.474636089325
"high_intensity","hold",237,30,138.633333333333,135.113380430572,142.153286236094
"high_intensity","hold",238,30,134.666666666667,130.971001728163,138.36233160517
"high_intensity","hold",239,30,139.4,135.397947273879,143.402052726121
"high_intensity","hold",240,30,140.8,137.138229369738,144.461770630262
"high_intensity","hold",241,30,142.6,138.487736032351,146.712263967649
"high_intensity","hold",242,30,143.5,139.647115986533,147.352884013467
"high_intensity","hold",243,30,142.133333333333,138.164900408207,146.10176625846
"high_intensity","hold",244,30,138.833333333333,134.655551717466,143.011114949201
"high_intensity","hold",245,30,135.5,130.660351663988,140.339648336012
"high_intensity","hold",246,30,141.133333333333,136.244280639567,146.0223860271
"high_intensity","hold",247,30,142.3,137.729724754767,146.870275245233
"high_intensity","hold",248,30,142.7,138.121316357721,147.278683642279
"high_intensity","hold",249,30,142.833333333333,138.518545224639,147.148121442028
"high_intensity","hold",250,30,140.233333333333,135.80352170593,144.663144960736
"high_intensity","hold",251,30,137.366666666667,132.824531828554,141.908801504779
"high_intensity","hold",252,30,132.7,127.877868288534,137.522131711466
"high_intensity","hold",253,30,136.766666666667,132.741752811172,140.791580522161
"high_intensity","hold",254,30,139.2,135.04724764972,143.35275235028
"high_intensity","hold",255,30,140.066666666667,136.216050334617,143.917282998716
"high_intensity","hold",256,30,140.4,136.573600045383,144.226399954617
"high_intensity","hold",257,30,140.333333333333,136.591126004411,144.075540662256
"high_intensity","hold",258,30,137.333333333333,133.24954019047,141.417126476196
"high_intensity","hold",259,30,133.166666666667,129.093778460186,137.239554873147
"high_intensity","hold",260,30,136.133333333333,132.214889321105,140.051777345562
"high_intensity","hold",261,30,137.866666666667,133.273741524305,142.459591809028
"high_intensity","hold",262,30,137.133333333333,132.481121609288,141.785545057379
"high_intensity","hold",263,30,137.033333333333,132.812729348281,141.253937318386
"high_intensity","hold",264,30,136.166666666667,131.565008808279,140.768324525055
"high_intensity","hold",265,30,134.733333333333,130.399809802871,139.066856863795
"high_intensity","hold",266,30,130.8,126.679793232534,134.920206767466
"high_intensity","hold",267,30,135.866666666667,131.905509787412,139.827823545921
"high_intensity","hold",268,30,137.166666666667,133.168841042491,141.164492290842
"high_intensity","hold",269,30,138.733333333333,134.566095310414,142.900571356252
"high_intensity","hold",270,30,139.9,135.827977578411,143.972022421589
"high_intensity","hold",271,30,139.866666666667,135.8656552761,143.867678057233
"high_intensity","hold",272,30,138,134.056766815992,141.943233184008
"high_intensity","hold",273,30,135.033333333333,131.179534303572,138.887132363095
"high_intensity","hold",274,30,141.533333333333,137.431449255798,145.635217410868
"high_intensity","hold",275,30,143.266666666667,139.137678362701,147.395654970632
"high_intensity","hold",276,30,144.266666666667,139.751658379224,148.781674954109
"high_intensity","hold",277,30,143.7,139.282724096547,148.117275903453
"high_intensity","hold",278,30,142.866666666667,138.740240950312,146.993092383021
"high_intensity","hold",279,30,140.366666666667,136.681228611254,144.052104722079
"high_intensity","hold",280,30,136.466666666667,132.42976532489,140.503568008444
"high_intensity","hold",281,30,140.6,136.215005893292,144.984994106708
"high_intensity","hold",282,30,141.933333333333,137.551264116296,146.31540255037
"high_intensity","hold",283,30,142.333333333333,137.434848880252,147.231817786415
"high_intensity","hold",284,30,141.066666666667,136.073303821909,146.060029511424
"high_intensity","hold",285,30,139.566666666667,134.759981049366,144.373352283967
"high_intensity","hold",286,30,137.133333333333,132.107530548437,142.15913611823
"high_intensity","hold",287,30,134.033333333333,129.023100457264,139.043566209403
"high_intensity","hold",288,30,139.166666666667,134.327680683734,144.0056526496
"high_intensity","hold",289,30,140.133333333333,135.507030956829,144.759635709838
"high_intensity","hold",290,30,140.266666666667,135.987853547829,144.545479785504
"high_intensity","hold",291,30,139.866666666667,135.740240950312,143.993092383021
"high_intensity","hold",292,30,139.333333333333,134.946439094092,143.720227572575
"high_intensity","hold",293,30,137.6,133.106696727144,142.093303272856
"high_intensity","hold",294,30,133.866666666667,129.266419561091,138.466913772242
"high_intensity","hold",295,30,137.933333333333,133.528283182658,142.338383484008
"high_intensity","hold",296,30,140,135.554676585207,144.445323414793
"high_intensity","hold",297,30,142.3,138.341979981953,146.258020018047
"high_intensity","hold",298,30,142.033333333333,138.061570008519,146.005096658148
"high_intensity","hold",299,30,141.633333333333,137.807079977259,145.459586689408
"high_intensity","hold",300,30,138.6,134.917019751834,142.282980248166
"high_intensity","hold",301,30,134.033333333333,130.399130631812,137.667536034855
"high_intensity","hold",302,30,138.7,134.974769184424,142.425230815576
"high_intensity","hold",303,30,140.2,136.377623071813,144.022376928187
"high_intensity","hold",304,30,140.666666666667,136.376183219725,144.957150113608
"high_intensity","hold",305,30,140.766666666667,136.16229302074,145.371040312593
"high_intensity","hold",306,30,140.066666666667,135.819433045843,144.31390028749
"high_intensity","hold",307,30,138,133.48598572298,142.51401427702
"high_intensity","hold",308,30,134.2,129.482448387165,138.917551612835
"high_intensity","hold",309,30,140,134.97298558667,145.02701441333
"high_intensity","hold",310,30,141.766666666667,137.268996194583,146.26433713875
"high_intensity","hold",311,30,143.866666666667,139.079978121664,148.653355211669
"high_intensity","hold",312,30,144.433333333333,139.748218026281,149.118448640385
"high_intensity","hold",313,30,142.733333333333,138.152777423077,147.31388924359
"high_intensity","hold",314,30,140.6,136.152946382392,145.047053617608
"high_intensity","hold",315,30,137.866666666667,133.683537015828,142.049796317506
"high_intensity","hold",316,30,142.233333333333,138.409342495593,146.057324171074
"high_intensity","hold",317,30,143.366666666667,139.573225156835,147.160108176499
"high_intensity","hold",318,30,141.7,137.631757705056,145.768242294944
"high_intensity","hold",319,30,141.966666666667,138.09171645674,145.841616876593
"high_intensity","hold",320,30,140.933333333333,136.711077868189,145.155588798477
"high_intensity","hold",321,30,138.333333333333,134.120882321376,142.545784345291
"high_intensity","hold",322,30,135.233333333333,131.406828668911,139.059837997756
"high_intensity","hold",323,30,140.033333333333,136.189528072539,143.877138594128
"high_intensity","hold",324,30,140.9,137.102926866197,144.697073133803
"high_intensity","hold",325,30,140.7,136.746841968271,144.653158031729
"high_intensity","hold",326,30,141.333333333333,137.320802231635,145.345864435032
"high_intensity","hold",327,30,140.2,135.645268430329,144.754731569671
"high_intensity","hold",328,30,137.333333333333,132.825358824688,141.841307841979
"high_intensity","hold",329,30,132.666666666667,128.174718979672,137.158614353662
"high_intensity","hold",330,30,137.433333333333,132.945294163862,141.921372502805
"high_intensity","hold",331,30,138.833333333333,134.466486772445,143.200179894222
"high_intensity","hold",332,30,140.033333333333,136.091949862794,143.974716803873
"high_intensity","hold",333,30,139.4,135.571087800379,143.228912199621
"high_intensity","hold",334,30,138.333333333333,134.330399688715,142.336266977952
"high_intensity","hold",335,30,135.933333333333,131.847656883898,140.019009782769
"high_intensity","hold",336,30,132.133333333333,127.990627293722,136.276039372945
"high_intensity","hold",337,30,136.333333333333,131.827492440572,140.839174226094
"high_intensity","hold",338,30,138.966666666667,134.177216671733,143.7561166616
"high_intensity","hold",339,30,139.1,135.141737039403,143.058262960597
"high_intensity","hold",340,30,139,134.648687161999,143.351312838001
"high_intensity","hold",341,30,137.2,133.039151029925,141.360848970075
"high_intensity","hold",342,30,134.533333333333,130.860637107922,138.206029558744
"high_intensity","hold",343,30,131.166666666667,127.401723125569,134.931610207764
"high_intensity","hold",344,30,135.6,131.51236269557,139.68763730443
"high_intensity","hold",345,30,139.1,135.08625086499,143.11374913501
"high_intensity","hold",346,30,141.233333333333,137.865270601599,144.601396065068
"high_intensity","hold",347,30,141.9,138.923473385904,144.876526614096
"high_intensity","hold",348,30,141.566666666667,138.005701637995,145.127631695339
"high_intensity","hold",349,30,139.433333333333,135.806812077562,143.059854589104
"high_intensity","hold",350,30,136.166666666667,132.271173771912,140.062159561421
"high_intensity","hold",351,30,142.566666666667,138.82657986602,146.306753467313
"high_intensity","hold",352,30,143.466666666667,139.8520307057,147.081302627633
"high_intensity","hold",353,30,143.5,139.459507364237,147.540492635763
"high_intensity","hold",354,30,142.8,139.067999372845,146.532000627155
"high_intensity","hold",355,30,141.4,137.479266221478,145.320733778522
"high_intensity","hold",356,30,139.3,135.116391468301,143.483608531699
"high_intensity","hold",357,30,136.966666666667,132.748341646126,141.184991687208
"high_intensity","hold",358,30,140.966666666667,136.588384424864,145.34494890847
"high_intensity","hold",359,30,142.933333333333,138.322437896119,147.544228770548
"high_intensity","hold",360,30,143.733333333333,138.94042122398,148.526245442687
"high_intensity","icu",1,30,0,0,0
"high_intensity","icu",2,30,0,0,0
"high_intensity","icu",3,30,0,0,0
"high_intensity","icu",4,30,0,0,0
"high_intensity","icu",5,30,0,0,0
"high_intensity","icu",6,30,0,0,0
"high_intensity","icu",7,30,0,0,0
"high_intensity","icu",8,30,18.4,17.4164500053854,19.3835499946146
"high_intensity","icu",9,30,27.3333333333333,25.7270033612933,28.9396633053734
"high_intensity","icu",10,30,33.2,32.6003011015848,33.7996988984152
"high_intensity","icu",11,30,31.4666666666667,30.6419409966665,32.2913923366668
"high_intensity","icu",12,30,28.8333333333333,27.8377177701137,29.8289488965529
"high_intensity","icu",13,30,25.9333333333333,24.9384424105452,26.9282242561214
"high_intensity","icu",14,30,22.7,21.5899136684263,23.8100863315737
"high_intensity","icu",15,30,50.0666666666667,47.8328206446754,52.3005126886579
"high_intensity","icu",16,30,50.3333333333333,48.6567057015343,52.0099609651323
"high_intensity","icu",17,30,47.3,45.8123425564812,48.7876574435188
"high_intensity","icu",18,30,42.0666666666667,40.4645326007189,43.6688007326145
"high_intensity","icu",19,30,36.4666666666667,34.9771251236603,37.9562082096731
"high_intensity","icu",20,30,30.7666666666667,29.4892956922059,32.0440376411274
"high_intensity","icu",21,30,26.6333333333333,25.5046345074252,27.7620321592414
"high_intensity","icu",22,30,50.9,49.2033702373345,52.5966297626655
"high_intensity","icu",23,30,49.4,48.0145919128153,50.7854080871847
"high_intensity","icu",24,30,46.8,45.6589444645281,47.9410555354719
"high_intensity","icu",25,30,41.6666666666667,40.3102510888065,43.0230822445268
"high_intensity","icu",26,30,35.8666666666667,34.4773309575795,37.2560023757538
"high_intensity","icu",27,30,30.8,29.3508152107467,32.2491847892533
"high_intensity","icu",28,30,25.8333333333333,24.5247267884858,27.1419398781809
"high_intensity","icu",29,30,51.7666666666667,50.100538886536,53.4327944467974
"high_intensity","icu",30,30,50.7,49.0296451691778,52.3703548308222
"high_intensity","icu",31,30,47.9333333333333,46.6216074863673,49.2450591802994
"high_intensity","icu",32,30,43.1,41.8466942868496,44.3533057131504
"high_intensity","icu",33,30,37.3,35.8920438811457,38.7079561188543
"high_intensity","icu",34,30,32.5333333333333,31.1684371308603,33.8982295358064
"high_intensity","icu",35,30,28.0666666666667,26.8034894940499,29.3298438392834
"high_intensity","icu",36,30,54.7,52.9236290827849,56.4763709172151
"high_intensity","icu",37,30,53.2,51.7147684820669,54.6852315179331
"high_intensity","icu",38,30,48.9333333333333,47.6034067387807,50.263259927886
"high_intensity","icu",39,30,42.6333333333333,41.0598142606512,44.2068524060154
"high_intensity","icu",40,30,35.7,34.0763531470505,37.3236468529495
"high_intensity","icu",41,30,30,28.4036784118247,31.5963215881753
"high_intensity","icu",42,30,25.4,23.8980293234775,26.9019706765225
"high_intensity","icu",43,30,52.4,50.2637045430207,54.5362954569793
"high_intensity","icu",44,30,50.7,49.1615004624585,52.2384995375415
"high_intensity","icu",45,30,46.8333333333333,45.5582227497059,48.1084439169608
"high_intensity","icu",46,30,41.8666666666667,40.4296983821929,43.3036349511404
"high_intensity","icu",47,30,35.9,34.4509811067795,37.3490188932205
"high_intensity","icu",48,30,30.5,29.2036984444126,31.7963015555874
"high_intensity","icu",49,30,25.6666666666667,24.1816509783529,27.1516823549804
"high_intensity","icu",50,30,51.4333333333333,49.3149302709332,53.5517363957335
"high_intensity","icu",51,30,50.2666666666667,48.5998176086568,51.9335157246765
"high_intensity","icu",52,30,46.0666666666667,44.6975498508481,47.4357834824853
"high_intensity","icu",53,30,41.7333333333333,40.259366861186,43.2072998054806
"high_intensity","icu",54,30,36.3666666666667,34.3510764555924,38.382256877741
"high_intensity","icu",55,30,30.7666666666667,28.6189609924727,32.9143723408606
"high_intensity","icu",56,30,26.3333333333333,24.5110466549298,28.1556200117368
"high_intensity","icu",57,30,51.2666666666667,48.5992322759074,53.9341010574259
"high_intensity","icu",58,30,50.1666666666667,48.4315550217559,51.9017783115774
"high_intensity","icu",59,30,46.5,45.2148736663508,47.7851263336492
"high_intensity","icu",60,30,41.6666666666667,40.3571419087171,42.9761914246162
"high_intensity","icu",61,30,36.3333333333333,34.8226382372212,37.8440284294455
"high_intensity","icu",62,30,31.2666666666667,29.5319707224661,33.0013626108673
"high_intensity","icu",63,30,26,24.6341647563409,27.3658352436591
"high_intensity","icu",64,30,50.1,48.2282112318811,51.9717887681189
"high_intensity","icu",65,30,49.8,48.1726558091732,51.4273441908268
"high_intensity","icu",66,30,46.8,45.1726558091732,48.4273441908268
"high_intensity","icu",67,30,42.2666666666667,41.1445899204842,43.3887434128491
"high_intensity","icu",68,30,36.1333333333333,34.7790462094391,37.4876204572276
"high_intensity","icu",69,30,30.8333333333333,29.5210577909727,32.1456088756939
"high_intensity","icu",70,30,25.3666666666667,24.0311482047272,26.7021851286061
"high_intensity","icu",71,30,50.6666666666667,48.2401046190608,53.0932287142725
"high_intensity","icu",72,30,51.2333333333333,49.7667246129074,52.6999420537593
"high_intensity","icu",73,30,47.7666666666667,46.3198615382302,49.2134717951032
"high_intensity","icu",74,30,42.6,41.3191833534422,43.8808166465578
"high_intensity","icu",75,30,36.1666666666667,34.9143843736834,37.4189489596499
"high_intensity","icu",76,30,31.5,30.1707363648405,32.8292636351595
"high_intensity","icu",77,30,26.3333333333333,25.0994229255302,27.5672437411364
"high_intensity","icu",78,30,51.4666666666667,49.4938717650195,53.4394615683139
"high_intensity","icu",79,30,50.9666666666667,49.503997214262,52.4293361190713
"high_intensity","icu",80,30,47.6333333333333,46.3306186779149,48.9360479887518
"high_intensity","icu",81,30,42.1,40.8936074054038,43.3063925945962
"high_intensity","icu",82,30,35.7666666666667,34.5352916270967,36.9980417062366
"high_intensity","icu",83,30,30.8666666666667,29.6587472863232,32.0745860470102
"high_intensity","icu",84,30,26.2666666666667,25.057951468044,27.4753818652893
"high_intensity","icu",85,30,52.2,50.1585351648186,54.2414648351815
"high_intensity","icu",86,30,51.8666666666667,50.4465266026998,53.2868067306336
"high_intensity","icu",87,30,47,45.3272002901626,48.6727997098374
"high_intensity","icu",88,30,41.9333333333333,40.4017768249104,43.4648898417562
"high_intensity","icu",89,30,35.0666666666667,33.5382526754219,36.5950806579114
"high_intensity","icu",90,30,29.6333333333333,27.9939692831565,31.2726973835102
"high_intensity","icu",91,30,25.8333333333333,24.4813558159401,27.1853108507266
"high_intensity","icu",92,30,51.0666666666667,48.7400441180349,53.3932892152985
"high_intensity","icu",93,30,50.8,49.3508152107467,52.2491847892533
"high_intensity","icu",94,30,46.8,45.4468967972376,48.1531032027623
"high_intensity","icu",95,30,41.0333333333333,39.7718701491765,42.2947965174902
"high_intensity","icu",96,30,35.3666666666667,33.8844055607352,36.8489277725981
"high_intensity","icu",97,30,30.2333333333333,28.872140902715,31.5945257639516
"high_intensity","icu",98,30,25.7333333333333,24.2239118317397,27.242754834927
"high_intensity","icu",99,30,51.0333333333333,48.2920286369006,53.774638029766
"high_intensity","icu",100,30,50.0333333333333,48.2888257082916,51.777840958375
"high_intensity","icu",101,30,45.9,44.5830917350727,47.2169082649272
"high_intensity","icu",102,30,41.3,39.8988902923399,42.7011097076601
"high_intensity","icu",103,30,35.9,34.5189368024192,37.2810631975807
"high_intensity","icu",104,30,30.9333333333333,29.5642165175147,32.3024501491519
"high_intensity","icu",105,30,25.7333333333333,24.292355518648,27.1743111480187
"high_intensity","icu",106,30,49.7,47.2403429907081,52.1596570092919
"high_intensity","icu",107,30,50.1,48.420459440084,51.779540559916
"high_intensity","icu",108,30,46.3666666666667,44.827125772882,47.9062075604514
"high_intensity","icu",109,30,41.8333333333333,40.2247600566471,43.4419066100196
"high_intensity","icu",110,30,36,34.3946680584831,37.6053319415169
"high_intensity","icu",111,30,30.5666666666667,29.177504000867,31.9558293324664
"high_intensity","icu",112,30,26.1333333333333,24.7719643041331,27.4947023625335
"high_intensity","icu",113,30,48.6666666666667,46.1988458510605,51.1344874822729
"high_intensity","icu",114,30,49.5666666666667,47.623461375105,51.5098719582284
"high_intensity","icu",115,30,46.8,45.5274686406977,48.0725313593023
"high_intensity","icu",116,30,41.9,40.7259237616674,43.0740762383326
"high_intensity","icu",117,30,36.4333333333333,35.1335746382079,37.7330920284588
"high_intensity","icu",118,30,30.9,29.7718692872906,32.0281307127094
"high_intensity","icu",119,30,25.7,24.2784499755342,27.1215500244658
"high_intensity","icu",120,30,49.3,46.3974033971709,52.2025966028291
"high_intensity","icu",121,30,50.9333333333333,49.1521421065291,52.7145245601376
"high_intensity","icu",122,30,47.1666666666667,45.5821857082484,48.7511476250849
"high_intensity","icu",123,30,42.3333333333333,40.6740008902851,43.9926657763816
"high_intensity","icu",124,30,36.6666666666667,34.8952196448936,38.4381136884397
"high_intensity","icu",125,30,31.3666666666667,29.8023411754358,32.9309921578975
"high_intensity","icu",126,30,27.0666666666667,25.4585418005601,28.6747915327732
"high_intensity","icu",127,30,52.2333333333333,50.1515611611138,54.3151055055529
"high_intensity","icu",128,30,52.4,51.0355735604741,53.7644264395259
"high_intensity","icu",129,30,48.3333333333333,46.948851011763,49.7178156549037
"high_intensity","icu",130,30,41.9,40.4084692825527,43.3915307174473
"high_intensity","icu",131,30,36.6333333333333,35.1063355847444,38.1603310819223
"high_intensity","icu",132,30,31.2666666666667,29.7071124267533,32.82622090658
"high_intensity","icu",133,30,25.7,24.3620836216635,27.0379163783365
"high_intensity","icu",134,30,51.1,49.0610095971463,53.1389904028537
"high_intensity","icu",135,30,51.2333333333333,49.8935017118177,52.5731649548489
"high_intensity","icu",136,30,47.3,45.6674936040945,48.9325063959055
"high_intensity","icu",137,30,41.5333333333333,39.9468812180778,43.1197854485889
"high_intensity","icu",138,30,35.1666666666667,33.7555269233545,36.5778064099788
"high_intensity","icu",139,30,30.0666666666667,28.5829466153787,31.5503867179547
"high_intensity","icu",140,30,25.4666666666667,24.1266556314486,26.8066777018847
"high_intensity","icu",141,30,48.8666666666667,46.4039165875268,51.3294167458065
"high_intensity","icu",142,30,49.9666666666667,48.2276799404066,51.7056533929268
"high_intensity","icu",143,30,45.4,44.0821793063172,46.7178206936828
"high_intensity","icu",144,30,39.8666666666667,38.7284236953327,41.0049096380006
"high_intensity","icu",145,30,34.3333333333333,33.0497668088931,35.6168998577736
"high_intensity","icu",146,30,29.4333333333333,28.2336015261378,30.6330651405289
"high_intensity","icu",147,30,25.2333333333333,23.9522039033948,26.5144627632719
"high_intensity","icu",148,30,50.8333333333333,48.7761883038051,52.8904783628616
"high_intensity","icu",149,30,50.8666666666667,49.5159344192964,52.2173989140369
"high_intensity","icu",150,30,46.7,45.5024074688757,47.8975925311243
"high_intensity","icu",151,30,40.7333333333333,39.6684163900252,41.7982502766414
"high_intensity","icu",152,30,35.4666666666667,34.4583349871813,36.4749983461521
"high_intensity","icu",153,30,30.1666666666667,29.0525452163379,31.2807881169954
"high_intensity","icu",154,30,26.0666666666667,24.7958997371552,27.3374335961781
"high_intensity","icu",155,30,50.6333333333333,48.5987493518134,52.6679173148533
"high_intensity","icu",156,30,50.9333333333333,49.5747926361963,52.2918740304704
"high_intensity","icu",157,30,47.6333333333333,46.3604871546602,48.9061795120065
"high_intensity","icu",158,30,42.2333333333333,40.9335746382079,43.5330920284588
"high_intensity","icu",159,30,36.4,34.9108888981362,37.8891111018637
"high_intensity","icu",160,30,30.8,29.2954705981532,32.3045294018468
"high_intensity","icu",161,30,25.8666666666667,24.5928764967298,27.1404568366035
"high_intensity","icu",162,30,51.3666666666667,49.543984264336,53.1893490689973
"high_intensity","icu",163,30,51.7666666666667,50.1355352613518,53.3977980719815
"high_intensity","icu",164,30,47.2,45.8829091987541,48.5170908012459
"high_intensity","icu",165,30,41.2666666666667,40.2338375292362,42.2994958040971
"high_intensity","icu",166,30,36,35.009629864288,36.990370135712
"high_intensity","icu",167,30,31.1,29.9718692872906,32.2281307127094
"high_intensity","icu",168,30,26.5666666666667,25.4035620624038,27.7297712709295
"high_intensity","icu",169,30,49.7333333333333,47.2104069650196,52.256259701647
"high_intensity","icu",170,30,51,49.3561938159768,52.6438061840232
"high_intensity","icu",171,30,48.4666666666667,47.1816026890346,49.7517306442987
"high_intensity","icu",172,30,42.9333333333333,41.6252780257339,44.2413886409327
"high_intensity","icu",173,30,37.1666666666667,36.0354148620174,38.2979184713159
"high_intensity","icu",174,30,31.3333333333333,29.9804670391262,32.6861996275405
"high_intensity","icu",175,30,26.5333333333333,25.4558487980604,27.6108178686063
"high_intensity","icu",176,30,51.4666666666667,49.6486064029485,53.2847269303848
"high_intensity","icu",177,30,50.7,49.3985161788089,52.0014838211911
"high_intensity","icu",178,30,47.0666666666667,45.8780067564813,48.255326576852
"high_intensity","icu",179,30,40.8,39.3245120697606,42.2754879302394
"high_intensity","icu",180,30,35.8333333333333,34.1980804246956,37.4685862419711
"high_intensity","icu",181,30,30.4333333333333,28.8776375356573,31.9890291310094
"high_intensity","icu",182,30,25.8666666666667,24.4397714984768,27.2935618348566
"high_intensity","icu",183,30,50.7,48.1463561159602,53.2536438840398
"high_intensity","icu",184,30,50.1333333333333,48.3662343165341,51.9004323501326
"high_intensity","icu",185,30,46,44.4619693027978,47.5380306972022
"high_intensity","icu",186,30,40,38.3708840675589,41.6291159324411
"high_intensity","icu",187,30,34.8,33.2795761214974,36.3204238785026
"high_intensity","icu",188,30,29.2666666666667,27.9152226959236,30.6181106374097
"high_intensity","icu",189,30,24.2333333333333,23.133982537382,25.3326841292847
"high_intensity","icu",190,30,49.1,46.5141747050343,51.6858252949657
"high_intensity","icu",191,30,49.2333333333333,47.436688058623,51.0299786080436
"high_intensity","icu",192,30,46.1666666666667,45.0143599823062,47.3189733510271
"high_intensity","icu",193,30,40.4666666666667,39.196656671758,41.7366766615753
"high_intensity","icu",194,30,34.6666666666667,33.417267237371,35.9160660959624
"high_intensity","icu",195,30,29.4666666666667,28.200448132089,30.7328852012443
"high_intensity","icu",196,30,25.3666666666667,24.0713545599826,26.6619787733507
"high_intensity","icu",197,30,49.6666666666667,47.1910649989142,52.1422683344191
"high_intensity","icu",198,30,49.4333333333333,47.5555605705114,51.3111060961552
"high_intensity","icu",199,30,46.3333333333333,44.9769177554732,47.6897489111935
"high_intensity","icu",200,30,40.7,39.3948271583112,42.0051728416888
"high_intensity","icu",201,30,35.1333333333333,33.6437917903269,36.6228748763397
"high_intensity","icu",202,30,30.0666666666667,28.6058062621192,31.5275270712142
"high_intensity","icu",203,30,25.2666666666667,23.6948290584287,26.8385042749047
"high_intensity","icu",204,30,49.3333333333333,47.3062069073798,51.3604597592868
"high_intensity","icu",205,30,50.4666666666667,48.4338558120954,52.4994775212379
"high_intensity","icu",206,30,46.3333333333333,44.6973455345789,47.9693211320877
"high_intensity","icu",207,30,41.6333333333333,40.0659373232662,43.2007293434005
"high_intensity","icu",208,30,37.1,35.7794458026671,38.4205541973329
"high_intensity","icu",209,30,32.1,30.6377688991306,33.5622311008694
"high_intensity","icu",210,30,26.9666666666667,25.4974376352636,28.4358956980697
"high_intensity","icu",211,30,49.6333333333333,47.5451043696812,51.7215622969854
"high_intensity","icu",212,30,50.3666666666667,48.9007137558071,51.8326195775262
"high_intensity","icu",213,30,46.8333333333333,45.4052593070817,48.261407359585
"high_intensity","icu",214,30,42.4666666666667,41.1374633169393,43.795870016394
"high_intensity","icu",215,30,36.9666666666667,35.7052034825098,38.2281298508235
"high_intensity","icu",216,30,31.8666666666667,30.6627342684193,33.070599064914
"high_intensity","icu",217,30,27.3333333333333,26.139023994893,28.5276426717737
"high_intensity","icu",218,30,50.8666666666667,48.5633053894522,53.1700279438811
"high_intensity","icu",219,30,50.6333333333333,48.8915839702019,52.3750826964648
"high_intensity","icu",220,30,47,45.8862382337647,48.1137617662353
"high_intensity","icu",221,30,41.9666666666667,40.7920445367605,43.1412887965728
"high_intensity","icu",222,30,36.9,35.4777736909933,38.3222263090067
"high_intensity","icu",223,30,31.6333333333333,29.8641948586605,33.4024718080062
"high_intensity","icu",224,30,26.6333333333333,24.976465641521,28.2902010251457
"high_intensity","icu",225,30,49.6,46.9116188866338,52.2883811133662
"high_intensity","icu",226,30,50.3333333333333,48.1355066144376,52.531160052229
"high_intensity","icu",227,30,46,43.9221192461797,48.0778807538203
"high_intensity","icu",228,30,41.0666666666667,39.5445571735904,42.5887761597429
"high_intensity","icu",229,30,36.1,34.2154116519103,37.9845883480897
"high_intensity","icu",230,30,30.2666666666667,28.4218288897654,32.1115044435679
"high_intensity","icu",231,30,25.4,23.6606907399988,27.1393092600012
"high_intensity","icu",232,30,49.4333333333333,46.9492976531811,51.9173690134856
"high_intensity","icu",233,30,49.7333333333333,48.0578531598404,51.4088135068263
"high_intensity","icu",234,30,47.1333333333333,45.6698423256867,48.59682434098
"high_intensity","icu",235,30,42.0333333333333,40.484451739016,43.5822149276507
"high_intensity","icu",236,30,36.0333333333333,34.2080149639452,37.8586517027215
"high_intensity","icu",237,30,30.7666666666667,28.9224805533318,32.6108527800015
"high_intensity","icu",238,30,25.9666666666667,24.1100085753788,27.8233247579545
"high_intensity","icu",239,30,50,48.0338779377461,51.9661220622539
"high_intensity","icu",240,30,51.2,49.351343757155,53.048656242845
"high_intensity","icu",241,30,47.5666666666667,45.7753815906894,49.357951742644
"high_intensity","icu",242,30,41.9,40.4377688991306,43.3622311008694
"high_intensity","icu",243,30,36.1666666666667,34.7453421418889,37.5879911914445
"high_intensity","icu",244,30,31.1666666666667,29.6824606189519,32.6508727143814
"high_intensity","icu",245,30,26.2,24.8292453441169,27.5707546558831
"high_intensity","icu",246,30,49.1333333333333,46.9654623611126,51.301204305554
"high_intensity","icu",247,30,49.6666666666667,47.7317679168292,51.6015654165041
"high_intensity","icu",248,30,46.2,44.4667829102406,47.9332170897594
"high_intensity","icu",249,30,40.6666666666667,39.0905524955245,42.2427808378089
"high_intensity","icu",250,30,35.5,33.9014210622339,37.0985789377661
"high_intensity","icu",251,30,30.7,29.424638063998,31.975361936002
"high_intensity","icu",252,30,25.6333333333333,24.2039132311945,27.0627534354722
"high_intensity","icu",253,30,49.6,47.8857501310525,51.3142498689475
"high_intensity","icu",254,30,50.6,49.2640615919893,51.9359384080107
"high_intensity","icu",255,30,46.8666666666667,45.7540566709217,47.9792766624116
"high_intensity","icu",256,30,40.8333333333333,39.7106140336852,41.9560526329815
"high_intensity","icu",257,30,34.6666666666667,33.3138003724595,36.0195329608738
"high_intensity","icu",258,30,29.4666666666667,27.8591398759045,31.0741934574289
"high_intensity","icu",259,30,24.6666666666667,23.3138003724595,26.0195329608738
"high_intensity","icu",260,30,48.9,46.6395870202416,51.1604129797583
"high_intensity","icu",261,30,50.4,48.5482254143547,52.2517745856453
"high_intensity","icu",262,30,46.9666666666667,45.6565912897658,48.2767420435675
"high_intensity","icu",263,30,41.6,40.3229427294597,42.8770572705403
"high_intensity","icu",264,30,35.5333333333333,34.1933222981153,36.8733443685514
"high_intensity","icu",265,30,30.2666666666667,28.8492376584282,31.6840956749052
"high_intensity","icu",266,30,25.7333333333333,24.1706991992214,27.2959674674452
"high_intensity","icu",267,30,49.1666666666667,46.9519508016614,51.3813825316719
"high_intensity","icu",268,30,50.0666666666667,48.3458848764543,51.787448456879
"high_intensity","icu",269,30,46.9,45.5721839706445,48.2278160293555
"high_intensity","icu",270,30,41.9666666666667,40.8168662105414,43.1164671227919
"high_intensity","icu",271,30,35.4,34.2665544047978,36.5334455952022
"high_intensity","icu",272,30,30.5,29.1599291655524,31.8400708344476
"high_intensity","icu",273,30,25.8333333333333,24.4672047716758,27.1994618949908
"high_intensity","icu",274,30,49.4,46.9908043766771,51.8091956233229
"high_intensity","icu",275,30,50.5666666666667,48.9894851666718,52.1438481666616
"high_intensity","icu",276,30,46.7,45.6073758083828,47.7926241916172
"high_intensity","icu",277,30,40.9666666666667,39.8725766517561,42.0607566815773
"high_intensity","icu",278,30,34.9666666666667,33.6311482047272,36.3021851286062
"high_intensity","icu",279,30,29.4333333333333,28.0545930088081,30.8120736578586
"high_intensity","icu",280,30,25.2666666666667,23.8870548064186,26.6462785269147
"high_intensity","icu",281,30,49.1333333333333,46.6842874204758,51.5823792461909
"high_intensity","icu",282,30,49.8,47.5608511570344,52.0391488429656
"high_intensity","icu",283,30,46.9,45.2522499024597,48.5477500975403
"high_intensity","icu",284,30,41.6666666666667,40.1089632862647,43.2243700470687
"high_intensity","icu",285,30,36.3,34.6325260868633,37.9674739131367
"high_intensity","icu",286,30,30.9333333333333,29.0755102867593,32.7911563799073
"high_intensity","icu",287,30,26.4333333333333,24.8561518333384,28.0105148333282
"high_intensity","icu",288,30,49.1,46.8459771941082,51.3540228058918
"high_intensity","icu",289,30,49.3666666666667,47.796206141141,50.9371271921923
"high_intensity","icu",290,30,46,44.811070460706,47.188929539294
"high_intensity","icu",291,30,41.7333333333333,40.5246181347107,42.942048531956
"high_intensity","icu",292,30,36.0666666666667,34.8149604152481,37.3183729180853
"high_intensity","icu",293,30,30.3,29.0629114949998,31.5370885050002
"high_intensity","icu",294,30,25.2333333333333,24.1560719336446,26.3105947330221
"high_intensity","icu",295,30,49.7,47.7930930467056,51.6069069532945
"high_intensity","icu",296,30,50.5666666666667,49.1809694045665,51.9523639287668
"high_intensity","icu",297,30,46.1666666666667,44.9337307834919,47.3996025498414
"high_intensity","icu",298,30,41.7,40.4707091680632,42.9292908319368
"high_intensity","icu",299,30,35.4333333333333,34.0201507615928,36.8465159050738
"high_intensity","icu",300,30,30.6666666666667,29.2044903689793,32.128842964354
"high_intensity","icu",301,30,25.5666666666667,24.1231885512073,27.0101447821261
"high_intensity","icu",302,30,49.4666666666667,47.1035463863364,51.829786946997
"high_intensity","icu",303,30,49.9666666666667,48.165210849588,51.7681224837454
"high_intensity","icu",304,30,47.3,45.7835341223766,48.8164658776234
"high_intensity","icu",305,30,41.4666666666667,39.8862875051111,43.0470458282222
"high_intensity","icu",306,30,36,34.3649921281372,37.6350078718628
"high_intensity","icu",307,30,30.9,29.1669216175426,32.6330783824574
"high_intensity","icu",308,30,25.8333333333333,24.0329454148717,27.633721251795
"high_intensity","icu",309,30,48.6333333333333,46.1847782735442,51.0818883931225
"high_intensity","icu",310,30,49.6333333333333,47.8805769659484,51.3860897007182
"high_intensity","icu",311,30,46.7666666666667,45.3809694045665,48.1523639287668
"high_intensity","icu",312,30,41.8333333333333,40.4324524156335,43.2342142510331
"high_intensity","icu",313,30,36.6,35.1701875311022,38.0298124688978
"high_intensity","icu",314,30,30.8666666666667,29.3515224203254,32.381810913008
"high_intensity","icu",315,30,26.1,24.681158337174,27.518841662826
"high_intensity","icu",316,30,49.7666666666667,47.5398267492228,51.9935065841106
"high_intensity","icu",317,30,49.9,48.220459440084,51.579540559916
"high_intensity","icu",318,30,46.5,44.8598540435961,48.1401459564039
"high_intensity","icu",319,30,41.1666666666667,39.7119077507861,42.6214255825472
"high_intensity","icu",320,30,35.9333333333333,34.3222214207555,37.5444452459111
"high_intensity","icu",321,30,30.7333333333333,29.1462752008218,32.3203914658448
"high_intensity","icu",322,30,25.7,24.354915521188,27.045084478812
"high_intensity","icu",323,30,50.4333333333333,47.8487479153515,53.0179187513152
"high_intensity","icu",324,30,49.9666666666667,48.396206141141,51.5371271921924
"high_intensity","icu",325,30,46.5333333333333,45.3783177052007,47.688348961466
"high_intensity","icu",326,30,41.3666666666667,40.2210554415794,42.5122778917539
"high_intensity","icu",327,30,35.7,34.4284135664679,36.9715864335321
"high_intensity","icu",328,30,30.5333333333333,29.278557916086,31.7881087505807
"high_intensity","icu",329,30,26.2333333333333,24.868613273016,27.5980533936506
"high_intensity","icu",330,30,50.2,48.1397799262793,52.2602200737207
"high_intensity","icu",331,30,50.9666666666667,49.4177850723493,52.515548260984
"high_intensity","icu",332,30,46.5666666666667,45.1879263421414,47.9454069911919
"high_intensity","icu",333,30,41.2666666666667,39.8526337874393,42.680699545894
"high_intensity","icu",334,30,35.4333333333333,33.793382818536,37.0732838481307
"high_intensity","icu",335,30,30.6666666666667,28.9419775980719,32.3913557352614
"high_intensity","icu",336,30,26,24.30152922958,27.69847077042
"high_intensity","icu",337,30,49.6333333333333,47.3284070480118,51.9382596186548
"high_intensity","icu",338,30,50.4666666666667,48.7297548016851,52.2035785316483
"high_intensity","icu",339,30,46.5333333333333,45.1131932693664,47.9534733973002
"high_intensity","icu",340,30,41.1666666666667,39.5551071746438,42.7782261586896
"high_intensity","icu",341,30,35.4333333333333,33.9342998989402,36.9323667677265
"high_intensity","icu",342,30,30.3333333333333,28.9911712043705,31.6754954622962
"high_intensity","icu",343,30,25.6333333333333,24.2208313761315,27.0458352905352
"high_intensity","icu",344,30,50.4666666666667,48.101512661286,52.8318206720473
"high_intensity","icu",345,30,51.3,49.2426991615622,53.3573008384378
"high_intensity","icu",346,30,46.4333333333333,44.741433256951,48.1252334097156
"high_intensity","icu",347,30,41.0333333333333,39.5739547268238,42.4927119398429
"high_intensity","icu",348,30,35.5,33.953396478521,37.046603521479
"high_intensity","icu",349,30,30.3,28.954915521188,31.645084478812
"high_intensity","icu",350,30,25.3666666666667,24.1597427970939,26.5735905362394
"high_intensity","icu",351,30,48.0666666666667,45.7153766798465,50.4179566534868
"high_intensity","icu",352,30,49.0666666666667,47.026301208712,51.1070321246213
"high_intensity","icu",353,30,45.8333333333333,44.3719793300016,47.2946873366651
"high_intensity","icu",354,30,41.6333333333333,40.402739457961,42.8639272087057
"high_intensity","icu",355,30,36.5666666666667,35.2521946414817,37.8811386918516
"high_intensity","icu",356,30,30.9333333333333,29.5091363620138,32.3575303046529
"high_intensity","icu",357,30,26,24.8314652764653,27.1685347235347
"high_intensity","icu",358,30,50.7,48.790573348258,52.609426651742
"high_intensity","icu",359,30,50.7,49.215578004947,52.184421995053
"high_intensity","icu",360,30,46.9,45.4710284489359,48.3289715510641
"moderate_intensity","Battle injury",1,30,0,0,0
"moderate_intensity","Battle injury",2,30,0,0,0
"moderate_intensity","Battle injury",3,30,0,0,0
"moderate_intensity","Battle injury",4,30,0,0,0
"moderate_intensity","Battle injury",5,30,0,0,0
"moderate_intensity","Battle injury",6,30,0,0,0
"moderate_intensity","Battle injury",7,30,0,0,0
"moderate_intensity","Battle injury",8,30,19.8666666666667,17.5239807379282,22.2093525954051
"moderate_intensity","Battle injury",9,30,25.9333333333333,22.6959254690117,29.1707411976549
"moderate_intensity","Battle injury",10,30,31.2,27.6665275999239,34.7334724000761
"moderate_intensity","Battle injury",11,30,33.9333333333333,30.3197616483621,37.5469050183045
"moderate_intensity","Battle injury",12,30,36.4333333333333,32.8041614666013,40.0625052000654
"moderate_intensity","Battle injury",13,30,38.8666666666667,35.3545766363626,42.3787566969707
"moderate_intensity","Battle injury",14,30,39.8666666666667,36.5474223204104,43.1859110129229
"moderate_intensity","Battle injury",15,30,51.7,46.0863464025303,57.3136535974697
"moderate_intensity","Battle injury",16,30,55.2333333333333,49.081458030729,61.3852086359377
"moderate_intensity","Battle injury",17,30,56.9333333333333,50.7020568391494,63.1646098275172
"moderate_intensity","Battle injury",18,30,58.3666666666667,52.2024552252429,64.5308781080904
"moderate_intensity","Battle injury",19,30,59.7,53.670907226463,65.729092773537
"moderate_intensity","Battle injury",20,30,60.2666666666667,54.5547072491524,65.978626084181
"moderate_intensity","Battle injury",21,30,61.0333333333333,55.6031092156228,66.4635574510438
"moderate_intensity","Battle injury",22,30,67.7666666666667,60.0380440093017,75.4952893240316
"moderate_intensity","Battle injury",23,30,70.9666666666667,63.3200996143016,78.6132337190318
"moderate_intensity","Battle injury",24,30,72.9666666666667,65.5609423962707,80.3723909370626
"moderate_intensity","Battle injury",25,30,75.2333333333333,68.1704150920259,82.2962515746408
"moderate_intensity","Battle injury",26,30,75.7,69.0519458698354,82.3480541301646
"moderate_intensity","Battle injury",27,30,77.2,71.1508046881524,83.2491953118476
"moderate_intensity","Battle injury",28,30,78.3333333333333,72.7875957927899,83.8790708738768
"moderate_intensity","Battle injury",29,30,83.5333333333333,76.9451542041421,90.1215124625246
"moderate_intensity","Battle injury",30,30,85.6666666666667,79.1168403085369,92.2164930247965
"moderate_intensity","Battle injury",31,30,87.2,81.023386241784,93.376613758216
"moderate_intensity","Battle injury",32,30,88.4666666666667,82.321007836207,94.6123254971264
"moderate_intensity","Battle injury",33,30,89.7333333333333,83.6964437118716,95.7702229547951
"moderate_intensity","Battle injury",34,30,90.2666666666667,84.0841915857792,96.4491417475542
"moderate_intensity","Battle injury",35,30,90.0333333333333,83.9082453991413,96.1584212675254
"moderate_intensity","Battle injury",36,30,92.3333333333333,85.7417980126613,98.9248686540053
"moderate_intensity","Battle injury",37,30,92.2333333333333,85.3917186899744,99.0749479766923
"moderate_intensity","Battle injury",38,30,93.4666666666667,86.5460611409279,100.387272192405
"moderate_intensity","Battle injury",39,30,93.9,86.6877629728584,101.112237027142
"moderate_intensity","Battle injury",40,30,94.7666666666667,87.3342423262943,102.199091007039
"moderate_intensity","Battle injury",41,30,94.8666666666667,87.2735756721711,102.459757661162
"moderate_intensity","Battle injury",42,30,94.1333333333333,86.4608729656914,101.805793700975
"moderate_intensity","Battle injury",43,30,95.9333333333333,87.4614234821251,104.405243184542
"moderate_intensity","Battle injury",44,30,96.0333333333333,87.4545239056828,104.612142760984
"moderate_intensity","Battle injury",45,30,95.1,86.5061463052066,103.693853694793
"moderate_intensity","Battle injury",46,30,94.8,85.8875318880373,103.712468111963
"moderate_intensity","Battle injury",47,30,95.1333333333333,86.2066704944148,104.059996172252
"moderate_intensity","Battle injury",48,30,94.6333333333333,85.4309841460652,103.835682520601
"moderate_intensity","Battle injury",49,30,93.9666666666667,85.3203085669236,102.61302476641
"moderate_intensity","Battle injury",50,30,94.7333333333333,85.2858382974889,104.180828369178
"moderate_intensity","Battle injury",51,30,95.1,85.856536730819,104.343463269181
"moderate_intensity","Battle injury",52,30,96.1333333333333,86.8714836427527,105.395183023914
"moderate_intensity","Battle injury",53,30,96.3333333333333,87.1138367913137,105.552829875353
"moderate_intensity","Battle injury",54,30,95.0333333333333,86.2913039296562,103.775362737011
"moderate_intensity","Battle injury",55,30,94.2666666666667,85.7907850844347,102.742548248899
"moderate_intensity","Battle injury",56,30,94.0666666666667,85.5494759727939,102.583857360539
"moderate_intensity","Battle injury",57,30,94.9666666666667,86.0590101234356,103.874323209898
"moderate_intensity","Battle injury",58,30,95.0333333333333,86.1030356055819,103.963631061085
"moderate_intensity","Battle injury",59,30,95.0666666666667,86.4328571154516,103.700476217882
"moderate_intensity","Battle injury",60,30,94.0666666666667,85.632866582103,102.50046675123
"moderate_intensity","Battle injury",61,30,92.5666666666667,84.7569736207408,100.376359712593
"moderate_intensity","Battle injury",62,30,91.8666666666667,84.208005172899,99.5253281604343
"moderate_intensity","Battle injury",63,30,90.9333333333333,83.0903126138349,98.7763540528318
"moderate_intensity","Battle injury",64,30,90.6333333333333,82.7465723053854,98.5200943612813
"moderate_intensity","Battle injury",65,30,90.3333333333333,82.4900674057732,98.1765992608935
"moderate_intensity","Battle injury",66,30,89.9666666666667,82.0957719744731,97.8375613588602
"moderate_intensity","Battle injury",67,30,89.5666666666667,81.6469326278011,97.4864007055322
"moderate_intensity","Battle injury",68,30,89.4,81.5854346111696,97.2145653888305
"moderate_intensity","Battle injury",69,30,90.3666666666667,82.6331931225959,98.1001402107374
"moderate_intensity","Battle injury",70,30,89.9666666666667,82.4201006841518,97.5132326491815
"moderate_intensity","Battle injury",71,30,90.1,82.5899225415587,97.6100774584413
"moderate_intensity","Battle injury",72,30,90.1,82.4894420053682,97.7105579946317
"moderate_intensity","Battle injury",73,30,88.8333333333333,81.3119114371776,96.354755229489
"moderate_intensity","Battle injury",74,30,88.7666666666667,80.8408640357047,96.6924692976287
"moderate_intensity","Battle injury",75,30,89.2333333333333,81.167424975168,97.2992416914987
"moderate_intensity","Battle injury",76,30,89.0666666666667,80.9246686989161,97.2086646344172
"moderate_intensity","Battle injury",77,30,88.8,81.0759096603685,96.5240903396315
"moderate_intensity","Battle injury",78,30,89.4333333333333,81.619947285611,97.2467193810557
"moderate_intensity","Battle injury",79,30,89.5333333333333,81.4050469531604,97.6616197135063
"moderate_intensity","Battle injury",80,30,89.7,81.3106604213373,98.0893395786627
"moderate_intensity","Battle injury",81,30,89.6333333333333,81.6369905882654,97.6296760784013
"moderate_intensity","Battle injury",82,30,89.7666666666667,82.1729741485266,97.3603591848067
"moderate_intensity","Battle injury",83,30,90.4,83.0974973961604,97.7025026038396
"moderate_intensity","Battle injury",84,30,89.8333333333333,82.8481751129844,96.8184915536823
"moderate_intensity","Battle injury",85,30,90.6666666666667,83.6792717733353,97.654061559998
"moderate_intensity","Battle injury",86,30,90.7333333333333,84.0854359026568,97.3812307640098
"moderate_intensity","Battle injury",87,30,90.5333333333333,83.8365799619379,97.2300867047288
"moderate_intensity","Battle injury",88,30,90.0333333333333,83.5520233726726,96.5146432939941
"moderate_intensity","Battle injury",89,30,90.5333333333333,84.0540637156183,97.0126029510484
"moderate_intensity","Battle injury",90,30,90.4666666666667,84.1155567563438,96.8177765769896
"moderate_intensity","Battle injury",91,30,90.4,84.1443374670731,96.6556625329269
"moderate_intensity","Battle injury",92,30,90.1333333333333,83.8423133592696,96.4243533073971
"moderate_intensity","Battle injury",93,30,89.9666666666667,83.589304089893,96.3440292434403
"moderate_intensity","Battle injury",94,30,90.4333333333333,84.2084257303544,96.6582409363122
"moderate_intensity","Battle injury",95,30,89.8333333333333,83.8579633913148,95.8087032753519
"moderate_intensity","Battle injury",96,30,89.3,83.270907226463,95.329092773537
"moderate_intensity","Battle injury",97,30,89.3,83.2677182002698,95.3322817997302
"moderate_intensity","Battle injury",98,30,89,82.957484841719,95.042515158281
"moderate_intensity","Battle injury",99,30,89.1666666666667,82.6930762947311,95.6402570386022
"moderate_intensity","Battle injury",100,30,90.1,83.6642001219695,96.5357998780305
"moderate_intensity","Battle injury",101,30,89.9,83.4537496008845,96.3462503991155
"moderate_intensity","Battle injury",102,30,89.6666666666667,83.2211746038831,96.1121587294502
"moderate_intensity","Battle injury",103,30,89.6,83.3129044758234,95.8870955241766
"moderate_intensity","Battle injury",104,30,89.9666666666667,83.8047956306095,96.1285377027238
"moderate_intensity","Battle injury",105,30,89.7,83.4863278177076,95.9136721822924
"moderate_intensity","Battle injury",106,30,90.0333333333333,82.9903207254017,97.076345941265
"moderate_intensity","Battle injury",107,30,89.8666666666667,82.6661832873853,97.067150045948
"moderate_intensity","Battle injury",108,30,90.0666666666667,82.7975997999465,97.3357335333868
"moderate_intensity","Battle injury",109,30,89.1666666666667,81.635662252389,96.6976710809443
"moderate_intensity","Battle injury",110,30,89.3666666666667,81.98109589228,96.7522374410534
"moderate_intensity","Battle injury",111,30,88.9333333333333,81.2996986365657,96.566968030101
"moderate_intensity","Battle injury",112,30,89.3333333333333,81.8714366290453,96.7952300376214
"moderate_intensity","Battle injury",113,30,89.9,82.4239305173632,97.3760694826368
"moderate_intensity","Battle injury",114,30,89.1666666666667,81.8009128719941,96.5324204613393
"moderate_intensity","Battle injury",115,30,89.5,82.0876133170869,96.9123866829131
"moderate_intensity","Battle injury",116,30,88.8666666666667,81.6875825621454,96.0457507711879
"moderate_intensity","Battle injury",117,30,89.2,82.0358886785414,96.3641113214587
"moderate_intensity","Battle injury",118,30,88.4666666666667,81.0835375450476,95.8497957882858
"moderate_intensity","Battle injury",119,30,87.8666666666667,80.1623130535534,95.5710202797799
"moderate_intensity","Battle injury",120,30,86.8333333333333,78.6341671400705,95.0324995265962
"moderate_intensity","Battle injury",121,30,86.0666666666667,77.6209032273177,94.5124301060157
"moderate_intensity","Battle injury",122,30,85.5,76.6376546821267,94.3623453178733
"moderate_intensity","Battle injury",123,30,85.8333333333333,76.8442214646931,94.8224452019736
"moderate_intensity","Battle injury",124,30,85.8,76.4443189372023,95.1556810627977
"moderate_intensity","Battle injury",125,30,85.4666666666667,75.8098815208713,95.123451812462
"moderate_intensity","Battle injury",126,30,85.1,75.371972520867,94.828027479133
"moderate_intensity","Battle injury",127,30,84.6333333333333,74.8505332298934,94.4161334367733
"moderate_intensity","Battle injury",128,30,85.3666666666667,75.9112612599362,94.8220720733971
"moderate_intensity","Battle injury",129,30,84.8666666666667,75.4887424875433,94.24459084579
"moderate_intensity","Battle injury",130,30,85.1666666666667,75.8075515830692,94.5257817502641
"moderate_intensity","Battle injury",131,30,85.7,76.539194334074,94.860805665926
"moderate_intensity","Battle injury",132,30,86.4666666666667,77.713507106004,95.2198262273293
"moderate_intensity","Battle injury",133,30,87.9,79.1443049272713,96.6556950727287
"moderate_intensity","Battle injury",134,30,88.1666666666667,79.2705685061715,97.0627648271618
"moderate_intensity","Battle injury",135,30,88.8333333333333,79.984380309198,97.6822863574687
"moderate_intensity","Battle injury",136,30,90.9333333333333,82.3812148865913,99.4854517800754
"moderate_intensity","Battle injury",137,30,92.1666666666667,83.6448764911137,100.68845684222
"moderate_intensity","Battle injury",138,30,92.7,84.3629764502632,101.037023549737
"moderate_intensity","Battle injury",139,30,93.2333333333333,84.9841238737092,101.482542792957
"moderate_intensity","Battle injury",140,30,93.5,85.3498471112652,101.650152888735
"moderate_intensity","Battle injury",141,30,93.3333333333333,85.1299168294474,101.536749837219
"moderate_intensity","Battle injury",142,30,93.8333333333333,85.4986553814205,102.168011285246
"moderate_intensity","Battle injury",143,30,93.5666666666667,85.4965867592964,101.636746574037
"moderate_intensity","Battle injury",144,30,93.7333333333333,85.5636281140326,101.903038552634
"moderate_intensity","Battle injury",145,30,93.1,85.1877569683795,101.01224303162
"moderate_intensity","Battle injury",146,30,93.7666666666667,86.1086643771811,101.424668956152
"moderate_intensity","Battle injury",147,30,93.1666666666667,85.6522797168542,100.681053616479
"moderate_intensity","Battle injury",148,30,93.9666666666667,85.9781443271835,101.95518900615
"moderate_intensity","Battle injury",149,30,94.2333333333333,86.1317385376208,102.334928129046
"moderate_intensity","Battle injury",150,30,94.8,86.9078049779201,102.69219502208
"moderate_intensity","Battle injury",151,30,95.7333333333333,87.5266353377054,103.940031328961
"moderate_intensity","Battle injury",152,30,95.9,87.8935221645488,103.906477835451
"moderate_intensity","Battle injury",153,30,95.9,87.9786472153221,103.821352784678
"moderate_intensity","Battle injury",154,30,96.4333333333333,88.6817270130439,104.184939653623
"moderate_intensity","Battle injury",155,30,96.9666666666667,89.2363023151278,104.697031018206
"moderate_intensity","Battle injury",156,30,97,89.1178023556346,104.882197644365
"moderate_intensity","Battle injury",157,30,96.9333333333333,88.9771060967328,104.889560569934
"moderate_intensity","Battle injury",158,30,96.2666666666667,88.0254752131705,104.507858120163
"moderate_intensity","Battle injury",159,30,96.9666666666667,88.3008678728976,105.632465460436
"moderate_intensity","Battle injury",160,30,97.2,88.4519686289394,105.948031371061
"moderate_intensity","Battle injury",161,30,96.0666666666667,87.1226773466139,105.010655986719
"moderate_intensity","Battle injury",162,30,95.6,86.4526139582424,104.747386041758
"moderate_intensity","Battle injury",163,30,94.4666666666667,85.4643799110709,103.468953422262
"moderate_intensity","Battle injury",164,30,94.1,84.9527453629804,103.24725463702
"moderate_intensity","Battle injury",165,30,94.6666666666667,85.2123545825207,104.120978750813
"moderate_intensity","Battle injury",166,30,94.2333333333333,84.8605631446274,103.606103522039
"moderate_intensity","Battle injury",167,30,93.8666666666667,84.3877726456509,103.345560687682
"moderate_intensity","Battle injury",168,30,92.3666666666667,83.25146107778,101.481872255553
"moderate_intensity","Battle injury",169,30,92.1,82.7166342988919,101.483365701108
"moderate_intensity","Battle injury",170,30,92.8666666666667,83.2303165823351,102.503016750998
"moderate_intensity","Battle injury",171,30,93.0333333333333,83.3176037918672,102.749062874799
"moderate_intensity","Battle injury",172,30,92.7,83.0221191143441,102.377880885656
"moderate_intensity","Battle injury",173,30,93.6333333333333,83.5370789658423,103.729587700824
"moderate_intensity","Battle injury",174,30,93.5,83.5537893931293,103.446210606871
"moderate_intensity","Battle injury",175,30,94.6666666666667,85.0095827922267,104.323750541107
"moderate_intensity","Battle injury",176,30,95.3666666666667,85.6628212285798,105.070512104754
"moderate_intensity","Battle injury",177,30,95.6666666666667,85.7438883111768,105.589445022157
"moderate_intensity","Battle injury",178,30,96.0333333333333,85.9709471574291,106.095719509238
"moderate_intensity","Battle injury",179,30,96.2666666666667,85.8865534971053,106.646779836228
"moderate_intensity","Battle injury",180,30,95.8,85.1345592197627,106.465440780237
"moderate_intensity","Battle injury",181,30,96.6666666666667,86.0654633118904,107.267870021443
"moderate_intensity","Battle injury",182,30,97.5,87.0314155507604,107.96858444924
"moderate_intensity","Battle injury",183,30,97.8333333333333,87.6878628723558,107.978803794311
"moderate_intensity","Battle injury",184,30,97.9666666666667,87.8323865717673,108.100946761566
"moderate_intensity","Battle injury",185,30,97.9666666666667,87.9047583216673,108.028575011666
"moderate_intensity","Battle injury",186,30,97.3666666666667,87.4491469875736,107.28418634576
"moderate_intensity","Battle injury",187,30,97.2666666666667,87.0316204847254,107.501712848608
"moderate_intensity","Battle injury",188,30,97.2333333333333,87.198603133516,107.268063533151
"moderate_intensity","Battle injury",189,30,96,85.8692708438753,106.130729156125
"moderate_intensity","Battle injury",190,30,96.1333333333333,85.8772635408546,106.389403125812
"moderate_intensity","Battle injury",191,30,96.0666666666667,85.3568989501561,106.776434383177
"moderate_intensity","Battle injury",192,30,95.4666666666667,84.8344868504796,106.098846482854
"moderate_intensity","Battle injury",193,30,95.1,84.5999562549839,105.600043745016
"moderate_intensity","Battle injury",194,30,94.8666666666667,84.5811051258771,105.152228207456
"moderate_intensity","Battle injury",195,30,94.2333333333333,84.2245099434092,104.242156723257
"moderate_intensity","Battle injury",196,30,94,84.6363053284184,103.363694671582
"moderate_intensity","Battle injury",197,30,93.7,84.6900167792171,102.709983220783
"moderate_intensity","Battle injury",198,30,93.2,84.4695738618585,101.930426138141
"moderate_intensity","Battle injury",199,30,92.7,84.031612407906,101.368387592094
"moderate_intensity","Battle injury",200,30,91.3666666666667,82.9542434547061,99.7790898786272
"moderate_intensity","Battle injury",201,30,91.1666666666667,82.892200427889,99.4411329054444
"moderate_intensity","Battle injury",202,30,90.3333333333333,81.9175672983955,98.7490993682712
"moderate_intensity","Battle injury",203,30,90.6,82.4204920562867,98.7795079437133
"moderate_intensity","Battle injury",204,30,90.6666666666667,82.7586885777001,98.5746447556333
"moderate_intensity","Battle injury",205,30,91.4666666666667,83.7243387740141,99.2089945593192
"moderate_intensity","Battle injury",206,30,90.4,82.6478251296519,98.1521748703481
"moderate_intensity","Battle injury",207,30,90.5666666666667,83.1627604583518,97.9705728749816
"moderate_intensity","Battle injury",208,30,90.6666666666667,83.4471113633741,97.8862219699593
"moderate_intensity","Battle injury",209,30,90.5333333333333,83.5539249285344,97.5127417381323
"moderate_intensity","Battle injury",210,30,90.1666666666667,83.1932196570673,97.140113676266
"moderate_intensity","Battle injury",211,30,89.9333333333333,83.0209305726039,96.8457360940627
"moderate_intensity","Battle injury",212,30,90.2,82.9167481993841,97.4832518006159
"moderate_intensity","Battle injury",213,30,89.6666666666667,81.8227877524887,97.5105455808447
"moderate_intensity","Battle injury",214,30,89.2333333333333,81.3202801212093,97.1463865454573
"moderate_intensity","Battle injury",215,30,88.2,80.2133336238023,96.1866663761977
"moderate_intensity","Battle injury",216,30,88.8,80.9291562128673,96.6708437871327
"moderate_intensity","Battle injury",217,30,88.6,80.8969778371392,96.3030221628608
"moderate_intensity","Battle injury",218,30,88.6,80.7731390447061,96.4268609552939
"moderate_intensity","Battle injury",219,30,88.5333333333333,80.2057827426535,96.8608839240132
"moderate_intensity","Battle injury",220,30,88.6666666666667,80.4339974258175,96.8993359075158
"moderate_intensity","Battle injury",221,30,88.5,80.587513905518,96.412486094482
"moderate_intensity","Battle injury",222,30,88.1666666666667,80.2960163217678,96.0373170115656
"moderate_intensity","Battle injury",223,30,87.3,79.591643020343,95.008356979657
"moderate_intensity","Battle injury",224,30,86.0333333333333,78.4530756430549,93.6135910236118
"moderate_intensity","Battle injury",225,30,86.0666666666667,78.1346485472958,93.9986847860376
"moderate_intensity","Battle injury",226,30,86.9666666666667,78.8895595962059,95.0437737371275
"moderate_intensity","Battle injury",227,30,87.9666666666667,79.5633930105625,96.3699403227708
"moderate_intensity","Battle injury",228,30,88.2,79.420696757084,96.979303242916
"moderate_intensity","Battle injury",229,30,87.7333333333333,78.7984873475539,96.6681793191128
"moderate_intensity","Battle injury",230,30,86.7666666666667,77.5537695130247,95.9795638203086
"moderate_intensity","Battle injury",231,30,85.8666666666667,76.7608284980708,94.9725048352625
"moderate_intensity","Battle injury",232,30,85.7333333333333,77.0406948149201,94.4259718517466
"moderate_intensity","Battle injury",233,30,85.4,76.756914081322,94.043085918678
"moderate_intensity","Battle injury",234,30,84.5333333333333,75.7019749041682,93.3646917624985
"moderate_intensity","Battle injury",235,30,85.7666666666667,76.847574532307,94.6857588010264
"moderate_intensity","Battle injury",236,30,86.2,77.4360444344464,94.9639555655536
"moderate_intensity","Battle injury",237,30,85.8666666666667,77.001075861449,94.7322574718843
"moderate_intensity","Battle injury",238,30,85.4333333333333,76.7099133066757,94.156753359991
"moderate_intensity","Battle injury",239,30,85.8333333333333,77.1080395620603,94.5586271046063
"moderate_intensity","Battle injury",240,30,85.5,76.7798508057685,94.2201491942315
"moderate_intensity","Battle injury",241,30,84.5666666666667,75.9057517122682,93.2275816210651
"moderate_intensity","Battle injury",242,30,83.3666666666667,75.1895789030425,91.5437544302908
"moderate_intensity","Battle injury",243,30,83.6666666666667,75.334729286005,91.9986040473283
"moderate_intensity","Battle injury",244,30,83.8666666666667,75.536806951175,92.1965263821584
"moderate_intensity","Battle injury",245,30,83.6666666666667,75.1758227005865,92.1575106327469
"moderate_intensity","Battle injury",246,30,82.9666666666667,74.5943465815923,91.338986751741
"moderate_intensity","Battle injury",247,30,82.5666666666667,74.4419597415861,90.6913735917473
"moderate_intensity","Battle injury",248,30,82.9,74.3358495573152,91.4641504426849
"moderate_intensity","Battle injury",249,30,83.6333333333333,74.9581076358827,92.308559030784
"moderate_intensity","Battle injury",250,30,84.5666666666667,75.9961559321761,93.1371774011572
"moderate_intensity","Battle injury",251,30,85.7,76.7639612647369,94.6360387352631
"moderate_intensity","Battle injury",252,30,86.7666666666667,77.7058473265589,95.8274860067745
"moderate_intensity","Battle injury",253,30,87.3333333333333,78.2314033028566,96.43526336381
"moderate_intensity","Battle injury",254,30,89.4666666666667,80.197033457159,98.7362998761743
"moderate_intensity","Battle injury",255,30,90.9,81.6279725113116,100.172027488688
"moderate_intensity","Battle injury",256,30,91.9666666666667,82.5092275077259,101.424105825607
"moderate_intensity","Battle injury",257,30,93.1,83.6289121228533,102.571087877147
"moderate_intensity","Battle injury",258,30,94.7333333333333,85.2863472296892,104.180319436977
"moderate_intensity","Battle injury",259,30,94.9333333333333,85.8808753821038,103.985791284563
"moderate_intensity","Battle injury",260,30,96.3,87.299627259868,105.300372740132
"moderate_intensity","Battle injury",261,30,96.6666666666667,87.6187775606938,105.71455577264
"moderate_intensity","Battle injury",262,30,97.0666666666667,88.4033926960925,105.729940637241
"moderate_intensity","Battle injury",263,30,97.6333333333333,89.6713370551009,105.595329611566
"moderate_intensity","Battle injury",264,30,97.7666666666667,90.2340025221886,105.299330811145
"moderate_intensity","Battle injury",265,30,97.3,89.9355082991874,104.664491700813
"moderate_intensity","Battle injury",266,30,97.0666666666667,89.7265125689846,104.406820764349
"moderate_intensity","Battle injury",267,30,96.8333333333333,89.3761095634589,104.290557103208
"moderate_intensity","Battle injury",268,30,96.5666666666667,89.2312630577141,103.902070275619
"moderate_intensity","Battle injury",269,30,96.0333333333333,88.3886528523233,103.678013814343
"moderate_intensity","Battle injury",270,30,95.9333333333333,88.2344734366262,103.63219323004
"moderate_intensity","Battle injury",271,30,95.5666666666667,88.1660081086582,102.967325224675
"moderate_intensity","Battle injury",272,30,95.9333333333333,88.4414705152529,103.425196151414
"moderate_intensity","Battle injury",273,30,95.8333333333333,88.6332839939956,103.033382672671
"moderate_intensity","Battle injury",274,30,95.8333333333333,88.2793804712335,103.387286195433
"moderate_intensity","Battle injury",275,30,96.5666666666667,88.3912254268066,104.742107906527
"moderate_intensity","Battle injury",276,30,96.8,88.4934533560116,105.106546643988
"moderate_intensity","Battle injury",277,30,95.9,87.3825740985573,104.417425901443
"moderate_intensity","Battle injury",278,30,95.8333333333333,87.2738251432114,104.392841523455
"moderate_intensity","Battle injury",279,30,94.5666666666667,86.3384663559185,102.794866977415
"moderate_intensity","Battle injury",280,30,93.8666666666667,85.6741588361648,102.059174497169
"moderate_intensity","Battle injury",281,30,92.9,84.7036099113853,101.096390088615
"moderate_intensity","Battle injury",282,30,92.2,83.6938431363005,100.7061568637
"moderate_intensity","Battle injury",283,30,91.1,82.4826805941969,99.7173194058031
"moderate_intensity","Battle injury",284,30,90.3,81.6493797256351,98.9506202743649
"moderate_intensity","Battle injury",285,30,90.8,82.0168640281449,99.5831359718551
"moderate_intensity","Battle injury",286,30,90.0666666666667,82.0220967409447,98.1112365923886
"moderate_intensity","Battle injury",287,30,90.1333333333333,82.0870901032639,98.1795765634028
"moderate_intensity","Battle injury",288,30,89.6333333333333,82.3289325748285,96.9377340918382
"moderate_intensity","Battle injury",289,30,89.3,82.1555460154152,96.4444539845848
"moderate_intensity","Battle injury",290,30,89.2333333333333,82.520839226541,95.9458274401256
"moderate_intensity","Battle injury",291,30,89.0333333333333,82.1638058298839,95.9028608367828
"moderate_intensity","Battle injury",292,30,89.0333333333333,82.1827292830009,95.8839373836657
"moderate_intensity","Battle injury",293,30,89.8,82.9347315618882,96.6652684381118
"moderate_intensity","Battle injury",294,30,89.0333333333333,81.9393057512769,96.1273609153897
"moderate_intensity","Battle injury",295,30,88.7666666666667,81.5196258371275,96.0137074962058
"moderate_intensity","Battle injury",296,30,88.5666666666667,81.5556754860959,95.5776578472374
"moderate_intensity","Battle injury",297,30,88.4333333333333,81.2730596302393,95.5936070364273
"moderate_intensity","Battle injury",298,30,88.7,81.3029371704485,96.0970628295515
"moderate_intensity","Battle injury",299,30,89.4666666666667,81.9193043366353,97.014028996698
"moderate_intensity","Battle injury",300,30,89.9333333333333,81.8738354869208,97.9928311797458
"moderate_intensity","Battle injury",301,30,90.2666666666667,82.1928639831125,98.3404693502208
"moderate_intensity","Battle injury",302,30,90.2666666666667,81.9661805616913,98.567152771642
"moderate_intensity","Battle injury",303,30,90.7666666666667,82.3512719909307,99.1820613424026
"moderate_intensity","Battle injury",304,30,91.1333333333333,82.61061227651,99.6560543901566
"moderate_intensity","Battle injury",305,30,89.8333333333333,81.562935551627,98.1037311150396
"moderate_intensity","Battle injury",306,30,90.1333333333333,81.7809931065282,98.4856735601385
"moderate_intensity","Battle injury",307,30,90.4333333333333,82.2820399965586,98.5846266701081
"moderate_intensity","Battle injury",308,30,90.2666666666667,82.6066241669275,97.9267091664059
"moderate_intensity","Battle injury",309,30,90.6333333333333,83.1347029657957,98.131963700871
"moderate_intensity","Battle injury",310,30,91.0333333333333,83.3366282931809,98.7300383734858
"moderate_intensity","Battle injury",311,30,91.9666666666667,84.2475057776798,99.6858275556535
"moderate_intensity","Battle injury",312,30,92.2333333333333,84.275444425618,100.191222241049
"moderate_intensity","Battle injury",313,30,93.2333333333333,84.938786602027,101.52788006464
"moderate_intensity","Battle injury",314,30,94,85.3289227258322,102.671077274168
"moderate_intensity","Battle injury",315,30,94.5666666666667,85.5388067595371,103.594526573796
"moderate_intensity","Battle injury",316,30,94.6333333333333,85.1262031453462,104.140463521321
"moderate_intensity","Battle injury",317,30,95.1333333333333,85.4070935289464,104.85957313772
"moderate_intensity","Battle injury",318,30,95.1666666666667,84.7522643053205,105.581069028013
"moderate_intensity","Battle injury",319,30,96.6,85.9083547191933,107.291645280807
"moderate_intensity","Battle injury",320,30,97.1666666666667,86.0229710200261,108.310362313307
"moderate_intensity","Battle injury",321,30,97.9,87.1474815903865,108.652518409614
"moderate_intensity","Battle injury",322,30,97.5,87.0337121995637,107.966287800436
"moderate_intensity","Battle injury",323,30,97.9666666666667,87.4798493946836,108.45348393865
"moderate_intensity","Battle injury",324,30,99.5,89.1278490991433,109.872150900857
"moderate_intensity","Battle injury",325,30,100.1,89.8071410079602,110.39285899204
"moderate_intensity","Battle injury",326,30,101.133333333333,90.7431274437541,111.523539222913
"moderate_intensity","Battle injury",327,30,101.233333333333,90.6523996444251,111.814267022242
"moderate_intensity","Battle injury",328,30,101.566666666667,91.023059839752,112.110273493581
"moderate_intensity","Battle injury",329,30,100.966666666667,90.3264631057027,111.606870227631
"moderate_intensity","Battle injury",330,30,100.466666666667,89.7731627982107,111.160170535123
"moderate_intensity","Battle injury",331,30,100.7,89.824856429985,111.575143570015
"moderate_intensity","Battle injury",332,30,100.433333333333,89.6191358667451,111.247530799922
"moderate_intensity","Battle injury",333,30,99.8,88.7789443815761,110.821055618424
"moderate_intensity","Battle injury",334,30,100.066666666667,88.963666831638,111.169666501695
"moderate_intensity","Battle injury",335,30,100.9,89.879838743277,111.920161256723
"moderate_intensity","Battle injury",336,30,100.833333333333,90.2295224793991,111.437144187268
"moderate_intensity","Battle injury",337,30,99.8333333333333,89.5116777213672,110.154988945299
"moderate_intensity","Battle injury",338,30,100.2,89.9211407863173,110.478859213683
"moderate_intensity","Battle injury",339,30,100.9,90.3633876679436,111.436612332056
"moderate_intensity","Battle injury",340,30,102.033333333333,91.2307906980074,112.835875968659
"moderate_intensity","Battle injury",341,30,101.933333333333,90.7784901466348,113.088176520032
"moderate_intensity","Battle injury",342,30,101.733333333333,89.986866442713,113.479800223954
"moderate_intensity","Battle injury",343,30,101.033333333333,89.2306994506498,112.835967216017
"moderate_intensity","Battle injury",344,30,101.9,89.7446161269635,114.055383873037
"moderate_intensity","Battle injury",345,30,102.033333333333,90.0592214769463,114.00744518972
"moderate_intensity","Battle injury",346,30,101.633333333333,89.719200159655,113.547466507012
"moderate_intensity","Battle injury",347,30,101.266666666667,89.2719137114549,113.261419621878
"moderate_intensity","Battle injury",348,30,100.366666666667,88.5063277183577,112.227005614976
"moderate_intensity","Battle injury",349,30,99.8,88.1058509235755,111.494149076424
"moderate_intensity","Battle injury",350,30,99.5333333333333,87.8835350993127,111.183131567354
"moderate_intensity","Battle injury",351,30,99.6,88.28949387639,110.91050612361
"moderate_intensity","Battle injury",352,30,100.8,89.0006594609853,112.599340539015
"moderate_intensity","Battle injury",353,30,101.233333333333,89.4677465280189,112.998920138648
"moderate_intensity","Battle injury",354,30,101.666666666667,90.0869928015217,113.246340531812
"moderate_intensity","Battle injury",355,30,101.833333333333,90.6199597882194,113.046706878447
"moderate_intensity","Battle injury",356,30,100.933333333333,89.4870460193669,112.3796206473
"moderate_intensity","Battle injury",357,30,100.2,88.8340278523175,111.565972147683
"moderate_intensity","Battle injury",358,30,100.833333333333,89.8119796104705,111.854687056196
"moderate_intensity","Battle injury",359,30,100.433333333333,89.3473432129316,111.519323453735
"moderate_intensity","Battle injury",360,30,100.1,88.9834039241736,111.216596075826
"moderate_intensity","Disease and non-battle injury",1,30,0,0,0
"moderate_intensity","Disease and non-battle injury",2,30,0,0,0
"moderate_intensity","Disease and non-battle injury",3,30,0,0,0
"moderate_intensity","Disease and non-battle injury",4,30,0,0,0
"moderate_intensity","Disease and non-battle injury",5,30,0,0,0
"moderate_intensity","Disease and non-battle injury",6,30,0,0,0
"moderate_intensity","Disease and non-battle injury",7,30,0,0,0
"moderate_intensity","Disease and non-battle injury",8,30,17.7,15.2501362172441,20.1498637827559
"moderate_intensity","Disease and non-battle injury",9,30,20.8333333333333,18.0046726011855,23.6619940654812
"moderate_intensity","Disease and non-battle injury",10,30,23.6,20.6392645190277,26.5607354809723
"moderate_intensity","Disease and non-battle injury",11,30,25.4,22.3575715142105,28.4424284857895
"moderate_intensity","Disease and non-battle injury",12,30,26.2333333333333,23.140618548421,29.3260481182457
"moderate_intensity","Disease and non-battle injury",13,30,25.9333333333333,23.2123617192215,28.6543049474451
"moderate_intensity","Disease and non-battle injury",14,30,25.1333333333333,22.7641171150687,27.5025495515979
"moderate_intensity","Disease and non-battle injury",15,30,25.9666666666667,22.975423295122,28.9579100382113
"moderate_intensity","Disease and non-battle injury",16,30,24.5,21.8203068528499,27.1796931471501
"moderate_intensity","Disease and non-battle injury",17,30,23.1,20.5328357361701,25.6671642638299
"moderate_intensity","Disease and non-battle injury",18,30,22.4333333333333,19.8524711202106,25.014195546456
"moderate_intensity","Disease and non-battle injury",19,30,21.7333333333333,19.1003688364844,24.3662978301822
"moderate_intensity","Disease and non-battle injury",20,30,20.9,18.4419072850133,23.3580927149867
"moderate_intensity","Disease and non-battle injury",21,30,19.7666666666667,17.2884444751169,22.2448888582164
"moderate_intensity","Disease and non-battle injury",22,30,19.6666666666667,17.431959872944,21.9013734603893
"moderate_intensity","Disease and non-battle injury",23,30,20.0666666666667,17.8501062747335,22.2832270585998
"moderate_intensity","Disease and non-battle injury",24,30,20.7333333333333,18.5583768317571,22.9082898349096
"moderate_intensity","Disease and non-battle injury",25,30,21.0333333333333,19.0321067495055,23.0345599171611
"moderate_intensity","Disease and non-battle injury",26,30,20.8,18.7917782654189,22.8082217345811
"moderate_intensity","Disease and non-battle injury",27,30,19.5666666666667,17.7540358983362,21.3792974349971
"moderate_intensity","Disease and non-battle injury",28,30,19.2333333333333,17.2292257884019,21.2374408782647
"moderate_intensity","Disease and non-battle injury",29,30,20,17.6060196582881,22.3939803417119
"moderate_intensity","Disease and non-battle injury",30,30,20.4333333333333,17.748382249023,23.1182844176436
"moderate_intensity","Disease and non-battle injury",31,30,21.2333333333333,18.5935299166673,23.8731367499993
"moderate_intensity","Disease and non-battle injury",32,30,21.3333333333333,19.056002735658,23.6106639310087
"moderate_intensity","Disease and non-battle injury",33,30,22.0333333333333,19.7409570287955,24.3257096378712
"moderate_intensity","Disease and non-battle injury",34,30,21.8,19.326211675417,24.273788324583
"moderate_intensity","Disease and non-battle injury",35,30,21.1,19.0422318056183,23.1577681943817
"moderate_intensity","Disease and non-battle injury",36,30,21.1333333333333,18.9788105339558,23.2878561327109
"moderate_intensity","Disease and non-battle injury",37,30,20.6333333333333,18.379026135073,22.8876405315937
"moderate_intensity","Disease and non-battle injury",38,30,21.2333333333333,18.7512339698087,23.715432696858
"moderate_intensity","Disease and non-battle injury",39,30,21.6333333333333,18.6228634321171,24.6438032345495
"moderate_intensity","Disease and non-battle injury",40,30,22.1333333333333,19.1033621871155,25.1633044795511
"moderate_intensity","Disease and non-battle injury",41,30,22.0333333333333,19.3326698570916,24.7339968095751
"moderate_intensity","Disease and non-battle injury",42,30,22.0333333333333,19.1467934883328,24.9198731783339
"moderate_intensity","Disease and non-battle injury",43,30,22.2333333333333,19.6413175497618,24.8253491169049
"moderate_intensity","Disease and non-battle injury",44,30,21.4,18.4850889701037,24.3149110298963
"moderate_intensity","Disease and non-battle injury",45,30,21.4666666666667,18.5122170252788,24.4211163080545
"moderate_intensity","Disease and non-battle injury",46,30,21.1,18.212016940495,23.987983059505
"moderate_intensity","Disease and non-battle injury",47,30,21.4,18.3686539257082,24.4313460742918
"moderate_intensity","Disease and non-battle injury",48,30,21.3333333333333,18.4923761690875,24.1742904975791
"moderate_intensity","Disease and non-battle injury",49,30,21.3,18.6794516906856,23.9205483093144
"moderate_intensity","Disease and non-battle injury",50,30,21.0333333333333,18.7263220219987,23.340344644668
"moderate_intensity","Disease and non-battle injury",51,30,21.2666666666667,18.9545549879663,23.578778345367
"moderate_intensity","Disease and non-battle injury",52,30,20.8333333333333,18.6847323776161,22.9819342890505
"moderate_intensity","Disease and non-battle injury",53,30,21.4666666666667,19.3278220196625,23.6055113136708
"moderate_intensity","Disease and non-battle injury",54,30,20,17.8404248607531,22.1595751392469
"moderate_intensity","Disease and non-battle injury",55,30,20.4666666666667,18.0954219515966,22.8379113817368
"moderate_intensity","Disease and non-battle injury",56,30,21.4333333333333,19.2413114675293,23.6253551991374
"moderate_intensity","Disease and non-battle injury",57,30,21.7666666666667,18.8731394906776,24.6601938426558
"moderate_intensity","Disease and non-battle injury",58,30,22.2666666666667,19.5105812684977,25.0227520648356
"moderate_intensity","Disease and non-battle injury",59,30,21.6,18.7165988616093,24.4834011383907
"moderate_intensity","Disease and non-battle injury",60,30,21.5,18.5019064029712,24.4980935970288
"moderate_intensity","Disease and non-battle injury",61,30,20.9666666666667,17.9402679611542,23.9930653721791
"moderate_intensity","Disease and non-battle injury",62,30,21.6333333333333,18.6630591406651,24.6036075260016
"moderate_intensity","Disease and non-battle injury",63,30,21.5666666666667,18.6417386837027,24.4915946496306
"moderate_intensity","Disease and non-battle injury",64,30,22.0666666666667,19.3510012794692,24.7823320538641
"moderate_intensity","Disease and non-battle injury",65,30,22.0666666666667,19.196077984425,24.9372553489083
"moderate_intensity","Disease and non-battle injury",66,30,21.6666666666667,18.9291354764361,24.4041978568972
"moderate_intensity","Disease and non-battle injury",67,30,21,18.5076231485792,23.4923768514208
"moderate_intensity","Disease and non-battle injury",68,30,21.5666666666667,19.0480318305406,24.0853015027927
"moderate_intensity","Disease and non-battle injury",69,30,21.0333333333333,18.5946160820884,23.4720505845783
"moderate_intensity","Disease and non-battle injury",70,30,20.2,18.1281441166285,22.2718558833715
"moderate_intensity","Disease and non-battle injury",71,30,20.2333333333333,17.9510467005286,22.515619966138
"moderate_intensity","Disease and non-battle injury",72,30,20.0333333333333,17.7577980023118,22.3088686643549
"moderate_intensity","Disease and non-battle injury",73,30,19.1666666666667,17.1639990842319,21.1693342491014
"moderate_intensity","Disease and non-battle injury",74,30,19.6,17.2782043312423,21.9217956687577
"moderate_intensity","Disease and non-battle injury",75,30,19.6333333333333,17.1946160820884,22.0720505845783
"moderate_intensity","Disease and non-battle injury",76,30,19.7,17.3832833787221,22.0167166212779
"moderate_intensity","Disease and non-battle injury",77,30,20,17.8471143196923,22.1528856803077
"moderate_intensity","Disease and non-battle injury",78,30,20.2,18.0284357630277,22.3715642369723
"moderate_intensity","Disease and non-battle injury",79,30,21.1333333333333,18.4500839756008,23.8165826910659
"moderate_intensity","Disease and non-battle injury",80,30,20.7666666666667,17.9711754850828,23.5621578482505
"moderate_intensity","Disease and non-battle injury",81,30,20.8333333333333,17.7368897016036,23.929776965063
"moderate_intensity","Disease and non-battle injury",82,30,21,18.0434897323613,23.9565102676387
"moderate_intensity","Disease and non-battle injury",83,30,20.6333333333333,17.6469159348055,23.6197507318612
"moderate_intensity","Disease and non-battle injury",84,30,21.0333333333333,18.0132960677871,24.0533705988796
"moderate_intensity","Disease and non-battle injury",85,30,21.1,18.1478024225123,24.0521975774877
"moderate_intensity","Disease and non-battle injury",86,30,21.3,18.5981499143834,24.0018500856166
"moderate_intensity","Disease and non-battle injury",87,30,21.3333333333333,18.7124486779943,23.9542179886723
"moderate_intensity","Disease and non-battle injury",88,30,21.1333333333333,18.7885959555937,23.4780707110729
"moderate_intensity","Disease and non-battle injury",89,30,20.7333333333333,18.34955046573,23.1171162009367
"moderate_intensity","Disease and non-battle injury",90,30,20.3666666666667,18.0617403813452,22.6715929519882
"moderate_intensity","Disease and non-battle injury",91,30,20.1333333333333,17.6823249912129,22.5843416754538
"moderate_intensity","Disease and non-battle injury",92,30,20.0666666666667,17.5744184241808,22.5589149091526
"moderate_intensity","Disease and non-battle injury",93,30,19.9333333333333,17.4701928269319,22.3964738397348
"moderate_intensity","Disease and non-battle injury",94,30,19.8,17.3535731082241,22.2464268917759
"moderate_intensity","Disease and non-battle injury",95,30,19.6333333333333,17.4483416563214,21.8183250103453
"moderate_intensity","Disease and non-battle injury",96,30,20.1,17.980084386579,22.219915613421
"moderate_intensity","Disease and non-battle injury",97,30,20.4,18.4520581398003,22.3479418601997
"moderate_intensity","Disease and non-battle injury",98,30,19.9666666666667,17.7641415913291,22.1691917420042
"moderate_intensity","Disease and non-battle injury",99,30,20.5333333333333,17.6950852833378,23.3715813833289
"moderate_intensity","Disease and non-battle injury",100,30,19.1,16.4571627439925,21.7428372560075
"moderate_intensity","Disease and non-battle injury",101,30,18.4666666666667,15.9213520738748,21.0119812594586
"moderate_intensity","Disease and non-battle injury",102,30,18.7,16.3017055439956,21.0982944560044
"moderate_intensity","Disease and non-battle injury",103,30,18.5666666666667,16.3680744148513,20.7652589184821
"moderate_intensity","Disease and non-battle injury",104,30,18.9666666666667,17.0388628529911,20.8944704803422
"moderate_intensity","Disease and non-battle injury",105,30,19.5333333333333,17.4934392184238,21.5732274482429
"moderate_intensity","Disease and non-battle injury",106,30,20.0333333333333,17.8090858637181,22.2575808029485
"moderate_intensity","Disease and non-battle injury",107,30,20.8333333333333,18.6869712816167,22.9796953850499
"moderate_intensity","Disease and non-battle injury",108,30,20.2,18.0574120538194,22.3425879461806
"moderate_intensity","Disease and non-battle injury",109,30,19.9333333333333,17.8625606924591,22.0041059742076
"moderate_intensity","Disease and non-battle injury",110,30,20.6333333333333,18.6011138648709,22.6655528017958
"moderate_intensity","Disease and non-battle injury",111,30,21.5666666666667,19.1001125578885,24.0332207754448
"moderate_intensity","Disease and non-battle injury",112,30,22.4666666666667,19.584711037296,25.3486222960373
"moderate_intensity","Disease and non-battle injury",113,30,22.6,19.765368129909,25.434631870091
"moderate_intensity","Disease and non-battle injury",114,30,22.2,19.4257155351574,24.9742844648426
"moderate_intensity","Disease and non-battle injury",115,30,21.8,19.2628841176998,24.3371158823002
"moderate_intensity","Disease and non-battle injury",116,30,21.2666666666667,19.058799838335,23.4745334949983
"moderate_intensity","Disease and non-battle injury",117,30,20.8333333333333,18.6426279094465,23.0240387572201
"moderate_intensity","Disease and non-battle injury",118,30,21.2,18.519140852396,23.880859147604
"moderate_intensity","Disease and non-battle injury",119,30,20.8666666666667,18.1442818054301,23.5890515279032
"moderate_intensity","Disease and non-battle injury",120,30,20.5,17.8582545247838,23.1417454752162
"moderate_intensity","Disease and non-battle injury",121,30,19.4,16.8511617820365,21.9488382179635
"moderate_intensity","Disease and non-battle injury",122,30,19.3333333333333,16.6669806516558,21.9996860150109
"moderate_intensity","Disease and non-battle injury",123,30,19.6,17.1006880936959,22.0993119063042
"moderate_intensity","Disease and non-battle injury",124,30,19.0666666666667,16.6152660272126,21.5180673061208
"moderate_intensity","Disease and non-battle injury",125,30,19.8,17.318449534206,22.281550465794
"moderate_intensity","Disease and non-battle injury",126,30,21.1666666666667,18.689608810101,23.6437245232324
"moderate_intensity","Disease and non-battle injury",127,30,21.3333333333333,18.8480398563616,23.8186268103051
"moderate_intensity","Disease and non-battle injury",128,30,21.5666666666667,19.0806961780789,24.0526371552544
"moderate_intensity","Disease and non-battle injury",129,30,21.9666666666667,19.2447233663341,24.6886099669992
"moderate_intensity","Disease and non-battle injury",130,30,22.0666666666667,19.3938302970801,24.7395030362532
"moderate_intensity","Disease and non-battle injury",131,30,21.8333333333333,19.1227184829494,24.5439481837172
"moderate_intensity","Disease and non-battle injury",132,30,21.2,18.5479914005543,23.8520085994457
"moderate_intensity","Disease and non-battle injury",133,30,20.9333333333333,18.3223737542996,23.5442929123671
"moderate_intensity","Disease and non-battle injury",134,30,20.3666666666667,17.7973806759694,22.9359526573639
"moderate_intensity","Disease and non-battle injury",135,30,20.7333333333333,18.137147314484,23.3295193521827
"moderate_intensity","Disease and non-battle injury",136,30,20.8,18.3281560192878,23.2718439807122
"moderate_intensity","Disease and non-battle injury",137,30,20.9666666666667,18.8646685068685,23.0686648264648
"moderate_intensity","Disease and non-battle injury",138,30,20.4333333333333,18.6501187658067,22.21654790086
"moderate_intensity","Disease and non-battle injury",139,30,20.8666666666667,18.6679650747639,23.0653682585694
"moderate_intensity","Disease and non-battle injury",140,30,21.2333333333333,18.9552639194306,23.5114027472361
"moderate_intensity","Disease and non-battle injury",141,30,21.9333333333333,19.505582733128,24.3610839335386
"moderate_intensity","Disease and non-battle injury",142,30,22.3,19.6321750998598,24.9678249001402
"moderate_intensity","Disease and non-battle injury",143,30,22.4666666666667,19.7726876068127,25.1606457265206
"moderate_intensity","Disease and non-battle injury",144,30,22.6666666666667,20.4449064647658,24.8884268685676
"moderate_intensity","Disease and non-battle injury",145,30,22.9,21.0205210237846,24.7794789762154
"moderate_intensity","Disease and non-battle injury",146,30,22.3,20.494101402629,24.105898597371
"moderate_intensity","Disease and non-battle injury",147,30,22.2,20.3907764769627,24.0092235230373
"moderate_intensity","Disease and non-battle injury",148,30,22.3,19.9238602336473,24.6761397663527
"moderate_intensity","Disease and non-battle injury",149,30,21.9,19.2462696405059,24.5537303594941
"moderate_intensity","Disease and non-battle injury",150,30,21.9666666666667,19.1170070273662,24.8163263059671
"moderate_intensity","Disease and non-battle injury",151,30,22.6,19.6950025382022,25.5049974617978
"moderate_intensity","Disease and non-battle injury",152,30,22.4,19.7896543166224,25.0103456833776
"moderate_intensity","Disease and non-battle injury",153,30,22.1666666666667,19.7346618562282,24.5986714771052
"moderate_intensity","Disease and non-battle injury",154,30,22.2666666666667,19.8627987712784,24.6705345620549
"moderate_intensity","Disease and non-battle injury",155,30,21.9333333333333,19.324215874596,24.5424507920707
"moderate_intensity","Disease and non-battle injury",156,30,21.3333333333333,19.2248263042021,23.4418403624645
"moderate_intensity","Disease and non-battle injury",157,30,21.9,20.0128621535205,23.7871378464795
"moderate_intensity","Disease and non-battle injury",158,30,22.0333333333333,20.1130261926805,23.9536404739862
"moderate_intensity","Disease and non-battle injury",159,30,22,19.5701378528853,24.4298621471147
"moderate_intensity","Disease and non-battle injury",160,30,21.4666666666667,18.9961197653221,23.9372135680112
"moderate_intensity","Disease and non-battle injury",161,30,21.1333333333333,18.3671483107458,23.8995183559209
"moderate_intensity","Disease and non-battle injury",162,30,21.2333333333333,18.5735705267845,23.8930961398821
"moderate_intensity","Disease and non-battle injury",163,30,21.4333333333333,19.0784676005631,23.7881990661036
"moderate_intensity","Disease and non-battle injury",164,30,21.9,19.5766517405139,24.2233482594861
"moderate_intensity","Disease and non-battle injury",165,30,21.4333333333333,19.3677914412361,23.4988752254305
"moderate_intensity","Disease and non-battle injury",166,30,21.1666666666667,18.9196227172512,23.4137106160821
"moderate_intensity","Disease and non-battle injury",167,30,20.7666666666667,18.6324352818807,22.9008980514527
"moderate_intensity","Disease and non-battle injury",168,30,20.7333333333333,18.5451533035122,22.9215133631545
"moderate_intensity","Disease and non-battle injury",169,30,20.1333333333333,18.0468319081623,22.2198347585043
"moderate_intensity","Disease and non-battle injury",170,30,20.7,18.7408597968546,22.6591402031454
"moderate_intensity","Disease and non-battle injury",171,30,20.5666666666667,18.683779902011,22.4495534313224
"moderate_intensity","Disease and non-battle injury",172,30,20.2,18.4723398886024,21.9276601113976
"moderate_intensity","Disease and non-battle injury",173,30,20.4333333333333,18.3794630212861,22.4872036453805
"moderate_intensity","Disease and non-battle injury",174,30,20.9333333333333,18.7650188371937,23.1016478294729
"moderate_intensity","Disease and non-battle injury",175,30,20.5666666666667,18.1693079479027,22.9640253854306
"moderate_intensity","Disease and non-battle injury",176,30,21.4333333333333,19.2700137240328,23.5966529426339
"moderate_intensity","Disease and non-battle injury",177,30,21.5333333333333,19.1783655161714,23.8883011504953
"moderate_intensity","Disease and non-battle injury",178,30,22.1,18.8918079618657,25.3081920381343
"moderate_intensity","Disease and non-battle injury",179,30,21.2333333333333,18.1813063864572,24.2853602802095
"moderate_intensity","Disease and non-battle injury",180,30,21.5,18.2882131799866,24.7117868200134
"moderate_intensity","Disease and non-battle injury",181,30,20.7,17.6440896650187,23.7559103349813
"moderate_intensity","Disease and non-battle injury",182,30,19.9666666666667,16.8096373742844,23.1236959590489
"moderate_intensity","Disease and non-battle injury",183,30,19.5,16.6431506219974,22.3568493780026
"moderate_intensity","Disease and non-battle injury",184,30,19.3,16.7804744674809,21.8195255325191
"moderate_intensity","Disease and non-battle injury",185,30,19.3333333333333,16.8287687473669,21.8378979192998
"moderate_intensity","Disease and non-battle injury",186,30,20.1333333333333,17.6823249912129,22.5843416754538
"moderate_intensity","Disease and non-battle injury",187,30,20.2333333333333,18.0677923519977,22.398874314669
"moderate_intensity","Disease and non-battle injury",188,30,19.3666666666667,17.2715417934872,21.4617915398461
"moderate_intensity","Disease and non-battle injury",189,30,19.6666666666667,17.8103970562745,21.5229362770589
"moderate_intensity","Disease and non-battle injury",190,30,19.3,17.2426991615622,21.3573008384378
"moderate_intensity","Disease and non-battle injury",191,30,19.6333333333333,17.6782876426957,21.588379023971
"moderate_intensity","Disease and non-battle injury",192,30,20.5666666666667,18.1813715555171,22.9519617778163
"moderate_intensity","Disease and non-battle injury",193,30,20.8,18.5077984845456,23.0922015154544
"moderate_intensity","Disease and non-battle injury",194,30,20.7666666666667,18.5290572129815,23.0042761203518
"moderate_intensity","Disease and non-battle injury",195,30,20.7666666666667,18.590052830649,22.9432805026844
"moderate_intensity","Disease and non-battle injury",196,30,20,17.842652375672,22.157347624328
"moderate_intensity","Disease and non-battle injury",197,30,19.4,17.2727261013046,21.5272738986954
"moderate_intensity","Disease and non-battle injury",198,30,18.3666666666667,16.059655355332,20.6736779780013
"moderate_intensity","Disease and non-battle injury",199,30,17.8,15.5501405398884,20.0498594601116
"moderate_intensity","Disease and non-battle injury",200,30,17.8666666666667,15.8914361145981,19.8418972187352
"moderate_intensity","Disease and non-battle injury",201,30,17.7666666666667,15.5966897632034,19.9366435701299
"moderate_intensity","Disease and non-battle injury",202,30,17.8,15.3535731082241,20.2464268917759
"moderate_intensity","Disease and non-battle injury",203,30,18.9,16.3160347436112,21.4839652563888
"moderate_intensity","Disease and non-battle injury",204,30,19.2333333333333,16.7628837403948,21.7037829262719
"moderate_intensity","Disease and non-battle injury",205,30,19.6,17.1258229899995,22.0741770100005
"moderate_intensity","Disease and non-battle injury",206,30,19.5666666666667,17.5034538084893,21.6298795248441
"moderate_intensity","Disease and non-battle injury",207,30,19.9666666666667,18.1759184930121,21.7574148403212
"moderate_intensity","Disease and non-battle injury",208,30,19.5666666666667,17.7997036974226,21.3336296359107
"moderate_intensity","Disease and non-battle injury",209,30,20.4666666666667,18.6698875918687,22.2634457414646
"moderate_intensity","Disease and non-battle injury",210,30,20.3,18.5182240165365,22.0817759834635
"moderate_intensity","Disease and non-battle injury",211,30,20.2333333333333,18.1585014491923,22.3081652174743
"moderate_intensity","Disease and non-battle injury",212,30,20.0666666666667,17.781748224664,22.3515851086693
"moderate_intensity","Disease and non-battle injury",213,30,21.2666666666667,19.1251261847121,23.4082071486212
"moderate_intensity","Disease and non-battle injury",214,30,21.2333333333333,19.0325553119049,23.4341113547618
"moderate_intensity","Disease and non-battle injury",215,30,21.0666666666667,19.0958224526109,23.0375108807225
"moderate_intensity","Disease and non-battle injury",216,30,20.8,18.8574958767029,22.7425041232971
"moderate_intensity","Disease and non-battle injury",217,30,21.9333333333333,19.7783642627874,24.0883024038793
"moderate_intensity","Disease and non-battle injury",218,30,20.6666666666667,18.5422575815527,22.7910757517807
"moderate_intensity","Disease and non-battle injury",219,30,20.8,18.3912035475229,23.2087964524771
"moderate_intensity","Disease and non-battle injury",220,30,20.7,18.2344857264785,23.1655142735215
"moderate_intensity","Disease and non-battle injury",221,30,20.5666666666667,17.8426045267629,23.2907288065704
"moderate_intensity","Disease and non-battle injury",222,30,20.9666666666667,17.9133797013871,24.0199536319462
"moderate_intensity","Disease and non-battle injury",223,30,20.6666666666667,17.3932219488574,23.9401113844759
"moderate_intensity","Disease and non-battle injury",224,30,19.9666666666667,16.8742628219459,23.0590705113874
"moderate_intensity","Disease and non-battle injury",225,30,20.2333333333333,16.899707330276,23.5669593363907
"moderate_intensity","Disease and non-battle injury",226,30,19.5666666666667,16.4599917835232,22.6733415498102
"moderate_intensity","Disease and non-battle injury",227,30,19.5666666666667,16.7557388776525,22.3775944556808
"moderate_intensity","Disease and non-battle injury",228,30,20.5,17.8528001236391,23.1471998763609
"moderate_intensity","Disease and non-battle injury",229,30,20.5,18.0216484716623,22.9783515283377
"moderate_intensity","Disease and non-battle injury",230,30,20.8,18.4052164439251,23.1947835560749
"moderate_intensity","Disease and non-battle injury",231,30,20.6666666666667,18.1988458510605,23.1344874822729
"moderate_intensity","Disease and non-battle injury",232,30,20.4666666666667,18.0933951885994,22.839938144734
"moderate_intensity","Disease and non-battle injury",233,30,20.9666666666667,18.3583785865169,23.5749547468164
"moderate_intensity","Disease and non-battle injury",234,30,20.3,17.5981499143834,23.0018500856166
"moderate_intensity","Disease and non-battle injury",235,30,20.9,18.0759890621119,23.7240109378881
"moderate_intensity","Disease and non-battle injury",236,30,20.8666666666667,18.0970075542654,23.6363257790679
"moderate_intensity","Disease and non-battle injury",237,30,20.1666666666667,17.1954214082696,23.1379119250637
"moderate_intensity","Disease and non-battle injury",238,30,20.4666666666667,17.3599144026379,23.5734189306954
"moderate_intensity","Disease and non-battle injury",239,30,19.8333333333333,16.8155257398171,22.8511409268495
"moderate_intensity","Disease and non-battle injury",240,30,20.1,17.2657922030185,22.9342077969815
"moderate_intensity","Disease and non-battle injury",241,30,21.1,18.5384605550752,23.6615394449248
"moderate_intensity","Disease and non-battle injury",242,30,21.7,19.3646798951654,24.0353201048346
"moderate_intensity","Disease and non-battle injury",243,30,22.1333333333333,19.9676813432072,24.2989853234594
"moderate_intensity","Disease and non-battle injury",244,30,22.0666666666667,20.2010958419695,23.9322374913638
"moderate_intensity","Disease and non-battle injury",245,30,21.8666666666667,19.8841471173545,23.8491862159788
"moderate_intensity","Disease and non-battle injury",246,30,21.3333333333333,18.9206809957882,23.7459856708785
"moderate_intensity","Disease and non-battle injury",247,30,21.7,19.45495399422,23.94504600578
"moderate_intensity","Disease and non-battle injury",248,30,20.9666666666667,18.2148586250614,23.7184747082719
"moderate_intensity","Disease and non-battle injury",249,30,21,18.4222756522092,23.5777243477908
"moderate_intensity","Disease and non-battle injury",250,30,21.3333333333333,18.7051209339959,23.9615457326708
"moderate_intensity","Disease and non-battle injury",251,30,21.3666666666667,18.8293928670197,23.9039404663136
"moderate_intensity","Disease and non-battle injury",252,30,21.1666666666667,18.7149718454063,23.6183614879271
"moderate_intensity","Disease and non-battle injury",253,30,20.6666666666667,18.1640225138919,23.1693108194414
"moderate_intensity","Disease and non-battle injury",254,30,21.0666666666667,18.8850883817251,23.2482449516082
"moderate_intensity","Disease and non-battle injury",255,30,21.2,19.0284357630277,23.3715642369723
"moderate_intensity","Disease and non-battle injury",256,30,20.8,18.5673021898666,23.0326978101334
"moderate_intensity","Disease and non-battle injury",257,30,21.0333333333333,19.0321067495055,23.0345599171611
"moderate_intensity","Disease and non-battle injury",258,30,21.0666666666667,18.9206406520131,23.2126926813203
"moderate_intensity","Disease and non-battle injury",259,30,20.0666666666667,17.9094676251154,22.2238657082179
"moderate_intensity","Disease and non-battle injury",260,30,19.6666666666667,17.4190878553522,21.9142454779811
"moderate_intensity","Disease and non-battle injury",261,30,19.9,17.7642672739677,22.0357327260323
"moderate_intensity","Disease and non-battle injury",262,30,20.3666666666667,18.4042570045266,22.3290763288067
"moderate_intensity","Disease and non-battle injury",263,30,20.7333333333333,18.5783642627874,22.8883024038793
"moderate_intensity","Disease and non-battle injury",264,30,20.6333333333333,18.6011138648709,22.6655528017958
"moderate_intensity","Disease and non-battle injury",265,30,20.2333333333333,18.2196523528673,22.2470143137993
"moderate_intensity","Disease and non-battle injury",266,30,20.5666666666667,18.6013191417,22.5320141916333
"moderate_intensity","Disease and non-battle injury",267,30,20.2,18.4584806892217,21.9415193107783
"moderate_intensity","Disease and non-battle injury",268,30,20.8666666666667,19.1022905941376,22.6310427391957
"moderate_intensity","Disease and non-battle injury",269,30,21.2333333333333,19.1654650304987,23.301201636168
"moderate_intensity","Disease and non-battle injury",270,30,21.2,19.2158643099211,23.1841356900789
"moderate_intensity","Disease and non-battle injury",271,30,21.6,19.4502431908074,23.7497568091926
"moderate_intensity","Disease and non-battle injury",272,30,21.1,19.1111446367643,23.0888553632357
"moderate_intensity","Disease and non-battle injury",273,30,20.6,18.6446674144029,22.5553325855971
"moderate_intensity","Disease and non-battle injury",274,30,20.3,18.4032053118265,22.1967946881735
"moderate_intensity","Disease and non-battle injury",275,30,20.3,18.4967657572776,22.1032342427224
"moderate_intensity","Disease and non-battle injury",276,30,20.8666666666667,18.7504208573573,22.982912475976
"moderate_intensity","Disease and non-battle injury",277,30,19.7666666666667,17.7221815923095,21.8111517410238
"moderate_intensity","Disease and non-battle injury",278,30,20.3,18.1201487958414,22.4798512041586
"moderate_intensity","Disease and non-battle injury",279,30,20.3,18.1003874520701,22.4996125479299
"moderate_intensity","Disease and non-battle injury",280,30,20.2333333333333,18.0479016069728,22.4187650596939
"moderate_intensity","Disease and non-battle injury",281,30,18.9333333333333,16.8906127915376,20.9760538751291
"moderate_intensity","Disease and non-battle injury",282,30,18.9,16.7241226012195,21.0758773987805
"moderate_intensity","Disease and non-battle injury",283,30,18.8,16.5036072184464,21.0963927815536
"moderate_intensity","Disease and non-battle injury",284,30,18.9666666666667,16.6162970366544,21.3170362966789
"moderate_intensity","Disease and non-battle injury",285,30,19.2,16.5661834701455,21.8338165298545
"moderate_intensity","Disease and non-battle injury",286,30,19.2,16.3725009995538,22.0274990004462
"moderate_intensity","Disease and non-battle injury",287,30,19.1666666666667,16.3261326312053,22.007200702128
"moderate_intensity","Disease and non-battle injury",288,30,19.1,16.5629788728261,21.6370211271739
"moderate_intensity","Disease and non-battle injury",289,30,18.9666666666667,16.3713141588112,21.5620191745222
"moderate_intensity","Disease and non-battle injury",290,30,19.6,17.1297125962562,22.0702874037438
"moderate_intensity","Disease and non-battle injury",291,30,20.0333333333333,17.4103398548949,22.6563268117717
"moderate_intensity","Disease and non-battle injury",292,30,20.2666666666667,17.5563178947108,22.9770154386225
"moderate_intensity","Disease and non-battle injury",293,30,20.4666666666667,17.9980666622344,22.935266671099
"moderate_intensity","Disease and non-battle injury",294,30,21.5,18.7828891134256,24.2171108865744
"moderate_intensity","Disease and non-battle injury",295,30,21.6666666666667,19.0384542673292,24.2948790660041
"moderate_intensity","Disease and non-battle injury",296,30,22.1,19.0062489734862,25.1937510265139
"moderate_intensity","Disease and non-battle injury",297,30,21.5,18.9660129076984,24.0339870923016
"moderate_intensity","Disease and non-battle injury",298,30,21.8333333333333,19.3894954792286,24.2771711874381
"moderate_intensity","Disease and non-battle injury",299,30,21.5,19.3905430645139,23.6094569354861
"moderate_intensity","Disease and non-battle injury",300,30,21.4666666666667,19.2679650747639,23.6653682585694
"moderate_intensity","Disease and non-battle injury",301,30,20.2333333333333,18.2077491853923,22.2589174812744
"moderate_intensity","Disease and non-battle injury",302,30,19.9333333333333,17.8394710100675,22.0271956565992
"moderate_intensity","Disease and non-battle injury",303,30,20.6666666666667,18.4341124245372,22.8992209087961
"moderate_intensity","Disease and non-battle injury",304,30,20.8333333333333,18.483782100919,23.1828845657477
"moderate_intensity","Disease and non-battle injury",305,30,20.3666666666667,18.2037916055472,22.5295417277861
"moderate_intensity","Disease and non-battle injury",306,30,20.1666666666667,17.9153473800428,22.4179859532905
"moderate_intensity","Disease and non-battle injury",307,30,20.5666666666667,18.0749007668059,23.0584325665275
"moderate_intensity","Disease and non-battle injury",308,30,20.1666666666667,17.6915505855679,22.6417827477655
"moderate_intensity","Disease and non-battle injury",309,30,20.1333333333333,17.4286671369071,22.8379995297596
"moderate_intensity","Disease and non-battle injury",310,30,19.4666666666667,16.7478163006167,22.1855170327167
"moderate_intensity","Disease and non-battle injury",311,30,19.2,16.7713253721288,21.6286746278712
"moderate_intensity","Disease and non-battle injury",312,30,20,17.677376153699,22.322623846301
"moderate_intensity","Disease and non-battle injury",313,30,20.1666666666667,17.738619019219,22.5947143141143
"moderate_intensity","Disease and non-battle injury",314,30,20,17.4092520612354,22.5907479387646
"moderate_intensity","Disease and non-battle injury",315,30,19.8,17.4012044063392,22.1987955936608
"moderate_intensity","Disease and non-battle injury",316,30,19.9,17.3954034192892,22.4045965807108
"moderate_intensity","Disease and non-battle injury",317,30,20.6,18.4569632973068,22.7430367026932
"moderate_intensity","Disease and non-battle injury",318,30,19.9,17.6738799041153,22.1261200958847
"moderate_intensity","Disease and non-battle injury",319,30,19.6666666666667,17.2921799611819,22.0411533721514
"moderate_intensity","Disease and non-battle injury",320,30,19.1,16.8609585219427,21.3390414780573
"moderate_intensity","Disease and non-battle injury",321,30,18.9666666666667,16.9558529310714,20.9774804022619
"moderate_intensity","Disease and non-battle injury",322,30,19,16.929072575507,21.070927424493
"moderate_intensity","Disease and non-battle injury",323,30,19.3666666666667,17.0265475781619,21.7067857551714
"moderate_intensity","Disease and non-battle injury",324,30,19.7333333333333,17.246879377879,22.2197872887876
"moderate_intensity","Disease and non-battle injury",325,30,20.1666666666667,17.8294257859313,22.503907547402
"moderate_intensity","Disease and non-battle injury",326,30,20.6333333333333,18.4749087897617,22.791757876905
"moderate_intensity","Disease and non-battle injury",327,30,21.5,19.0568180336832,23.9431819663168
"moderate_intensity","Disease and non-battle injury",328,30,20.6666666666667,18.0586551046578,23.2746782286756
"moderate_intensity","Disease and non-battle injury",329,30,21.0666666666667,18.5077876841295,23.6255456492039
"moderate_intensity","Disease and non-battle injury",330,30,21.1333333333333,18.8806263091659,23.3860403575008
"moderate_intensity","Disease and non-battle injury",331,30,20.9666666666667,18.6244938809303,23.3088394524031
"moderate_intensity","Disease and non-battle injury",332,30,21.8,19.3792570544096,24.2207429455904
"moderate_intensity","Disease and non-battle injury",333,30,21.4,19.1157830772924,23.6842169227076
"moderate_intensity","Disease and non-battle injury",334,30,20.7333333333333,18.6053061773293,22.8613604893374
"moderate_intensity","Disease and non-battle injury",335,30,20.1666666666667,18.1448839076606,22.1884494256727
"moderate_intensity","Disease and non-battle injury",336,30,20.2,18.4612436916135,21.9387563083865
"moderate_intensity","Disease and non-battle injury",337,30,20.1666666666667,18.476472517302,21.8568608160313
"moderate_intensity","Disease and non-battle injury",338,30,19.6666666666667,17.6419134627084,21.6914198706249
"moderate_intensity","Disease and non-battle injury",339,30,19.9,17.737421355103,22.062578644897
"moderate_intensity","Disease and non-battle injury",340,30,20.4333333333333,18.0199836062293,22.8466830604373
"moderate_intensity","Disease and non-battle injury",341,30,20.4333333333333,18.1238224754983,22.7428441911683
"moderate_intensity","Disease and non-battle injury",342,30,20.7333333333333,18.2430150218892,23.2236516447775
"moderate_intensity","Disease and non-battle injury",343,30,20.7333333333333,18.3254685368387,23.141198129828
"moderate_intensity","Disease and non-battle injury",344,30,22.1,19.2153485249916,24.9846514750084
"moderate_intensity","Disease and non-battle injury",345,30,22.1,19.2862228734045,24.9137771265955
"moderate_intensity","Disease and non-battle injury",346,30,22.1333333333333,19.5393706056449,24.7272960610218
"moderate_intensity","Disease and non-battle injury",347,30,22.2333333333333,19.8100428112101,24.6566238554566
"moderate_intensity","Disease and non-battle injury",348,30,21.5666666666667,19.4212008307455,23.7121325025879
"moderate_intensity","Disease and non-battle injury",349,30,21,18.796347355128,23.203652644872
"moderate_intensity","Disease and non-battle injury",350,30,20.5,18.1737563436602,22.8262436563398
"moderate_intensity","Disease and non-battle injury",351,30,20.9666666666667,18.7949179313264,23.1384154020069
"moderate_intensity","Disease and non-battle injury",352,30,20.1,18.0375640709276,22.1624359290724
"moderate_intensity","Disease and non-battle injury",353,30,19.3666666666667,17.4264327649627,21.3069005683706
"moderate_intensity","Disease and non-battle injury",354,30,19.1,17.3122973186407,20.8877026813593
"moderate_intensity","Disease and non-battle injury",355,30,19.9,17.7665196820253,22.0334803179747
"moderate_intensity","Disease and non-battle injury",356,30,19.7333333333333,17.5473516698585,21.9193149968082
"moderate_intensity","Disease and non-battle injury",357,30,20.3,18.0062258622858,22.5937741377142
"moderate_intensity","Disease and non-battle injury",358,30,20.4666666666667,18.3755616437277,22.5577716896056
"moderate_intensity","Disease and non-battle injury",359,30,20.6333333333333,18.617743122259,22.6489235444076
"moderate_intensity","Disease and non-battle injury",360,30,20.7666666666667,18.9540358983362,22.5792974349971
"moderate_intensity","Reconstruction cohort",1,30,0,0,0
"moderate_intensity","Reconstruction cohort",2,30,0,0,0
"moderate_intensity","Reconstruction cohort",3,30,0,0,0
"moderate_intensity","Reconstruction cohort",4,30,0,0,0
"moderate_intensity","Reconstruction cohort",5,30,0,0,0
"moderate_intensity","Reconstruction cohort",6,30,0,0,0
"moderate_intensity","Reconstruction cohort",7,30,0,0,0
"moderate_intensity","Reconstruction cohort",8,30,3.43333333333333,2.82343226369393,4.04323440297274
"moderate_intensity","Reconstruction cohort",9,30,4.76666666666667,4.0027743105947,5.53055902273863
"moderate_intensity","Reconstruction cohort",10,30,5.43333333333333,4.49438294203345,6.37228372463322
"moderate_intensity","Reconstruction cohort",11,30,6.03333333333333,5.05525730651872,7.01140936014794
"moderate_intensity","Reconstruction cohort",12,30,6.36666666666667,5.31286930854324,7.4204640247901
"moderate_intensity","Reconstruction cohort",13,30,6.73333333333333,5.5816526947261,7.88501397194057
"moderate_intensity","Reconstruction cohort",14,30,6.83333333333333,5.6319995690777,8.03466709758896
"moderate_intensity","Reconstruction cohort",15,30,9.53333333333333,8.20051768412063,10.866148982546
"moderate_intensity","Reconstruction cohort",16,30,10.2333333333333,8.79653235543472,11.6701343112319
"moderate_intensity","Reconstruction cohort",17,30,10.6333333333333,9.15757387920903,12.1090927874576
"moderate_intensity","Reconstruction cohort",18,30,10.8333333333333,9.29504215163483,12.3716245150318
"moderate_intensity","Reconstruction cohort",19,30,11.1666666666667,9.58826624602869,12.7450670873046
"moderate_intensity","Reconstruction cohort",20,30,11.1333333333333,9.62454903214867,12.642117634518
"moderate_intensity","Reconstruction cohort",21,30,11.2333333333333,9.70570598146779,12.7609606851989
"moderate_intensity","Reconstruction cohort",22,30,12.9666666666667,11.1203960395632,14.8129372937701
"moderate_intensity","Reconstruction cohort",23,30,13.5333333333333,11.6682780258453,15.3983886408214
"moderate_intensity","Reconstruction cohort",24,30,14.2,12.3358042046584,16.0641957953416
"moderate_intensity","Reconstruction cohort",25,30,14.4,12.535288449829,16.264711550171
"moderate_intensity","Reconstruction cohort",26,30,14.5333333333333,12.7205699448043,16.3460967218624
"moderate_intensity","Reconstruction cohort",27,30,14.7666666666667,13.0243653018217,16.5089680315117
"moderate_intensity","Reconstruction cohort",28,30,14.9666666666667,13.181296396463,16.7520369368704
"moderate_intensity","Reconstruction cohort",29,30,16.5,14.4366317911065,18.5633682088935
"moderate_intensity","Reconstruction cohort",30,30,17.3333333333333,15.1841730160527,19.482493650614
"moderate_intensity","Reconstruction cohort",31,30,17.9,15.728546469573,20.071453530427
"moderate_intensity","Reconstruction cohort",32,30,18.3,16.1602189142827,20.4397810857173
"moderate_intensity","Reconstruction cohort",33,30,18.4333333333333,16.3036123224763,20.5630543441903
"moderate_intensity","Reconstruction cohort",34,30,18.1,16.1477434830502,20.0522565169498
"moderate_intensity","Reconstruction cohort",35,30,18.2666666666667,16.276401610209,20.2569317231243
"moderate_intensity","Reconstruction cohort",36,30,18.9666666666667,16.7187669992997,21.2145663340336
"moderate_intensity","Reconstruction cohort",37,30,19.3333333333333,17.0433702964553,21.6232963702114
"moderate_intensity","Reconstruction cohort",38,30,19.1666666666667,16.7149718454063,21.6183614879271
"moderate_intensity","Reconstruction cohort",39,30,19.3333333333333,16.9246699525053,21.7419967141614
"moderate_intensity","Reconstruction cohort",40,30,19.8333333333333,17.3601605522576,22.3065061144091
"moderate_intensity","Reconstruction cohort",41,30,19.4666666666667,16.9980666622344,21.935266671099
"moderate_intensity","Reconstruction cohort",42,30,19.2,16.8395940788016,21.5604059211984
"moderate_intensity","Reconstruction cohort",43,30,19.8,17.5098969941089,22.0901030058911
"moderate_intensity","Reconstruction cohort",44,30,19.8666666666667,17.4893468462959,22.2439864870374
"moderate_intensity","Reconstruction cohort",45,30,19.9333333333333,17.5820433465132,22.2846233201535
"moderate_intensity","Reconstruction cohort",46,30,19.7666666666667,17.415887944699,22.1174453886343
"moderate_intensity","Reconstruction cohort",47,30,19.7,17.3895178265726,22.0104821734274
"moderate_intensity","Reconstruction cohort",48,30,19.5333333333333,17.433051386451,21.6336152802157
"moderate_intensity","Reconstruction cohort",49,30,19.4666666666667,17.3390914330453,21.594241900288
"moderate_intensity","Reconstruction cohort",50,30,19.5666666666667,17.2928222931795,21.8405110401539
"moderate_intensity","Reconstruction cohort",51,30,19.4,17.2037781201054,21.5962218798946
"moderate_intensity","Reconstruction cohort",52,30,19.8,17.6085996887752,21.9914003112248
"moderate_intensity","Reconstruction cohort",53,30,20.0333333333333,17.901807027614,22.1648596390527
"moderate_intensity","Reconstruction cohort",54,30,20.4666666666667,18.1591343931999,22.7741989401335
"moderate_intensity","Reconstruction cohort",55,30,20.6,18.3326846555663,22.8673153444337
"moderate_intensity","Reconstruction cohort",56,30,20.4333333333333,18.1113651032283,22.7553015634384
"moderate_intensity","Reconstruction cohort",57,30,20.3333333333333,18.0224696833387,22.644196983328
"moderate_intensity","Reconstruction cohort",58,30,20.5666666666667,18.1513255074983,22.982007825835
"moderate_intensity","Reconstruction cohort",59,30,20.7666666666667,18.40976008616,23.1235732471733
"moderate_intensity","Reconstruction cohort",60,30,21.1,18.614674280198,23.585325719802
"moderate_intensity","Reconstruction cohort",61,30,20.9666666666667,18.4752867081423,23.4580466251911
"moderate_intensity","Reconstruction cohort",62,30,20.7333333333333,18.3115313292014,23.1551353374653
"moderate_intensity","Reconstruction cohort",63,30,20.7,18.2189339565788,23.1810660434212
"moderate_intensity","Reconstruction cohort",64,30,20.9666666666667,18.4503236403851,23.4830096929482
"moderate_intensity","Reconstruction cohort",65,30,21.1666666666667,18.6150318947391,23.7183014385943
"moderate_intensity","Reconstruction cohort",66,30,21.2333333333333,18.6136413723993,23.8530252942674
"moderate_intensity","Reconstruction cohort",67,30,21.3,18.6484446811223,23.9515553188777
"moderate_intensity","Reconstruction cohort",68,30,21.6,19.0025796417005,24.1974203582995
"moderate_intensity","Reconstruction cohort",69,30,21.5666666666667,19.0385049853165,24.0948283480168
"moderate_intensity","Reconstruction cohort",70,30,21,18.5250458022907,23.4749541977093
"moderate_intensity","Reconstruction cohort",71,30,21.1666666666667,18.6510880409879,23.6822452923454
"moderate_intensity","Reconstruction cohort",72,30,20.8,18.2838162046939,23.3161837953061
"moderate_intensity","Reconstruction cohort",73,30,20.7,18.3017055439956,23.0982944560044
"moderate_intensity","Reconstruction cohort",74,30,21.0333333333333,18.5380966476747,23.528570018992
"moderate_intensity","Reconstruction cohort",75,30,21,18.3596198856168,23.6403801143832
"moderate_intensity","Reconstruction cohort",76,30,21.1333333333333,18.4698673569572,23.7967993097095
"moderate_intensity","Reconstruction cohort",77,30,20.9333333333333,18.3520054259203,23.5146612407464
"moderate_intensity","Reconstruction cohort",78,30,20.7333333333333,18.3036031041398,23.1630635625269
"moderate_intensity","Reconstruction cohort",79,30,20.5333333333333,18.1885959555937,22.8780707110729
"moderate_intensity","Reconstruction cohort",80,30,20.2333333333333,18.0677923519977,22.398874314669
"moderate_intensity","Reconstruction cohort",81,30,20.5333333333333,18.2848990076272,22.7817676590395
"moderate_intensity","Reconstruction cohort",82,30,20.3333333333333,18.2593126622702,22.4073540043964
"moderate_intensity","Reconstruction cohort",83,30,20.3,18.2614812581294,22.3385187418706
"moderate_intensity","Reconstruction cohort",84,30,20.2666666666667,18.2428635307379,22.2904698025954
"moderate_intensity","Reconstruction cohort",85,30,20.6,18.5346520937495,22.6653479062505
"moderate_intensity","Reconstruction cohort",86,30,20.3666666666667,18.3368144656092,22.3965188677241
"moderate_intensity","Reconstruction cohort",87,30,20.3,18.2638412018957,22.3361587981043
"moderate_intensity","Reconstruction cohort",88,30,20.3666666666667,18.3203011012905,22.4130322320428
"moderate_intensity","Reconstruction cohort",89,30,20.1,18.1725287526466,22.0274712473534
"moderate_intensity","Reconstruction cohort",90,30,19.5666666666667,17.6914561347701,21.4418771985633
"moderate_intensity","Reconstruction cohort",91,30,19.4666666666667,17.5407342855517,21.3925990477816
"moderate_intensity","Reconstruction cohort",92,30,19.4333333333333,17.5377219233088,21.3289447433579
"moderate_intensity","Reconstruction cohort",93,30,19.9333333333333,18.0832905114501,21.7833761552166
"moderate_intensity","Reconstruction cohort",94,30,19.8,17.8231473481655,21.7768526518345
"moderate_intensity","Reconstruction cohort",95,30,19.9,18.0001659806933,21.7998340193067
"moderate_intensity","Reconstruction cohort",96,30,19.8666666666667,17.9734663580759,21.7598669752575
"moderate_intensity","Reconstruction cohort",97,30,19.6333333333333,17.8399022553973,21.4267644112694
"moderate_intensity","Reconstruction cohort",98,30,19.4666666666667,17.7380791516319,21.1952541817015
"moderate_intensity","Reconstruction cohort",99,30,19.6333333333333,17.936325765227,21.3303409014397
"moderate_intensity","Reconstruction cohort",100,30,19.7,17.9236290827849,21.4763709172151
"moderate_intensity","Reconstruction cohort",101,30,19.3333333333333,17.4979018343156,21.168764832351
"moderate_intensity","Reconstruction cohort",102,30,18.8666666666667,17.2324431593834,20.50089017395
"moderate_intensity","Reconstruction cohort",103,30,19.2333333333333,17.605152246493,20.8615144201737
"moderate_intensity","Reconstruction cohort",104,30,19.6,17.9720650143849,21.2279349856151
"moderate_intensity","Reconstruction cohort",105,30,19.4333333333333,17.7357592147211,21.1309074519456
"moderate_intensity","Reconstruction cohort",106,30,19.8,18.196466078769,21.403533921231
"moderate_intensity","Reconstruction cohort",107,30,19.6,18.0048836378086,21.1951163621914
"moderate_intensity","Reconstruction cohort",108,30,19.6,17.989883153858,21.210116846142
"moderate_intensity","Reconstruction cohort",109,30,19.9,18.2669046768041,21.5330953231959
"moderate_intensity","Reconstruction cohort",110,30,19.6666666666667,17.9616035258091,21.3717298075242
"moderate_intensity","Reconstruction cohort",111,30,19.8,17.9487447733849,21.6512552266151
"moderate_intensity","Reconstruction cohort",112,30,19.6333333333333,17.7080251673085,21.5586414993582
"moderate_intensity","Reconstruction cohort",113,30,20.0333333333333,17.9612840733938,22.1053825932729
"moderate_intensity","Reconstruction cohort",114,30,19.8666666666667,17.8385917295051,21.8947416038283
"moderate_intensity","Reconstruction cohort",115,30,19.7,17.6033457825728,21.7966542174272
"moderate_intensity","Reconstruction cohort",116,30,19.8333333333333,17.8091738696363,21.8574927970303
"moderate_intensity","Reconstruction cohort",117,30,19.7333333333333,17.7771812797041,21.6894853869626
"moderate_intensity","Reconstruction cohort",118,30,20.1,17.8631069022859,22.3368930977141
"moderate_intensity","Reconstruction cohort",119,30,20.0333333333333,17.8417501936393,22.2249164730273
"moderate_intensity","Reconstruction cohort",120,30,19.8333333333333,17.5884301058545,22.0782365608121
"moderate_intensity","Reconstruction cohort",121,30,20.0333333333333,17.561327265554,22.5053394011127
"moderate_intensity","Reconstruction cohort",122,30,19.9333333333333,17.4180414177711,22.4486252488956
"moderate_intensity","Reconstruction cohort",123,30,19.6666666666667,17.0549706033216,22.2783627300117
"moderate_intensity","Reconstruction cohort",124,30,19.7666666666667,17.1396436348639,22.3936896984694
"moderate_intensity","Reconstruction cohort",125,30,19.5333333333333,16.8825336543131,22.1841330123536
"moderate_intensity","Reconstruction cohort",126,30,19.7,17.0142133747434,22.3857866252566
"moderate_intensity","Reconstruction cohort",127,30,19.7333333333333,17.2372297052975,22.2294369613692
"moderate_intensity","Reconstruction cohort",128,30,19.2,16.8334911488845,21.5665088511155
"moderate_intensity","Reconstruction cohort",129,30,19.2666666666667,16.9566354104013,21.576697922932
"moderate_intensity","Reconstruction cohort",130,30,18.9666666666667,16.6534115531512,21.2799217801822
"moderate_intensity","Reconstruction cohort",131,30,19.3666666666667,16.7676117115432,21.9657216217901
"moderate_intensity","Reconstruction cohort",132,30,19.2,16.7812440390222,21.6187559609778
"moderate_intensity","Reconstruction cohort",133,30,19.5,17.0825364548029,21.9174635451971
"moderate_intensity","Reconstruction cohort",134,30,19.5666666666667,17.1177189165521,22.0156144167812
"moderate_intensity","Reconstruction cohort",135,30,19.5666666666667,17.0923277224293,22.0410056109041
"moderate_intensity","Reconstruction cohort",136,30,19.9,17.4813434311022,22.3186565688978
"moderate_intensity","Reconstruction cohort",137,30,20,17.6020062768592,22.3979937231408
"moderate_intensity","Reconstruction cohort",138,30,20.2333333333333,17.9010347866381,22.5656318800286
"moderate_intensity","Reconstruction cohort",139,30,20.4,18.1178889290562,22.6821110709438
"moderate_intensity","Reconstruction cohort",140,30,19.9666666666667,17.8853564603169,22.0479768730164
"moderate_intensity","Reconstruction cohort",141,30,20.1,18.0492533281195,22.1507466718805
"moderate_intensity","Reconstruction cohort",142,30,20.1666666666667,18.0885930969267,22.2447402364067
"moderate_intensity","Reconstruction cohort",143,30,20.1333333333333,18.1171468584646,22.149519808202
"moderate_intensity","Reconstruction cohort",144,30,19.9666666666667,17.8578176219566,22.0755157113767
"moderate_intensity","Reconstruction cohort",145,30,20.0666666666667,17.7922937338994,22.3410395994339
"moderate_intensity","Reconstruction cohort",146,30,20.3666666666667,18.0513340274838,22.6819993058495
"moderate_intensity","Reconstruction cohort",147,30,20.4,18.1010961266283,22.6989038733717
"moderate_intensity","Reconstruction cohort",148,30,20.3666666666667,18.1187669992997,22.6145663340336
"moderate_intensity","Reconstruction cohort",149,30,20.4333333333333,18.2811549757884,22.5855116908783
"moderate_intensity","Reconstruction cohort",150,30,20.5333333333333,18.3788105339558,22.6878561327109
"moderate_intensity","Reconstruction cohort",151,30,20.8666666666667,18.7166116735751,23.0167216597582
"moderate_intensity","Reconstruction cohort",152,30,20.8,18.8134425640056,22.7865574359944
"moderate_intensity","Reconstruction cohort",153,30,21.2666666666667,19.4666793735272,23.0666539598062
"moderate_intensity","Reconstruction cohort",154,30,21.6,19.9197439198539,23.2802560801461
"moderate_intensity","Reconstruction cohort",155,30,21.6666666666667,20.0424770107971,23.2908563225362
"moderate_intensity","Reconstruction cohort",156,30,22.2,20.486311168498,23.913688831502
"moderate_intensity","Reconstruction cohort",157,30,22.0333333333333,20.2159343347516,23.8507323319151
"moderate_intensity","Reconstruction cohort",158,30,22.2,20.1798429307246,24.2201570692754
"moderate_intensity","Reconstruction cohort",159,30,22.0666666666667,20.076401610209,24.0569317231243
"moderate_intensity","Reconstruction cohort",160,30,21.9666666666667,19.9799075517613,23.953425781572
"moderate_intensity","Reconstruction cohort",161,30,22,19.818274792589,24.181725207411
"moderate_intensity","Reconstruction cohort",162,30,22.0666666666667,19.8457722543168,24.2875610790165
"moderate_intensity","Reconstruction cohort",163,30,22.0333333333333,19.7918595135066,24.2748071531601
"moderate_intensity","Reconstruction cohort",164,30,21.6,19.3711817719638,23.8288182280362
"moderate_intensity","Reconstruction cohort",165,30,21.6,19.2269986569831,23.9730013430169
"moderate_intensity","Reconstruction cohort",166,30,21.7333333333333,19.3414962152756,24.1251704513911
"moderate_intensity","Reconstruction cohort",167,30,21.4,19.124218175979,23.675781824021
"moderate_intensity","Reconstruction cohort",168,30,21.2,18.9183103326368,23.4816896673632
"moderate_intensity","Reconstruction cohort",169,30,20.9333333333333,18.7254665050017,23.141200161665
"moderate_intensity","Reconstruction cohort",170,30,20.7333333333333,18.2819326938792,23.1847339727874
"moderate_intensity","Reconstruction cohort",171,30,20.9333333333333,18.4256991133855,23.4409675532811
"moderate_intensity","Reconstruction cohort",172,30,20.8333333333333,18.3063129770379,23.3603536896287
"moderate_intensity","Reconstruction cohort",173,30,20.9666666666667,18.3491780309032,23.5841553024301
"moderate_intensity","Reconstruction cohort",174,30,21.0333333333333,18.2885230560275,23.7781436106392
"moderate_intensity","Reconstruction cohort",175,30,21.5,18.6063620500292,24.3936379499708
"moderate_intensity","Reconstruction cohort",176,30,21.6666666666667,18.7770469866713,24.5562863466621
"moderate_intensity","Reconstruction cohort",177,30,21.4333333333333,18.6172788124421,24.2493878542246
"moderate_intensity","Reconstruction cohort",178,30,21.6333333333333,18.8347480185607,24.4319186481059
"moderate_intensity","Reconstruction cohort",179,30,21.3666666666667,18.6946398976863,24.0386934356471
"moderate_intensity","Reconstruction cohort",180,30,21.4666666666667,18.8086217126199,24.1247116207134
"moderate_intensity","Reconstruction cohort",181,30,21.1333333333333,18.5710744734563,23.6955921932104
"moderate_intensity","Reconstruction cohort",182,30,20.9333333333333,18.378215013656,23.4884516530107
"moderate_intensity","Reconstruction cohort",183,30,20.6666666666667,18.1910649989142,23.1422683344191
"moderate_intensity","Reconstruction cohort",184,30,20.5333333333333,18.1580368216389,22.9086298450278
"moderate_intensity","Reconstruction cohort",185,30,20.5,18.2028745331127,22.7971254668873
"moderate_intensity","Reconstruction cohort",186,30,20.8333333333333,18.5607580036856,23.1059086629811
"moderate_intensity","Reconstruction cohort",187,30,20.5666666666667,18.4301836656424,22.7031496676909
"moderate_intensity","Reconstruction cohort",188,30,20.5333333333333,18.2593832381614,22.8072834285053
"moderate_intensity","Reconstruction cohort",189,30,20.2333333333333,18.0021793633794,22.4644873032873
"moderate_intensity","Reconstruction cohort",190,30,19.8,17.5140997926699,22.0859002073301
"moderate_intensity","Reconstruction cohort",191,30,19.8333333333333,17.4052856858857,22.261380980781
"moderate_intensity","Reconstruction cohort",192,30,19.7666666666667,17.341392875015,22.1919404583183
"moderate_intensity","Reconstruction cohort",193,30,19.7333333333333,17.4129186173349,22.0537480493318
"moderate_intensity","Reconstruction cohort",194,30,20.0666666666667,17.658801870172,22.4745314631613
"moderate_intensity","Reconstruction cohort",195,30,20.2,18.024012119745,22.375987880255
"moderate_intensity","Reconstruction cohort",196,30,20.4666666666667,18.3032359345938,22.6300973987395
"moderate_intensity","Reconstruction cohort",197,30,20.6333333333333,18.4905583938511,22.7761082728156
"moderate_intensity","Reconstruction cohort",198,30,20.7,18.491661393615,22.908338606385
"moderate_intensity","Reconstruction cohort",199,30,20.3333333333333,18.238552716482,22.4281139501847
"moderate_intensity","Reconstruction cohort",200,30,20.1333333333333,17.981043277793,22.2856233888737
"moderate_intensity","Reconstruction cohort",201,30,20.1666666666667,18.0113629533843,22.321970379949
"moderate_intensity","Reconstruction cohort",202,30,20.0666666666667,17.9935734849565,22.1397598483768
"moderate_intensity","Reconstruction cohort",203,30,19.7,17.6733084567063,21.7266915432937
"moderate_intensity","Reconstruction cohort",204,30,19.3,17.2709375018206,21.3290624981794
"moderate_intensity","Reconstruction cohort",205,30,19.1333333333333,17.2503188965834,21.0163477700833
"moderate_intensity","Reconstruction cohort",206,30,19.2333333333333,17.353001831003,21.1136648356636
"moderate_intensity","Reconstruction cohort",207,30,19.5666666666667,17.5842683810258,21.5490649523075
"moderate_intensity","Reconstruction cohort",208,30,19.8,17.8255809975577,21.7744190024423
"moderate_intensity","Reconstruction cohort",209,30,20.2,18.2037849599945,22.1962150400055
"moderate_intensity","Reconstruction cohort",210,30,20.1666666666667,18.1978971759196,22.1354361574137
"moderate_intensity","Reconstruction cohort",211,30,20.2333333333333,18.1423432768129,22.3243233898538
"moderate_intensity","Reconstruction cohort",212,30,20.0666666666667,18.185696023323,21.9476373100103
"moderate_intensity","Reconstruction cohort",213,30,19.8,17.917836874129,21.682163125871
"moderate_intensity","Reconstruction cohort",214,30,19.4666666666667,17.5332594239455,21.4000739093878
"moderate_intensity","Reconstruction cohort",215,30,19.6333333333333,17.8001298042058,21.4665368624608
"moderate_intensity","Reconstruction cohort",216,30,19.6333333333333,17.8479630631296,21.418703603537
"moderate_intensity","Reconstruction cohort",217,30,19.8333333333333,18.0011791980976,21.6654874685691
"moderate_intensity","Reconstruction cohort",218,30,19.6666666666667,17.8656112373676,21.4677220959657
"moderate_intensity","Reconstruction cohort",219,30,19.5,17.7005024811568,21.2994975188432
"moderate_intensity","Reconstruction cohort",220,30,19.4666666666667,17.7689509399694,21.1643823933639
"moderate_intensity","Reconstruction cohort",221,30,18.8666666666667,17.1464437835627,20.5868895497706
"moderate_intensity","Reconstruction cohort",222,30,19,17.1010519497722,20.8989480502278
"moderate_intensity","Reconstruction cohort",223,30,18.7,16.7705342145397,20.6294657854603
"moderate_intensity","Reconstruction cohort",224,30,18.4,16.3865180018347,20.4134819981653
"moderate_intensity","Reconstruction cohort",225,30,18.5666666666667,16.4733784814597,20.6599548518737
"moderate_intensity","Reconstruction cohort",226,30,18.8666666666667,16.6203717378664,21.1129615954669
"moderate_intensity","Reconstruction cohort",227,30,18.9666666666667,16.7619597207551,21.1713736125782
"moderate_intensity","Reconstruction cohort",228,30,18.8333333333333,16.636053586959,21.0306130797077
"moderate_intensity","Reconstruction cohort",229,30,18.4333333333333,16.4053769358114,20.4612897308552
"moderate_intensity","Reconstruction cohort",230,30,18.1333333333333,16.1363156011726,20.130351065494
"moderate_intensity","Reconstruction cohort",231,30,17.6,15.5161117945694,19.6838882054306
"moderate_intensity","Reconstruction cohort",232,30,17,14.9547703578673,19.0452296421327
"moderate_intensity","Reconstruction cohort",233,30,16.5666666666667,14.6135893910339,18.5197439422994
"moderate_intensity","Reconstruction cohort",234,30,16.1666666666667,14.2003408295185,18.1329925038148
"moderate_intensity","Reconstruction cohort",235,30,16.3333333333333,14.3959512899607,18.2707153767059
"moderate_intensity","Reconstruction cohort",236,30,16.5,14.5369370994906,18.4630629005094
"moderate_intensity","Reconstruction cohort",237,30,16.5333333333333,14.6477672700864,18.4188993965803
"moderate_intensity","Reconstruction cohort",238,30,16.3,14.3531691685508,18.2468308314492
"moderate_intensity","Reconstruction cohort",239,30,16.6333333333333,14.5199293697962,18.7467372968705
"moderate_intensity","Reconstruction cohort",240,30,17.1333333333333,15.0125484915497,19.2541181751169
"moderate_intensity","Reconstruction cohort",241,30,17.0333333333333,14.8883157457287,19.1783509209379
"moderate_intensity","Reconstruction cohort",242,30,17.2333333333333,15.0086535792875,19.4580130873792
"moderate_intensity","Reconstruction cohort",243,30,17.2333333333333,15.144643934067,19.3220227325996
"moderate_intensity","Reconstruction cohort",244,30,17.3666666666667,15.3534632767633,19.3798700565701
"moderate_intensity","Reconstruction cohort",245,30,17.6666666666667,15.5833938128531,19.7499395204803
"moderate_intensity","Reconstruction cohort",246,30,17.6,15.5184203011,19.6815796989
"moderate_intensity","Reconstruction cohort",247,30,17.4,15.4202309177844,19.3797690822156
"moderate_intensity","Reconstruction cohort",248,30,17.3333333333333,15.4411491444912,19.2255175221755
"moderate_intensity","Reconstruction cohort",249,30,17.8333333333333,15.7949718360435,19.8716948306231
"moderate_intensity","Reconstruction cohort",250,30,18.2666666666667,16.2381176402158,20.2952156931176
"moderate_intensity","Reconstruction cohort",251,30,18.6666666666667,16.5949654975457,20.7383678357876
"moderate_intensity","Reconstruction cohort",252,30,18.9333333333333,17.0755102867593,20.7911563799074
"moderate_intensity","Reconstruction cohort",253,30,19.3333333333333,17.5537624354682,21.1129042311984
"moderate_intensity","Reconstruction cohort",254,30,19.5333333333333,17.5924800169319,21.4741866497348
"moderate_intensity","Reconstruction cohort",255,30,19.5666666666667,17.550599430449,21.5827339028844
"moderate_intensity","Reconstruction cohort",256,30,19.3333333333333,17.2920255157912,21.3746411508754
"moderate_intensity","Reconstruction cohort",257,30,19.5,17.2730161461642,21.7269838538358
"moderate_intensity","Reconstruction cohort",258,30,19.3666666666667,17.0492583642898,21.6840749690436
"moderate_intensity","Reconstruction cohort",259,30,19.1,16.6517067687527,21.5482932312473
"moderate_intensity","Reconstruction cohort",260,30,19.3,17.0938396725101,21.5061603274899
"moderate_intensity","Reconstruction cohort",261,30,19.1666666666667,16.998019587115,21.3353137462184
"moderate_intensity","Reconstruction cohort",262,30,19.3333333333333,17.2134555205349,21.4532111461318
"moderate_intensity","Reconstruction cohort",263,30,19.5666666666667,17.4256875370661,21.7076457962672
"moderate_intensity","Reconstruction cohort",264,30,19.3666666666667,17.3774889997602,21.3558443335732
"moderate_intensity","Reconstruction cohort",265,30,19.4,17.5045999673789,21.2954000326211
"moderate_intensity","Reconstruction cohort",266,30,19.3,17.4312961763232,21.1687038236768
"moderate_intensity","Reconstruction cohort",267,30,19.7,17.8108250320567,21.5891749679433
"moderate_intensity","Reconstruction cohort",268,30,19.4,17.4644387270307,21.3355612729693
"moderate_intensity","Reconstruction cohort",269,30,19.4,17.4397557448069,21.3602442551931
"moderate_intensity","Reconstruction cohort",270,30,19.4,17.4495914529058,21.3504085470942
"moderate_intensity","Reconstruction cohort",271,30,19.3333333333333,17.4641578691874,21.2025087974793
"moderate_intensity","Reconstruction cohort",272,30,19.2666666666667,17.2028713036005,21.3304620297329
"moderate_intensity","Reconstruction cohort",273,30,19.2,17.1351177341356,21.2648822658644
"moderate_intensity","Reconstruction cohort",274,30,19.7,17.6264043767272,21.7735956232728
"moderate_intensity","Reconstruction cohort",275,30,19.7,17.6473785735999,21.7526214264001
"moderate_intensity","Reconstruction cohort",276,30,19.8666666666667,17.7847790189967,21.9485543143366
"moderate_intensity","Reconstruction cohort",277,30,20.0333333333333,18.051420176573,22.0152464900937
"moderate_intensity","Reconstruction cohort",278,30,19.7666666666667,17.8710552566421,21.6622780766912
"moderate_intensity","Reconstruction cohort",279,30,20.1,18.1850416818963,22.0149583181037
"moderate_intensity","Reconstruction cohort",280,30,20.0333333333333,18.1637720700301,21.9028945966366
"moderate_intensity","Reconstruction cohort",281,30,19.8333333333333,17.9622296688721,21.7044369977945
"moderate_intensity","Reconstruction cohort",282,30,19.4333333333333,17.7216563960926,21.1450102705741
"moderate_intensity","Reconstruction cohort",283,30,19.4,17.5122253169193,21.2877746830807
"moderate_intensity","Reconstruction cohort",284,30,18.9666666666667,17.0018084804556,20.9315248528777
"moderate_intensity","Reconstruction cohort",285,30,18.9333333333333,16.809829729152,21.0568369375146
"moderate_intensity","Reconstruction cohort",286,30,18.7,16.5805380385451,20.8194619614549
"moderate_intensity","Reconstruction cohort",287,30,18.5333333333333,16.405758099712,20.6609085669547
"moderate_intensity","Reconstruction cohort",288,30,18.4333333333333,16.3724521411515,20.4942145255151
"moderate_intensity","Reconstruction cohort",289,30,18.8333333333333,16.847542464003,20.8191242026636
"moderate_intensity","Reconstruction cohort",290,30,19.3666666666667,17.2761365390446,21.4571967942887
"moderate_intensity","Reconstruction cohort",291,30,19.1666666666667,17.1615997212519,21.1717336120814
"moderate_intensity","Reconstruction cohort",292,30,18.9,17.0882536144156,20.7117463855844
"moderate_intensity","Reconstruction cohort",293,30,19.1666666666667,17.3743082685323,20.9590250648011
"moderate_intensity","Reconstruction cohort",294,30,19,17.1812346518017,20.8187653481983
"moderate_intensity","Reconstruction cohort",295,30,19.1666666666667,17.3931851871063,20.940148146227
"moderate_intensity","Reconstruction cohort",296,30,19.2,17.3358042046584,21.0641957953416
"moderate_intensity","Reconstruction cohort",297,30,19.4666666666667,17.6592156761634,21.27411765717
"moderate_intensity","Reconstruction cohort",298,30,19.3,17.4108250320567,21.1891749679433
"moderate_intensity","Reconstruction cohort",299,30,19.5,17.5418416990354,21.4581583009646
"moderate_intensity","Reconstruction cohort",300,30,19.4666666666667,17.6249589777947,21.3083743555386
"moderate_intensity","Reconstruction cohort",301,30,19.4666666666667,17.6725654895387,21.2607678437946
"moderate_intensity","Reconstruction cohort",302,30,19.6666666666667,17.5558805804524,21.7774527528809
"moderate_intensity","Reconstruction cohort",303,30,19.2,17.1119629144863,21.2880370855137
"moderate_intensity","Reconstruction cohort",304,30,19.5666666666667,17.4346892760864,21.698644057247
"moderate_intensity","Reconstruction cohort",305,30,19.7666666666667,17.6848944944471,21.8484388388862
"moderate_intensity","Reconstruction cohort",306,30,20.1333333333333,18.1028890566779,22.1637776099888
"moderate_intensity","Reconstruction cohort",307,30,19.9333333333333,18.037087932474,21.8295787341927
"moderate_intensity","Reconstruction cohort",308,30,20.2,18.2500845406516,22.1499154593484
"moderate_intensity","Reconstruction cohort",309,30,20.4333333333333,18.4388451753812,22.4278214912855
"moderate_intensity","Reconstruction cohort",310,30,20.4333333333333,18.4316263013751,22.4350403652916
"moderate_intensity","Reconstruction cohort",311,30,20.8,18.7004812647228,22.8995187352772
"moderate_intensity","Reconstruction cohort",312,30,20.6333333333333,18.5131153391935,22.7535513274731
"moderate_intensity","Reconstruction cohort",313,30,20.8666666666667,18.8314919861238,22.9018413472095
"moderate_intensity","Reconstruction cohort",314,30,20.7666666666667,18.7866952140816,22.7466381192517
"moderate_intensity","Reconstruction cohort",315,30,21.1333333333333,19.2098990280432,23.0567676386235
"moderate_intensity","Reconstruction cohort",316,30,21.0666666666667,19.1603060869967,22.9730272463367
"moderate_intensity","Reconstruction cohort",317,30,21.3333333333333,19.3228782908667,23.3437883758
"moderate_intensity","Reconstruction cohort",318,30,21.5,19.4647859456181,23.5352140543819
"moderate_intensity","Reconstruction cohort",319,30,21.7333333333333,19.5429571435504,23.9237095231163
"moderate_intensity","Reconstruction cohort",320,30,22.2333333333333,20.0303717110025,24.4362949556642
"moderate_intensity","Reconstruction cohort",321,30,22.2,19.9565607740182,24.4434392259818
"moderate_intensity","Reconstruction cohort",322,30,22.0666666666667,19.750399748865,24.3829335844683
"moderate_intensity","Reconstruction cohort",323,30,22.5666666666667,20.4100249016986,24.7233084316347
"moderate_intensity","Reconstruction cohort",324,30,22.5666666666667,20.4414656022104,24.6918677311229
"moderate_intensity","Reconstruction cohort",325,30,22.5666666666667,20.4414656022104,24.6918677311229
"moderate_intensity","Reconstruction cohort",326,30,22.5333333333333,20.5219219180024,24.5447447486643
"moderate_intensity","Reconstruction cohort",327,30,22.2,20.1027725660005,24.2972274339995
"moderate_intensity","Reconstruction cohort",328,30,22.1333333333333,19.7519720528789,24.5146946137877
"moderate_intensity","Reconstruction cohort",329,30,21.9,19.7197077089886,24.0802922910114
"moderate_intensity","Reconstruction cohort",330,30,21.6333333333333,19.4615845979931,23.8050820686736
"moderate_intensity","Reconstruction cohort",331,30,21.8333333333333,19.6426279094465,24.0240387572201
"moderate_intensity","Reconstruction cohort",332,30,21.9333333333333,19.7650188371937,24.1016478294729
"moderate_intensity","Reconstruction cohort",333,30,21.7333333333333,19.4695550341165,23.9971116325501
"moderate_intensity","Reconstruction cohort",334,30,21.4,18.9888095136846,23.8111904863154
"moderate_intensity","Reconstruction cohort",335,30,21.7333333333333,19.4337324210829,24.0329342455838
"moderate_intensity","Reconstruction cohort",336,30,21.3333333333333,19.1641320614102,23.5025346052565
"moderate_intensity","Reconstruction cohort",337,30,21,18.6898299906183,23.3101700093817
"moderate_intensity","Reconstruction cohort",338,30,21.2333333333333,18.9217415847069,23.5449250819597
"moderate_intensity","Reconstruction cohort",339,30,21.1666666666667,18.8418013210131,23.4915320123203
"moderate_intensity","Reconstruction cohort",340,30,21.9333333333333,19.3725760904205,24.4940905762462
"moderate_intensity","Reconstruction cohort",341,30,21.9666666666667,19.3546944752429,24.5786388580904
"moderate_intensity","Reconstruction cohort",342,30,21.8,19.4518475233348,24.1481524766652
"moderate_intensity","Reconstruction cohort",343,30,21.1666666666667,18.7705115755848,23.5628217577486
"moderate_intensity","Reconstruction cohort",344,30,21.1333333333333,18.7439096397438,23.5227570269229
"moderate_intensity","Reconstruction cohort",345,30,21.2,18.7437661784545,23.6562338215455
"moderate_intensity","Reconstruction cohort",346,30,21.5,18.9041535273966,24.0958464726034
"moderate_intensity","Reconstruction cohort",347,30,21.6666666666667,19.1202189483352,24.2131143849981
"moderate_intensity","Reconstruction cohort",348,30,21.5666666666667,19.0923277224293,24.0410056109041
"moderate_intensity","Reconstruction cohort",349,30,22,19.3687403968573,24.6312596031427
"moderate_intensity","Reconstruction cohort",350,30,21.8666666666667,19.1478163006167,24.5855170327167
"moderate_intensity","Reconstruction cohort",351,30,21.8,19.0326564628822,24.5673435371178
"moderate_intensity","Reconstruction cohort",352,30,21.8333333333333,18.9894160303278,24.6772506363389
"moderate_intensity","Reconstruction cohort",353,30,21.7333333333333,19.0785463060964,24.3881203605703
"moderate_intensity","Reconstruction cohort",354,30,22.1,19.2170157609851,24.9829842390149
"moderate_intensity","Reconstruction cohort",355,30,21.9666666666667,19.1905053536515,24.7428279796818
"moderate_intensity","Reconstruction cohort",356,30,21.9,19.1136967931696,24.6863032068304
"moderate_intensity","Reconstruction cohort",357,30,21.9,19.0303885204563,24.7696114795437
"moderate_intensity","Reconstruction cohort",358,30,21.9,18.9396705274879,24.8603294725121
"moderate_intensity","Reconstruction cohort",359,30,22.0333333333333,19.0988867819862,24.9677798846805
"moderate_intensity","Reconstruction cohort",360,30,21.7333333333333,18.8310956501048,24.6355710165619
"moderate_intensity","Total",1,30,0,0,0
"moderate_intensity","Total",2,30,0,0,0
"moderate_intensity","Total",3,30,0,0,0
"moderate_intensity","Total",4,30,0,0,0
"moderate_intensity","Total",5,30,0,0,0
"moderate_intensity","Total",6,30,0,0,0
"moderate_intensity","Total",7,30,0,0,0
"moderate_intensity","Total",8,30,41,38.6343039632142,43.3656960367858
"moderate_intensity","Total",9,30,51.5333333333333,48.0089439578954,55.0577227087713
"moderate_intensity","Total",10,30,60.2333333333333,56.0125015195064,64.4541651471602
"moderate_intensity","Total",11,30,65.3666666666667,61.0782568692901,69.6550764640432
"moderate_intensity","Total",12,30,69.0333333333333,64.7640258458575,73.3026408208092
"moderate_intensity","Total",13,30,71.5333333333333,67.7256596866772,75.3410069799894
"moderate_intensity","Total",14,30,71.8333333333333,68.4818708390597,75.184795827607
"moderate_intensity","Total",15,30,87.2,80.6098750443356,93.7901249556644
"moderate_intensity","Total",16,30,89.9666666666667,82.7071638069404,97.2261695263929
"moderate_intensity","Total",17,30,90.6666666666667,83.1386953967272,98.1946379366062
"moderate_intensity","Total",18,30,91.6333333333333,84.1894031515768,99.0772635150899
"moderate_intensity","Total",19,30,92.6,85.3729453333287,99.8270546666713
"moderate_intensity","Total",20,30,92.3,85.5828755658281,99.0171244341719
"moderate_intensity","Total",21,30,92.0333333333333,85.488537259038,98.5781294076287
"moderate_intensity","Total",22,30,100.4,91.0622202314648,109.737779768535
"moderate_intensity","Total",23,30,104.566666666667,95.3647354695469,113.768597863786
"moderate_intensity","Total",24,30,107.9,98.6716334640002,117.128366536
"moderate_intensity","Total",25,30,110.666666666667,101.782872530328,119.550460803006
"moderate_intensity","Total",26,30,111.033333333333,102.592951305234,119.473715361433
"moderate_intensity","Total",27,30,111.533333333333,103.922533169962,119.144133496704
"moderate_intensity","Total",28,30,112.533333333333,105.383105354044,119.683561312623
"moderate_intensity","Total",29,30,120.033333333333,111.212461295117,128.854205371549
"moderate_intensity","Total",30,30,123.433333333333,114.684047109594,132.182619557072
"moderate_intensity","Total",31,30,126.333333333333,118.044788239303,134.621878427364
"moderate_intensity","Total",32,30,128.1,120.172579862406,136.027420137594
"moderate_intensity","Total",33,30,130.2,122.532136497863,137.867863502137
"moderate_intensity","Total",34,30,130.166666666667,122.495867121188,137.837466212145
"moderate_intensity","Total",35,30,129.4,122.02738463406,136.77261536594
"moderate_intensity","Total",36,30,132.433333333333,124.220339719709,140.646326946958
"moderate_intensity","Total",37,30,132.2,123.496600889859,140.903399110141
"moderate_intensity","Total",38,30,133.866666666667,124.793094484158,142.940238849176
"moderate_intensity","Total",39,30,134.866666666667,124.813243599464,144.920089733869
"moderate_intensity","Total",40,30,136.733333333333,126.571833797914,146.894832868753
"moderate_intensity","Total",41,30,136.366666666667,126.483141187618,146.250192145715
"moderate_intensity","Total",42,30,135.366666666667,125.543158806323,145.19017452701
"moderate_intensity","Total",43,30,137.966666666667,127.289924250677,148.643409082657
"moderate_intensity","Total",44,30,137.3,126.211205634512,148.388794365488
"moderate_intensity","Total",45,30,136.5,125.226900057836,147.773099942164
"moderate_intensity","Total",46,30,135.666666666667,124.020335724668,147.312997608666
"moderate_intensity","Total",47,30,136.233333333333,124.493110155639,147.973556511028
"moderate_intensity","Total",48,30,135.5,123.794200732066,147.205799267934
"moderate_intensity","Total",49,30,134.733333333333,123.953313013797,145.51335365287
"moderate_intensity","Total",50,30,135.333333333333,123.846206075649,146.820460591017
"moderate_intensity","Total",51,30,135.766666666667,124.694129439636,146.839203893698
"moderate_intensity","Total",52,30,136.766666666667,125.578791297474,147.954542035859
"moderate_intensity","Total",53,30,137.833333333333,126.782789883119,148.883876783548
"moderate_intensity","Total",54,30,135.5,124.544424658246,146.455575341754
"moderate_intensity","Total",55,30,135.333333333333,124.966475972932,145.700190693735
"moderate_intensity","Total",56,30,135.933333333333,125.443559276684,146.423107389983
"moderate_intensity","Total",57,30,137.066666666667,125.540012027658,148.593321305675
"moderate_intensity","Total",58,30,137.866666666667,126.356792489657,149.376540843677
"moderate_intensity","Total",59,30,137.433333333333,126.088835508609,148.777831158057
"moderate_intensity","Total",60,30,136.666666666667,124.969256285168,148.364077048165
"moderate_intensity","Total",61,30,134.5,123.664009394761,145.335990605239
"moderate_intensity","Total",62,30,134.233333333333,123.759728633327,144.70693803334
"moderate_intensity","Total",63,30,133.2,122.690321810122,143.709678189878
"moderate_intensity","Total",64,30,133.666666666667,123.355613842259,143.977719491074
"moderate_intensity","Total",65,30,133.566666666667,123.108681627628,144.024651705705
"moderate_intensity","Total",66,30,132.866666666667,122.203780738635,143.529552594698
"moderate_intensity","Total",67,30,131.866666666667,121.121133542227,142.612199791106
"moderate_intensity","Total",68,30,132.566666666667,122.395826534059,142.737506799274
"moderate_intensity","Total",69,30,132.966666666667,123.201575704013,142.731757629321
"moderate_intensity","Total",70,30,131.166666666667,121.42494183779,140.908391495543
"moderate_intensity","Total",71,30,131.5,121.617804285751,141.382195714249
"moderate_intensity","Total",72,30,130.933333333333,120.826869279839,141.039797386828
"moderate_intensity","Total",73,30,128.7,118.849772495627,138.550227504373
"moderate_intensity","Total",74,30,129.4,119.167929390847,139.632070609153
"moderate_intensity","Total",75,30,129.866666666667,118.994802570356,140.738530762977
"moderate_intensity","Total",76,30,129.9,118.977124923571,140.822875076429
"moderate_intensity","Total",77,30,129.733333333333,119.750845211083,139.715821455583
"moderate_intensity","Total",78,30,130.366666666667,120.731938288775,140.001395044558
"moderate_intensity","Total",79,30,131.2,121.271376556752,141.128623443248
"moderate_intensity","Total",80,30,130.7,120.825397102622,140.574602897378
"moderate_intensity","Total",81,30,131,121.460801852133,140.539198147867
"moderate_intensity","Total",82,30,131.1,122.025041375099,140.174958624901
"moderate_intensity","Total",83,30,131.333333333333,122.326454600122,140.340212066544
"moderate_intensity","Total",84,30,131.133333333333,122.217988514838,140.048678151829
"moderate_intensity","Total",85,30,132.366666666667,123.158049903942,141.575283429391
"moderate_intensity","Total",86,30,132.4,123.88299747686,140.91700252314
"moderate_intensity","Total",87,30,132.166666666667,123.395207482286,140.938125851047
"moderate_intensity","Total",88,30,131.533333333333,122.776878665285,140.289788001381
"moderate_intensity","Total",89,30,131.366666666667,122.748157056763,139.98517627657
"moderate_intensity","Total",90,30,130.4,122.206396736606,138.593603263394
"moderate_intensity","Total",91,30,130,121.63657631583,138.36342368417
"moderate_intensity","Total",92,30,129.633333333333,121.288623923554,137.978042743113
"moderate_intensity","Total",93,30,129.833333333333,121.557705045621,138.108961621046
"moderate_intensity","Total",94,30,130.033333333333,121.679985783904,138.386680882763
"moderate_intensity","Total",95,30,129.366666666667,121.55525000263,137.178083330703
"moderate_intensity","Total",96,30,129.266666666667,121.505607158126,137.027726175208
"moderate_intensity","Total",97,30,129.333333333333,121.679318870115,136.987347796552
"moderate_intensity","Total",98,30,128.433333333333,120.749006981604,136.117659685063
"moderate_intensity","Total",99,30,129.333333333333,120.662625725453,138.004040941213
"moderate_intensity","Total",100,30,128.9,120.20215456729,137.59784543271
"moderate_intensity","Total",101,30,127.7,118.855358536843,136.544641463157
"moderate_intensity","Total",102,30,127.233333333333,118.610807997506,135.855858669161
"moderate_intensity","Total",103,30,127.4,119.470608972313,135.329391027687
"moderate_intensity","Total",104,30,128.533333333333,120.732849622423,136.333817044244
"moderate_intensity","Total",105,30,128.666666666667,120.806255183385,136.527078149948
"moderate_intensity","Total",106,30,129.866666666667,120.711854944429,139.021478388905
"moderate_intensity","Total",107,30,130.3,120.994947867956,139.605052132044
"moderate_intensity","Total",108,30,129.866666666667,120.730255044781,139.003078288553
"moderate_intensity","Total",109,30,129,119.796336009181,138.203663990819
"moderate_intensity","Total",110,30,129.666666666667,121.27149295793,138.061840375403
"moderate_intensity","Total",111,30,130.3,121.513716965816,139.086283034184
"moderate_intensity","Total",112,30,131.433333333333,122.497545689994,140.369120976673
"moderate_intensity","Total",113,30,132.533333333333,123.58354015898,141.483126507687
"moderate_intensity","Total",114,30,131.233333333333,122.509362163542,139.957304503125
"moderate_intensity","Total",115,30,131,122.466980214532,139.533019785468
"moderate_intensity","Total",116,30,129.966666666667,122.108610478999,137.824722854334
"moderate_intensity","Total",117,30,129.766666666667,121.687654978394,137.845678354939
"moderate_intensity","Total",118,30,129.766666666667,121.105196591836,138.428136741497
"moderate_intensity","Total",119,30,128.766666666667,119.630281357145,137.903051976188
"moderate_intensity","Total",120,30,127.166666666667,117.309640494508,137.023692838826
"moderate_intensity","Total",121,30,125.5,115.032793479572,135.967206520428
"moderate_intensity","Total",122,30,124.766666666667,113.574924203345,135.958409129989
"moderate_intensity","Total",123,30,125.1,113.719252994355,136.480747005645
"moderate_intensity","Total",124,30,124.633333333333,112.63074646844,136.635920198227
"moderate_intensity","Total",125,30,124.8,112.215871234891,137.384128765109
"moderate_intensity","Total",126,30,125.966666666667,113.199300811748,138.734032521585
"moderate_intensity","Total",127,30,125.7,113.295289919564,138.104710080436
"moderate_intensity","Total",128,30,126.133333333333,113.97938009998,138.287286566687
"moderate_intensity","Total",129,30,126.1,114.024382453927,138.175617546073
"moderate_intensity","Total",130,30,126.2,114.029179884416,138.370820115584
"moderate_intensity","Total",131,30,126.9,114.931966223864,138.868033776136
"moderate_intensity","Total",132,30,126.866666666667,115.449483765812,138.283849567521
"moderate_intensity","Total",133,30,128.333333333333,117.022515479934,139.644151186733
"moderate_intensity","Total",134,30,128.1,116.387794987493,139.812205012506
"moderate_intensity","Total",135,30,129.133333333333,117.332634603096,140.934032063571
"moderate_intensity","Total",136,30,131.633333333333,120.101445019154,143.165221647513
"moderate_intensity","Total",137,30,133.133333333333,121.957906192005,144.308760474662
"moderate_intensity","Total",138,30,133.366666666667,122.770839051399,143.962494281935
"moderate_intensity","Total",139,30,134.5,124.126922041657,144.873077958343
"moderate_intensity","Total",140,30,134.7,124.83319067666,144.56680932334
"moderate_intensity","Total",141,30,135.366666666667,125.626718771218,145.106614562115
"moderate_intensity","Total",142,30,136.3,126.626591379033,145.973408620967
"moderate_intensity","Total",143,30,136.166666666667,126.266323751588,146.067009581746
"moderate_intensity","Total",144,30,136.366666666667,126.233809961261,146.499523372073
"moderate_intensity","Total",145,30,136.066666666667,126.481243715953,145.65208961738
"moderate_intensity","Total",146,30,136.433333333333,127.021146883336,145.84551978333
"moderate_intensity","Total",147,30,135.766666666667,126.504842932087,145.028490401246
"moderate_intensity","Total",148,30,136.633333333333,126.966222515894,146.300444150772
"moderate_intensity","Total",149,30,136.566666666667,126.690830350728,146.442502982606
"moderate_intensity","Total",150,30,137.3,127.847815595861,146.752184404139
"moderate_intensity","Total",151,30,139.2,129.479858885927,148.920141114073
"moderate_intensity","Total",152,30,139.1,129.522898786835,148.677101213165
"moderate_intensity","Total",153,30,139.333333333333,129.712662866147,148.95400380052
"moderate_intensity","Total",154,30,140.3,131.080599067555,149.519400932445
"moderate_intensity","Total",155,30,140.566666666667,131.521780441939,149.611552891395
"moderate_intensity","Total",156,30,140.533333333333,131.542804171317,149.523862495349
"moderate_intensity","Total",157,30,140.866666666667,131.733413069762,149.999920263571
"moderate_intensity","Total",158,30,140.5,130.982120777837,150.017879222163
"moderate_intensity","Total",159,30,141.033333333333,130.749291123321,151.317375543346
"moderate_intensity","Total",160,30,140.633333333333,130.306368770383,150.960297896284
"moderate_intensity","Total",161,30,139.2,128.466703930032,149.933296069968
"moderate_intensity","Total",162,30,138.9,127.991219700637,149.808780299363
"moderate_intensity","Total",163,30,137.933333333333,127.156435541269,148.710231125397
"moderate_intensity","Total",164,30,137.6,126.658103804106,148.541896195894
"moderate_intensity","Total",165,30,137.7,126.090959531984,149.309040468016
"moderate_intensity","Total",166,30,137.133333333333,125.539385016979,148.727281649688
"moderate_intensity","Total",167,30,136.033333333333,124.358077982711,147.708588683956
"moderate_intensity","Total",168,30,134.3,122.92990417991,145.67009582009
"moderate_intensity","Total",169,30,133.166666666667,121.459909051618,144.873424281716
"moderate_intensity","Total",170,30,134.3,122.237209957827,146.362790042173
"moderate_intensity","Total",171,30,134.533333333333,122.539462263705,146.527204402962
"moderate_intensity","Total",172,30,133.733333333333,121.989731997141,145.476934669526
"moderate_intensity","Total",173,30,135.033333333333,122.938566294363,147.128100372304
"moderate_intensity","Total",174,30,135.466666666667,123.554450532239,147.378882801094
"moderate_intensity","Total",175,30,136.733333333333,124.937035710123,148.529630956543
"moderate_intensity","Total",176,30,138.466666666667,126.814805058207,150.118528275126
"moderate_intensity","Total",177,30,138.633333333333,126.768130760807,150.49853590586
"moderate_intensity","Total",178,30,139.766666666667,127.607591597969,151.925741735365
"moderate_intensity","Total",179,30,138.866666666667,126.592650933997,151.140682399336
"moderate_intensity","Total",180,30,138.766666666667,125.969134292646,151.564199040687
"moderate_intensity","Total",181,30,138.5,125.903899068126,151.096100931874
"moderate_intensity","Total",182,30,138.4,125.99705360268,150.80294639732
"moderate_intensity","Total",183,30,138,125.982394078441,150.017605921559
"moderate_intensity","Total",184,30,137.8,125.984778396485,149.615221603515
"moderate_intensity","Total",185,30,137.8,126.524064173134,149.075935826866
"moderate_intensity","Total",186,30,138.333333333333,126.994494893549,149.672171773118
"moderate_intensity","Total",187,30,138.066666666667,126.640559508032,149.492773825301
"moderate_intensity","Total",188,30,137.133333333333,125.940280657884,148.326386008783
"moderate_intensity","Total",189,30,135.9,124.230154360943,147.569845639057
"moderate_intensity","Total",190,30,135.233333333333,123.466112042271,147.000554624396
"moderate_intensity","Total",191,30,135.533333333333,123.033798784622,148.032867882045
"moderate_intensity","Total",192,30,135.8,123.224279560998,148.375720439002
"moderate_intensity","Total",193,30,135.633333333333,123.353149525217,147.913517141449
"moderate_intensity","Total",194,30,135.7,123.48905035269,147.91094964731
"moderate_intensity","Total",195,30,135.2,123.48120811631,146.91879188369
"moderate_intensity","Total",196,30,134.466666666667,123.265884713032,145.667448620302
"moderate_intensity","Total",197,30,133.733333333333,123.02625957425,144.440407092417
"moderate_intensity","Total",198,30,132.266666666667,121.551064365826,142.982268967508
"moderate_intensity","Total",199,30,130.833333333333,120.248583349895,141.418083316772
"moderate_intensity","Total",200,30,129.366666666667,118.943773060502,139.789560272832
"moderate_intensity","Total",201,30,129.1,118.572061206071,139.627938793929
"moderate_intensity","Total",202,30,128.2,117.647861611419,138.752138388581
"moderate_intensity","Total",203,30,129.2,118.834039331615,139.565960668385
"moderate_intensity","Total",204,30,129.2,119.237053639717,139.162946360283
"moderate_intensity","Total",205,30,130.2,120.445295290595,139.954704709405
"moderate_intensity","Total",206,30,129.2,119.694935085033,138.705064914967
"moderate_intensity","Total",207,30,130.1,120.798462153331,139.401537846669
"moderate_intensity","Total",208,30,130.033333333333,120.866581351637,139.20008531503
"moderate_intensity","Total",209,30,131.2,122.640313935281,139.759686064719
"moderate_intensity","Total",210,30,130.633333333333,122.163949336659,139.102717330008
"moderate_intensity","Total",211,30,130.4,121.759695945839,139.040304054161
"moderate_intensity","Total",212,30,130.333333333333,121.424138604276,139.242528062391
"moderate_intensity","Total",213,30,130.733333333333,121.263472358317,140.20319430835
"moderate_intensity","Total",214,30,129.933333333333,120.337883716913,139.528782949753
"moderate_intensity","Total",215,30,128.9,119.542803017042,138.257196982958
"moderate_intensity","Total",216,30,129.233333333333,120.27229247469,138.194374191976
"moderate_intensity","Total",217,30,130.366666666667,121.731437185536,139.001896147798
"moderate_intensity","Total",218,30,128.933333333333,120.066549499989,137.800117166677
"moderate_intensity","Total",219,30,128.833333333333,119.567150010452,138.099516656214
"moderate_intensity","Total",220,30,128.833333333333,119.560925582832,138.105741083835
"moderate_intensity","Total",221,30,127.933333333333,118.793133521758,137.073533144909
"moderate_intensity","Total",222,30,128.133333333333,118.803726858109,137.462939808558
"moderate_intensity","Total",223,30,126.666666666667,117.566849842123,135.766483491211
"moderate_intensity","Total",224,30,124.4,115.361007280916,133.438992719084
"moderate_intensity","Total",225,30,124.866666666667,115.57993267865,134.153400654683
"moderate_intensity","Total",226,30,125.4,115.6570331555,135.1429668445
"moderate_intensity","Total",227,30,126.5,116.496910747189,136.503089252811
"moderate_intensity","Total",228,30,127.533333333333,117.061082945622,138.005583721044
"moderate_intensity","Total",229,30,126.666666666667,116.084983239851,137.248350093482
"moderate_intensity","Total",230,30,125.7,114.608170910572,136.791829089428
"moderate_intensity","Total",231,30,124.133333333333,113.000580447591,135.266086219076
"moderate_intensity","Total",232,30,123.2,112.411746492673,133.988253507327
"moderate_intensity","Total",233,30,122.933333333333,112.431191074452,133.435475592214
"moderate_intensity","Total",234,30,121,110.401215768618,131.598784231382
"moderate_intensity","Total",235,30,123,112.101957158293,133.898042841707
"moderate_intensity","Total",236,30,123.566666666667,112.880831555803,134.252501777531
"moderate_intensity","Total",237,30,122.566666666667,112.030814885584,133.102518447749
"moderate_intensity","Total",238,30,122.2,111.551251966924,132.848748033076
"moderate_intensity","Total",239,30,122.3,111.584749180316,133.015250819684
"moderate_intensity","Total",240,30,122.733333333333,112.214722760604,133.251943906063
"moderate_intensity","Total",241,30,122.7,112.483188881518,132.916811118482
"moderate_intensity","Total",242,30,122.3,112.77535410528,131.82464589472
"moderate_intensity","Total",243,30,123.033333333333,113.670930991459,132.395735675207
"moderate_intensity","Total",244,30,123.3,113.891151549113,132.708848450887
"moderate_intensity","Total",245,30,123.2,113.269439717858,133.130560282142
"moderate_intensity","Total",246,30,121.9,112.070685849669,131.729314150332
"moderate_intensity","Total",247,30,121.666666666667,111.952001149948,131.381332183385
"moderate_intensity","Total",248,30,121.2,111.437904727181,130.962095272819
"moderate_intensity","Total",249,30,122.466666666667,112.884354112647,132.048979220687
"moderate_intensity","Total",250,30,124.166666666667,114.616847880664,133.716485452669
"moderate_intensity","Total",251,30,125.733333333333,115.718627058486,135.748039608181
"moderate_intensity","Total",252,30,126.866666666667,116.979614933896,136.753718399438
"moderate_intensity","Total",253,30,127.333333333333,117.074169953541,137.592496713126
"moderate_intensity","Total",254,30,130.066666666667,119.233257264599,140.900076068734
"moderate_intensity","Total",255,30,131.666666666667,120.427916965456,142.905416367877
"moderate_intensity","Total",256,30,132.1,120.482596504072,143.717403495928
"moderate_intensity","Total",257,30,133.633333333333,122.010909393373,145.255757273294
"moderate_intensity","Total",258,30,135.166666666667,123.152628655602,147.180704677732
"moderate_intensity","Total",259,30,134.1,122.404638105183,145.795361894817
"moderate_intensity","Total",260,30,135.266666666667,124.129509483813,146.40382384952
"moderate_intensity","Total",261,30,135.733333333333,125.010105981579,146.456560685087
"moderate_intensity","Total",262,30,136.766666666667,126.534087016612,146.999246316721
"moderate_intensity","Total",263,30,137.933333333333,128.520508370453,147.346158296214
"moderate_intensity","Total",264,30,137.766666666667,128.727629621173,146.805703712161
"moderate_intensity","Total",265,30,136.933333333333,128.429701575128,145.436965091538
"moderate_intensity","Total",266,30,136.933333333333,128.237929693415,145.628736973251
"moderate_intensity","Total",267,30,136.733333333333,127.88337518419,145.583291482477
"moderate_intensity","Total",268,30,136.833333333333,127.74316424468,145.923502421987
"moderate_intensity","Total",269,30,136.666666666667,126.901649559286,146.431683774047
"moderate_intensity","Total",270,30,136.533333333333,126.717047348461,146.349619318206
"moderate_intensity","Total",271,30,136.5,126.988690060801,146.011309939199
"moderate_intensity","Total",272,30,136.3,126.71948558196,145.88051441804
"moderate_intensity","Total",273,30,135.633333333333,126.699267653291,144.567399013375
"moderate_intensity","Total",274,30,135.833333333333,126.489128131066,145.177538535601
"moderate_intensity","Total",275,30,136.566666666667,126.536728975707,146.596604357626
"moderate_intensity","Total",276,30,137.533333333333,127.246369532534,147.820297134132
"moderate_intensity","Total",277,30,135.7,125.420789974803,145.979210025197
"moderate_intensity","Total",278,30,135.9,125.578685992982,146.221314007018
"moderate_intensity","Total",279,30,134.966666666667,125.090440882132,144.842892451201
"moderate_intensity","Total",280,30,134.133333333333,124.152868320647,144.113798346019
"moderate_intensity","Total",281,30,131.666666666667,121.983231455929,141.350101877404
"moderate_intensity","Total",282,30,130.533333333333,120.632674757129,140.433991909538
"moderate_intensity","Total",283,30,129.3,118.972259503283,139.627740496717
"moderate_intensity","Total",284,30,128.233333333333,117.68699079292,138.779675873746
"moderate_intensity","Total",285,30,128.933333333333,118.39462976911,139.472036897556
"moderate_intensity","Total",286,30,127.966666666667,118.387490615393,137.545842717941
"moderate_intensity","Total",287,30,127.833333333333,118.32741696574,137.339249700926
"moderate_intensity","Total",288,30,127.166666666667,118.45791985101,135.875413482324
"moderate_intensity","Total",289,30,127.1,118.7312028694,135.4687971306
"moderate_intensity","Total",290,30,128.2,120.593833967029,135.806166032971
"moderate_intensity","Total",291,30,128.233333333333,119.995789008017,136.47087765865
"moderate_intensity","Total",292,30,128.2,119.938724772792,136.461275227208
"moderate_intensity","Total",293,30,129.433333333333,121.133571314663,137.733095352004
"moderate_intensity","Total",294,30,129.533333333333,120.642289930618,138.424376736049
"moderate_intensity","Total",295,30,129.6,120.661029391935,138.538970608065
"moderate_intensity","Total",296,30,129.866666666667,120.679874284606,139.053459048727
"moderate_intensity","Total",297,30,129.4,120.475563700399,138.324436299601
"moderate_intensity","Total",298,30,129.833333333333,121.075588419444,138.591078247222
"moderate_intensity","Total",299,30,130.466666666667,121.452637653684,139.480695679649
"moderate_intensity","Total",300,30,130.866666666667,121.404018012821,140.329315320513
"moderate_intensity","Total",301,30,129.966666666667,120.6604089582,139.272924375133
"moderate_intensity","Total",302,30,129.866666666667,120.04989089523,139.683442438103
"moderate_intensity","Total",303,30,130.633333333333,120.405077421205,140.861589245462
"moderate_intensity","Total",304,30,131.533333333333,120.942384804213,142.124281862454
"moderate_intensity","Total",305,30,129.966666666667,119.967551593245,139.965781740088
"moderate_intensity","Total",306,30,130.433333333333,120.239356018948,140.627310647718
"moderate_intensity","Total",307,30,130.933333333333,120.897046060882,140.969620605785
"moderate_intensity","Total",308,30,130.633333333333,121.038109201672,140.228557464995
"moderate_intensity","Total",309,30,131.2,121.731425327546,140.668574672454
"moderate_intensity","Total",310,30,130.933333333333,121.447239342567,140.4194273241
"moderate_intensity","Total",311,30,131.966666666667,122.588870661905,141.344462671428
"moderate_intensity","Total",312,30,132.866666666667,123.762412676192,141.970920657142
"moderate_intensity","Total",313,30,134.266666666667,124.963793579721,143.569539753612
"moderate_intensity","Total",314,30,134.766666666667,124.988684207732,144.544649125601
"moderate_intensity","Total",315,30,135.5,125.204151871112,145.795848128888
"moderate_intensity","Total",316,30,135.6,125.023194607719,146.176805392281
"moderate_intensity","Total",317,30,137.066666666667,126.078583178923,148.054750154411
"moderate_intensity","Total",318,30,136.566666666667,124.559193711477,148.574139621856
"moderate_intensity","Total",319,30,138,125.652456263338,150.347543736662
"moderate_intensity","Total",320,30,138.5,125.82930559841,151.17069440159
"moderate_intensity","Total",321,30,139.066666666667,126.716034158963,151.41729917437
"moderate_intensity","Total",322,30,138.566666666667,126.367324900328,150.766008433006
"moderate_intensity","Total",323,30,139.9,127.972610701798,151.827389298202
"moderate_intensity","Total",324,30,141.8,129.943749389625,153.656250610375
"moderate_intensity","Total",325,30,142.833333333333,131.187518445648,154.479148221019
"moderate_intensity","Total",326,30,144.3,132.765749317218,155.834250682782
"moderate_intensity","Total",327,30,144.933333333333,133.009740556349,156.856926110318
"moderate_intensity","Total",328,30,144.366666666667,132.13905982641,156.594273506923
"moderate_intensity","Total",329,30,143.933333333333,131.80068160883,156.065985057836
"moderate_intensity","Total",330,30,143.233333333333,131.206255913912,155.260410752754
"moderate_intensity","Total",331,30,143.5,131.284483760253,155.715516239747
"moderate_intensity","Total",332,30,144.166666666667,131.804302570847,156.529030762486
"moderate_intensity","Total",333,30,142.933333333333,130.176723525401,155.689943141266
"moderate_intensity","Total",334,30,142.2,129.182058989032,155.217941010968
"moderate_intensity","Total",335,30,142.8,129.987554849976,155.612445150024
"moderate_intensity","Total",336,30,142.366666666667,130.076698619206,154.656634714128
"moderate_intensity","Total",337,30,141,129.165424231959,152.834575768041
"moderate_intensity","Total",338,30,141.1,129.439221937517,152.760778062483
"moderate_intensity","Total",339,30,141.966666666667,130.050515890118,153.882817443215
"moderate_intensity","Total",340,30,144.4,132.239771662437,156.560228337563
"moderate_intensity","Total",341,30,144.333333333333,131.9681498689,156.698516797767
"moderate_intensity","Total",342,30,144.266666666667,131.387025948623,157.14630738471
"moderate_intensity","Total",343,30,142.933333333333,129.734370890605,156.132295776062
"moderate_intensity","Total",344,30,145.133333333333,131.324883194279,158.941783472387
"moderate_intensity","Total",345,30,145.333333333333,131.750757933253,158.915908733414
"moderate_intensity","Total",346,30,145.266666666667,131.570021263885,158.963312069449
"moderate_intensity","Total",347,30,145.166666666667,130.717320404209,159.616012929124
"moderate_intensity","Total",348,30,143.5,129.173069328462,157.826930671538
"moderate_intensity","Total",349,30,142.8,128.395539192629,157.204460807371
"moderate_intensity","Total",350,30,141.9,127.490549958499,156.309450041501
"moderate_intensity","Total",351,30,142.366666666667,128.280453719698,156.452879613636
"moderate_intensity","Total",352,30,142.733333333333,127.912149569129,157.554517097538
"moderate_intensity","Total",353,30,142.333333333333,127.800955211366,156.865711455301
"moderate_intensity","Total",354,30,142.866666666667,128.209958441388,157.523374891946
"moderate_intensity","Total",355,30,143.7,129.453704112836,157.946295887164
"moderate_intensity","Total",356,30,142.566666666667,128.141431545583,156.99190178775
"moderate_intensity","Total",357,30,142.4,127.784398314341,157.015601685659
"moderate_intensity","Total",358,30,143.2,128.923951549019,157.476048450981
"moderate_intensity","Total",359,30,143.1,128.858024660237,157.341975339763
"moderate_intensity","Total",360,30,142.6,128.503852251728,156.696147748272
"moderate_intensity","hold",1,30,0,0,0
"moderate_intensity","hold",2,30,0,0,0
"moderate_intensity","hold",3,30,0,0,0
"moderate_intensity","hold",4,30,0,0,0
"moderate_intensity","hold",5,30,0,0,0
"moderate_intensity","hold",6,30,0,0,0
"moderate_intensity","hold",7,30,0,0,0
"moderate_intensity","hold",8,30,26.2666666666667,23.8728202202172,28.6605131131161
"moderate_intensity","hold",9,30,31.7,28.9999300240019,34.4000699759981
"moderate_intensity","hold",10,30,36.8333333333333,33.786982918663,39.8796837480037
"moderate_intensity","hold",11,30,41.1666666666667,37.8965283976682,44.4368049356651
"moderate_intensity","hold",12,30,45.3,41.746513916232,48.853486083768
"moderate_intensity","hold",13,30,48.8,45.4653405268314,52.1346594731686
"moderate_intensity","hold",14,30,51.3333333333333,48.3151274632925,54.3515392033742
"moderate_intensity","hold",15,30,55.4333333333333,51.8187638804357,59.047902786231
"moderate_intensity","hold",16,30,57.9,53.9992445344755,61.8007554655245
"moderate_intensity","hold",17,30,58.9666666666667,54.7233403539917,63.2099929793416
"moderate_intensity","hold",18,30,61.6666666666667,57.0752073181011,66.2581260152322
"moderate_intensity","hold",19,30,64.9,59.9526663042699,69.8473336957301
"moderate_intensity","hold",20,30,66.7,61.8659182504796,71.5340817495204
"moderate_intensity","hold",21,30,68.6,63.8325687309758,73.3674312690242
"moderate_intensity","hold",22,30,70.9666666666667,65.5258279365733,76.40750539676
"moderate_intensity","hold",23,30,74.5666666666667,69.357699902052,79.7756334312813
"moderate_intensity","hold",24,30,78.2666666666667,72.7630505834561,83.7702827498772
"moderate_intensity","hold",25,30,81.5,75.7713843164873,87.2286156835127
"moderate_intensity","hold",26,30,83.0666666666667,77.4275618139991,88.7057715193342
"moderate_intensity","hold",27,30,84.6333333333333,78.8773102526405,90.3893564140262
"moderate_intensity","hold",28,30,86.0333333333333,80.1069249988977,91.959741667769
"moderate_intensity","hold",29,30,88.5333333333333,82.3192097967371,94.7474568699295
"moderate_intensity","hold",30,30,90.6666666666667,84.2129743870592,97.1203589462741
"moderate_intensity","hold",31,30,93.3666666666667,87.0036446449937,99.7296886883396
"moderate_intensity","hold",32,30,95.5666666666667,89.2482311112042,101.885102222129
"moderate_intensity","hold",33,30,97.8666666666667,91.685902724879,104.047430608454
"moderate_intensity","hold",34,30,99.6,93.0389764717045,106.161023528295
"moderate_intensity","hold",35,30,100.366666666667,94.1326516216117,106.600681711722
"moderate_intensity","hold",36,30,101.766666666667,95.5843860095524,107.948947323781
"moderate_intensity","hold",37,30,101.666666666667,95.5842333322461,107.749100001087
"moderate_intensity","hold",38,30,103.033333333333,96.7089651636709,109.357701502996
"moderate_intensity","hold",39,30,104.4,97.2471724429702,111.55282755703
"moderate_intensity","hold",40,30,106.166666666667,98.8329674309059,113.500365902427
"moderate_intensity","hold",41,30,106.9,99.8026747820303,113.99732521797
"moderate_intensity","hold",42,30,106.866666666667,99.4867943386924,114.246538994641
"moderate_intensity","hold",43,30,107.533333333333,100.040957121955,115.025709544711
"moderate_intensity","hold",44,30,106.433333333333,98.824460204105,114.042206462562
"moderate_intensity","hold",45,30,106.566666666667,98.5647940991165,114.568539234217
"moderate_intensity","hold",46,30,105.733333333333,97.6637002745167,113.80296639215
"moderate_intensity","hold",47,30,106.3,97.9232783053751,114.676721694625
"moderate_intensity","hold",48,30,106.5,97.5491234982123,115.450876501788
"moderate_intensity","hold",49,30,105.766666666667,97.293763708161,114.239569625172
"moderate_intensity","hold",50,30,104.566666666667,96.4319057736797,112.701427559654
"moderate_intensity","hold",51,30,104.966666666667,96.5588169880477,113.374516345286
"moderate_intensity","hold",52,30,104.666666666667,95.9583339277422,113.374999405591
"moderate_intensity","hold",53,30,105.6,96.963035365987,114.236964634013
"moderate_intensity","hold",54,30,104,95.3539106729751,112.646089327025
"moderate_intensity","hold",55,30,103.866666666667,95.7638553610685,111.969477972265
"moderate_intensity","hold",56,30,105.9,97.4699538276388,114.330046172361
"moderate_intensity","hold",57,30,105.8,96.4994701713407,115.100529828659
"moderate_intensity","hold",58,30,106.433333333333,97.3571385690057,115.509528097661
"moderate_intensity","hold",59,30,106.4,97.2169416822382,115.583058317762
"moderate_intensity","hold",60,30,105.733333333333,96.2761737893876,115.190492877279
"moderate_intensity","hold",61,30,104.433333333333,95.3069522139246,113.559714452742
"moderate_intensity","hold",62,30,104.5,95.6713550347793,113.328644965221
"moderate_intensity","hold",63,30,103.766666666667,95.3965291068967,112.136804226437
"moderate_intensity","hold",64,30,104.5,97.1625866135853,111.837413386415
"moderate_intensity","hold",65,30,104.133333333333,96.8459018113941,111.420764855273
"moderate_intensity","hold",66,30,102.866666666667,95.6056737736418,110.127659559692
"moderate_intensity","hold",67,30,101.766666666667,94.1786747075699,109.354658625763
"moderate_intensity","hold",68,30,102.633333333333,95.3533279709706,109.913338695696
"moderate_intensity","hold",69,30,102.666666666667,95.5646122419374,109.768721091396
"moderate_intensity","hold",70,30,101.766666666667,94.158425458159,109.374907875174
"moderate_intensity","hold",71,30,101.166666666667,93.316813641519,109.016519691814
"moderate_intensity","hold",72,30,100.466666666667,91.9247863966292,109.008546936704
"moderate_intensity","hold",73,30,99.3,90.9284456484796,107.67155435152
"moderate_intensity","hold",74,30,100.566666666667,92.0304451577926,109.102888175541
"moderate_intensity","hold",75,30,101.033333333333,92.5616788713901,109.504987795277
"moderate_intensity","hold",76,30,101.666666666667,93.3405018582649,109.992831475068
"moderate_intensity","hold",77,30,101.933333333333,94.0854099082889,109.781256758378
"moderate_intensity","hold",78,30,102.066666666667,94.4734490316544,109.659884301679
"moderate_intensity","hold",79,30,102.966666666667,95.1190189375108,110.814314395822
"moderate_intensity","hold",80,30,102.033333333333,94.2607905268886,109.805876139778
"moderate_intensity","hold",81,30,101.933333333333,94.2407210585254,109.625945608141
"moderate_intensity","hold",82,30,102.133333333333,94.9542492288121,109.312417437855
"moderate_intensity","hold",83,30,101.833333333333,94.4610549160235,109.205611750643
"moderate_intensity","hold",84,30,101.933333333333,94.4421123063528,109.424554360314
"moderate_intensity","hold",85,30,103.066666666667,95.4368119744372,110.696521358896
"moderate_intensity","hold",86,30,103.3,96.2654119423704,110.33458805763
"moderate_intensity","hold",87,30,103.8,96.367758949063,111.232241050937
"moderate_intensity","hold",88,30,103.433333333333,96.0339742345664,110.8326924321
"moderate_intensity","hold",89,30,103.433333333333,96.2028976245735,110.663769042093
"moderate_intensity","hold",90,30,103.133333333333,96.407922854285,109.858743812382
"moderate_intensity","hold",91,30,103.3,96.2797797090485,110.320220290952
"moderate_intensity","hold",92,30,101.7,95.2026370205707,108.197362979429
"moderate_intensity","hold",93,30,100.466666666667,94.2494490118376,106.683884321496
"moderate_intensity","hold",94,30,99.6,93.3328193042035,105.867180695796
"moderate_intensity","hold",95,30,99.3333333333333,93.3505251268819,105.316141539785
"moderate_intensity","hold",96,30,99.1,93.2768207678732,104.923179232127
"moderate_intensity","hold",97,30,100.1,94.3801196562476,105.819880343752
"moderate_intensity","hold",98,30,99.3666666666667,93.6114789463913,105.121854386942
"moderate_intensity","hold",99,30,100.233333333333,93.9760697876817,106.490596878985
"moderate_intensity","hold",100,30,100.1,93.5069938442151,106.693006155785
"moderate_intensity","hold",101,30,98.9333333333333,92.374997337364,105.491669329303
"moderate_intensity","hold",102,30,98.8666666666667,92.2160215035067,105.517311829827
"moderate_intensity","hold",103,30,99.4666666666667,93.3445230743773,105.588810258956
"moderate_intensity","hold",104,30,100.466666666667,94.3752285950719,106.558104738261
"moderate_intensity","hold",105,30,100.6,94.5522355284675,106.647764471533
"moderate_intensity","hold",106,30,101.233333333333,94.3531755247857,108.113491141881
"moderate_intensity","hold",107,30,101.466666666667,94.5370354375849,108.396297895748
"moderate_intensity","hold",108,30,101.433333333333,94.4567154678454,108.409951198821
"moderate_intensity","hold",109,30,100.5,93.9579471200572,107.042052879943
"moderate_intensity","hold",110,30,101.466666666667,95.6456483298972,107.287685003436
"moderate_intensity","hold",111,30,102.533333333333,95.8452010380675,109.221465628599
"moderate_intensity","hold",112,30,103.733333333333,96.711891780176,110.754774886491
"moderate_intensity","hold",113,30,105.066666666667,98.3368252589644,111.796508074369
"moderate_intensity","hold",114,30,104.533333333333,97.791500174728,111.275166491939
"moderate_intensity","hold",115,30,103.233333333333,96.4093102763876,110.057356390279
"moderate_intensity","hold",116,30,102.133333333333,95.6274044116495,108.639262255017
"moderate_intensity","hold",117,30,102.4,95.8573224523633,108.942677547637
"moderate_intensity","hold",118,30,102.7,95.6749871884454,109.725012811555
"moderate_intensity","hold",119,30,102.2,95.2380652044234,109.161934795577
"moderate_intensity","hold",120,30,100.7,93.4268223835237,107.973177616476
"moderate_intensity","hold",121,30,98.9666666666667,91.6992204928934,106.23411284044
"moderate_intensity","hold",122,30,97.8666666666667,90.4744261562031,105.25890717713
"moderate_intensity","hold",123,30,97.9666666666667,90.378167817803,105.55516551553
"moderate_intensity","hold",124,30,97.4333333333333,89.6544834839927,105.212183182674
"moderate_intensity","hold",125,30,97.7666666666667,89.4495439753532,106.08378935798
"moderate_intensity","hold",126,30,98.8666666666667,90.6554002072007,107.077933126133
"moderate_intensity","hold",127,30,98.5333333333333,90.3127036113406,106.753963055326
"moderate_intensity","hold",128,30,99.1,90.6216134019358,107.578386598064
"moderate_intensity","hold",129,30,98.9,90.2637312410471,107.536268758953
"moderate_intensity","hold",130,30,99,89.6527509080431,108.347249091957
"moderate_intensity","hold",131,30,99.4666666666667,90.2819679654766,108.651365367857
"moderate_intensity","hold",132,30,99.5666666666667,90.5132792908811,108.620054042452
"moderate_intensity","hold",133,30,99.7,90.670826505502,108.729173494498
"moderate_intensity","hold",134,30,98.0333333333333,88.9535370654066,107.11312960126
"moderate_intensity","hold",135,30,98.8333333333333,89.6311931387661,108.035473527901
"moderate_intensity","hold",136,30,100.466666666667,91.1918480734323,109.741485259901
"moderate_intensity","hold",137,30,101.566666666667,92.5676117179333,110.5657216154
"moderate_intensity","hold",138,30,100.7,92.3641299404834,109.035870059517
"moderate_intensity","hold",139,30,100.7,92.5472518404445,108.852748159556
"moderate_intensity","hold",140,30,102,94.3305063848365,109.669493615163
"moderate_intensity","hold",141,30,102.833333333333,95.3690207419128,110.297645924754
"moderate_intensity","hold",142,30,103.766666666667,96.50504474027,111.028288593063
"moderate_intensity","hold",143,30,103.766666666667,96.4050916653079,111.128241668025
"moderate_intensity","hold",144,30,104.466666666667,97.2782125409294,111.655120792404
"moderate_intensity","hold",145,30,104.6,97.9241959812535,111.275804018746
"moderate_intensity","hold",146,30,105.266666666667,98.6180460383968,111.915287294936
"moderate_intensity","hold",147,30,105.266666666667,98.4990663611375,112.034266972196
"moderate_intensity","hold",148,30,105.166666666667,98.1382782322898,112.195055101044
"moderate_intensity","hold",149,30,105.066666666667,97.676247535323,112.45708579801
"moderate_intensity","hold",150,30,106.033333333333,99.023165138332,113.043501528335
"moderate_intensity","hold",151,30,108.733333333333,101.600475063227,115.86619160344
"moderate_intensity","hold",152,30,109.2,102.102640910161,116.297359089839
"moderate_intensity","hold",153,30,109.366666666667,102.328434322785,116.404899010549
"moderate_intensity","hold",154,30,110.5,103.884134759548,117.115865240452
"moderate_intensity","hold",155,30,109.9,103.422499199366,116.377500800634
"moderate_intensity","hold",156,30,109.633333333333,103.554735006429,115.711931660238
"moderate_intensity","hold",157,30,110.5,104.484799163756,116.515200836244
"moderate_intensity","hold",158,30,110.533333333333,104.195864681299,116.870801985368
"moderate_intensity","hold",159,30,110.766666666667,103.804536200065,117.728797133269
"moderate_intensity","hold",160,30,109.866666666667,102.77382525312,116.959508080213
"moderate_intensity","hold",161,30,108.433333333333,101.194922412639,115.671744254028
"moderate_intensity","hold",162,30,108.6,101.099371540574,116.100628459426
"moderate_intensity","hold",163,30,107.633333333333,100.341449745843,114.925216920824
"moderate_intensity","hold",164,30,108.433333333333,100.881544842565,115.985121824102
"moderate_intensity","hold",165,30,107.933333333333,99.8482239364047,116.018442730262
"moderate_intensity","hold",166,30,106.866666666667,98.4735549693067,115.259778364027
"moderate_intensity","hold",167,30,106.033333333333,97.5832729224317,114.483393744235
"moderate_intensity","hold",168,30,104.833333333333,96.4119988754848,113.254667791182
"moderate_intensity","hold",169,30,103.7,94.8038658087634,112.596134191237
"moderate_intensity","hold",170,30,104.766666666667,95.5245905732914,114.008742760042
"moderate_intensity","hold",171,30,104.8,95.7138957164679,113.886104283532
"moderate_intensity","hold",172,30,103.1,94.2955680998637,111.904431900136
"moderate_intensity","hold",173,30,104.466666666667,95.6745941581808,113.258739175153
"moderate_intensity","hold",174,30,104.766666666667,96.3547006961432,113.17863263719
"moderate_intensity","hold",175,30,104.666666666667,96.7544337628275,112.578899570506
"moderate_intensity","hold",176,30,105.566666666667,97.6578678281017,113.475465505232
"moderate_intensity","hold",177,30,105.9,97.8857192800757,113.914280719924
"moderate_intensity","hold",178,30,106.733333333333,98.228005526086,115.238661140581
"moderate_intensity","hold",179,30,106.6,98.0177631632003,115.1822368368
"moderate_intensity","hold",180,30,106.266666666667,97.6451172032735,114.88821613006
"moderate_intensity","hold",181,30,105.7,97.4879040708851,113.912095929115
"moderate_intensity","hold",182,30,105.333333333333,97.1047532152203,113.561913451446
"moderate_intensity","hold",183,30,104.366666666667,96.4385591886848,112.294774144649
"moderate_intensity","hold",184,30,104.6,96.7577966960807,112.442203303919
"moderate_intensity","hold",185,30,105.866666666667,98.0741999201224,113.659133413211
"moderate_intensity","hold",186,30,107.233333333333,99.0920735478622,115.374593118804
"moderate_intensity","hold",187,30,108.366666666667,99.7364497456932,116.99688358764
"moderate_intensity","hold",188,30,107.233333333333,98.5369621086008,115.929704558066
"moderate_intensity","hold",189,30,106.633333333333,97.1009503729014,116.165716293765
"moderate_intensity","hold",190,30,106.833333333333,97.0222650922194,116.644401574447
"moderate_intensity","hold",191,30,107.866666666667,97.4565818038126,118.276751529521
"moderate_intensity","hold",192,30,107.266666666667,96.8237491263503,117.709584206983
"moderate_intensity","hold",193,30,106.966666666667,96.6238845738412,117.309448759492
"moderate_intensity","hold",194,30,106.333333333333,96.0423507794786,116.624315887188
"moderate_intensity","hold",195,30,106,96.1963262727822,115.803673727218
"moderate_intensity","hold",196,30,104.833333333333,95.0497469009641,114.616919765703
"moderate_intensity","hold",197,30,104.333333333333,94.5344015656475,114.132265101019
"moderate_intensity","hold",198,30,103.133333333333,93.4770460891492,112.789620577517
"moderate_intensity","hold",199,30,102,92.4880582018266,111.511941798173
"moderate_intensity","hold",200,30,101,92.1125985243575,109.887401475642
"moderate_intensity","hold",201,30,101.066666666667,92.4680121936995,109.665321139634
"moderate_intensity","hold",202,30,100.466666666667,91.9084786088128,109.024854724521
"moderate_intensity","hold",203,30,101.933333333333,93.807295021792,110.059371644875
"moderate_intensity","hold",204,30,101.7,94.1945334481595,109.205466551841
"moderate_intensity","hold",205,30,102.133333333333,94.4696511925476,109.797015474119
"moderate_intensity","hold",206,30,101.366666666667,93.7352052437361,108.998128089597
"moderate_intensity","hold",207,30,102.533333333333,95.1287452994265,109.93792136724
"moderate_intensity","hold",208,30,102.266666666667,95.2513906638522,109.281942669481
"moderate_intensity","hold",209,30,103.133333333333,96.5291182811694,109.737548385497
"moderate_intensity","hold",210,30,102.633333333333,96.0731281641965,109.19353850247
"moderate_intensity","hold",211,30,101.6,95.0492438909079,108.150756109092
"moderate_intensity","hold",212,30,101.433333333333,94.9082550510546,107.958411615612
"moderate_intensity","hold",213,30,101.866666666667,95.1505563352684,108.582776998065
"moderate_intensity","hold",214,30,101.866666666667,95.1749409065748,108.558392426759
"moderate_intensity","hold",215,30,100.733333333333,94.6781533584284,106.788513308238
"moderate_intensity","hold",216,30,100,94.0788538314605,105.92114616854
"moderate_intensity","hold",217,30,101.2,95.440706257643,106.959293742357
"moderate_intensity","hold",218,30,100.1,94.0159727520152,106.184027247985
"moderate_intensity","hold",219,30,100.533333333333,94.5349548335665,106.5317118331
"moderate_intensity","hold",220,30,101.133333333333,94.7196973979708,107.546969268696
"moderate_intensity","hold",221,30,100.4,93.901564118901,106.898435881099
"moderate_intensity","hold",222,30,101.133333333333,94.2734362506451,107.993230416022
"moderate_intensity","hold",223,30,100.5,93.6149056210636,107.385094378936
"moderate_intensity","hold",224,30,98.3666666666667,91.606494583623,105.12683874971
"moderate_intensity","hold",225,30,98.8666666666667,91.6675188785193,106.065814454814
"moderate_intensity","hold",226,30,98.9,91.5334194334895,106.26658056651
"moderate_intensity","hold",227,30,100.033333333333,92.4778530530011,107.588813613666
"moderate_intensity","hold",228,30,100.7,92.9810467358945,108.418953264105
"moderate_intensity","hold",229,30,100.233333333333,92.2483025687567,108.21836409791
"moderate_intensity","hold",230,30,100.066666666667,91.6958111081352,108.437522225198
"moderate_intensity","hold",231,30,99.1,90.3806227541267,107.819377245873
"moderate_intensity","hold",232,30,98.3666666666667,89.5245623979352,107.208770935398
"moderate_intensity","hold",233,30,99.3,90.4798547535711,108.120145246429
"moderate_intensity","hold",234,30,97.8333333333333,89.1306616176612,106.536005049005
"moderate_intensity","hold",235,30,99.5333333333333,90.7483728401783,108.318293826488
"moderate_intensity","hold",236,30,99.2333333333333,90.6847293616031,107.781937305064
"moderate_intensity","hold",237,30,97.6666666666667,89.4071764110408,105.926156922293
"moderate_intensity","hold",238,30,96.8666666666667,88.2318547877431,105.50147854559
"moderate_intensity","hold",239,30,96.3666666666667,87.7822545554884,104.951078777845
"moderate_intensity","hold",240,30,96.6666666666667,88.2594746379977,105.073858695336
"moderate_intensity","hold",241,30,96.8,88.4507304583941,105.149269541606
"moderate_intensity","hold",242,30,96.4,88.5878960467191,104.212103953281
"moderate_intensity","hold",243,30,97.6333333333333,90.2373538970968,105.02931276957
"moderate_intensity","hold",244,30,98.2,90.7995255181781,105.600474481822
"moderate_intensity","hold",245,30,97.4666666666667,89.6109052769879,105.322428056345
"moderate_intensity","hold",246,30,96.4,88.7477027212169,104.052297278783
"moderate_intensity","hold",247,30,96,88.6062853683987,103.393714631601
"moderate_intensity","hold",248,30,95.6,87.9924434315072,103.207556568493
"moderate_intensity","hold",249,30,96.1666666666667,88.7547124261315,103.578620907202
"moderate_intensity","hold",250,30,96.2666666666667,89.0353997962743,103.497933537059
"moderate_intensity","hold",251,30,97.1666666666667,89.6529195840419,104.680413749291
"moderate_intensity","hold",252,30,97.4333333333333,90.1684016026683,104.698265063998
"moderate_intensity","hold",253,30,97.2666666666667,89.8587028976443,104.674630435689
"moderate_intensity","hold",254,30,98.9,91.1324900087294,106.667509991271
"moderate_intensity","hold",255,30,99.8333333333333,92.1256417042759,107.541024962391
"moderate_intensity","hold",256,30,99.9,91.5611311977932,108.238868802207
"moderate_intensity","hold",257,30,101.333333333333,93.2718074250544,109.394859241612
"moderate_intensity","hold",258,30,102.866666666667,94.0016182000366,111.731715133297
"moderate_intensity","hold",259,30,102.233333333333,93.5957656529498,110.870901013717
"moderate_intensity","hold",260,30,102.9,94.3352881651045,111.464711834896
"moderate_intensity","hold",261,30,104.1,95.6996639379471,112.500336062053
"moderate_intensity","hold",262,30,104.633333333333,96.5782811135851,112.688385553082
"moderate_intensity","hold",263,30,105.8,98.5591207605608,113.040879239439
"moderate_intensity","hold",264,30,106.2,99.0291805820498,113.37081941795
"moderate_intensity","hold",265,30,106.4,99.7407814970574,113.059218502943
"moderate_intensity","hold",266,30,106.633333333333,99.578043490034,113.688623176633
"moderate_intensity","hold",267,30,106.366666666667,99.3551268827156,113.378206450618
"moderate_intensity","hold",268,30,106.866666666667,99.957185884066,113.776147449267
"moderate_intensity","hold",269,30,107,99.6173484515429,114.382651548457
"moderate_intensity","hold",270,30,107.533333333333,99.9237967438263,115.14286992284
"moderate_intensity","hold",271,30,107.4,100.037826328024,114.762173671976
"moderate_intensity","hold",272,30,106.933333333333,99.7387284096048,114.127938257062
"moderate_intensity","hold",273,30,105.833333333333,99.4910489989524,112.175617667714
"moderate_intensity","hold",274,30,104.733333333333,98.2021788663795,111.264487800287
"moderate_intensity","hold",275,30,104.633333333333,97.9604948526375,111.306171814029
"moderate_intensity","hold",276,30,105.566666666667,98.6886056433158,112.444727690018
"moderate_intensity","hold",277,30,104,97.1905654019987,110.809434598001
"moderate_intensity","hold",278,30,104.866666666667,98.2022998345062,111.531033498827
"moderate_intensity","hold",279,30,105.433333333333,98.936315693278,111.930350973389
"moderate_intensity","hold",280,30,104.933333333333,98.2717085738521,111.594958092815
"moderate_intensity","hold",281,30,103.133333333333,96.3015292091888,109.965137457478
"moderate_intensity","hold",282,30,102.133333333333,94.8182440925195,109.448422574147
"moderate_intensity","hold",283,30,103.166666666667,95.1429526048239,111.190380728509
"moderate_intensity","hold",284,30,102.733333333333,94.1874013292365,111.27926533743
"moderate_intensity","hold",285,30,102.5,93.7166724356002,111.2833275644
"moderate_intensity","hold",286,30,101.2,93.0547745011312,109.345225498869
"moderate_intensity","hold",287,30,100.9,92.9007315827476,108.899268417252
"moderate_intensity","hold",288,30,99.9666666666667,92.521444804923,107.41188852841
"moderate_intensity","hold",289,30,98.7333333333333,91.285238287319,106.181428379348
"moderate_intensity","hold",290,30,99.4,92.6376116282958,106.162388371704
"moderate_intensity","hold",291,30,99.2333333333333,92.3643657753403,106.102300891326
"moderate_intensity","hold",292,30,98.7666666666667,92.2956020038702,105.237731329463
"moderate_intensity","hold",293,30,99.0333333333333,93.1795746375092,104.887092029158
"moderate_intensity","hold",294,30,99.8,93.1734965913941,106.426503408606
"moderate_intensity","hold",295,30,100.533333333333,93.8718529247334,107.194813741933
"moderate_intensity","hold",296,30,101.133333333333,94.5407769022157,107.725889764451
"moderate_intensity","hold",297,30,100.2,93.8053834885698,106.59461651143
"moderate_intensity","hold",298,30,100.733333333333,94.5867357645772,106.879930902089
"moderate_intensity","hold",299,30,100.866666666667,94.4823341622589,107.250999171074
"moderate_intensity","hold",300,30,101.1,94.4967921198666,107.703207880133
"moderate_intensity","hold",301,30,100.3,93.552167082083,107.047832917917
"moderate_intensity","hold",302,30,101.233333333333,94.283644674371,108.183021992296
"moderate_intensity","hold",303,30,102.733333333333,95.4207421534845,110.045924513182
"moderate_intensity","hold",304,30,102.8,95.0783999368428,110.521600063157
"moderate_intensity","hold",305,30,102,94.7355205202882,109.264479479712
"moderate_intensity","hold",306,30,102.4,94.9747488841962,109.825251115804
"moderate_intensity","hold",307,30,102.666666666667,95.3419875375154,109.991345795818
"moderate_intensity","hold",308,30,101.966666666667,94.6111028398809,109.322230493452
"moderate_intensity","hold",309,30,101.9,94.490467903191,109.309532096809
"moderate_intensity","hold",310,30,100.933333333333,93.573554636014,108.293112030653
"moderate_intensity","hold",311,30,101.466666666667,94.0387396135223,108.894593719811
"moderate_intensity","hold",312,30,102.633333333333,95.309212175362,109.957454491305
"moderate_intensity","hold",313,30,102.866666666667,95.8200709888057,109.913262344528
"moderate_intensity","hold",314,30,103.066666666667,95.7278227414971,110.405510591836
"moderate_intensity","hold",315,30,103.066666666667,95.5185399220626,110.614793411271
"moderate_intensity","hold",316,30,103.033333333333,95.5687630934345,110.497903573232
"moderate_intensity","hold",317,30,104.433333333333,96.6848289295499,112.181837737117
"moderate_intensity","hold",318,30,104,95.4703616372068,112.529638362793
"moderate_intensity","hold",319,30,105.366666666667,96.6576990181355,114.075634315198
"moderate_intensity","hold",320,30,106.133333333333,97.4054775920379,114.861189074629
"moderate_intensity","hold",321,30,106.2,97.4316566425649,114.968343357435
"moderate_intensity","hold",322,30,106.266666666667,97.4887144031779,115.044618930155
"moderate_intensity","hold",323,30,107.4,98.9282793252858,115.871720674714
"moderate_intensity","hold",324,30,109.4,101.113620814515,117.686379185485
"moderate_intensity","hold",325,30,110.433333333333,102.277322596397,118.58934407027
"moderate_intensity","hold",326,30,111.033333333333,102.996207854216,119.070458812451
"moderate_intensity","hold",327,30,111.333333333333,102.766385651258,119.900281015408
"moderate_intensity","hold",328,30,111.033333333333,102.183076385255,119.883590281412
"moderate_intensity","hold",329,30,111.166666666667,102.410019822296,119.923313511038
"moderate_intensity","hold",330,30,111.3,102.543865635196,120.056134364804
"moderate_intensity","hold",331,30,112.7,103.420301152682,121.979698847318
"moderate_intensity","hold",332,30,113.8,104.659028712623,122.940971287377
"moderate_intensity","hold",333,30,113.166666666667,103.879751475515,122.453581857818
"moderate_intensity","hold",334,30,111.6,102.191432608185,121.008567391815
"moderate_intensity","hold",335,30,111.6,102.430040358817,120.769959641183
"moderate_intensity","hold",336,30,110.433333333333,101.394828219104,119.471838447563
"moderate_intensity","hold",337,30,108.7,100.296917065579,117.103082934421
"moderate_intensity","hold",338,30,108.1,100.048609556787,116.151390443213
"moderate_intensity","hold",339,30,108.4,100.406594022876,116.393405977124
"moderate_intensity","hold",340,30,110.366666666667,102.683091179431,118.050242153902
"moderate_intensity","hold",341,30,110.5,102.597242251112,118.402757748888
"moderate_intensity","hold",342,30,110.866666666667,102.494777298098,119.238556035235
"moderate_intensity","hold",343,30,109.766666666667,101.088005470212,118.445327863121
"moderate_intensity","hold",344,30,111.9,102.564408804807,121.235591195193
"moderate_intensity","hold",345,30,111.866666666667,102.779856863567,120.953476469766
"moderate_intensity","hold",346,30,112.1,102.993308249685,121.206691750315
"moderate_intensity","hold",347,30,113.266666666667,103.468912568706,123.064420764627
"moderate_intensity","hold",348,30,111.233333333333,101.634502081154,120.832164585513
"moderate_intensity","hold",349,30,110.633333333333,101.122663720716,120.14400294595
"moderate_intensity","hold",350,30,110.266666666667,100.373197947525,120.160135385809
"moderate_intensity","hold",351,30,111.333333333333,101.216218414275,121.450448252392
"moderate_intensity","hold",352,30,111.666666666667,100.633867468671,122.699465864662
"moderate_intensity","hold",353,30,111.933333333333,100.742342700326,123.124323966341
"moderate_intensity","hold",354,30,112.2,100.833181848837,123.566818151163
"moderate_intensity","hold",355,30,112.433333333333,101.302329695966,123.5643369707
"moderate_intensity","hold",356,30,111.066666666667,100.022281486605,122.111051846728
"moderate_intensity","hold",357,30,110.966666666667,99.8405018887819,122.092831444551
"moderate_intensity","hold",358,30,111.2,100.127151580658,122.272848419342
"moderate_intensity","hold",359,30,111.2,100.476563409584,121.923436590416
"moderate_intensity","hold",360,30,110.966666666667,100.4780156316,121.455317701733
"moderate_intensity","icu",1,30,0,0,0
"moderate_intensity","icu",2,30,0,0,0
"moderate_intensity","icu",3,30,0,0,0
"moderate_intensity","icu",4,30,0,0,0
"moderate_intensity","icu",5,30,0,0,0
"moderate_intensity","icu",6,30,0,0,0
"moderate_intensity","icu",7,30,0,0,0
"moderate_intensity","icu",8,30,14.7333333333333,12.9147442306268,16.5519224360399
"moderate_intensity","icu",9,30,19.8333333333333,17.2760519567755,22.3906147098912
"moderate_intensity","icu",10,30,23.4,20.5892147536859,26.2107852463141
"moderate_intensity","icu",11,30,24.2,21.51197659818,26.88802340182
"moderate_intensity","icu",12,30,23.7333333333333,21.5341944354445,25.9324722312222
"moderate_intensity","icu",13,30,22.7333333333333,20.7919846274697,24.674682039197
"moderate_intensity","icu",14,30,20.5,18.7658122697686,22.2341877302314
"moderate_intensity","icu",15,30,31.7666666666667,27.856882707487,35.6764506258463
"moderate_intensity","icu",16,30,32.0666666666667,28.0402598868599,36.0930734464735
"moderate_intensity","icu",17,30,31.7,27.8391377019725,35.5608622980275
"moderate_intensity","icu",18,30,29.9666666666667,26.4195003842867,33.5138329490467
"moderate_intensity","icu",19,30,27.7,24.7907851440303,30.6092148559697
"moderate_intensity","icu",20,30,25.6,23.1414183361264,28.0585816638736
"moderate_intensity","icu",21,30,23.4333333333333,21.1238224754983,25.7428441911683
"moderate_intensity","icu",22,30,29.4333333333333,24.8772472698635,33.9894193968032
"moderate_intensity","icu",23,30,30,25.2180682306361,34.7819317693639
"moderate_intensity","icu",24,30,29.6333333333333,25.1680633327981,34.0986033338686
"moderate_intensity","icu",25,30,29.1666666666667,25.0690631536914,33.264270179642
"moderate_intensity","icu",26,30,27.9666666666667,24.3857744759758,31.5475588573576
"moderate_intensity","icu",27,30,26.9,24.0103525886628,29.7896474113372
"moderate_intensity","icu",28,30,26.5,23.8765177612139,29.1234822387861
"moderate_intensity","icu",29,30,31.5,28.0208977578757,34.9791022421243
"moderate_intensity","icu",30,30,32.7666666666667,29.3084487446826,36.2248845886507
"moderate_intensity","icu",31,30,32.9666666666667,29.8142095419178,36.1191237914155
"moderate_intensity","icu",32,30,32.5333333333333,29.8144829672833,35.2521836993833
"moderate_intensity","icu",33,30,32.3333333333333,29.5975590356938,35.0691076309729
"moderate_intensity","icu",34,30,30.5666666666667,27.6025499445784,33.5307833887549
"moderate_intensity","icu",35,30,29.0333333333333,25.9895092199545,32.0771574467122
"moderate_intensity","icu",36,30,30.6666666666667,26.7981118100528,34.5352215232805
"moderate_intensity","icu",37,30,30.5333333333333,26.4797920937158,34.5868745729509
"moderate_intensity","icu",38,30,30.8333333333333,26.4226656649705,35.2440010016961
"moderate_intensity","icu",39,30,30.4666666666667,25.8915722200224,35.0417611133109
"moderate_intensity","icu",40,30,30.5666666666667,26.1108821913006,35.0224511420327
"moderate_intensity","icu",41,30,29.4666666666667,25.0563805447365,33.8769527885968
"moderate_intensity","icu",42,30,28.5,24.4227856267656,32.5772143732344
"moderate_intensity","icu",43,30,30.4333333333333,25.8154047068301,35.0512619598366
"moderate_intensity","icu",44,30,30.8666666666667,25.9884436158041,35.7448897175292
"moderate_intensity","icu",45,30,29.9333333333333,25.0647788006882,34.8018878659785
"moderate_intensity","icu",46,30,29.9333333333333,24.8531040671822,35.0135625994845
"moderate_intensity","icu",47,30,29.9333333333333,25.1424279420459,34.7242387246208
"moderate_intensity","icu",48,30,29,24.9974667488452,33.0025332511548
"moderate_intensity","icu",49,30,28.9666666666667,25.151739320552,32.7815940127814
"moderate_intensity","icu",50,30,30.7666666666667,25.9290719203886,35.6042614129448
"moderate_intensity","icu",51,30,30.8,26.2032380890291,35.3967619109709
"moderate_intensity","icu",52,30,32.1,27.7704539706334,36.4295460293666
"moderate_intensity","icu",53,30,32.2333333333333,28.1491281429512,36.3175385237155
"moderate_intensity","icu",54,30,31.5,27.2405391652025,35.7594608347975
"moderate_intensity","icu",55,30,31.4666666666667,27.0400580522544,35.8932752810789
"moderate_intensity","icu",56,30,30.0333333333333,25.7877414764117,34.278925190255
"moderate_intensity","icu",57,30,31.2666666666667,26.6798171480814,35.853516185252
"moderate_intensity","icu",58,30,31.4333333333333,26.7853091202493,36.0813575464174
"moderate_intensity","icu",59,30,31.0333333333333,26.2973875216295,35.7692791450372
"moderate_intensity","icu",60,30,30.9333333333333,26.1585120476192,35.7081546190474
"moderate_intensity","icu",61,30,30.0666666666667,25.6583433051672,34.4749900281661
"moderate_intensity","icu",62,30,29.7333333333333,25.3876225402032,34.0790441264635
"moderate_intensity","icu",63,30,29.4333333333333,24.7853091202493,34.0813575464174
"moderate_intensity","icu",64,30,29.1666666666667,24.2507909448757,34.0825423884576
"moderate_intensity","icu",65,30,29.4333333333333,24.3599702155214,34.5066964511452
"moderate_intensity","icu",66,30,30,25.0783408450911,34.9216591549089
"moderate_intensity","icu",67,30,30.1,25.5137619809847,34.6862380190153
"moderate_intensity","icu",68,30,29.9333333333333,25.7373503750552,34.1293162916114
"moderate_intensity","icu",69,30,30.3,26.2223139589648,34.3776860410352
"moderate_intensity","icu",70,30,29.4,25.7183254491304,33.0816745508696
"moderate_intensity","icu",71,30,30.3333333333333,26.6546200787421,34.0120465879245
"moderate_intensity","icu",72,30,30.4666666666667,27.0083792297371,33.9249541035962
"moderate_intensity","icu",73,30,29.4,26.2826390064,32.5173609936
"moderate_intensity","icu",74,30,28.8333333333333,25.4334443372395,32.2332223294271
"moderate_intensity","icu",75,30,28.8333333333333,25.0454727174801,32.6211939491865
"moderate_intensity","icu",76,30,28.2333333333333,24.6777731951856,31.788893471481
"moderate_intensity","icu",77,30,27.8,24.5088795971287,31.0911204028713
"moderate_intensity","icu",78,30,28.3,24.7061519726997,31.8938480273003
"moderate_intensity","icu",79,30,28.2333333333333,24.3137238264644,32.1529428402023
"moderate_intensity","icu",80,30,28.6666666666667,24.5970261032539,32.7363072300795
"moderate_intensity","icu",81,30,29.0666666666667,25.6081011839272,32.5252321494061
"moderate_intensity","icu",82,30,28.9666666666667,25.7492959470641,32.1840373862692
"moderate_intensity","icu",83,30,29.5,26.5782517642463,32.4217482357537
"moderate_intensity","icu",84,30,29.2,26.1705578384309,32.2294421615691
"moderate_intensity","icu",85,30,29.3,26.6070622294886,31.9929377705114
"moderate_intensity","icu",86,30,29.1,26.4993422880041,31.7006577119959
"moderate_intensity","icu",87,30,28.3666666666667,25.7400097024534,30.99332363088
"moderate_intensity","icu",88,30,28.1,25.0218292257484,31.1781707742516
"moderate_intensity","icu",89,30,27.9333333333333,24.3977751382881,31.4688915283785
"moderate_intensity","icu",90,30,27.2666666666667,23.6265814314525,30.9067519018808
"moderate_intensity","icu",91,30,26.7,23.0176072583246,30.3823927416754
"moderate_intensity","icu",92,30,27.9333333333333,24.0902160989143,31.7764505677524
"moderate_intensity","icu",93,30,29.3666666666667,25.6760139195604,33.0573194137729
"moderate_intensity","icu",94,30,30.4333333333333,26.6447112023934,34.2219554642733
"moderate_intensity","icu",95,30,30.0333333333333,26.4658932451536,33.6007734215131
"moderate_intensity","icu",96,30,30.1666666666667,26.6554665905457,33.6778667427876
"moderate_intensity","icu",97,30,29.2333333333333,25.9054814302552,32.5611852364114
"moderate_intensity","icu",98,30,29.0666666666667,25.7587401026017,32.3745932307317
"moderate_intensity","icu",99,30,29.1,25.3168811444804,32.8831188555196
"moderate_intensity","icu",100,30,28.8,25.0168175994963,32.5831824005037
"moderate_intensity","icu",101,30,28.7666666666667,24.6871730709241,32.8461602624093
"moderate_intensity","icu",102,30,28.3666666666667,24.2126602359101,32.5206730974232
"moderate_intensity","icu",103,30,27.9333333333333,23.6109189512467,32.25574771542
"moderate_intensity","icu",104,30,28.0666666666667,24.2980853028436,31.8352480304897
"moderate_intensity","icu",105,30,28.0666666666667,24.2222985667901,31.9110347665432
"moderate_intensity","icu",106,30,28.6333333333333,24.7102906985987,32.5563759680679
"moderate_intensity","icu",107,30,28.8333333333333,24.6948656344568,32.9718010322098
"moderate_intensity","icu",108,30,28.4333333333333,24.7151648179547,32.151501848712
"moderate_intensity","icu",109,30,28.5,24.5999841544036,32.4000158455964
"moderate_intensity","icu",110,30,28.2,24.5937981567119,31.8062018432881
"moderate_intensity","icu",111,30,27.7666666666667,24.3490056375424,31.1843276957909
"moderate_intensity","icu",112,30,27.7,24.1859711068923,31.2140288931077
"moderate_intensity","icu",113,30,27.4666666666667,23.8242046782073,31.1091286551261
"moderate_intensity","icu",114,30,26.7,23.4400715810507,29.9599284189493
"moderate_intensity","icu",115,30,27.7666666666667,24.3843587765572,31.1489745567761
"moderate_intensity","icu",116,30,27.8333333333333,24.2799374533041,31.3867292133626
"moderate_intensity","icu",117,30,27.3666666666667,23.4473024982886,31.2860308350447
"moderate_intensity","icu",118,30,27.0666666666667,22.6900868863354,31.443246446998
"moderate_intensity","icu",119,30,26.5666666666667,22.1881648006331,30.9451685327003
"moderate_intensity","icu",120,30,26.4666666666667,22.1634271054896,30.7699062278437
"moderate_intensity","icu",121,30,26.5333333333333,21.5788294325337,31.487837234133
"moderate_intensity","icu",122,30,26.9,21.6710726114089,32.1289273885911
"moderate_intensity","icu",123,30,27.1333333333333,22.0174546630204,32.2492120036463
"moderate_intensity","icu",124,30,27.2,21.8636293607809,32.5363706392191
"moderate_intensity","icu",125,30,27.0333333333333,21.5995687075877,32.467097959079
"moderate_intensity","icu",126,30,27.1,21.4853187157047,32.7146812842954
"moderate_intensity","icu",127,30,27.1666666666667,21.826978420264,32.5063549130693
"moderate_intensity","icu",128,30,27.0333333333333,22.4176958283091,31.6489708383576
"moderate_intensity","icu",129,30,27.2,22.8383129517543,31.5616870482457
"moderate_intensity","icu",130,30,27.2,23.2795114896137,31.1204885103863
"moderate_intensity","icu",131,30,27.4333333333333,23.5556543431253,31.3110123235414
"moderate_intensity","icu",132,30,27.3,23.9127677723037,30.6872322276963
"moderate_intensity","icu",133,30,28.6333333333333,24.9544240369543,32.3122426297124
"moderate_intensity","icu",134,30,30.0666666666667,26.0943586331956,34.0389747001377
"moderate_intensity","icu",135,30,30.3,26.2542749496492,34.3457250503508
"moderate_intensity","icu",136,30,31.1666666666667,27.334637388304,34.9986959450293
"moderate_intensity","icu",137,30,31.5666666666667,27.5657153614205,35.5676179719129
"moderate_intensity","icu",138,30,32.6666666666667,28.560565033605,36.7727682997283
"moderate_intensity","icu",139,30,33.8,29.283430138169,38.316569861831
"moderate_intensity","icu",140,30,32.7,28.378457040661,37.021542959339
"moderate_intensity","icu",141,30,32.5333333333333,28.1778972834877,36.8887693831789
"moderate_intensity","icu",142,30,32.5333333333333,27.7839549674797,37.282711699187
"moderate_intensity","icu",143,30,32.4,27.4777547355892,37.3222452644108
"moderate_intensity","icu",144,30,31.9,26.7246784579812,37.0753215420188
"moderate_intensity","icu",145,30,31.4666666666667,26.2882028761226,36.6451304572108
"moderate_intensity","icu",146,30,31.1666666666667,26.1616185131316,36.1717148202018
"moderate_intensity","icu",147,30,30.5,25.8799201428415,35.1200798571585
"moderate_intensity","icu",148,30,31.4666666666667,26.6310103813223,36.3023229520111
"moderate_intensity","icu",149,30,31.5,26.9448989829853,36.0551010170147
"moderate_intensity","icu",150,30,31.2666666666667,27.0752696505489,35.4580636827844
"moderate_intensity","icu",151,30,30.4666666666667,25.8999872256684,35.0333461076649
"moderate_intensity","icu",152,30,29.9,25.2440519947411,34.5559480052589
"moderate_intensity","icu",153,30,29.9666666666667,25.4734882333038,34.4598451000296
"moderate_intensity","icu",154,30,29.8,25.2263069791212,34.3736930208788
"moderate_intensity","icu",155,30,30.6666666666667,25.8284259393334,35.5049073939999
"moderate_intensity","icu",156,30,30.9,25.9614205880468,35.8385794119532
"moderate_intensity","icu",157,30,30.3666666666667,25.3940004715645,35.3393328617689
"moderate_intensity","icu",158,30,29.9666666666667,25.01823167756,34.9151016557733
"moderate_intensity","icu",159,30,30.2666666666667,25.329466657802,35.2038666755313
"moderate_intensity","icu",160,30,30.7666666666667,26.1758880243097,35.3574453090236
"moderate_intensity","icu",161,30,30.7666666666667,25.9519855035532,35.5813478297801
"moderate_intensity","icu",162,30,30.3,25.8979888381348,34.7020111618652
"moderate_intensity","icu",163,30,30.3,25.9264789913814,34.6735210086186
"moderate_intensity","icu",164,30,29.1666666666667,25.0444960301445,33.2888373031888
"moderate_intensity","icu",165,30,29.7666666666667,25.4971339493088,34.0361993840245
"moderate_intensity","icu",166,30,30.2666666666667,26.2140744378097,34.3192588955237
"moderate_intensity","icu",167,30,30,25.8790931322595,34.1209068677405
"moderate_intensity","icu",168,30,29.4666666666667,25.3906513614184,33.5426819719149
"moderate_intensity","icu",169,30,29.4666666666667,25.4321480555407,33.5011852777926
"moderate_intensity","icu",170,30,29.5333333333333,25.5491812266228,33.5174854400438
"moderate_intensity","icu",171,30,29.7333333333333,25.7987260076753,33.6679406589913
"moderate_intensity","icu",172,30,30.6333333333333,26.548186476116,34.7184801905507
"moderate_intensity","icu",173,30,30.5666666666667,26.1673504950102,34.9659828383231
"moderate_intensity","icu",174,30,30.7,25.9888225295434,35.4111774704566
"moderate_intensity","icu",175,30,32.0666666666667,27.1421427506567,36.9911905826766
"moderate_intensity","icu",176,30,32.9,27.8155924527165,37.9844075472835
"moderate_intensity","icu",177,30,32.7333333333333,27.8322975690569,37.6343690976097
"moderate_intensity","icu",178,30,33.0333333333333,28.2559450158892,37.8107216507774
"moderate_intensity","icu",179,30,32.2666666666667,27.4777688343312,37.0555644990021
"moderate_intensity","icu",180,30,32.5,27.2194673951147,37.7805326048853
"moderate_intensity","icu",181,30,32.8,27.5922179184538,38.0077820815462
"moderate_intensity","icu",182,30,33.0666666666667,28.0588814628759,38.0744518704574
"moderate_intensity","icu",183,30,33.6333333333333,28.6394409331278,38.6272257335388
"moderate_intensity","icu",184,30,33.2,28.0844346126022,38.3155653873979
"moderate_intensity","icu",185,30,31.9333333333333,27.1878034340943,36.6788632325723
"moderate_intensity","icu",186,30,31.1,26.660791759064,35.539208240936
"moderate_intensity","icu",187,30,29.7,25.5510121655147,33.8489878344853
"moderate_intensity","icu",188,30,29.9,26.1552025449711,33.6447974550289
"moderate_intensity","icu",189,30,29.2666666666667,25.697272881015,32.8360604523183
"moderate_intensity","icu",190,30,28.4,24.809565093448,31.990434906552
"moderate_intensity","icu",191,30,27.6666666666667,23.8810280114492,31.4523053218842
"moderate_intensity","icu",192,30,28.5333333333333,24.6617968034405,32.4048698632261
"moderate_intensity","icu",193,30,28.6666666666667,25.0980811778304,32.235252155503
"moderate_intensity","icu",194,30,29.3666666666667,26.0275645170271,32.7057688163063
"moderate_intensity","icu",195,30,29.2,26.1264404859561,32.2735595140439
"moderate_intensity","icu",196,30,29.6333333333333,26.7401385047372,32.5265281619295
"moderate_intensity","icu",197,30,29.4,26.5892147536859,32.2107852463141
"moderate_intensity","icu",198,30,29.1333333333333,26.2281152025039,32.0385514641627
"moderate_intensity","icu",199,30,28.8333333333333,25.6255409640781,32.0411257025886
"moderate_intensity","icu",200,30,28.3666666666667,24.9059470863367,31.8273862469967
"moderate_intensity","icu",201,30,28.0333333333333,24.5504557627837,31.516210903883
"moderate_intensity","icu",202,30,27.7333333333333,24.1357635697142,31.3309030969525
"moderate_intensity","icu",203,30,27.2666666666667,23.5314037255343,31.001929607799
"moderate_intensity","icu",204,30,27.5,23.5839903314621,31.4160096685379
"moderate_intensity","icu",205,30,28.0666666666667,24.5338293181844,31.599504015149
"moderate_intensity","icu",206,30,27.8333333333333,24.3221332572124,31.3445334094543
"moderate_intensity","icu",207,30,27.5666666666667,24.0945734515397,31.0387598817936
"moderate_intensity","icu",208,30,27.7666666666667,24.149437844828,31.3838954885053
"moderate_intensity","icu",209,30,28.0666666666667,24.6968199969764,31.436513336357
"moderate_intensity","icu",210,30,28,24.7684389673324,31.2315610326676
"moderate_intensity","icu",211,30,28.8,25.4337697614526,32.1662302385474
"moderate_intensity","icu",212,30,28.9,25.4687667418298,32.3312332581702
"moderate_intensity","icu",213,30,28.8666666666667,25.1290874959808,32.6042458373525
"moderate_intensity","icu",214,30,28.0666666666667,24.0810666840746,32.0522666492587
"moderate_intensity","icu",215,30,28.1666666666667,23.8731026185138,32.4602307148196
"moderate_intensity","icu",216,30,29.2333333333333,25.0011257180086,33.465540948658
"moderate_intensity","icu",217,30,29.1666666666667,25.2785863133401,33.0547470199933
"moderate_intensity","icu",218,30,28.8333333333333,25.0645606024257,32.602106064241
"moderate_intensity","icu",219,30,28.3,24.1452220155577,32.4547779844423
"moderate_intensity","icu",220,30,27.7,23.7810447632378,31.6189552367622
"moderate_intensity","icu",221,30,27.5333333333333,23.6667675362914,31.3998991303753
"moderate_intensity","icu",222,30,27,23.1844215474066,30.8155784525934
"moderate_intensity","icu",223,30,26.1666666666667,22.5555573213013,29.777776012032
"moderate_intensity","icu",224,30,26.0333333333333,22.5092850267355,29.5573816399312
"moderate_intensity","icu",225,30,26,22.5482995181474,29.4517004818526
"moderate_intensity","icu",226,30,26.5,22.5448964565262,30.4551035434738
"moderate_intensity","icu",227,30,26.4666666666667,22.4958113556604,30.4375219776729
"moderate_intensity","icu",228,30,26.8333333333333,22.7030061276964,30.9636605389703
"moderate_intensity","icu",229,30,26.4333333333333,22.4179873376226,30.4486793290441
"moderate_intensity","icu",230,30,25.6333333333333,21.5493635935859,29.7173030730807
"moderate_intensity","icu",231,30,25.0333333333333,21.2171458817013,28.8495207849654
"moderate_intensity","icu",232,30,24.8333333333333,21.208933962019,28.4577327046477
"moderate_intensity","icu",233,30,23.6333333333333,20.182352611182,27.0843140554847
"moderate_intensity","icu",234,30,23.1666666666667,19.570233072712,26.7631002606214
"moderate_intensity","icu",235,30,23.4666666666667,20.0265004107648,26.9068329225685
"moderate_intensity","icu",236,30,24.3333333333333,20.9430033908048,27.7236632758618
"moderate_intensity","icu",237,30,24.9,21.5827600504062,28.2172399495938
"moderate_intensity","icu",238,30,25.3333333333333,22.5161692502454,28.1504974164213
"moderate_intensity","icu",239,30,25.9333333333333,22.8683373193388,28.9983293473279
"moderate_intensity","icu",240,30,26.0666666666667,22.7558344188826,29.3774989144507
"moderate_intensity","icu",241,30,25.9,22.4983201995315,29.3016798004685
"moderate_intensity","icu",242,30,25.9,22.5481549678097,29.2518450321903
"moderate_intensity","icu",243,30,25.4,21.8337506199497,28.9662493800503
"moderate_intensity","icu",244,30,25.1,21.4134314687646,28.7865685312354
"moderate_intensity","icu",245,30,25.7333333333333,21.7962828095476,29.670383857119
"moderate_intensity","icu",246,30,25.5,21.5534151509717,29.4465848490283
"moderate_intensity","icu",247,30,25.6666666666667,21.5174663839799,29.8158669493535
"moderate_intensity","icu",248,30,25.6,21.5288632306774,29.6711367693226
"moderate_intensity","icu",249,30,26.3,22.2117158198099,30.3882841801901
"moderate_intensity","icu",250,30,27.9,23.5838006646953,32.2161993353047
"moderate_intensity","icu",251,30,28.5666666666667,24.2713112854011,32.8620220479322
"moderate_intensity","icu",252,30,29.4333333333333,25.1201055386156,33.746561128051
"moderate_intensity","icu",253,30,30.0666666666667,25.5805026516695,34.5528306816638
"moderate_intensity","icu",254,30,31.1666666666667,26.4688433448894,35.864489988444
"moderate_intensity","icu",255,30,31.8333333333333,26.9478714507232,36.7187952159435
"moderate_intensity","icu",256,30,32.2,27.4347879708058,36.9652120291942
"moderate_intensity","icu",257,30,32.3,27.5269747790744,37.0730252209256
"moderate_intensity","icu",258,30,32.3,27.5593188839498,37.0406811160502
"moderate_intensity","icu",259,30,31.8666666666667,27.2800267958926,36.4533065374407
"moderate_intensity","icu",260,30,32.3666666666667,28.1700535332479,36.5632798000855
"moderate_intensity","icu",261,30,31.6333333333333,27.5931580313995,35.6735086352672
"moderate_intensity","icu",262,30,32.1333333333333,28.3816304978727,35.885036168794
"moderate_intensity","icu",263,30,32.1333333333333,28.5120527339302,35.7546139327364
"moderate_intensity","icu",264,30,31.5666666666667,27.9989570393674,35.1343762939659
"moderate_intensity","icu",265,30,30.5333333333333,26.9777055833463,34.0889610833204
"moderate_intensity","icu",266,30,30.3,26.6293771352529,33.9706228647471
"moderate_intensity","icu",267,30,30.3666666666667,26.3253014913557,34.4080318419776
"moderate_intensity","icu",268,30,29.9666666666667,25.9731729474003,33.960160385933
"moderate_intensity","icu",269,30,29.6666666666667,25.3661094589068,33.9672238744266
"moderate_intensity","icu",270,30,29,24.7413858362398,33.2586141637602
"moderate_intensity","icu",271,30,29.1,24.6521355815095,33.5478644184905
"moderate_intensity","icu",272,30,29.3666666666667,24.8756288785471,33.8577044547862
"moderate_intensity","icu",273,30,29.8,25.3154796219659,34.2845203780341
"moderate_intensity","icu",274,30,31.1,26.5824189518983,35.6175810481017
"moderate_intensity","icu",275,30,31.9333333333333,27.1174040652933,36.7492626013734
"moderate_intensity","icu",276,30,31.9666666666667,27.3095484620059,36.6237848713274
"moderate_intensity","icu",277,30,31.7,26.858961017502,36.541038982498
"moderate_intensity","icu",278,30,31.0333333333333,26.1435431282406,35.923123538426
"moderate_intensity","icu",279,30,29.5333333333333,25.0356094116211,34.0310572550455
"moderate_intensity","icu",280,30,29.2,25.0115100109456,33.3884899890544
"moderate_intensity","icu",281,30,28.5333333333333,24.8829600104346,32.1837066562321
"moderate_intensity","icu",282,30,28.4,24.6548815797553,32.1451184202447
"moderate_intensity","icu",283,30,26.1333333333333,22.4908713448739,29.7757953217927
"moderate_intensity","icu",284,30,25.5,21.8614781057931,29.1385218942069
"moderate_intensity","icu",285,30,26.4333333333333,22.7896175723637,30.077049094303
"moderate_intensity","icu",286,30,26.7666666666667,23.4417055737965,30.0916277595369
"moderate_intensity","icu",287,30,26.9333333333333,23.8247245059188,30.0419421607479
"moderate_intensity","icu",288,30,27.2,23.9456070827728,30.4543929172272
"moderate_intensity","icu",289,30,28.3666666666667,24.8154363637388,31.9178969695945
"moderate_intensity","icu",290,30,28.8,24.8538415684202,32.7461584315798
"moderate_intensity","icu",291,30,29,24.664184127974,33.335815872026
"moderate_intensity","icu",292,30,29.4333333333333,24.9047680018639,33.9618986648027
"moderate_intensity","icu",293,30,30.4,25.5963995524372,35.2036004475628
"moderate_intensity","icu",294,30,29.7333333333333,25.3054215188298,34.1612451478369
"moderate_intensity","icu",295,30,29.0666666666667,24.7565054188697,33.3768279144636
"moderate_intensity","icu",296,30,28.7333333333333,24.7707201760974,32.6959464905693
"moderate_intensity","icu",297,30,29.2,25.4796123061775,32.9203876938225
"moderate_intensity","icu",298,30,29.1,25.3642007668811,32.8357992331189
"moderate_intensity","icu",299,30,29.6,25.4181731825407,33.7818268174593
"moderate_intensity","icu",300,30,29.7666666666667,25.5027682655213,34.030565067812
"moderate_intensity","icu",301,30,29.6666666666667,25.5267469926912,33.8065863406421
"moderate_intensity","icu",302,30,28.6333333333333,24.3047498531181,32.9619168135485
"moderate_intensity","icu",303,30,27.9,23.7161616249577,32.0838383750423
"moderate_intensity","icu",304,30,28.7333333333333,24.6441280219007,32.822538644766
"moderate_intensity","icu",305,30,27.9666666666667,24.0966828049471,31.8366505283862
"moderate_intensity","icu",306,30,28.0333333333333,24.2845151004206,31.782151566246
"moderate_intensity","icu",307,30,28.2666666666667,24.4335710510305,32.0997622823029
"moderate_intensity","icu",308,30,28.6666666666667,24.7462599157355,32.5870734175978
"moderate_intensity","icu",309,30,29.3,25.4217424244425,33.1782575755575
"moderate_intensity","icu",310,30,30,26.088597222593,33.911402777407
"moderate_intensity","icu",311,30,30.5,26.7163728144898,34.2836271855102
"moderate_intensity","icu",312,30,30.2333333333333,26.5437229349531,33.9229437317135
"moderate_intensity","icu",313,30,31.4,27.38595140522,35.41404859478
"moderate_intensity","icu",314,30,31.7,27.4119639397953,35.9880360602047
"moderate_intensity","icu",315,30,32.4333333333333,27.9164618659427,36.9502048007239
"moderate_intensity","icu",316,30,32.5666666666667,27.8295027531814,37.3038305801519
"moderate_intensity","icu",317,30,32.6333333333333,27.9700248477898,37.2966418188768
"moderate_intensity","icu",318,30,32.5666666666667,27.5610421676535,37.5722911656799
"moderate_intensity","icu",319,30,32.6333333333333,27.636553436799,37.6301132298677
"moderate_intensity","icu",320,30,32.3666666666667,27.2201009289854,37.5132324043479
"moderate_intensity","icu",321,30,32.8666666666667,27.9599442962952,37.7733890370381
"moderate_intensity","icu",322,30,32.3,27.2394786179284,37.3605213820716
"moderate_intensity","icu",323,30,32.5,27.4598517831911,37.5401482168089
"moderate_intensity","icu",324,30,32.4,27.4175617360244,37.3824382639756
"moderate_intensity","icu",325,30,32.4,27.3523688996915,37.4476311003085
"moderate_intensity","icu",326,30,33.2666666666667,28.0298528401952,38.5034804931381
"moderate_intensity","icu",327,30,33.6,28.3984997027948,38.8015002972052
"moderate_intensity","icu",328,30,33.3333333333333,28.2830993303306,38.3835673363361
"moderate_intensity","icu",329,30,32.7666666666667,27.8502041459095,37.6831291874238
"moderate_intensity","icu",330,30,31.9333333333333,27.2448839657474,36.6217827009192
"moderate_intensity","icu",331,30,30.8,26.1305952460355,35.4694047539645
"moderate_intensity","icu",332,30,30.3666666666667,25.4729449449849,35.2603883883484
"moderate_intensity","icu",333,30,29.7666666666667,24.6857276388832,34.8476056944502
"moderate_intensity","icu",334,30,30.6,25.3543185556973,35.8456814443027
"moderate_intensity","icu",335,30,31.2,25.8934452538636,36.5065547461364
"moderate_intensity","icu",336,30,31.9333333333333,26.9496085816232,36.9170580850435
"moderate_intensity","icu",337,30,32.3,27.3276561109179,37.2723438890821
"moderate_intensity","icu",338,30,33,28.1185583653144,37.8814416346856
"moderate_intensity","icu",339,30,33.5666666666667,28.2444753907458,38.8888579425876
"moderate_intensity","icu",340,30,34.0333333333333,28.2789810947448,39.7876855719218
"moderate_intensity","icu",341,30,33.8333333333333,28.0584633323461,39.6082033343206
"moderate_intensity","icu",342,30,33.4,27.6950594243383,39.1049405756617
"moderate_intensity","icu",343,30,33.1666666666667,27.507858120017,38.8254752133164
"moderate_intensity","icu",344,30,33.2333333333333,27.6157983498716,38.850868316795
"moderate_intensity","icu",345,30,33.4666666666667,27.6962526541757,39.2370806791576
"moderate_intensity","icu",346,30,33.1666666666667,27.4722846473645,38.8610486859688
"moderate_intensity","icu",347,30,31.9,26.1843240909281,37.6156759090719
"moderate_intensity","icu",348,30,32.2666666666667,26.6480619196907,37.8852714136426
"moderate_intensity","icu",349,30,32.1666666666667,26.4849638907505,37.8483694425828
"moderate_intensity","icu",350,30,31.6333333333333,26.0701537148714,37.1965129517953
"moderate_intensity","icu",351,30,31.0333333333333,25.7539541736119,36.3127124930548
"moderate_intensity","icu",352,30,31.0666666666667,26.1216821362144,36.0116511971189
"moderate_intensity","icu",353,30,30.4,25.9529463823922,34.8470536176078
"moderate_intensity","icu",354,30,30.6666666666667,26.4257771639042,34.9075561694291
"moderate_intensity","icu",355,30,31.2666666666667,27.3738283099037,35.1595050234296
"moderate_intensity","icu",356,30,31.5,27.3910695659909,35.6089304340091
"moderate_intensity","icu",357,30,31.4333333333333,26.9656950982731,35.9009715683935
"moderate_intensity","icu",358,30,32,27.7697051699342,36.2302948300658
"moderate_intensity","icu",359,30,31.9,27.3973436297971,36.4026563702029
"moderate_intensity","icu",360,30,31.6333333333333,27.0480039785487,36.2186626881179
