"decisions","boarded","queued_at_end","mean_wait_days","p90_wait_days","mean_wait_critical","mean_wait_standard","sorties_scheduled","sorties_flown","cancellation_rate","role4_peak","role4_peak_day","role4_peak_after_end","hold_total_bed_days","hold_evac_bed_days","hold_recovery_bed_days","hold_post_definitive_bed_days","hold_post_op_bed_days","hold_unexplained_bed_days","hold_evac_share","ventilated_holds","ventilated_hold_hours","replication","setting","value","arm","scenario"
3015,3012,3,0.352403818113104,1.50855770828101,0.592866694890819,0.0824550071850559,51,51,0,226,191,-169,5426.23039063559,194,3342.44267868319,1496.79776039543,392.989951556971,0,0.0357522600468271,410,25.0931813183692,1,"shipped",0,"baseline","moderate_intensity"
2666,2666,0,0.270334862259101,1.27476259385477,0.459922388522236,0.0435794354600306,51,51,0,176,143,-217,4230.95589087793,103,2541.25998804037,1264.52789246514,322.168010372411,9.09494701772928e-13,0.0243443804796148,370,23.7053992805774,2,"shipped",0,"baseline","moderate_intensity"
2742,2741,1,0.317624713760137,1.2512097211972,0.591404630258113,0.0484011923992463,51,51,0,199,129,-231,4813.05909763972,367,2948.51897469515,1203.74850148377,293.791621460809,9.09494701772928e-13,0.0762508817271688,275,25.3421236749901,3,"shipped",0,"baseline","moderate_intensity"
2869,2868,1,0.506450782135328,1.90979760198711,0.835501265961123,0.140569905421816,51,51,0,188,316,-44,5494.44864429902,580,3099.96644904349,1436.05204418433,378.430151071208,-9.09494701772928e-13,0.10556109221292,341,29.3741806483259,4,"shipped",0,"baseline","moderate_intensity"
2889,2888,1,0.277661494546489,1.20789784378115,0.479953675352632,0.0455894982759473,51,51,0,194,180,-180,4762.67789848769,119,2863.80648858704,1395.87354323192,383.997866668721,0,0.0249859433151645,388,24.147818063523,5,"shipped",0,"baseline","moderate_intensity"
2901,2901,0,0.256458672758591,1.21212187569887,0.460438575287039,0.0275594990361034,51,51,0,208,48,-312,4884.22909292451,75,3052.22676524228,1379.77915301555,377.223174666677,0,0.0153555450764273,391,23.9339384498389,6,"shipped",0,"baseline","moderate_intensity"
2692,2691,1,0.335510815403531,1.22621385316761,0.504536155575218,0.144403779960008,51,51,0,238,135,-225,4635.88399854009,262,2787.64200195505,1258.67469927723,327.567297307813,0,0.0565156505388202,309,27.6551050871637,7,"shipped",0,"baseline","moderate_intensity"
2848,2847,1,0.41811788926578,1.67437394323083,0.6729065065139,0.137172981177566,51,51,0,203,173,-187,4949.52523414515,316,2862.29940099683,1399.99258005229,371.233253096025,9.09494701772928e-13,0.0638445073115336,390,25.024014034868,8,"shipped",0,"baseline","moderate_intensity"
2610,2610,0,0.25779858616199,1.06360195182779,0.442691184100381,0.0639080752941009,51,51,0,201,321,-39,4347.10425704033,211,2657.44338607192,1157.21437848796,321.446492480452,0,0.0485380583311928,284,24.1472265872704,9,"shipped",0,"baseline","moderate_intensity"
2632,2632,0,0.270766932513898,1.09445386586206,0.392230205932842,0.143829789741188,51,51,0,191,178,-182,4060.27915252454,166,2466.94567480002,1143.61366007446,283.719817650055,-4.54747350886464e-13,0.0408838884628874,307,24.1024657453159,10,"shipped",0,"baseline","moderate_intensity"
2625,2625,0,0.22365857787206,0.970154577848593,0.353834818247024,0.0806832347264166,51,51,0,166,278,-82,4634.72815002641,152,2959.94051266201,1224.66098242245,298.126654941951,9.09494701772928e-13,0.032795882537174,268,24.1668057748431,11,"shipped",0,"baseline","moderate_intensity"
3053,3052,1,0.606727315438036,2.0055157613548,1.03203782685484,0.069094443439343,51,51,0,260,335,-25,5079.15131269361,133,3065.54748496002,1443.95677736207,436.647050371515,-9.09494701772928e-13,0.0261854770240083,501,23.7446116494773,12,"shipped",0,"baseline","moderate_intensity"
2758,2757,1,0.192666805912299,0.890725130037334,0.31504202986547,0.0607929775377448,51,51,0,191,359,-1,4547.65886121961,116,2836.4670975699,1286.27022913656,308.921534513153,0,0.0255076300883507,279,24.2290253217649,13,"shipped",0,"baseline","moderate_intensity"
2607,2607,0,0.251262315292347,1.01661722208671,0.379030486750862,0.113407182929214,51,51,0,177,192,-168,4798.63946700281,163,3132.64008138713,1195.28257469322,307.716810922463,0,0.0339679613608914,293,24.1855816090648,14,"shipped",0,"baseline","moderate_intensity"
2730,2729,1,0.272768410806681,1.13953656947348,0.427580921501947,0.0890526028421869,51,51,0,185,113,-247,5163.06871139791,152,3316.47630600487,1358.97771115229,335.614694240752,0,0.0294398561197621,320,25.8994727746794,15,"shipped",0,"baseline","moderate_intensity"
2850,2846,4,0.258346967267367,1.17278844987216,0.430938852047556,0.0471915832316052,51,51,0,193,256,-104,4808.46583235617,171,2812.67846588337,1445.44602696126,379.341339511534,9.09494701772928e-13,0.0355622782737357,351,23.6957519663545,16,"shipped",0,"baseline","moderate_intensity"
2480,2479,1,0.175165153373167,0.754329396735109,0.282013142683811,0.0666666666666667,51,51,0,161,206,-154,4828.418438263,102,3424.50930619051,1030.69319291267,271.215939159822,0,0.0211249296854011,242,23.9266133585987,17,"shipped",0,"baseline","moderate_intensity"
2920,2914,6,0.285857192619835,1.19412634201184,0.494546041665507,0.0576787240512196,51,51,0,220,358,-2,4566.49245781205,158,2693.7988831319,1354.30162096432,360.391953715827,0,0.0345998600588301,374,23.479334766921,18,"shipped",0,"baseline","moderate_intensity"
2734,2728,6,0.345091433604754,1.39982450315347,0.531827226109457,0.125594975748349,51,51,0,221,76,-284,4390.81167462756,127,2601.46699420594,1306.00669767366,356.337982747965,0,0.0289240371510064,381,24.2948078533434,19,"shipped",0,"baseline","moderate_intensity"
2799,2799,0,0.21702071025969,1,0.372249978331214,0.0438397581254724,51,51,0,178,112,-248,4722.95595592304,111,2911.13112088232,1364.2340239219,336.590811118822,9.09494701772928e-13,0.0235022306021709,310,24.0884043359151,20,"shipped",0,"baseline","moderate_intensity"
2796,2793,3,0.42743351993404,1.26247980929365,0.698554475812173,0.149032828665856,51,51,0,176,255,-105,5532.6806340349,383,3529.45428717623,1295.85369442263,324.372652436043,0,0.0692250330958799,296,29.0115040159589,21,"shipped",0,"baseline","moderate_intensity"
2685,2683,2,0.281752116212367,1.16042740782799,0.444768044829305,0.089181267203902,51,51,0,192,304,-56,5291.93496976864,176,3469.17282326672,1298.74048114886,348.021665353068,-9.09494701772928e-13,0.0332581562331055,318,24.9043908871418,22,"shipped",0,"baseline","moderate_intensity"
2820,2820,0,0.296584468705742,1.27321424253328,0.514290524099319,0.0376359618245616,51,51,0,228,165,-195,4316.49047346458,88,2531.1679924935,1343.07264766563,354.249833305448,0,0.020386932518669,380,23.8683097032559,23,"shipped",0,"baseline","moderate_intensity"
2759,2756,3,0.261569880621876,1.1224613282541,0.429291338106798,0.0772423382374573,51,51,0,213,269,-91,4193.65121028022,186,2344.16821790001,1334.35313677115,329.129855609051,0,0.0443527586519461,321,25.9774325196372,24,"shipped",0,"baseline","moderate_intensity"
2623,2622,1,0.257699678764846,1.0890004572931,0.412445031879909,0.0831087365327539,51,51,0,192,331,-29,5074.3517014161,161,3356.97543590451,1232.89216963926,323.484095872333,0,0.0317281910032112,300,24.0908372201601,25,"shipped",0,"baseline","moderate_intensity"
2872,2870,2,0.438253264751014,1.64458151956431,0.767818739211014,0.0555801008825504,51,51,0,255,349,-11,4636.20925871699,264,2626.43027485837,1359.66836242295,386.110621435669,0,0.0569430725120157,411,25.0992060817339,26,"shipped",0,"baseline","moderate_intensity"
2846,2843,3,0.277919309511743,1.17147270069263,0.450529150800031,0.0796071713725151,51,51,0,223,276,-84,4602.87720753781,172,2665.09655518387,1414.13759850103,351.643053852898,9.09494701772928e-13,0.0373679314578125,344,24.1589230145772,27,"shipped",0,"baseline","moderate_intensity"
2937,2936,1,0.363965449263922,1.47632480083765,0.59496821091728,0.0892082495345373,51,51,0,207,345,-15,5326.97787392236,160,3286.6490325746,1501.98696340749,378.341877940265,-9.09494701772928e-13,0.0300357921108069,396,25.8782571091799,28,"shipped",0,"baseline","moderate_intensity"
2921,2920,1,0.708154180098749,2,1.17453223389708,0.184834619732017,51,51,0,196,59,-301,5842.62817521855,673,3446.22707406103,1359.51721062818,363.883890529345,-9.09494701772928e-13,0.115187888021785,371,29.0174734760486,29,"shipped",0,"baseline","moderate_intensity"
2973,2972,1,0.491974161838719,1.56246900159407,0.758347925262084,0.176670610865139,51,51,0,221,334,-26,5611.81426796061,385,3275.39262850247,1554.03967708582,397.381962372314,0,0.0686052641118347,373,28.7237453581897,30,"shipped",0,"baseline","moderate_intensity"
5206,3279,1927,18.5027409397534,32.769454832451,21.8806560156483,14.2048531508809,51,51,0,216,323,-37,10748.2556895713,4247.85550004995,2712.19560106837,2639.73800193729,1148.46658651565,1.81898940354586e-12,0.395213476747815,129,253.965855552765,1,"shipped",0,"high","high_intensity"
5237,3338,1899,17.8446020563758,30.73964677009,21.0131637590575,13.9714467393828,51,51,0,215,283,-77,10743.3892796841,4211.13273681833,2696.74465642653,2699.15738132978,1136.35450510952,0,0.39197432273832,129,252.577530995008,2,"shipped",0,"high","high_intensity"
5383,3406,1977,21.3422301708579,37.8375851046807,23.7601182580449,18.5146871593449,51,51,0,220,43,-317,10732.7815347923,4066.66968077105,2810.79789875045,2747.7873436046,1107.52661166617,0,0.378901747658629,107,292.893960248913,3,"shipped",0,"high","high_intensity"
5434,3407,2027,19.4842683261666,33.4487630387876,22.4235922634224,16.0491322670948,51,51,0,223,212,-148,10760.156095707,4575.7276973828,2267.3942637336,2763.71857915969,1153.31555543088,0,0.425247334395864,125,266.764168515243,4,"shipped",0,"high","high_intensity"
5276,3331,1945,19.5394876329639,33.1812071859989,22.891126928106,15.4233607126423,51,51,0,209,107,-253,10756.3055511295,4451.27338535006,2493.97162851427,2699.54749009098,1111.51304717421,0,0.413829205965857,117,282.815522448959,5,"shipped",0,"high","high_intensity"
5185,3322,1863,18.249620838686,31.9361300111399,21.9073947804925,13.7303254435603,51,51,0,216,128,-232,10738.3274506546,4245.98418817534,2735.34749366806,2640.31364541802,1116.68212339322,-1.81898940354586e-12,0.395404610977521,120,278.772952751686,6,"shipped",0,"high","high_intensity"
5214,3427,1787,15.194348194605,26.6083391759799,19.0778840484251,10.7127819924594,51,51,0,219,183,-177,10754.9828596447,4566.43952126115,2451.8892444228,2638.06174170039,1098.59235226033,0,0.424588265816355,152,221.254747988331,7,"shipped",0,"high","high_intensity"
5353,3371,1982,17.6219308421173,31.3513142099243,21.0904481893466,13.473267747972,51,51,0,213,155,-205,10739.6649205444,4321.88819043538,2623.710613542,2649.52416439299,1144.54195217404,1.81898940354586e-12,0.4024230013143,132,247.026202430986,8,"shipped",0,"high","high_intensity"
5219,3298,1921,17.1611403623455,28.7539962976957,20.7055758993981,12.7099887576747,51,51,0,216,129,-231,10757.3905307533,4316.08186889369,2697.43985159019,2622.13082970764,1121.73798056179,1.81898940354586e-12,0.401220152466794,139,239.042169113658,9,"shipped",0,"high","high_intensity"
5404,3441,1963,18.5176575269575,32.6559567220066,21.8603342765325,14.6938852452005,51,51,0,210,246,-114,10735.3781321516,3635.60029484302,3264.23681702518,2675.5443367016,1159.99668358184,1.81898940354586e-12,0.338656007276975,126,254.988261436273,10,"shipped",0,"high","high_intensity"
5396,3364,2032,19.1965525483197,33.7132896296016,22.3528528070523,15.4040346981672,51,51,0,215,330,-30,10748.0731920467,4075.11731866828,2795.53747687563,2748.53686266351,1128.8815338393,-1.81898940354586e-12,0.37914863863076,114,285.985849591506,11,"shipped",0,"high","high_intensity"
5290,3376,1914,19.3634406177462,34.6049263900801,22.8604111978829,15.1943250429858,51,51,0,217,297,-63,10732.800520721,3811.06681943557,3054.70832524737,2764.60836669202,1102.417009346,0,0.355085964010777,123,270.665650073578,12,"shipped",0,"high","high_intensity"
5337,3448,1889,17.6020125376105,29.8630135924216,21.3761991752427,13.3033731662131,51,51,0,215,191,-169,10758.5864648893,3981.82508486643,2982.16424688026,2688.06372652251,1106.53340662006,1.81898940354586e-12,0.370106714098655,128,251.730479361577,13,"shipped",0,"high","high_intensity"
5350,3374,1976,19.8929398089279,35.8806700199374,23.0011662526722,16.1824692297897,51,51,0,213,86,-274,10763.0732108762,3775.11468145454,3113.50656415609,2743.39205449862,1131.05991076691,0,0.350746910988189,101,315.543664851014,14,"shipped",0,"high","high_intensity"
5314,3416,1898,17.3696603097336,31.0322033476332,21.2116598377418,12.9051595923773,51,51,0,222,295,-65,10716.0155053059,4431.9526213056,2490.35066332362,2627.99386953489,1165.71835114177,0,0.413582139659203,161,205.86186684247,15,"shipped",0,"high","high_intensity"
5352,3426,1926,17.3294256543087,29.0321210652738,21.1482289945318,12.9197885897493,51,51,0,217,127,-233,10735.8716254394,4055.26149756965,2831.89951858273,2691.12450255777,1157.58610672929,0,0.377730065993003,139,239.740775204876,16,"shipped",0,"high","high_intensity"
5233,3330,1903,18.1544645330048,31.9217348591001,21.5072068267878,14.0342270153437,51,51,0,209,331,-29,10753.8881200088,3967.8428219349,2932.296986119,2713.27036783456,1140.47794412031,1.81898940354586e-12,0.368968207373508,126,262.489375629439,17,"shipped",0,"high","high_intensity"
5299,3350,1949,22.1358082200582,36.5430941135796,24.7166180537231,19.0136411785401,51,51,0,219,51,-309,10762.820574702,3988,2972.67485747016,2680.28783623251,1121.8578809993,-1.81898940354586e-12,0.370534840037546,89,368.908452455575,18,"shipped",0,"high","high_intensity"
5418,3447,1971,18.7364797342194,32.2625025631708,22.5006574455184,14.4465788788842,51,51,0,214,43,-317,10741.2280319769,3821.58800094745,3002.04264140383,2775.06654773573,1142.53084188994,-1.81898940354586e-12,0.355786879262825,121,273.036067001769,19,"shipped",0,"high","high_intensity"
5276,3335,1941,17.3469108483065,31.585036484221,20.8332578856222,13.0767753176116,51,51,0,222,352,-8,10690.4699262338,4254.73201752063,2684.92069228356,2598.26687093885,1152.55034549075,1.81898940354586e-12,0.397992983178388,140,227.2587706958,20,"shipped",0,"high","high_intensity"
5132,3263,1869,20.7957406164685,35.15804240227,23.235429281593,17.6762783637849,51,51,0,208,57,-303,10753.3355304036,4282,2699.86647516434,2706.63714837007,1064.8319068692,0,0.39820202651477,109,304.969328148251,21,"shipped",0,"high","high_intensity"
5267,3296,1971,18.8842657672788,32.6241231247945,22.2080322130687,14.70451563408,51,51,0,220,120,-240,10731.8452907333,4403.26587767029,2495.64613931539,2669.40629902307,1163.52697472456,0,0.410299045353589,121,269.458771102686,22,"shipped",0,"high","high_intensity"
5351,3385,1966,18.233975091464,32.1556429650274,21.8842763856253,13.907342957132,51,51,0,223,64,-296,10769.6224584074,3950.03834624914,2900.57130116399,2757.74850396048,1161.26430703384,0,0.366775934950764,131,248.385993207015,23,"shipped",0,"high","high_intensity"
5327,3393,1934,18.5406035189387,31.2052436697661,21.4843746519993,15.0693358244627,51,51,0,220,240,-120,10759.8568880099,3910.25998906681,3020.12786677973,2725.12284494414,1104.34618721918,1.81898940354586e-12,0.363411895693907,116,289.609163235689,24,"shipped",0,"high","high_intensity"
5276,3390,1886,18.1063874758614,31.9042513437824,21.347919235741,14.2766240838801,51,51,0,212,261,-99,10750.5828470338,3925.37223329459,3017.53610590008,2679.31412250051,1128.36038533858,-1.81898940354586e-12,0.365131108624279,98,335.550690565855,25,"shipped",0,"high","high_intensity"
5106,3267,1839,16.7535260661277,26.9698174450956,20.52858615905,11.9100527393594,51,51,0,214,92,-268,10762.2609409083,4098.11178858553,2888.31288841564,2644.85856566233,1130.97769824478,0,0.380785395474686,126,262.731989327177,26,"shipped",0,"high","high_intensity"
5292,3422,1870,17.08574986003,28.630255490955,21.0491202346234,12.4976363620769,51,51,0,224,233,-127,10754.6552388722,4002.16254378888,2957.5166657234,2669.80073458504,1125.17529477487,0,0.372133039590451,135,249.662378582846,27,"shipped",0,"high","high_intensity"
5417,3461,1956,19.1121596027475,33.5563583977523,22.5157135155165,15.2666673049975,51,51,0,214,359,-1,10751.0828778579,4365.74173419394,2542.14024058673,2705.87264542303,1137.32825765422,-1.81898940354586e-12,0.406074605115851,114,291.242762807753,28,"shipped",0,"high","high_intensity"
5261,3377,1884,19.3743386339643,33.6980052455585,22.1480695852109,16.0696209010059,51,51,0,208,305,-55,10751.8336413804,3577.32405174237,3356.79567575406,2720.15351690405,1097.56039697987,1.81898940354586e-12,0.3327175783277,118,271.276561410257,29,"shipped",0,"high","high_intensity"
5130,3262,1868,19.6455614406952,33.9294812766379,22.3854798693719,16.1178684287384,51,51,0,210,360,0,10751.2630338329,4480.16857884982,2501.13617948984,2662.38570729841,1107.57256819483,0,0.4167109078023,123,269.216648477735,30,"shipped",0,"high","high_intensity"
3015,3012,3,0.352403818113104,1.50855770828101,0.592866694890819,0.0824550071850559,51,51,0,226,191,-169,5426.23039063559,194,3342.44267868319,1496.79776039543,392.989951556971,0,0.0357522600468271,410,25.0931813183692,1,"failure_probability",0,"reliability","moderate_intensity"
2666,2666,0,0.270334862259101,1.27476259385477,0.459922388522236,0.0435794354600306,51,51,0,176,143,-217,4230.95589087793,103,2541.25998804037,1264.52789246514,322.168010372411,9.09494701772928e-13,0.0243443804796148,370,23.7053992805774,2,"failure_probability",0,"reliability","moderate_intensity"
2742,2741,1,0.317624713760137,1.2512097211972,0.591404630258113,0.0484011923992463,51,51,0,199,129,-231,4813.05909763972,367,2948.51897469515,1203.74850148377,293.791621460809,9.09494701772928e-13,0.0762508817271688,275,25.3421236749901,3,"failure_probability",0,"reliability","moderate_intensity"
2869,2868,1,0.506450782135328,1.90979760198711,0.835501265961123,0.140569905421816,51,51,0,188,316,-44,5494.44864429902,580,3099.96644904349,1436.05204418433,378.430151071208,-9.09494701772928e-13,0.10556109221292,341,29.3741806483259,4,"failure_probability",0,"reliability","moderate_intensity"
2889,2888,1,0.277661494546489,1.20789784378115,0.479953675352632,0.0455894982759473,51,51,0,194,180,-180,4762.67789848769,119,2863.80648858704,1395.87354323192,383.997866668721,0,0.0249859433151645,388,24.147818063523,5,"failure_probability",0,"reliability","moderate_intensity"
2901,2901,0,0.256458672758591,1.21212187569887,0.460438575287039,0.0275594990361034,51,51,0,208,48,-312,4884.22909292451,75,3052.22676524228,1379.77915301555,377.223174666677,0,0.0153555450764273,391,23.9339384498389,6,"failure_probability",0,"reliability","moderate_intensity"
2692,2691,1,0.335510815403531,1.22621385316761,0.504536155575218,0.144403779960008,51,51,0,238,135,-225,4635.88399854009,262,2787.64200195505,1258.67469927723,327.567297307813,0,0.0565156505388202,309,27.6551050871637,7,"failure_probability",0,"reliability","moderate_intensity"
2848,2847,1,0.41811788926578,1.67437394323083,0.6729065065139,0.137172981177566,51,51,0,203,173,-187,4949.52523414515,316,2862.29940099683,1399.99258005229,371.233253096025,9.09494701772928e-13,0.0638445073115336,390,25.024014034868,8,"failure_probability",0,"reliability","moderate_intensity"
2610,2610,0,0.25779858616199,1.06360195182779,0.442691184100381,0.0639080752941009,51,51,0,201,321,-39,4347.10425704033,211,2657.44338607192,1157.21437848796,321.446492480452,0,0.0485380583311928,284,24.1472265872704,9,"failure_probability",0,"reliability","moderate_intensity"
2632,2632,0,0.270766932513898,1.09445386586206,0.392230205932842,0.143829789741188,51,51,0,191,178,-182,4060.27915252454,166,2466.94567480002,1143.61366007446,283.719817650055,-4.54747350886464e-13,0.0408838884628874,307,24.1024657453159,10,"failure_probability",0,"reliability","moderate_intensity"
2625,2625,0,0.22365857787206,0.970154577848593,0.353834818247024,0.0806832347264166,51,51,0,166,278,-82,4634.72815002641,152,2959.94051266201,1224.66098242245,298.126654941951,9.09494701772928e-13,0.032795882537174,268,24.1668057748431,11,"failure_probability",0,"reliability","moderate_intensity"
3053,3052,1,0.606727315438036,2.0055157613548,1.03203782685484,0.069094443439343,51,51,0,260,335,-25,5079.15131269361,133,3065.54748496002,1443.95677736207,436.647050371515,-9.09494701772928e-13,0.0261854770240083,501,23.7446116494773,12,"failure_probability",0,"reliability","moderate_intensity"
2758,2757,1,0.192666805912299,0.890725130037334,0.31504202986547,0.0607929775377448,51,51,0,191,359,-1,4547.65886121961,116,2836.4670975699,1286.27022913656,308.921534513153,0,0.0255076300883507,279,24.2290253217649,13,"failure_probability",0,"reliability","moderate_intensity"
2607,2607,0,0.251262315292347,1.01661722208671,0.379030486750862,0.113407182929214,51,51,0,177,192,-168,4798.63946700281,163,3132.64008138713,1195.28257469322,307.716810922463,0,0.0339679613608914,293,24.1855816090648,14,"failure_probability",0,"reliability","moderate_intensity"
2730,2729,1,0.272768410806681,1.13953656947348,0.427580921501947,0.0890526028421869,51,51,0,185,113,-247,5163.06871139791,152,3316.47630600487,1358.97771115229,335.614694240752,0,0.0294398561197621,320,25.8994727746794,15,"failure_probability",0,"reliability","moderate_intensity"
2850,2846,4,0.258346967267367,1.17278844987216,0.430938852047556,0.0471915832316052,51,51,0,193,256,-104,4808.46583235617,171,2812.67846588337,1445.44602696126,379.341339511534,9.09494701772928e-13,0.0355622782737357,351,23.6957519663545,16,"failure_probability",0,"reliability","moderate_intensity"
2480,2479,1,0.175165153373167,0.754329396735109,0.282013142683811,0.0666666666666667,51,51,0,161,206,-154,4828.418438263,102,3424.50930619051,1030.69319291267,271.215939159822,0,0.0211249296854011,242,23.9266133585987,17,"failure_probability",0,"reliability","moderate_intensity"
2920,2914,6,0.285857192619835,1.19412634201184,0.494546041665507,0.0576787240512196,51,51,0,220,358,-2,4566.49245781205,158,2693.7988831319,1354.30162096432,360.391953715827,0,0.0345998600588301,374,23.479334766921,18,"failure_probability",0,"reliability","moderate_intensity"
2734,2728,6,0.345091433604754,1.39982450315347,0.531827226109457,0.125594975748349,51,51,0,221,76,-284,4390.81167462756,127,2601.46699420594,1306.00669767366,356.337982747965,0,0.0289240371510064,381,24.2948078533434,19,"failure_probability",0,"reliability","moderate_intensity"
2799,2799,0,0.21702071025969,1,0.372249978331214,0.0438397581254724,51,51,0,178,112,-248,4722.95595592304,111,2911.13112088232,1364.2340239219,336.590811118822,9.09494701772928e-13,0.0235022306021709,310,24.0884043359151,20,"failure_probability",0,"reliability","moderate_intensity"
2796,2793,3,0.42743351993404,1.26247980929365,0.698554475812173,0.149032828665856,51,51,0,176,255,-105,5532.6806340349,383,3529.45428717623,1295.85369442263,324.372652436043,0,0.0692250330958799,296,29.0115040159589,21,"failure_probability",0,"reliability","moderate_intensity"
2685,2683,2,0.281752116212367,1.16042740782799,0.444768044829305,0.089181267203902,51,51,0,192,304,-56,5291.93496976864,176,3469.17282326672,1298.74048114886,348.021665353068,-9.09494701772928e-13,0.0332581562331055,318,24.9043908871418,22,"failure_probability",0,"reliability","moderate_intensity"
2820,2820,0,0.296584468705742,1.27321424253328,0.514290524099319,0.0376359618245616,51,51,0,228,165,-195,4316.49047346458,88,2531.1679924935,1343.07264766563,354.249833305448,0,0.020386932518669,380,23.8683097032559,23,"failure_probability",0,"reliability","moderate_intensity"
2759,2756,3,0.261569880621876,1.1224613282541,0.429291338106798,0.0772423382374573,51,51,0,213,269,-91,4193.65121028022,186,2344.16821790001,1334.35313677115,329.129855609051,0,0.0443527586519461,321,25.9774325196372,24,"failure_probability",0,"reliability","moderate_intensity"
2623,2622,1,0.257699678764846,1.0890004572931,0.412445031879909,0.0831087365327539,51,51,0,192,331,-29,5074.3517014161,161,3356.97543590451,1232.89216963926,323.484095872333,0,0.0317281910032112,300,24.0908372201601,25,"failure_probability",0,"reliability","moderate_intensity"
2872,2870,2,0.438253264751014,1.64458151956431,0.767818739211014,0.0555801008825504,51,51,0,255,349,-11,4636.20925871699,264,2626.43027485837,1359.66836242295,386.110621435669,0,0.0569430725120157,411,25.0992060817339,26,"failure_probability",0,"reliability","moderate_intensity"
2846,2843,3,0.277919309511743,1.17147270069263,0.450529150800031,0.0796071713725151,51,51,0,223,276,-84,4602.87720753781,172,2665.09655518387,1414.13759850103,351.643053852898,9.09494701772928e-13,0.0373679314578125,344,24.1589230145772,27,"failure_probability",0,"reliability","moderate_intensity"
2937,2936,1,0.363965449263922,1.47632480083765,0.59496821091728,0.0892082495345373,51,51,0,207,345,-15,5326.97787392236,160,3286.6490325746,1501.98696340749,378.341877940265,-9.09494701772928e-13,0.0300357921108069,396,25.8782571091799,28,"failure_probability",0,"reliability","moderate_intensity"
2921,2920,1,0.708154180098749,2,1.17453223389708,0.184834619732017,51,51,0,196,59,-301,5842.62817521855,673,3446.22707406103,1359.51721062818,363.883890529345,-9.09494701772928e-13,0.115187888021785,371,29.0174734760486,29,"failure_probability",0,"reliability","moderate_intensity"
2973,2972,1,0.491974161838719,1.56246900159407,0.758347925262084,0.176670610865139,51,51,0,221,334,-26,5611.81426796061,385,3275.39262850247,1554.03967708582,397.381962372314,0,0.0686052641118347,373,28.7237453581897,30,"failure_probability",0,"reliability","moderate_intensity"
3015,3012,3,0.352403818113104,1.50855770828101,0.592866694890819,0.0824550071850559,51,51,0,226,191,-169,5426.23039063559,194,3342.44267868319,1496.79776039543,392.989951556971,0,0.0357522600468271,410,25.0931813183692,1,"failure_probability",0.05,"reliability","moderate_intensity"
2731,2730,1,0.225342728386543,1.02473270577904,0.388287779062578,0.0415691599311868,51,49,0.0392156862745098,190,204,-156,4102.77158645827,140,2358.80449270462,1290.01758698323,313.94950677041,-9.09494701772928e-13,0.034123274242731,310,23.5767794367527,2,"failure_probability",0.05,"reliability","moderate_intensity"
2742,2741,1,0.317624713760137,1.2512097211972,0.591404630258113,0.0484011923992463,51,50,0.0196078431372549,199,129,-231,4813.05909763972,367,2948.51897469515,1203.74850148377,293.791621460809,9.09494701772928e-13,0.0762508817271688,275,25.3421236749901,3,"failure_probability",0.05,"reliability","moderate_intensity"
2616,2615,1,0.558811653465883,1.96937420942673,0.887331673409989,0.19896640726108,51,48,0.0588235294117647,178,57,-303,5057.05208450594,659,2809.7858194425,1277.24667603523,311.019589028203,9.09494701772928e-13,0.130313073503648,255,34.2060157009133,4,"failure_probability",0.05,"reliability","moderate_intensity"
2889,2888,1,0.277661494546489,1.20789784378115,0.479953675352632,0.0455894982759473,51,51,0,194,180,-180,4762.67789848769,119,2863.80648858704,1395.87354323192,383.997866668721,0,0.0249859433151645,388,24.147818063523,5,"failure_probability",0.05,"reliability","moderate_intensity"
2976,2933,43,5.194462968539,14.3294551803388,7.47737358544955,2.37777203221373,51,45,0.117647058823529,187,80,-280,9739.76984952561,3739.88918959562,3503.24511491647,1984.09939699657,512.536148016947,0,0.383981269308717,437,67.2988690412214,6,"failure_probability",0.05,"reliability","moderate_intensity"
2692,2691,1,0.335510815403531,1.22621385316761,0.504536155575218,0.144403779960008,51,49,0.0392156862745098,238,135,-225,4635.88399854009,262,2787.64200195505,1258.67469927723,327.567297307813,0,0.0565156505388202,309,27.6551050871637,7,"failure_probability",0.05,"reliability","moderate_intensity"
2848,2847,1,0.41811788926578,1.67437394323083,0.6729065065139,0.137172981177566,51,51,0,203,173,-187,4949.52523414515,316,2862.29940099683,1399.99258005229,371.233253096025,9.09494701772928e-13,0.0638445073115336,390,25.024014034868,8,"failure_probability",0.05,"reliability","moderate_intensity"
2610,2610,0,0.25779858616199,1.06360195182779,0.442691184100381,0.0639080752941009,51,50,0.0196078431372549,201,321,-39,4347.10425704033,211,2657.44338607192,1157.21437848796,321.446492480452,0,0.0485380583311928,284,24.1472265872704,9,"failure_probability",0.05,"reliability","moderate_intensity"
2632,2632,0,0.270766932513898,1.09445386586206,0.392230205932842,0.143829789741188,51,47,0.0784313725490196,191,178,-182,4060.27915252454,166,2466.94567480002,1143.61366007446,283.719817650055,-4.54747350886464e-13,0.0408838884628874,307,24.1024657453159,10,"failure_probability",0.05,"reliability","moderate_intensity"
2759,2755,4,0.285417116145345,1.15311961224445,0.470932308071279,0.0875156885994488,51,44,0.137254901960784,184,360,0,4520.07259771431,207,2717.3665687392,1249.3847250914,346.321303883704,-9.09494701772928e-13,0.0457957246316519,308,24.5055897109316,11,"failure_probability",0.05,"reliability","moderate_intensity"
3053,3052,1,0.606727315438036,2.0055157613548,1.03203782685484,0.069094443439343,51,49,0.0392156862745098,260,335,-25,5079.15131269361,133,3065.54748496002,1443.95677736207,436.647050371515,-9.09494701772928e-13,0.0261854770240083,501,23.7446116494773,12,"failure_probability",0.05,"reliability","moderate_intensity"
2758,2757,1,0.192666805912299,0.890725130037334,0.31504202986547,0.0607929775377448,51,47,0.0784313725490196,191,359,-1,4547.65886121961,116,2836.4670975699,1286.27022913656,308.921534513153,0,0.0255076300883507,279,24.2290253217649,13,"failure_probability",0.05,"reliability","moderate_intensity"
2607,2607,0,0.251262315292347,1.01661722208671,0.379030486750862,0.113407182929214,51,50,0.0196078431372549,177,192,-168,4798.63946700281,163,3132.64008138713,1195.28257469322,307.716810922463,0,0.0339679613608914,293,24.1855816090648,14,"failure_probability",0.05,"reliability","moderate_intensity"
2730,2729,1,0.272768410806681,1.13953656947348,0.427580921501947,0.0890526028421869,51,49,0.0392156862745098,185,113,-247,5163.06871139791,152,3316.47630600487,1358.97771115229,335.614694240752,0,0.0294398561197621,320,25.8994727746794,15,"failure_probability",0.05,"reliability","moderate_intensity"
2850,2846,4,0.258346967267367,1.17278844987216,0.430938852047556,0.0471915832316052,51,49,0.0392156862745098,193,256,-104,4808.46583235617,171,2812.67846588337,1445.44602696126,379.341339511534,9.09494701772928e-13,0.0355622782737357,351,23.6957519663545,16,"failure_probability",0.05,"reliability","moderate_intensity"
2513,2513,0,0.318777225882234,1.17647019997577,0.496371601342381,0.129955619789549,51,49,0.0392156862745098,197,167,-193,4532.96457821443,125,2935.71247156004,1162.11925798524,310.132848669155,0,0.0275757725089567,301,26.5383203669312,17,"failure_probability",0.05,"reliability","moderate_intensity"
2920,2914,6,0.285857192619835,1.19412634201184,0.494546041665507,0.0576787240512196,51,48,0.0588235294117647,220,358,-2,4566.49245781205,158,2693.7988831319,1354.30162096432,360.391953715827,0,0.0345998600588301,374,23.479334766921,18,"failure_probability",0.05,"reliability","moderate_intensity"
2744,2743,1,0.418894904581029,1.56138923318533,0.638439581662173,0.166117190106427,51,48,0.0588235294117647,209,72,-288,4807.75771256525,346,2775.50997939002,1330.33537002134,355.912363153886,-9.09494701772928e-13,0.071967020945277,356,25.5463575217161,19,"failure_probability",0.05,"reliability","moderate_intensity"
2799,2799,0,0.21702071025969,1,0.372249978331214,0.0438397581254724,51,48,0.0588235294117647,178,112,-248,4722.95595592304,111,2911.13112088232,1364.2340239219,336.590811118822,9.09494701772928e-13,0.0235022306021709,310,24.0884043359151,20,"failure_probability",0.05,"reliability","moderate_intensity"
2823,2823,0,7.74053106006185,16.0651209882182,11.9186496514003,2.49032928101785,51,47,0.0784313725490196,204,229,-131,8713.80157677198,3991.16542071436,2463.75000317152,1798.18509579617,460.701057089932,0,0.458028035817736,380,67.5271743249191,21,"failure_probability",0.05,"reliability","moderate_intensity"
2685,2683,2,0.281752116212367,1.16042740782799,0.444768044829305,0.089181267203902,51,49,0.0392156862745098,192,304,-56,5291.93496976864,176,3469.17282326672,1298.74048114886,348.021665353068,-9.09494701772928e-13,0.0332581562331055,318,24.9043908871418,22,"failure_probability",0.05,"reliability","moderate_intensity"
2855,2855,0,0.511179674598578,1.93797221553311,0.808419246837143,0.143357351272016,51,47,0.0784313725490196,228,177,-183,4925.99542871285,440,2674.07327643861,1448.50622583193,363.415926442313,0,0.0893220479733516,383,27.0197817958547,23,"failure_probability",0.05,"reliability","moderate_intensity"
2759,2756,3,0.261569880621876,1.1224613282541,0.429291338106798,0.0772423382374573,51,51,0,213,269,-91,4193.65121028022,186,2344.16821790001,1334.35313677115,329.129855609051,0,0.0443527586519461,321,25.9774325196372,24,"failure_probability",0.05,"reliability","moderate_intensity"
2623,2622,1,0.257699678764846,1.0890004572931,0.412445031879909,0.0831087365327539,51,48,0.0588235294117647,192,331,-29,5074.3517014161,161,3356.97543590451,1232.89216963926,323.484095872333,0,0.0317281910032112,300,24.0908372201601,25,"failure_probability",0.05,"reliability","moderate_intensity"
2872,2870,2,0.438253264751014,1.64458151956431,0.767818739211014,0.0555801008825504,51,49,0.0392156862745098,255,349,-11,4636.20925871699,264,2626.43027485837,1359.66836242295,386.110621435669,0,0.0569430725120157,411,25.0992060817339,26,"failure_probability",0.05,"reliability","moderate_intensity"
2846,2843,3,0.277919309511743,1.17147270069263,0.450529150800031,0.0796071713725151,51,48,0.0588235294117647,223,276,-84,4602.87720753781,172,2665.09655518387,1414.13759850103,351.643053852898,9.09494701772928e-13,0.0373679314578125,344,24.1589230145772,27,"failure_probability",0.05,"reliability","moderate_intensity"
2639,2638,1,0.396918897879756,1.43250688253063,0.633244745767405,0.145047731885167,51,48,0.0588235294117647,182,41,-319,4698.42819713725,377,2764.5298452737,1250.31879772296,306.579554140588,-9.09494701772928e-13,0.0802396001772904,304,26.9423409811756,28,"failure_probability",0.05,"reliability","moderate_intensity"
3255,3222,33,2.78218110690077,6,4.23296553110622,1.10416538733784,51,48,0.0588235294117647,204,268,-92,7860.30661777129,2276.07581217049,3293.58309689662,1761.94153515518,528.706173549001,9.09494701772928e-13,0.289565779409232,541,38.2344680150467,29,"failure_probability",0.05,"reliability","moderate_intensity"
2618,2617,1,0.53840342993843,1.53410344458828,0.88112153553462,0.194373233585747,51,45,0.117647058823529,174,216,-144,5017.02970856421,453,3054.67846426638,1191.33534866069,318.015895637135,9.09494701772928e-13,0.0902924691130922,285,30.0797622803506,30,"failure_probability",0.05,"reliability","moderate_intensity"
2800,2800,0,0.372118905242022,1.45587184358722,0.632621697756112,0.0958977691030938,51,44,0.137254901960784,212,242,-118,5116.21988271001,329,3157.30478612093,1298.31592746744,331.59916912164,9.09494701772928e-13,0.0643052893625306,330,26.1572846163723,1,"failure_probability",0.1,"reliability","moderate_intensity"
2442,2441,1,1.6653258310718,5.34443496576117,1.96043178129908,1.35356267893615,51,44,0.137254901960784,171,94,-266,6121.42837188203,1427,3267.31178378511,1151.38336828571,275.73321981122,9.09494701772928e-13,0.233115526852317,221,45.0388776190558,2,"failure_probability",0.1,"reliability","moderate_intensity"
2742,2741,1,0.317624713760137,1.2512097211972,0.591404630258113,0.0484011923992463,51,47,0.0784313725490196,199,129,-231,4813.05909763972,367,2948.51897469515,1203.74850148377,293.791621460809,9.09494701772928e-13,0.0762508817271688,275,25.3421236749901,3,"failure_probability",0.1,"reliability","moderate_intensity"
2733,2732,1,1.01582044066857,4,1.47990333905246,0.484711440791239,51,43,0.156862745098039,184,340,-20,6202.39687934968,1203,3244.29087774053,1397.25077752796,357.855224081189,9.09494701772928e-13,0.193957275453507,303,35.8060565991983,4,"failure_probability",0.1,"reliability","moderate_intensity"
2889,2888,1,0.277661494546489,1.20789784378115,0.479953675352632,0.0455894982759473,51,48,0.0588235294117647,194,180,-180,4762.67789848769,119,2863.80648858704,1395.87354323192,383.997866668721,0,0.0249859433151645,388,24.147818063523,5,"failure_probability",0.1,"reliability","moderate_intensity"
2670,2670,0,5.99346362811023,14.1212643082587,8.57175762969861,2.93371914956676,51,42,0.176470588235294,191,80,-280,9419.07899036982,4299,2951.50675257317,1735.25769180151,433.314545995137,-1.81898940354586e-12,0.456414051139751,356,77.1307699530565,6,"failure_probability",0.1,"reliability","moderate_intensity"
2692,2691,1,0.335510815403531,1.22621385316761,0.504536155575218,0.144403779960008,51,47,0.0784313725490196,238,135,-225,4635.88399854009,262,2787.64200195505,1258.67469927723,327.567297307813,0,0.0565156505388202,309,27.6551050871637,7,"failure_probability",0.1,"reliability","moderate_intensity"
2678,2678,0,0.352603536409872,1.2825228449057,0.568754388832917,0.124167612497344,51,44,0.137254901960784,175,177,-183,5316.57308452122,416,3354.76170536194,1236.76882570798,309.042553451296,0,0.0782458913639598,277,25.3202702434121,8,"failure_probability",0.1,"reliability","moderate_intensity"
2599,2599,0,0.266604761328915,1.0747510378268,0.441825785237837,0.0670114303906869,51,47,0.0784313725490196,163,352,-8,4192.68878642671,220,2462.55889977869,1199.6995173004,310.430369347629,0,0.0524722943215393,278,25.5393416201644,9,"failure_probability",0.1,"reliability","moderate_intensity"
2632,2632,0,0.270766932513898,1.09445386586206,0.392230205932842,0.143829789741188,51,44,0.137254901960784,191,178,-182,4060.27915252454,166,2466.94567480002,1143.61366007446,283.719817650055,-4.54747350886464e-13,0.0408838884628874,307,24.1024657453159,10,"failure_probability",0.1,"reliability","moderate_intensity"
2759,2755,4,0.285417116145345,1.15311961224445,0.470932308071279,0.0875156885994488,51,43,0.156862745098039,184,360,0,4520.07259771431,207,2717.3665687392,1249.3847250914,346.321303883704,-9.09494701772928e-13,0.0457957246316519,308,24.5055897109316,11,"failure_probability",0.1,"reliability","moderate_intensity"
3053,3052,1,0.606727315438036,2.0055157613548,1.03203782685484,0.069094443439343,51,48,0.0588235294117647,260,335,-25,5079.15131269361,133,3065.54748496002,1443.95677736207,436.647050371515,-9.09494701772928e-13,0.0261854770240083,501,23.7446116494773,12,"failure_probability",0.1,"reliability","moderate_intensity"
2758,2757,1,0.192666805912299,0.890725130037334,0.31504202986547,0.0607929775377448,51,45,0.117647058823529,191,359,-1,4547.65886121961,116,2836.4670975699,1286.27022913656,308.921534513153,0,0.0255076300883507,279,24.2290253217649,13,"failure_probability",0.1,"reliability","moderate_intensity"
2793,2745,48,3.70978150227971,9.76494819864663,5.32800983807229,1.61703508305923,51,43,0.156862745098039,189,184,-176,8355.70209556185,3035.42302340816,3195.17418768199,1661.75187241919,463.353012052509,0,0.363275639640196,394,55.9724987945497,14,"failure_probability",0.1,"reliability","moderate_intensity"
2922,2922,0,2.29836124998562,6,3.71172716973421,0.6366302095664,51,47,0.0784313725490196,195,79,-281,7522.12657791927,2467,3040.02883288261,1585.22661716338,429.871127873281,-9.09494701772928e-13,0.327965765325157,446,43.7918637602155,15,"failure_probability",0.1,"reliability","moderate_intensity"
2655,2652,3,0.206283460727912,0.933140509881846,0.352902196565743,0.0464933018124507,51,45,0.117647058823529,163,278,-82,4489.00812125286,180,2765.04589080305,1227.72062409391,316.2416063559,-9.09494701772928e-13,0.0400979448328026,264,23.8325947148662,16,"failure_probability",0.1,"reliability","moderate_intensity"
2513,2513,0,0.318777225882234,1.17647019997577,0.496371601342381,0.129955619789549,51,46,0.0980392156862745,197,167,-193,4532.96457821443,125,2935.71247156004,1162.11925798524,310.132848669155,0,0.0275757725089567,301,26.5383203669312,17,"failure_probability",0.1,"reliability","moderate_intensity"
2741,2738,3,1.74040485475136,5.82362327915979,2.36855831373627,1.08888259148874,51,43,0.156862745098039,185,46,-314,6864.1123458335,2080,3070.25550532343,1381.42513154234,332.431708967726,0,0.303025343293304,277,43.1106389441822,18,"failure_probability",0.1,"reliability","moderate_intensity"
2744,2743,1,0.418894904581029,1.56138923318533,0.638439581662173,0.166117190106427,51,47,0.0784313725490196,209,72,-288,4807.75771256525,346,2775.50997939002,1330.33537002134,355.912363153886,-9.09494701772928e-13,0.071967020945277,356,25.5463575217161,19,"failure_probability",0.1,"reliability","moderate_intensity"
2799,2799,0,0.21702071025969,1,0.372249978331214,0.0438397581254724,51,45,0.117647058823529,178,112,-248,4722.95595592304,111,2911.13112088232,1364.2340239219,336.590811118822,9.09494701772928e-13,0.0235022306021709,310,24.0884043359151,20,"failure_probability",0.1,"reliability","moderate_intensity"
2680,2646,34,15.1797175498103,39.8547233301683,22.365094538466,5.04951392645971,51,43,0.156862745098039,174,134,-226,10340.5077083081,5151.41900879019,2871.20386884559,1821.86509879912,496.01973187323,-1.81898940354586e-12,0.498178537660318,324,105.123207050246,21,"failure_probability",0.1,"reliability","moderate_intensity"
2685,2683,2,0.281752116212367,1.16042740782799,0.444768044829305,0.089181267203902,51,47,0.0784313725490196,192,304,-56,5291.93496976864,176,3469.17282326672,1298.74048114886,348.021665353068,-9.09494701772928e-13,0.0332581562331055,318,24.9043908871418,22,"failure_probability",0.1,"reliability","moderate_intensity"
2573,2573,0,0.261732251239015,1,0.451907739986168,0.0511530040759099,51,42,0.176470588235294,175,108,-252,4110.60204404018,151,2575.04139423368,1069.92313176064,314.63751804586,0,0.03673427842983,273,24.9827602257931,23,"failure_probability",0.1,"reliability","moderate_intensity"
2695,2695,0,0.330568378913406,1.1643124586646,0.548216919162003,0.0952726597257332,51,47,0.0784313725490196,187,165,-195,4557.44118697622,393,2600.36663399333,1236.09496401521,327.979588967679,0,0.0862325993636681,258,26.5108761655717,24,"failure_probability",0.1,"reliability","moderate_intensity"
2623,2622,1,0.257699678764846,1.0890004572931,0.412445031879909,0.0831087365327539,51,47,0.0784313725490196,192,331,-29,5074.3517014161,161,3356.97543590451,1232.89216963926,323.484095872333,0,0.0317281910032112,300,24.0908372201601,25,"failure_probability",0.1,"reliability","moderate_intensity"
2663,2662,1,0.554819345452867,1.84277535073117,0.873151952873065,0.211636417390968,51,45,0.117647058823529,175,71,-289,4861.54018251117,677,2606.30350493095,1248.38524442224,329.851433157973,0,0.139256279817542,300,28.4125678378962,26,"failure_probability",0.1,"reliability","moderate_intensity"
2777,2775,2,0.269176220508371,1.19537924770592,0.433836189442118,0.0812656541094425,51,46,0.0980392156862745,182,325,-35,3922.34004174221,181,2074.34594878039,1330.06432452931,336.929768432513,0,0.046145922605834,342,23.9022999611593,27,"failure_probability",0.1,"reliability","moderate_intensity"
2688,2688,0,0.691079106160715,2.2752060483233,1.04628991027777,0.293881209358431,51,47,0.0784313725490196,181,106,-254,5260.56215886862,857,2792.73254169877,1265.38619333739,345.443423832456,-9.09494701772928e-13,0.162910345723263,315,29.7369640856937,28,"failure_probability",0.1,"reliability","moderate_intensity"
2861,2861,0,4.46343240737636,11,6.98062683636929,1.63415819394258,51,45,0.117647058823529,195,242,-118,8046.22181020248,2873,3148.08724891217,1591.32298656623,433.811574724081,0,0.357061993538021,382,56.0053566000865,29,"failure_probability",0.1,"reliability","moderate_intensity"
2618,2617,1,0.53840342993843,1.53410344458828,0.88112153553462,0.194373233585747,51,40,0.215686274509804,174,216,-144,5017.02970856421,453,3054.67846426638,1191.33534866069,318.015895637135,9.09494701772928e-13,0.0902924691130922,285,30.0797622803506,30,"failure_probability",0.1,"reliability","moderate_intensity"
2838,2831,7,1.26601936766446,4.10781720906097,1.77991890949386,0.68768947787297,51,42,0.176470588235294,218,242,-118,6588.30894450057,1328,3402.71521799491,1483.52361563102,374.070110874642,0,0.201569175214304,335,39.0382340146075,1,"failure_probability",0.15,"reliability","moderate_intensity"
2714,2713,1,1.9409474052211,6,2.31149171808977,1.52055015962188,51,43,0.156862745098039,184,303,-57,6763.10024068302,2045,2932.21967784701,1467.126692858,318.753869978009,0,0.302376118528959,283,47.3402535377694,2,"failure_probability",0.15,"reliability","moderate_intensity"
2742,2741,1,0.317624713760137,1.2512097211972,0.591404630258113,0.0484011923992463,51,46,0.0980392156862745,199,129,-231,4813.05909763972,367,2948.51897469515,1203.74850148377,293.791621460809,9.09494701772928e-13,0.0762508817271688,275,25.3421236749901,3,"failure_probability",0.15,"reliability","moderate_intensity"
2733,2732,1,1.01582044066857,4,1.47990333905246,0.484711440791239,51,43,0.156862745098039,184,340,-20,6202.39687934968,1203,3244.29087774053,1397.25077752796,357.855224081189,9.09494701772928e-13,0.193957275453507,303,35.8060565991983,4,"failure_probability",0.15,"reliability","moderate_intensity"
2889,2888,1,0.277661494546489,1.20789784378115,0.479953675352632,0.0455894982759473,51,48,0.0588235294117647,194,180,-180,4762.67789848769,119,2863.80648858704,1395.87354323192,383.997866668721,0,0.0249859433151645,388,24.147818063523,5,"failure_probability",0.15,"reliability","moderate_intensity"
2730,2729,1,0.955707500757479,3,1.20706945025778,0.688576056314979,51,40,0.215686274509804,216,335,-25,5059.52922925695,1155,2290.37353123178,1270.32207295965,343.833625065524,-9.09494701772928e-13,0.22828210840668,334,28.9262596229678,6,"failure_probability",0.15,"reliability","moderate_intensity"
2764,2764,0,0.97170886362107,3.94985958281854,1.47917478680406,0.440954348848633,51,45,0.117647058823529,187,93,-267,5834.34399273246,1484,2699.71506735218,1318.67130162846,331.957623751825,-9.09494701772928e-13,0.254355931334961,266,35.8444998316965,7,"failure_probability",0.15,"reliability","moderate_intensity"
2686,2686,0,0.343672632994865,1.27455861991165,0.554603786615751,0.120124431841441,51,42,0.176470588235294,185,266,-94,5069.16130651844,382,3108.84423296814,1256.68122310466,321.63585044564,9.09494701772928e-13,0.0753576335218975,279,25.6188187457583,8,"failure_probability",0.15,"reliability","moderate_intensity"
2773,2773,0,0.959985819248349,3,1.45439800893659,0.399778776624669,51,44,0.137254901960784,185,222,-138,5734.82214090561,965,2968.22383518323,1442.02697443845,359.571331283932,0,0.168270257784771,375,34.1064130263175,9,"failure_probability",0.15,"reliability","moderate_intensity"
2632,2632,0,0.270766932513898,1.09445386586206,0.392230205932842,0.143829789741188,51,43,0.156862745098039,191,178,-182,4060.27915252454,166,2466.94567480002,1143.61366007446,283.719817650055,-4.54747350886464e-13,0.0408838884628874,307,24.1024657453159,10,"failure_probability",0.15,"reliability","moderate_intensity"
2845,2836,9,12.9286258497953,35.0117461042065,20.7107567316137,3.19478595317163,51,45,0.117647058823529,194,337,-23,9929.27904651221,5350.0773635628,2307.19570927781,1805.2609204227,466.745053248902,0,0.53881831082611,446,69.1454902268207,11,"failure_probability",0.15,"reliability","moderate_intensity"
2785,2785,0,0.651585482980789,2.26787035835824,0.864416225328691,0.417070098959706,51,45,0.117647058823529,202,261,-99,5124.16029680059,698,2777.29321503491,1302.5597795943,346.30730217137,9.09494701772928e-13,0.136217440433278,354,24.835304637396,12,"failure_probability",0.15,"reliability","moderate_intensity"
2758,2757,1,0.192666805912299,0.890725130037334,0.31504202986547,0.0607929775377448,51,41,0.196078431372549,191,359,-1,4547.65886121961,116,2836.4670975699,1286.27022913656,308.921534513153,0,0.0255076300883507,279,24.2290253217649,13,"failure_probability",0.15,"reliability","moderate_intensity"
2867,2865,2,2.93669724463828,8.76800616351785,4.2306399310598,1.55206637860485,51,43,0.156862745098039,181,57,-303,7366.3016359177,2173,3267.49425660478,1521.47782933133,404.329549981589,9.09494701772928e-13,0.294991992916034,336,50.5814611086199,14,"failure_probability",0.15,"reliability","moderate_intensity"
2827,2808,19,6.30281178603719,16.0429384892972,9.15186193286289,2.61580571367451,51,44,0.137254901960784,191,85,-275,9496.83656807856,4661.52733629163,2542.70295809105,1815.65472681055,476.951546885337,-1.81898940354586e-12,0.49085053774225,463,64.3274903137362,15,"failure_probability",0.15,"reliability","moderate_intensity"
3021,2995,26,5.30108648498576,13,8.06447582807968,2.22783895744053,51,44,0.137254901960784,198,297,-63,8851.6205421671,3932,2601.88118637303,1842.49687481018,475.24248098388,0,0.444212444633031,375,67.1466766561953,16,"failure_probability",0.15,"reliability","moderate_intensity"
2513,2513,0,0.318777225882234,1.17647019997577,0.496371601342381,0.129955619789549,51,46,0.0980392156862745,197,167,-193,4532.96457821443,125,2935.71247156004,1162.11925798524,310.132848669155,0,0.0275757725089567,301,26.5383203669312,17,"failure_probability",0.15,"reliability","moderate_intensity"
2885,2884,1,0.647553780908559,2.16715151876084,1.06316611169334,0.174636858925877,51,45,0.117647058823529,222,275,-85,5897.74704965828,944,3168.37507476298,1416.052297192,369.319677703301,0,0.160061120297571,361,26.1891935041835,18,"failure_probability",0.15,"reliability","moderate_intensity"
2744,2743,1,0.418894904581029,1.56138923318533,0.638439581662173,0.166117190106427,51,46,0.0980392156862745,209,72,-288,4807.75771256525,346,2775.50997939002,1330.33537002134,355.912363153886,-9.09494701772928e-13,0.071967020945277,356,25.5463575217161,19,"failure_probability",0.15,"reliability","moderate_intensity"
2799,2799,0,0.21702071025969,1,0.372249978331214,0.0438397581254724,51,45,0.117647058823529,178,112,-248,4722.95595592304,111,2911.13112088232,1364.2340239219,336.590811118822,9.09494701772928e-13,0.0235022306021709,310,24.0884043359151,20,"failure_probability",0.15,"reliability","moderate_intensity"
2522,2386,136,16.5542344496904,31.8261827853229,22.9976529246758,7.89549528094773,51,38,0.254901960784314,181,218,-142,10594.5450256327,6048,2342.71439943136,1721.95123258418,481.879393617179,0,0.570859813740685,216,155.182797351199,21,"failure_probability",0.15,"reliability","moderate_intensity"
2685,2683,2,0.281752116212367,1.16042740782799,0.444768044829305,0.089181267203902,51,44,0.137254901960784,192,304,-56,5291.93496976864,176,3469.17282326672,1298.74048114886,348.021665353068,-9.09494701772928e-13,0.0332581562331055,318,24.9043908871418,22,"failure_probability",0.15,"reliability","moderate_intensity"
2634,2634,0,0.539762681687803,1.72712387670997,0.920654039602879,0.140507976812591,51,47,0.0784313725490196,170,114,-246,5167.55469201939,569,3131.10893175559,1160.13205073775,307.313709526045,0,0.110110106987111,291,30.3117210548028,23,"failure_probability",0.15,"reliability","moderate_intensity"
2908,2908,0,3.22853063409603,10.6979793035912,4.50200466621123,1.83202450370871,51,46,0.0980392156862745,192,137,-223,8334.46795838497,2597,3547.77317345113,1757.67355209158,432.02123284226,0,0.311597574430323,356,60.7651140092173,24,"failure_probability",0.15,"reliability","moderate_intensity"
2623,2622,1,0.257699678764846,1.0890004572931,0.412445031879909,0.0831087365327539,51,44,0.137254901960784,192,331,-29,5074.3517014161,161,3356.97543590451,1232.89216963926,323.484095872333,0,0.0317281910032112,300,24.0908372201601,25,"failure_probability",0.15,"reliability","moderate_intensity"
2663,2662,1,0.554819345452867,1.84277535073117,0.873151952873065,0.211636417390968,51,42,0.176470588235294,175,71,-289,4861.54018251117,677,2606.30350493095,1248.38524442224,329.851433157973,0,0.139256279817542,300,28.4125678378962,26,"failure_probability",0.15,"reliability","moderate_intensity"
2717,2715,2,0.378647147172503,1.37786083346633,0.592196622093495,0.131316793468303,51,42,0.176470588235294,183,165,-195,4363.15774943639,435,2306.56473140079,1295.05710972794,326.535908307663,0,0.0996984351657217,306,25.3815930088046,27,"failure_probability",0.15,"reliability","moderate_intensity"
2688,2688,0,0.691079106160715,2.2752060483233,1.04628991027777,0.293881209358431,51,45,0.117647058823529,181,106,-254,5260.56215886862,857,2792.73254169877,1265.38619333739,345.443423832456,-9.09494701772928e-13,0.162910345723263,315,29.7369640856937,28,"failure_probability",0.15,"reliability","moderate_intensity"
2858,2853,5,0.654304354810789,1.86625099376838,1.02411870537639,0.21500801353309,51,46,0.0980392156862745,198,260,-100,5722.34866886737,821,3112.2741404523,1416.93192484884,372.14260356623,0,0.143472557774516,332,31.5209413337562,29,"failure_probability",0.15,"reliability","moderate_intensity"
2681,2616,65,7.74691450192115,18.1194934073529,10.6190264939496,4.23004267494759,51,40,0.215686274509804,181,71,-289,10363.5883191042,5755.06771053012,2341.88893243588,1788.846063671,477.78561246716,1.81898940354586e-12,0.555316125392714,284,112.01469389757,30,"failure_probability",0.15,"reliability","moderate_intensity"
2644,2643,1,2.04950489215261,6.06976430337687,2.83259415262577,1.18211176392516,51,39,0.235294117647059,174,163,-197,7535.05769461063,2757,3083.60303888998,1354.5038969332,339.95075878745,0,0.365889700084435,278,42.5237708697614,1,"failure_probability",0.25,"reliability","moderate_intensity"
2779,2779,0,8.00819169651524,20.1136871179624,11.3419117917371,4.22092167288885,51,42,0.176470588235294,189,319,-41,10042.3314371888,4679,3057.13744203768,1867.96567052422,438.228324626941,0,0.465927661247336,349,87.3249952461608,2,"failure_probability",0.25,"reliability","moderate_intensity"
3022,2960,62,1.18917094990389,4,1.68090013963152,0.623110603589516,51,44,0.137254901960784,218,249,-111,6716.54982999713,1547.38417608552,3163.73953240306,1597.08415385673,408.341967651818,0,0.230383785611872,411,34.4466442357785,3,"failure_probability",0.25,"reliability","moderate_intensity"
2561,2402,159,6.15432220116417,17.8895331257047,7.56947344419355,4.39265728928086,51,37,0.274509803921569,184,50,-310,8656.6912680791,4315.26081722907,2329.59665712838,1580.49256548343,431.34122823822,1.81898940354586e-12,0.498488473666754,269,93.0912361988299,4,"failure_probability",0.25,"reliability","moderate_intensity"
2553,2435,118,5.14800234689003,13,7.39928099328329,2.42932314743779,51,37,0.274509803921569,178,101,-259,8663.07053725801,4328.51475441073,2422.63639223733,1517.13230327117,394.787087338793,0,0.499651334454073,285,75.4015095298159,5,"failure_probability",0.25,"reliability","moderate_intensity"
2588,2586,2,7.41573674952467,18.2608222206106,10.3631028588829,4.28504164771835,51,37,0.274509803921569,187,149,-211,10223.9035835673,5940.11489663177,2177.49857083156,1702.96952909309,403.320587010863,0,0.581002632514964,272,106.82728931466,6,"failure_probability",0.25,"reliability","moderate_intensity"
2606,2512,94,7.2722179381759,19.985807219909,9.55569666404421,4.54162449675296,51,38,0.254901960784314,174,323,-37,9569.03247722114,5170.12907487761,2311.0017156948,1637.90595011422,449.995736534512,0,0.540297996394618,272,98.7044804203307,7,"failure_probability",0.25,"reliability","moderate_intensity"
2745,2581,164,11.1422412061546,25.9008922016335,15.0489032985577,5.92393057413035,51,41,0.196078431372549,190,330,-30,10558.1513185775,6256.78714198136,1973.66401857929,1810.07064798227,517.629510034547,0,0.592602526066501,284,116.516749546237,8,"failure_probability",0.25,"reliability","moderate_intensity"
2365,2270,95,13.3517260178732,25,18.752033993076,6.61470814781838,51,35,0.313725490196078,173,47,-313,10334.8074835987,6336.02780822248,2024.20967349271,1558.8683596101,415.701642273389,-1.81898940354586e-12,0.613076520126548,213,144.309770574611,9,"failure_probability",0.25,"reliability","moderate_intensity"
2632,2632,0,0.270766932513898,1.09445386586206,0.392230205932842,0.143829789741188,51,40,0.215686274509804,191,178,-182,4060.27915252454,166,2466.94567480002,1143.61366007446,283.719817650055,-4.54747350886464e-13,0.0408838884628874,307,24.1024657453159,10,"failure_probability",0.25,"reliability","moderate_intensity"
2508,2319,189,18.7784947938711,28.958594572721,27.650226284831,8.22289358649667,51,35,0.313725490196078,195,58,-302,10631.2819219801,6261.05495590048,2337.25126602624,1574.14286809001,458.832831963402,0,0.588927563190266,199,160.613967936294,11,"failure_probability",0.25,"reliability","moderate_intensity"
2498,2483,15,6.23324574180609,18.9810309214111,8.15678929813483,3.73032159622171,51,39,0.235294117647059,182,204,-156,9195.72659449526,4402.82150610914,2837.84887704939,1543.57105911223,411.485152224494,1.81898940354586e-12,0.478789953231619,297,82.409326380584,12,"failure_probability",0.25,"reliability","moderate_intensity"
2834,2704,130,1.60679405899854,4.9401091152371,1.95295975406938,1.19071867958114,51,41,0.196078431372549,231,210,-150,6172.5839735344,1509.52420837208,2820.75865779009,1428.23427993222,414.066827440023,9.09494701772928e-13,0.244553045344432,388,37.7724068465649,13,"failure_probability",0.25,"reliability","moderate_intensity"
2553,2385,168,15.4294829249212,26.0979919935491,22.101426731023,8.39549565647291,51,34,0.333333333333333,181,233,-127,10687.1166195321,6502.94187985884,2142.40383973878,1602.24664503782,439.52425489667,0,0.608484225574357,170,186.909627411472,14,"failure_probability",0.25,"reliability","moderate_intensity"
2573,2402,171,5.66090765234028,17.9373308137461,6.15221310920086,5.20812054329756,51,32,0.372549019607843,192,143,-217,8697.95400994958,4544.08558003636,2506.29242557055,1314.65167341897,332.924330923687,0,0.522431548251277,240,70.3993194831366,15,"failure_probability",0.25,"reliability","moderate_intensity"
2701,2699,2,2.60178337996433,8.57245531159489,3.59143231902726,1.5462083630312,51,41,0.196078431372549,195,297,-63,7685.76017787086,2980,2909.86492670338,1429.20336419068,366.691886976799,9.09494701772928e-13,0.387730026833277,263,55.1643242500442,16,"failure_probability",0.25,"reliability","moderate_intensity"
2607,2601,6,0.314169056910749,1.16593684540749,0.487688950496808,0.126628755922937,51,41,0.196078431372549,205,168,-192,4687.95310643447,184,3010.72480752308,1189.1638560427,304.064442868688,0,0.0392495393666481,300,26.0116742927166,17,"failure_probability",0.25,"reliability","moderate_intensity"
2524,2255,269,14.3002454944511,31.7100670981488,17.1164485509978,11.3589345958637,51,32,0.372549019607843,179,134,-226,10207.8204929846,5876.61100595953,2299.62619959049,1587.8552745869,443.728012847704,0,0.575696938440312,147,197.676841220335,18,"failure_probability",0.25,"reliability","moderate_intensity"
2662,2601,61,11.2213439221311,24.5208977759766,16.581415460111,4.18893006430151,51,41,0.196078431372549,184,358,-2,9708.89207871272,4946.21502179572,2591.93681300907,1685.84498479681,484.895259111121,0,0.509452055053796,315,96.8678907075694,19,"failure_probability",0.25,"reliability","moderate_intensity"
2796,2794,2,0.49254316440812,1.7997648343394,0.783995344451447,0.169879664933306,51,44,0.137254901960784,214,155,-205,5098.33269552749,480,2924.01660034798,1335.72585771847,358.590237461037,9.09494701772928e-13,0.0941484262925956,355,29.2149823474016,20,"failure_probability",0.25,"reliability","moderate_intensity"
2464,2174,290,21.4410949735542,39.9087965147774,26.178304090911,16.1013054400953,51,32,0.372549019607843,170,134,-226,10737.8156021663,6438.28478254143,2242.89026443555,1603.10008616631,453.540469023039,1.81898940354586e-12,0.599589806817182,118,279.494913889905,21,"failure_probability",0.25,"reliability","moderate_intensity"
2467,2429,38,1.11662803358552,4.744974394121,1.59968707405766,0.564073297087826,51,36,0.294117647058824,156,235,-125,5569.32674386364,1560.49073369833,2549.37954754487,1163.22634515125,296.230117469192,0,0.280193783820944,242,33.108733212954,22,"failure_probability",0.25,"reliability","moderate_intensity"
2783,2676,107,3.17951872342932,10,4.50904286105827,1.63055856308492,51,40,0.215686274509804,178,295,-65,7751.64226354349,3268.37550791314,2505.81165246989,1556.75508097465,420.7000221858,0,0.421636525112174,310,62.492472083725,23,"failure_probability",0.25,"reliability","moderate_intensity"
2559,2215,344,17.9586974192203,38.123582668363,21.2163313190772,14.4283171251138,51,32,0.372549019607843,180,120,-240,10303.9253344428,6265.82877718855,1963.41046783862,1613.49463382484,461.191455590834,0,0.608101143381136,104,275.087409538301,24,"failure_probability",0.25,"reliability","moderate_intensity"
2623,2622,1,0.257699678764846,1.0890004572931,0.412445031879909,0.0831087365327539,51,40,0.215686274509804,192,331,-29,5074.3517014161,161,3356.97543590451,1232.89216963926,323.484095872333,0,0.0317281910032112,300,24.0908372201601,25,"failure_probability",0.25,"reliability","moderate_intensity"
2990,2678,312,5.1928650489526,18,6.78564970594333,3.43755134533017,51,39,0.235294117647059,229,277,-83,8642.5368553146,3530.21025609846,2984.43227655013,1638.86167467268,489.032647993334,0,0.408469216295862,310,68.3729802801275,26,"failure_probability",0.25,"reliability","moderate_intensity"
2652,2490,162,8.59081520919724,19.5493957667821,11.4398588467299,5.49838593428743,51,36,0.294117647058824,199,141,-219,9243.57304210458,4994.30189464121,2235.95804171867,1589.3772507939,423.935854950794,-1.81898940354586e-12,0.540299932925516,219,120.112320457911,27,"failure_probability",0.25,"reliability","moderate_intensity"
2384,2314,70,17.5213286196846,37.1340172074852,24.1495735685877,9.08301284976473,51,36,0.294117647058824,186,204,-156,10566.0792663367,6263.47561727119,2246.12443112007,1623.35051043191,433.128707513527,0,0.592790898060597,200,160.324873300357,28,"failure_probability",0.25,"reliability","moderate_intensity"
2596,2538,58,5.79373382630903,15.735333171116,7.62411580885078,3.77211790529278,51,37,0.274509803921569,167,323,-37,9472.67987176145,4457.20867653669,2994.35884121975,1616.42907921454,404.683274790475,-1.81898940354586e-12,0.470533020948365,263,97.4147466517047,29,"failure_probability",0.25,"reliability","moderate_intensity"
2617,2502,115,13.8118448031435,32.5743414526345,18.5074646825211,8.14728748833873,51,38,0.254901960784314,183,71,-289,10556.4457666272,6292.85164842513,2048.96564858234,1752.72795672631,461.900512893391,-1.81898940354586e-12,0.596114619213899,221,146.942007289447,30,"failure_probability",0.25,"reliability","moderate_intensity"
2347,2285,62,8.71977581970175,23.3451390419278,11.4050331340368,5.81176698703985,51,33,0.352941176470588,170,302,-58,9442.74480113596,5225.94886818244,2464.43797620426,1351.42299042981,400.93496631945,0,0.553435359976451,196,132.023084178792,1,"failure_probability",0.4,"reliability","moderate_intensity"
2458,2234,224,15.743124427747,27.2955552519429,20.7377330363832,9.28192643300192,51,35,0.313725490196078,176,72,-288,10664.976084217,6439.97716917769,2117.4557832361,1650.25699937996,457.286132423212,0,0.603843564047759,165,197.862831780489,2,"failure_probability",0.4,"reliability","moderate_intensity"
2467,2331,136,8.21934497068712,19.644233679357,10.7102673499513,5.46515437247627,51,34,0.333333333333333,173,164,-196,9460.28393680524,4747.98035244652,2837.20284994658,1479.14992492769,395.95080948446,0,0.501885607679754,190,131.214309255447,3,"failure_probability",0.4,"reliability","moderate_intensity"
2460,2458,2,0.984147772319931,3.78293921385137,1.56953312345188,0.368467019042589,51,35,0.313725490196078,174,50,-310,5295.71558309608,1218.74650523855,2659.25475888116,1110.5832559928,307.131062983569,-9.09494701772928e-13,0.230138210052064,249,37.520084944139,4,"failure_probability",0.4,"reliability","moderate_intensity"
2334,1992,342,18.2002644791218,38.9062581996771,21.1130681700429,14.9924933258289,51,29,0.431372549019608,178,295,-65,10369.2117609627,6420.69275228943,2070.23454701656,1455.31767447958,422.966787177154,-1.81898940354586e-12,0.619207409425431,119,252.416041645371,5,"failure_probability",0.4,"reliability","moderate_intensity"
2424,2231,193,8.71379317109101,20.7054282445282,10.7421977357676,6.81051173768467,51,30,0.411764705882353,166,221,-139,10487.7933009759,6234.4363150856,2300.59671625749,1561.47769066373,391.282578969085,-1.81898940354586e-12,0.594446909485285,195,152.728512791992,6,"failure_probability",0.4,"reliability","moderate_intensity"
2524,2110,414,23.5261894630676,52.2471423056349,25.7429944346162,21.3551346879301,51,29,0.431372549019608,207,324,-36,10537.3321231499,6513.56089241172,1931.46192924436,1625.99128451584,466.318016977945,0,0.61814136788019,101,301.284071539343,7,"failure_probability",0.4,"reliability","moderate_intensity"
2493,2131,362,19.7448162334367,42.7921091017015,23.6873551822712,15.1055875622851,51,32,0.372549019607843,179,64,-296,10665.7621546549,6984.85563213842,1641.87095996415,1598.07651374309,440.959048809279,0,0.654885748515399,157,204.665180569319,8,"failure_probability",0.4,"reliability","moderate_intensity"
2502,2067,435,25.8694706259573,48.2041728826055,29.3964926818966,22.0101151848079,51,30,0.411764705882353,171,337,-23,10652.3289994105,6449.72386866555,2080.49608481087,1644.65245463292,477.456591301212,0,0.605475466353175,99,292.807732560548,9,"failure_probability",0.4,"reliability","moderate_intensity"
2337,2144,193,8.05281628372158,25.2222936223002,9.86101177049994,6.08983363465091,51,31,0.392156862745098,198,138,-222,8639.59469019525,4484.02058788712,2533.20099914802,1286.55090016832,335.82220299178,0,0.519008211458794,201,109.408725179211,10,"failure_probability",0.4,"reliability","moderate_intensity"
2375,2087,288,19.0612997064443,33.9749469557658,23.1481469353886,14.4448304386469,51,31,0.392156862745098,164,297,-63,10729.7650041127,6469,2237.49846925244,1568.31429897113,454.952235889135,-1.81898940354586e-12,0.602902300052279,109,297.317426973434,11,"failure_probability",0.4,"reliability","moderate_intensity"
2267,1898,369,23.8532201391132,51.668893153135,27.1976753966154,20.5991555642462,51,26,0.490196078431373,172,209,-151,10527.4331659276,6743.42754963392,2057.37510115593,1343.84498101027,382.78553412747,1.81898940354586e-12,0.640557621534874,90,311.363124373896,12,"failure_probability",0.4,"reliability","moderate_intensity"
2443,2134,309,19.8854061351278,43.6444283405753,23.3874568350086,16.5311484005631,51,29,0.431372549019608,184,311,-49,10065.7911225247,5475.4648484874,2654.67732531643,1511.97624907733,423.672699643499,0,0.543967660548282,113,245.475932161719,13,"failure_probability",0.4,"reliability","moderate_intensity"
2413,2272,141,14.4201952299087,30.0412739734526,17.2865525839629,11.5182940291257,51,32,0.372549019607843,169,183,-177,10623.2015771657,6003,2719.84174361018,1512.44332380072,387.916509754831,0,0.565083883271431,128,226.229035207121,14,"failure_probability",0.4,"reliability","moderate_intensity"
2318,2116,202,16.5480129761636,31.5027167888937,21.311399609179,11.5823203471515,51,30,0.411764705882353,175,170,-190,10690.0628521008,6671.80367256003,2139.82458818699,1490.25776146529,388.176829888456,-1.81898940354586e-12,0.624112670324376,124,248.043449554233,15,"failure_probability",0.4,"reliability","moderate_intensity"
2394,2289,105,5.54071295325411,14.6726787740359,7.53935218681668,3.51570644748094,51,32,0.372549019607843,189,192,-168,9476.45457168325,5627.47948709589,2157.08326299105,1337.63094458003,354.260877016285,-1.81898940354586e-12,0.593838069346256,201,105.262939759697,16,"failure_probability",0.4,"reliability","moderate_intensity"
2434,2355,79,8.17579147345103,19.5866176278949,11.5174937279017,4.33054504367214,51,35,0.313725490196078,183,225,-135,9042.00015756346,4698.76735255118,2520.53407806205,1446.29126610386,376.407460846372,-1.81898940354586e-12,0.519660171496541,244,101.802897544212,17,"failure_probability",0.4,"reliability","moderate_intensity"
2530,2133,397,14.5534536779354,29.1764037139,18.9870178252329,10.0062083986558,51,30,0.411764705882353,172,169,-191,10219.9399915655,6354.97486661776,1971.536040792,1459.16552972334,434.263554432391,0,0.62182115275261,146,190.135035676201,18,"failure_probability",0.4,"reliability","moderate_intensity"
2361,2220,141,11.2241098058167,33.4144106307294,11.9545406846831,10.4857394608756,51,31,0.392156862745098,173,337,-23,8389.8509485211,4177.60029579325,2580.42066524367,1288.20582045212,343.624167032065,0,0.497934983759115,150,136.251964149725,19,"failure_probability",0.4,"reliability","moderate_intensity"
2403,2160,243,14.057728297172,33.0389076862988,17.6852927218133,10.179987015659,51,31,0.392156862745098,179,246,-114,9523.17669459305,5555.01087816957,2149.09271407219,1432.06981159454,387.003290756755,0,0.583314901772591,152,181.5296942229,20,"failure_probability",0.4,"reliability","moderate_intensity"
2558,2204,354,22.9230128078422,43.3961278324603,27.1382904765673,17.9941251400811,51,33,0.352941176470588,175,177,-183,10738.7364449757,6270.34290110001,2308.76104639162,1680.90801071115,478.724486772966,0,0.58389950561024,97,347.404208338335,21,"failure_probability",0.4,"reliability","moderate_intensity"
2501,2438,63,5.10001012847446,12,7.48332783829684,2.39529931242385,51,36,0.294117647058824,179,288,-72,8212.43989936324,3851.9315571742,2717.10660729081,1294.55434898154,348.847385916692,0,0.469036194404645,274,63.2796344325371,22,"failure_probability",0.4,"reliability","moderate_intensity"
2545,2279,266,10.3489223793631,26.4503928060532,13.0617392013832,7.20154058774935,51,34,0.333333333333333,177,100,-260,10532.4294156841,6171.95674712983,2261.46656532422,1648.88137694025,450.124726289844,0,0.585995547991899,210,141.488385277934,23,"failure_probability",0.4,"reliability","moderate_intensity"
2575,2252,323,20.0483765768432,39.4229109916958,23.1087661247166,17.0418671266436,51,31,0.392156862745098,176,120,-240,10304.2346525177,5993.57800001533,2203.59525975891,1633.17794251463,473.883450228796,1.81898940354586e-12,0.581661637388168,101,307.866408002925,24,"failure_probability",0.4,"reliability","moderate_intensity"
2700,2386,314,16.2123797459132,31.6235306759468,21.1147421985172,11.0484454584887,51,34,0.333333333333333,185,309,-51,10676.496046196,6435.24107780897,2037.599738162,1721.60578725802,482.049442966969,0,0.602748415769034,144,218.181827148627,25,"failure_probability",0.4,"reliability","moderate_intensity"
2615,1890,725,37.6334948824855,65.1694811956245,41.8250975421957,34.365465690169,51,23,0.549019607843137,184,264,-96,10712.5122082545,6646.22602295703,2111.71956770826,1471.57914774878,482.987469840384,0,0.620417124737167,42,737.053643509109,26,"failure_probability",0.4,"reliability","moderate_intensity"
2658,2312,346,15.8327179233268,34.6239092741574,18.0122439433943,13.5290907775615,51,33,0.352941176470588,166,134,-226,9321.90704674885,4996.35846602414,2272.38971225159,1595.36132020201,457.797548271108,0,0.535980292548261,139,187.546576078732,27,"failure_probability",0.4,"reliability","moderate_intensity"
2406,2202,204,18.3185048709404,34.171300214289,22.5589695321272,13.3503865104967,51,33,0.352941176470588,180,169,-191,10643.4781427116,6374.91526399088,2209.32058490886,1627.33191736418,431.910376447671,0,0.598950378674501,97,323.432924894318,28,"failure_probability",0.4,"reliability","moderate_intensity"
2639,2405,234,14.9601043089267,33.5423425993809,17.7527997734914,11.6965034774787,51,36,0.294117647058824,176,360,0,10119.2318707197,5459.6884712299,2547.96099180231,1650.47790612028,461.104501567218,0,0.539535860130616,137,202.623866043107,29,"failure_probability",0.4,"reliability","moderate_intensity"
2218,1850,368,27.7966791143936,57.8070437292054,31.4487775328731,24.3367964021499,51,25,0.509803921568627,163,94,-266,10730.5227246472,6676.28091201463,2308.07834409849,1358.81956003024,387.343908503803,0,0.622176671475635,88,355.524878071292,30,"failure_probability",0.4,"reliability","moderate_intensity"
2639,2635,4,0.135541963242489,0,0.274262518024889,0.00370096225018505,119,119,0,172,218,-142,4515.10894468437,7,3105.58320774113,1122.97177833695,279.55395860628,0,0.00155035018772716,246,24.2545495175496,1,"schedule_interval_days",3,"interval","moderate_intensity"
2841,2840,1,0.147512911134372,0,0.287083923353336,0.0091164095371669,119,119,0,182,324,-36,4752.21697016282,18,3123.45982566338,1297.69542727122,313.061717228221,0,0.00378770584613759,272,24.5238962690245,2,"schedule_interval_days",3,"interval","moderate_intensity"
2782,2781,1,0.28201024324888,1.2455235474578,0.501480108523557,0.0120288692862871,119,119,0,221,346,-14,4141.09623591526,21,2405.84684026347,1343.99765427838,370.25174137341,-9.09494701772928e-13,0.00507112097948108,393,23.9851623447269,3,"schedule_interval_days",3,"interval","moderate_intensity"
2713,2712,1,0.219650753839668,1.10520564822311,0.401320392061709,0.00622170813374196,119,119,0,228,220,-140,4240.24309582217,9,2578.08740109916,1308.67535803932,344.480336683695,0,0.00212251981705189,344,24.0685387716692,4,"schedule_interval_days",3,"interval","moderate_intensity"
2660,2659,1,0.220418938933494,1.04878812842475,0.410472513456763,0.0141176470588235,119,119,0,189,72,-288,4055.38528811369,25,2535.31239724335,1182.36661750903,312.706273361311,-9.09494701772928e-13,0.0061646423764654,321,23.9280860642042,5,"schedule_interval_days",3,"interval","moderate_intensity"
2679,2666,13,0.200167914972751,0.998986883972712,0.379702711836593,0.00547302580140735,119,119,0,186,225,-135,4403.30989688102,10,2862.99852462302,1222.92950401379,307.381868244211,-9.09494701772928e-13,0.0022710189003693,335,24.1113936594428,6,"schedule_interval_days",3,"interval","moderate_intensity"
2498,2491,7,0.167301907343882,0.832360517217603,0.294150650759641,0.0270498732037194,119,119,0,155,360,0,4191.91689436426,37,2745.3051311478,1120.38693758119,289.22482563527,-9.09494701772928e-13,0.00882651086183124,254,24.1937281381729,7,"schedule_interval_days",3,"interval","moderate_intensity"
2612,2611,1,0.196712140794457,0.954217018789,0.361977873907684,0.010586319218241,119,119,0,190,257,-103,4363.18651623232,20,2837.90294402021,1190.6302930719,314.653279140208,-9.09494701772928e-13,0.00458380587801924,303,23.666493000955,8,"schedule_interval_days",3,"interval","moderate_intensity"
2841,2840,1,0.27892383987514,1.12456192940426,0.468850176446921,0.057101477314206,119,119,0,201,274,-86,5206.50307201532,18,3332.80627939484,1458.72508292819,396.971709692303,0,0.00345721490048648,374,25.5018020726945,9,"schedule_interval_days",3,"interval","moderate_intensity"
2923,2922,1,0.339976497958783,1.25472159347964,0.595480403109557,0.03159640699886,119,119,0,221,127,-233,5093.38308121766,30,3199.55968665795,1471.43205172646,392.391342833263,-9.09494701772928e-13,0.00588999482694083,391,25.8113025638353,10,"schedule_interval_days",3,"interval","moderate_intensity"
2719,2716,3,0.197902183567529,1,0.353604015434256,0.0219285837871737,119,119,0,186,75,-285,4439.74684535694,28,2822.97664555023,1250.68931298131,338.080886825413,0,0.00630666589228667,329,23.4254750049912,11,"schedule_interval_days",3,"interval","moderate_intensity"
2702,2702,0,0.180114660050185,0.933439618114972,0.343196112161328,0.00835866261398176,119,119,0,215,193,-167,4305.00620933257,15,2750.42428358188,1225.25518799453,314.326737756153,0,0.00348431553187598,312,23.6290629260873,12,"schedule_interval_days",3,"interval","moderate_intensity"
2787,2787,0,0.458334374185721,1.22284984922435,0.844845926558782,0.021921788694977,119,119,0,221,299,-61,4267.74298632138,18,2609.56105992568,1286.3883072468,353.793619148903,-9.09494701772928e-13,0.00421768603631759,375,23.7715643430971,13,"schedule_interval_days",3,"interval","moderate_intensity"
2538,2526,12,0.19405617698331,0.927700817834375,0.344031601100935,0.0283333333333333,119,119,0,209,359,-1,3896.25949306163,39,2466.97979244945,1094.89333316859,295.386367443582,-4.54747350886464e-13,0.0100096002510742,274,24.1643474077953,14,"schedule_interval_days",3,"interval","moderate_intensity"
2836,2836,0,0.268558140569039,1.13872980383126,0.457911865675377,0.0656495103783911,119,119,0,224,346,-14,4784.42156489184,28,3045.154503099,1345.56146850402,365.705593288823,0,0.00585232710375365,377,23.8759319928601,15,"schedule_interval_days",3,"interval","moderate_intensity"
2768,2767,1,0.19374881460473,1,0.355261591537764,0.012279355333845,119,119,0,182,100,-260,4410.03316147478,21,2749.56887650111,1310.83806977782,328.62621519585,0,0.0047618689545131,334,24.0165042482928,16,"schedule_interval_days",3,"interval","moderate_intensity"
2881,2874,7,0.270071278700239,1.2025461472506,0.507784713513982,0.0101966496722505,119,119,0,221,177,-183,4945.77706365639,15,3226.58174183364,1333.95040753872,370.244914284035,-9.09494701772928e-13,0.00303289044510845,408,23.9381321098386,17,"schedule_interval_days",3,"interval","moderate_intensity"
2902,2902,0,0.22553897649544,1.05464883600999,0.407000711860018,0.0148920327624721,119,119,0,220,261,-99,5213.99322397939,31,3414.4502376099,1408.95479683174,359.588189537755,0,0.00594553898870248,348,24.2983833958552,18,"schedule_interval_days",3,"interval","moderate_intensity"
2594,2587,7,0.218560272193377,1.01269911084444,0.383320559318306,0.0236286919831224,119,119,0,192,344,-16,4057.58489309282,31,2546.66053009748,1176.96308311464,302.961279880704,0,0.00764001267176713,319,23.9664369884653,19,"schedule_interval_days",3,"interval","moderate_intensity"
2923,2923,0,0.260578492571293,1.20148161695916,0.463752885881633,0.00692307692307692,119,119,0,228,308,-52,4191.11246258806,13,2354.37199693458,1449.42332405527,374.31714159821,-9.09494701772928e-13,0.00310180175694268,409,23.4990922394407,20,"schedule_interval_days",3,"interval","moderate_intensity"
2781,2779,2,0.202361153716553,1.01718104361365,0.35976141556478,0.0172278778386844,119,119,0,185,74,-286,4332.44817578417,35,2626.06417704632,1331.87395515915,339.510043578696,0,0.00807857326387177,329,24.3765969382261,21,"schedule_interval_days",3,"interval","moderate_intensity"
3123,3123,0,0.23456479039313,1.15806955540555,0.42703654869843,0.00698812019566737,119,119,0,224,288,-72,4661.94010334774,12,2740.68382688442,1501.54345536665,407.71282109668,0,0.00257403564481294,408,23.9353966916838,22,"schedule_interval_days",3,"interval","moderate_intensity"
2666,2664,2,0.333515254656007,1.13953264264037,0.589274830318141,0.0339826464844625,119,119,0,250,285,-75,4547.58130829754,12,2919.11268502848,1292.84104339297,323.627579876093,-9.09494701772928e-13,0.00263876535381671,373,23.5414108357808,23,"schedule_interval_days",3,"interval","moderate_intensity"
2616,2616,0,0.190794170469628,0.980631439414608,0.350048843057517,0.0121654501216545,119,119,0,174,104,-256,4084.54821266464,19,2562.19140851092,1197.28100632475,306.075797828974,-4.54747350886464e-13,0.00465167725064138,319,24.0901463128043,24,"schedule_interval_days",3,"interval","moderate_intensity"
2758,2751,7,0.152938660232072,0.749395798668128,0.278300735682656,0.0152411860529416,119,119,0,184,194,-166,4767.93431477691,23,3111.63856697997,1322.72569693653,310.570050860414,9.09494701772928e-13,0.00482389195856112,278,24.1388930677024,25,"schedule_interval_days",3,"interval","moderate_intensity"
2552,2552,0,0.183941138062666,0.920206368412942,0.337105198878777,0.017502023733467,119,119,0,182,109,-251,4071.29224517461,23,2610.106236628,1172.01450141188,266.171507134724,0,0.00564931196655317,290,23.9632042823921,26,"schedule_interval_days",3,"interval","moderate_intensity"
2648,2648,0,0.149833429415281,0.777936977519181,0.273824904794435,0.0200927357032457,119,119,0,161,129,-231,4339.29709426943,35,2846.15937977644,1180.39983138091,277.737883112081,0,0.00806582246839511,261,24.0338212739975,27,"schedule_interval_days",3,"interval","moderate_intensity"
2494,2494,0,0.174863733501629,0.724712822488009,0.332901591429839,0.00580912863070539,119,119,0,176,98,-262,4053.15059548832,9,2685.93617865669,1065.00917435505,293.205242476582,0,0.00222049484418816,260,23.8930038807893,28,"schedule_interval_days",3,"interval","moderate_intensity"
2604,2604,0,0.166412515785488,0.819907274934338,0.324376490864371,0.00844854070660522,119,119,0,180,287,-73,3878.40309649754,21,2540.49615636571,1045.74051057642,271.166429555415,0,0.00541459963740345,277,23.5461769491422,29,"schedule_interval_days",3,"interval","moderate_intensity"
2990,2990,0,0.416544613532523,1.44590252503291,0.651743444913882,0.13541120862147,119,119,0,215,39,-321,5041.92698817657,17,3122.55452672621,1505.68180684173,396.690654608629,-9.09494701772928e-13,0.00337172673064592,429,26.3255734903686,30,"schedule_interval_days",3,"interval","moderate_intensity"
2717,2711,6,0.181484414117068,0.962945196645564,0.323235337262806,0.0287627298696302,71,71,0,168,359,-1,4323.13049018537,49,2735.13602942343,1223.61290330536,315.381557456577,0,0.011334379129023,300,23.9580731336724,1,"schedule_interval_days",5,"interval","moderate_intensity"
2650,2649,1,0.213190708591544,1,0.375662031754096,0.0340854166290154,71,71,0,197,192,-168,4434.06125679941,44,2855.01972357317,1213.70495377894,321.336579447294,0,0.0099231827103264,306,24.0798798766044,2,"schedule_interval_days",5,"interval","moderate_intensity"
2489,2487,2,0.133323361314064,0,0.234544540132033,0.0271828665568369,71,71,0,184,359,-1,4012.28016883754,59,2605.04428147652,1083.77712734595,264.45876001507,0,0.014704855473015,211,23.751393704772,3,"schedule_interval_days",5,"interval","moderate_intensity"
2678,2677,1,0.216797969201635,1.09786447353899,0.393771624508305,0.0174741858617951,71,71,0,190,174,-186,4113.75267793563,86,2406.10075426376,1281.32213971729,340.329783954573,0,0.0209054862391865,317,24.1989984349016,4,"schedule_interval_days",5,"interval","moderate_intensity"
2986,2986,0,0.398720492784513,1.63786229036426,0.692066097746309,0.0503591553170614,71,71,0,247,340,-20,5677.93485249087,57,3706.32329844728,1507.36876528774,407.242788755844,0,0.0100388612199371,459,24.235434553792,5,"schedule_interval_days",5,"interval","moderate_intensity"
2638,2638,0,0.178258764298393,0.943447989550859,0.338990015088926,0.012326656394453,71,71,0,193,343,-17,4045.17183777587,27,2539.62735663476,1154.98217462004,323.562306521067,4.54747350886464e-13,0.00667462374474683,309,23.5321071199254,6,"schedule_interval_days",5,"interval","moderate_intensity"
2603,2603,0,0.199710400869773,1.01025221040219,0.31836167765822,0.0618423475250578,71,71,0,197,139,-221,4121.69894511262,91,2555.02914615528,1178.32958100003,297.340217957307,0,0.0220782743261501,288,24.0539067719888,7,"schedule_interval_days",5,"interval","moderate_intensity"
2901,2901,0,0.466553203507357,1.21091110932042,0.836002131533179,0.0536872846697421,71,71,0,207,89,-271,5052.70012027105,98,3210.27823835831,1380.65893523116,363.762946681586,-9.09494701772928e-13,0.0193955702233013,366,25.9750696696691,8,"schedule_interval_days",5,"interval","moderate_intensity"
2891,2890,1,0.295863942552235,1.1381294645052,0.52794196134787,0.0529380843511378,71,71,0,239,328,-32,4783.32826534907,66,2990.4733342923,1370.61446673961,356.240464317159,0,0.0137979240266889,364,25.0497593688337,9,"schedule_interval_days",5,"interval","moderate_intensity"
2599,2597,2,0.195111996380435,0.920562115725392,0.338776185466334,0.0426683290726197,71,71,0,192,223,-137,4419.54711403941,82,2908.19058921436,1125.95710820906,303.399416615986,0,0.0185539372890751,269,23.9206971895201,10,"schedule_interval_days",5,"interval","moderate_intensity"
2835,2835,0,0.356161518529161,1.20416238340874,0.641386620322543,0.037943960931322,71,71,0,219,187,-173,4685.65737699901,79,2923.84082895981,1334.79003676885,348.026511270345,0,0.0168599608643594,353,26.3452822434566,11,"schedule_interval_days",5,"interval","moderate_intensity"
2796,2782,14,0.207439862409482,1.00609766449428,0.357986792462217,0.0385195465379542,71,71,0,199,360,0,4385.97747414271,48,2679.02124755823,1313.6688874882,345.287339096277,0,0.0109439686553297,331,25.1790952546277,12,"schedule_interval_days",5,"interval","moderate_intensity"
2677,2677,0,0.230259555162809,1.11240537598501,0.403941511371899,0.0334661354581673,71,71,0,174,212,-148,4351.61448549407,60,2710.11638485878,1250.5527300128,330.945370622493,0,0.013787986091141,335,25.47321658606,13,"schedule_interval_days",5,"interval","moderate_intensity"
2562,2561,1,0.189947834694377,0.87601926638765,0.309866990623648,0.0599784972673726,71,71,0,183,87,-273,4175.22060384138,92,2690.47247589168,1099.05592195506,293.692205994649,9.09494701772928e-13,0.0220347638434616,262,23.8918062298294,14,"schedule_interval_days",5,"interval","moderate_intensity"
2865,2864,1,0.186255392625978,0.964773764506403,0.324757609362234,0.0330882352941176,71,71,0,184,59,-301,4476.43510244953,72,2707.24871257003,1370.49790494658,326.688484932925,0,0.016084227371151,320,24.5259941842751,15,"schedule_interval_days",5,"interval","moderate_intensity"
2590,2588,2,0.171612758206952,0.868628976869562,0.307850879036562,0.0277998411437649,71,71,0,159,236,-124,4334.58291240514,64,2833.48230508916,1142.17370458164,294.926902734333,0,0.014764973076611,262,23.8958384025193,16,"schedule_interval_days",5,"interval","moderate_intensity"
2560,2557,3,0.167034106320519,0,0.29999353368948,0.039674042278735,71,71,0,169,179,-181,4632.12278596029,49,3299.33661296006,1026.81047877937,256.975694220858,0,0.0105783033533818,229,24.6792321134905,17,"schedule_interval_days",5,"interval","moderate_intensity"
2558,2558,0,0.165318268419972,0.824669085050816,0.287924175649754,0.0376241671152115,71,71,0,160,102,-258,4687.62008390403,80,3200.95682044494,1129.69269911496,276.970564344127,0,0.0170662294657149,251,23.9170299154612,18,"schedule_interval_days",5,"interval","moderate_intensity"
2639,2639,0,0.187944546886049,0.949449316659503,0.314898661259842,0.0498417721518987,71,71,0,189,312,-48,4264.09794524396,72,2659.69107236097,1223.48394618928,308.922926693708,0,0.016885165614056,283,24.4794591672365,19,"schedule_interval_days",5,"interval","moderate_intensity"
2740,2740,0,0.257797826316071,1.28328431436314,0.456068302614482,0.0200642054574639,71,71,0,250,64,-296,4198.53447760411,38,2504.48723079064,1294.32228797026,361.72495884321,-9.09494701772928e-13,0.00905077717062946,396,24.091680886973,20,"schedule_interval_days",5,"interval","moderate_intensity"
3182,3178,4,0.392729103841737,1.70428413051259,0.643399429603871,0.0859254651027777,71,71,0,242,209,-151,5640.39996257714,175,3441.11839712915,1578.4466972933,445.83486815469,-9.09494701772928e-13,0.0310261685627062,487,24.2123138899648,21,"schedule_interval_days",5,"interval","moderate_intensity"
2817,2817,0,0.245700926231684,1.11613392193241,0.435049416949858,0.0256904773081894,71,71,0,211,287,-73,4557.48176255381,46,2810.27615678575,1356.58293646691,344.622669301155,9.09494701772928e-13,0.0100932932695322,365,24.2915496698617,22,"schedule_interval_days",5,"interval","moderate_intensity"
2676,2674,2,0.187364859498035,0.978278383224305,0.350443377382765,0.0124031007751938,71,71,0,198,206,-154,4372.88505633164,39,2814.9550633774,1204.47792267064,314.452070283606,0,0.00891859710410879,305,24.1123462114653,23,"schedule_interval_days",5,"interval","moderate_intensity"
2698,2697,1,0.223046932978476,1.03604067310214,0.396464170620496,0.0383429685373967,71,71,0,189,341,-19,4774.76583037261,63,3143.68339706122,1241.10975055107,326.972682760324,0,0.0131943643391374,316,24.1186263962928,24,"schedule_interval_days",5,"interval","moderate_intensity"
2800,2800,0,0.292850314903429,1.17706904460926,0.52392345859681,0.0246913580246914,71,71,0,225,113,-247,4562.19252002214,70,2827.93667559835,1303.66569339058,360.590151033215,0,0.0153434997959403,363,23.9541473251035,25,"schedule_interval_days",5,"interval","moderate_intensity"
2650,2648,2,0.178242867206553,0.898940362635506,0.334072743343036,0.0198019801980198,71,71,0,181,241,-119,4396.29702767094,61,2895.78808590204,1131.48082777747,308.028113991423,0,0.0138753136141751,292,23.6581599127109,26,"schedule_interval_days",5,"interval","moderate_intensity"
2998,2992,6,0.281946138678325,1.29703156530095,0.47803048401557,0.0519706719247673,71,71,0,226,188,-172,4957.45721177645,94,2971.32868519533,1504.42009935693,387.708427224192,9.09494701772928e-13,0.0189613335999558,411,24.2343151828157,27,"schedule_interval_days",5,"interval","moderate_intensity"
2657,2656,1,0.22124481261331,0.986659543642509,0.398738422689155,0.0216,71,71,0,228,291,-69,4231.19925151251,36,2647.20536866616,1238.09073938397,309.903143462375,0,0.00850822612221138,301,23.9761653150955,28,"schedule_interval_days",5,"interval","moderate_intensity"
2700,2700,0,0.161148830624328,0.693024531224778,0.2767371926195,0.038683357846834,71,71,0,206,358,-2,4554.96915292819,61,2956.67348664394,1242.13677872195,295.158887562298,0,0.0133919677503822,252,24.488334478927,29,"schedule_interval_days",5,"interval","moderate_intensity"
2861,2856,5,0.318423058125927,1.29002878237477,0.547228830431077,0.0363067931335724,71,71,0,197,326,-34,5186.09375823038,140,3262.70357701073,1422.93060450159,360.459576718061,0,0.026995269759213,400,25.6259555846373,30,"schedule_interval_days",5,"interval","moderate_intensity"
3015,3012,3,0.352403818113104,1.50855770828101,0.592866694890819,0.0824550071850559,51,51,0,226,191,-169,5426.23039063559,194,3342.44267868319,1496.79776039543,392.989951556971,0,0.0357522600468271,410,25.0931813183692,1,"schedule_interval_days",7,"interval","moderate_intensity"
2666,2666,0,0.270334862259101,1.27476259385477,0.459922388522236,0.0435794354600306,51,51,0,176,143,-217,4230.95589087793,103,2541.25998804037,1264.52789246514,322.168010372411,9.09494701772928e-13,0.0243443804796148,370,23.7053992805774,2,"schedule_interval_days",7,"interval","moderate_intensity"
2742,2741,1,0.317624713760137,1.2512097211972,0.591404630258113,0.0484011923992463,51,51,0,199,129,-231,4813.05909763972,367,2948.51897469515,1203.74850148377,293.791621460809,9.09494701772928e-13,0.0762508817271688,275,25.3421236749901,3,"schedule_interval_days",7,"interval","moderate_intensity"
2869,2868,1,0.506450782135328,1.90979760198711,0.835501265961123,0.140569905421816,51,51,0,188,316,-44,5494.44864429902,580,3099.96644904349,1436.05204418433,378.430151071208,-9.09494701772928e-13,0.10556109221292,341,29.3741806483259,4,"schedule_interval_days",7,"interval","moderate_intensity"
2889,2888,1,0.277661494546489,1.20789784378115,0.479953675352632,0.0455894982759473,51,51,0,194,180,-180,4762.67789848769,119,2863.80648858704,1395.87354323192,383.997866668721,0,0.0249859433151645,388,24.147818063523,5,"schedule_interval_days",7,"interval","moderate_intensity"
2901,2901,0,0.256458672758591,1.21212187569887,0.460438575287039,0.0275594990361034,51,51,0,208,48,-312,4884.22909292451,75,3052.22676524228,1379.77915301555,377.223174666677,0,0.0153555450764273,391,23.9339384498389,6,"schedule_interval_days",7,"interval","moderate_intensity"
2692,2691,1,0.335510815403531,1.22621385316761,0.504536155575218,0.144403779960008,51,51,0,238,135,-225,4635.88399854009,262,2787.64200195505,1258.67469927723,327.567297307813,0,0.0565156505388202,309,27.6551050871637,7,"schedule_interval_days",7,"interval","moderate_intensity"
2848,2847,1,0.41811788926578,1.67437394323083,0.6729065065139,0.137172981177566,51,51,0,203,173,-187,4949.52523414515,316,2862.29940099683,1399.99258005229,371.233253096025,9.09494701772928e-13,0.0638445073115336,390,25.024014034868,8,"schedule_interval_days",7,"interval","moderate_intensity"
2610,2610,0,0.25779858616199,1.06360195182779,0.442691184100381,0.0639080752941009,51,51,0,201,321,-39,4347.10425704033,211,2657.44338607192,1157.21437848796,321.446492480452,0,0.0485380583311928,284,24.1472265872704,9,"schedule_interval_days",7,"interval","moderate_intensity"
2632,2632,0,0.270766932513898,1.09445386586206,0.392230205932842,0.143829789741188,51,51,0,191,178,-182,4060.27915252454,166,2466.94567480002,1143.61366007446,283.719817650055,-4.54747350886464e-13,0.0408838884628874,307,24.1024657453159,10,"schedule_interval_days",7,"interval","moderate_intensity"
2625,2625,0,0.22365857787206,0.970154577848593,0.353834818247024,0.0806832347264166,51,51,0,166,278,-82,4634.72815002641,152,2959.94051266201,1224.66098242245,298.126654941951,9.09494701772928e-13,0.032795882537174,268,24.1668057748431,11,"schedule_interval_days",7,"interval","moderate_intensity"
3053,3052,1,0.606727315438036,2.0055157613548,1.03203782685484,0.069094443439343,51,51,0,260,335,-25,5079.15131269361,133,3065.54748496002,1443.95677736207,436.647050371515,-9.09494701772928e-13,0.0261854770240083,501,23.7446116494773,12,"schedule_interval_days",7,"interval","moderate_intensity"
2758,2757,1,0.192666805912299,0.890725130037334,0.31504202986547,0.0607929775377448,51,51,0,191,359,-1,4547.65886121961,116,2836.4670975699,1286.27022913656,308.921534513153,0,0.0255076300883507,279,24.2290253217649,13,"schedule_interval_days",7,"interval","moderate_intensity"
2607,2607,0,0.251262315292347,1.01661722208671,0.379030486750862,0.113407182929214,51,51,0,177,192,-168,4798.63946700281,163,3132.64008138713,1195.28257469322,307.716810922463,0,0.0339679613608914,293,24.1855816090648,14,"schedule_interval_days",7,"interval","moderate_intensity"
2730,2729,1,0.272768410806681,1.13953656947348,0.427580921501947,0.0890526028421869,51,51,0,185,113,-247,5163.06871139791,152,3316.47630600487,1358.97771115229,335.614694240752,0,0.0294398561197621,320,25.8994727746794,15,"schedule_interval_days",7,"interval","moderate_intensity"
2850,2846,4,0.258346967267367,1.17278844987216,0.430938852047556,0.0471915832316052,51,51,0,193,256,-104,4808.46583235617,171,2812.67846588337,1445.44602696126,379.341339511534,9.09494701772928e-13,0.0355622782737357,351,23.6957519663545,16,"schedule_interval_days",7,"interval","moderate_intensity"
2480,2479,1,0.175165153373167,0.754329396735109,0.282013142683811,0.0666666666666667,51,51,0,161,206,-154,4828.418438263,102,3424.50930619051,1030.69319291267,271.215939159822,0,0.0211249296854011,242,23.9266133585987,17,"schedule_interval_days",7,"interval","moderate_intensity"
2920,2914,6,0.285857192619835,1.19412634201184,0.494546041665507,0.0576787240512196,51,51,0,220,358,-2,4566.49245781205,158,2693.7988831319,1354.30162096432,360.391953715827,0,0.0345998600588301,374,23.479334766921,18,"schedule_interval_days",7,"interval","moderate_intensity"
2734,2728,6,0.345091433604754,1.39982450315347,0.531827226109457,0.125594975748349,51,51,0,221,76,-284,4390.81167462756,127,2601.46699420594,1306.00669767366,356.337982747965,0,0.0289240371510064,381,24.2948078533434,19,"schedule_interval_days",7,"interval","moderate_intensity"
2799,2799,0,0.21702071025969,1,0.372249978331214,0.0438397581254724,51,51,0,178,112,-248,4722.95595592304,111,2911.13112088232,1364.2340239219,336.590811118822,9.09494701772928e-13,0.0235022306021709,310,24.0884043359151,20,"schedule_interval_days",7,"interval","moderate_intensity"
2796,2793,3,0.42743351993404,1.26247980929365,0.698554475812173,0.149032828665856,51,51,0,176,255,-105,5532.6806340349,383,3529.45428717623,1295.85369442263,324.372652436043,0,0.0692250330958799,296,29.0115040159589,21,"schedule_interval_days",7,"interval","moderate_intensity"
2685,2683,2,0.281752116212367,1.16042740782799,0.444768044829305,0.089181267203902,51,51,0,192,304,-56,5291.93496976864,176,3469.17282326672,1298.74048114886,348.021665353068,-9.09494701772928e-13,0.0332581562331055,318,24.9043908871418,22,"schedule_interval_days",7,"interval","moderate_intensity"
2820,2820,0,0.296584468705742,1.27321424253328,0.514290524099319,0.0376359618245616,51,51,0,228,165,-195,4316.49047346458,88,2531.1679924935,1343.07264766563,354.249833305448,0,0.020386932518669,380,23.8683097032559,23,"schedule_interval_days",7,"interval","moderate_intensity"
2759,2756,3,0.261569880621876,1.1224613282541,0.429291338106798,0.0772423382374573,51,51,0,213,269,-91,4193.65121028022,186,2344.16821790001,1334.35313677115,329.129855609051,0,0.0443527586519461,321,25.9774325196372,24,"schedule_interval_days",7,"interval","moderate_intensity"
2623,2622,1,0.257699678764846,1.0890004572931,0.412445031879909,0.0831087365327539,51,51,0,192,331,-29,5074.3517014161,161,3356.97543590451,1232.89216963926,323.484095872333,0,0.0317281910032112,300,24.0908372201601,25,"schedule_interval_days",7,"interval","moderate_intensity"
2872,2870,2,0.438253264751014,1.64458151956431,0.767818739211014,0.0555801008825504,51,51,0,255,349,-11,4636.20925871699,264,2626.43027485837,1359.66836242295,386.110621435669,0,0.0569430725120157,411,25.0992060817339,26,"schedule_interval_days",7,"interval","moderate_intensity"
2846,2843,3,0.277919309511743,1.17147270069263,0.450529150800031,0.0796071713725151,51,51,0,223,276,-84,4602.87720753781,172,2665.09655518387,1414.13759850103,351.643053852898,9.09494701772928e-13,0.0373679314578125,344,24.1589230145772,27,"schedule_interval_days",7,"interval","moderate_intensity"
2937,2936,1,0.363965449263922,1.47632480083765,0.59496821091728,0.0892082495345373,51,51,0,207,345,-15,5326.97787392236,160,3286.6490325746,1501.98696340749,378.341877940265,-9.09494701772928e-13,0.0300357921108069,396,25.8782571091799,28,"schedule_interval_days",7,"interval","moderate_intensity"
2921,2920,1,0.708154180098749,2,1.17453223389708,0.184834619732017,51,51,0,196,59,-301,5842.62817521855,673,3446.22707406103,1359.51721062818,363.883890529345,-9.09494701772928e-13,0.115187888021785,371,29.0174734760486,29,"schedule_interval_days",7,"interval","moderate_intensity"
2973,2972,1,0.491974161838719,1.56246900159407,0.758347925262084,0.176670610865139,51,51,0,221,334,-26,5611.81426796061,385,3275.39262850247,1554.03967708582,397.381962372314,0,0.0686052641118347,373,28.7237453581897,30,"schedule_interval_days",7,"interval","moderate_intensity"
2485,2370,115,10.8779127229234,21.8933477641905,15.1670735787065,6.00913553527761,35,35,0,151,183,-177,10588.1974223318,6779.86249617028,1748.66789890134,1615.35071720974,444.316310050486,0,0.640322637153582,234,135.925006059844,1,"schedule_interval_days",10,"interval","moderate_intensity"
2529,2273,256,14.0133074160934,23.3685710433889,19.6610375325673,6.98849009451693,35,35,0,145,45,-315,9964.68934951237,5492.08502314092,2385.95021903818,1634.13001958447,452.524087748802,1.81898940354586e-12,0.551154665289157,170,173.820000713682,2,"schedule_interval_days",10,"interval","moderate_intensity"
2470,2374,96,13.145260384125,20.609589892838,19.3197598861756,6.16153563315211,35,35,0,148,154,-206,10615.0441949383,6091.55162692331,2512.79278386715,1583.24709289568,427.452691252166,1.81898940354586e-12,0.57386022281735,229,142.082196493254,3,"schedule_interval_days",10,"interval","moderate_intensity"
2501,2300,201,11.8542880119949,23.3898339353668,15.6131069243843,7.30033432967697,35,35,0,155,52,-308,10688.4447278677,5880.45188397959,2674.20868141759,1683.80724849233,449.976913978165,0,0.550169087617365,192,168.276624329263,4,"schedule_interval_days",10,"interval","moderate_intensity"
2529,2297,232,13.6142604002429,26.6082759452856,17.4186689150363,8.99173896471772,35,35,0,149,32,-328,10698.1665970756,6257.03774817453,2294.5469447503,1676.91662943959,469.665274711186,0,0.584870098198407,160,202.638072379032,5,"schedule_interval_days",10,"interval","moderate_intensity"
2469,2432,37,2.62930912129037,8,3.81467074703812,1.35494423354109,35,35,0,179,201,-159,7004.29481626557,2614.35812350502,2830.39871331617,1239.32666958933,320.211309855058,0,0.373250725745279,241,60.9371988468676,6,"schedule_interval_days",10,"interval","moderate_intensity"
2544,2376,168,10.9266982229562,18.9611439388224,15.3128626177522,5.9745771320576,35,35,0,147,34,-326,10195.8083835634,6157.28944138199,2098.46823090833,1526.87803385177,413.172677421268,0,0.603903997578862,185,149.334425648757,7,"schedule_interval_days",10,"interval","moderate_intensity"
2436,2374,62,7.73906817278507,17.367204382588,11.0215525277358,4.02638389339739,35,35,0,149,63,-297,10488.117404913,6126.94071796167,2333.69847954202,1640.15500107264,387.323206336671,1.81898940354586e-12,0.584179265107349,295,105.957338010901,8,"schedule_interval_days",10,"interval","moderate_intensity"
2618,2453,165,10.2619827412482,19.548691026647,13.7490893511047,6.5790369504525,35,35,0,155,43,-317,10552.274212299,5595.32524182468,2848.79390513854,1674.1318565861,434.023208749696,-1.81898940354586e-12,0.530248279115335,178,173.192348046967,9,"schedule_interval_days",10,"interval","moderate_intensity"
2649,2532,117,1.69297708178075,6.55585541134469,2.40812546581132,0.984575380618386,35,35,0,174,134,-226,6956.66577643247,2285.07196401656,3102.94023438474,1249.25423248013,319.399345551026,0,0.328472293689579,229,41.7801384290714,10,"schedule_interval_days",10,"interval","moderate_intensity"
2518,2267,251,13.83009026162,24.3518630604561,18.6853622873911,7.75497332768607,35,35,0,150,73,-287,10501.1149822455,5926.31830789258,2541.4751792837,1597.60445197255,435.717043096653,-1.81898940354586e-12,0.564351339635112,163,177.807116339533,11,"schedule_interval_days",10,"interval","moderate_intensity"
2480,2391,89,7.46408657765397,17.4732665114218,9.99114068678601,4.64880083273233,35,35,0,156,193,-167,10396.3367116962,6514.57971081133,1899.23302987895,1555.98915065466,426.534820351297,0,0.626622616356991,232,125.593491004927,12,"schedule_interval_days",10,"interval","moderate_intensity"
2577,2308,269,15.7478525317112,23.3403396808822,22.6400406924998,7.46144310175539,35,35,0,158,73,-287,10254.0678118135,5755.57954213517,2485.22247335803,1538.20119156314,475.064604757208,0,0.561297199098319,169,172.044290756588,13,"schedule_interval_days",10,"interval","moderate_intensity"
2473,2300,173,12.9732674290904,25.9853423042816,18.5212356477454,6.25169054879676,35,35,0,161,62,-298,10669.4541550056,6460.19273665337,2163.76150659477,1594.88268575789,450.617225999532,-1.81898940354586e-12,0.605484839505363,227,144.150655864441,14,"schedule_interval_days",10,"interval","moderate_intensity"
2459,2379,80,4.65330493469603,9.57269723793067,6.32443670256662,2.7716016035817,35,35,0,155,243,-117,8397.3290645539,3890.90172167964,2788.11911304977,1350.49879761371,367.809432210781,0,0.463349916594741,230,85.2796828390028,15,"schedule_interval_days",10,"interval","moderate_intensity"
2537,2360,177,10.5301690230108,20.9323340065626,14.2398247520722,6.2809270060859,35,35,0,149,45,-315,10374.4100561919,5892.41143715717,2475.18227179393,1558.04376841713,448.772578823688,0,0.567975567308554,192,147.72586038575,16,"schedule_interval_days",10,"interval","moderate_intensity"
2583,2420,163,7.79676638903888,17.7222565971129,10.3088856552308,5.06808511714071,35,35,0,148,341,-19,10264.6962032858,5864.80147650727,2394.70624206603,1569.17845354995,436.010031162532,0,0.571356556527208,232,120.495459583874,17,"schedule_interval_days",10,"interval","moderate_intensity"
2464,2285,179,10.609895727455,19.3209823535895,14.1576709993301,6.24872807617435,35,35,0,154,101,-259,10207.2730109232,5612.669872557,2610.851500847,1548.77039083989,434.98124667931,0,0.549869672982261,170,157.903533143799,18,"schedule_interval_days",10,"interval","moderate_intensity"
2666,2389,277,14.4856636583717,25.2640011301737,19.5055144951555,8.8833500584182,35,35,0,156,152,-208,10674.6652617211,5883.41254201376,2615.08867929686,1680.49566512957,495.668375280945,3.63797880709171e-12,0.551156630935436,139,229.884754311378,19,"schedule_interval_days",10,"interval","moderate_intensity"
2496,2411,85,4.61985784837617,9.39724928880674,6.33848275164813,2.73847871881695,35,35,0,161,291,-69,9326.17725615165,4612.25817464181,2915.67522562806,1432.69355635616,365.550299525629,1.81898940354586e-12,0.49454970112213,239,96.2057559857086,20,"schedule_interval_days",10,"interval","moderate_intensity"
2581,2450,131,9.0089678900299,17.7426050888389,12.9892004405551,4.79460401300325,35,35,0,161,344,-16,10644.8250176178,6082.65234883985,2512.89374103027,1623.05961468518,426.219313062512,1.81898940354586e-12,0.571418725885367,223,142.313451319405,21,"schedule_interval_days",10,"interval","moderate_intensity"
2532,2413,119,4.70647048609127,9.43598058217385,6.45532018917051,2.79532510371499,35,35,0,163,182,-178,9528.81632392649,4785.48878627088,2857.89025598835,1500.14596096733,385.291320699932,-1.81898940354586e-12,0.502212302513871,253,85.0621373606017,22,"schedule_interval_days",10,"interval","moderate_intensity"
2522,2354,168,7.8416635580698,18.5241451414737,10.0554938256355,5.29191388975828,35,35,0,143,203,-157,9140.50365758284,4341.95850536981,2895.16040811306,1500.67467961845,402.710064481516,0,0.475023988614433,201,113.173281897631,23,"schedule_interval_days",10,"interval","moderate_intensity"
2537,2532,5,0.404224254048855,1.16553136658207,0.609924931519089,0.200464149007585,35,35,0,198,318,-42,4777.95409911554,482.49886452271,2901.72179609477,1110.72429024076,283.009148257306,-9.09494701772928e-13,0.100984407659342,239,27.4049062109697,24,"schedule_interval_days",10,"interval","moderate_intensity"
2369,2260,109,9.18096160020415,19.1094128281658,12.4324603068212,5.08407322986667,35,35,0,140,293,-67,10275.5721339231,5776.88286039953,2547.60202120867,1516.42403662792,434.663215686934,0,0.562195738116434,211,138.870609460848,25,"schedule_interval_days",10,"interval","moderate_intensity"
2680,2439,241,11.236178058562,26.0158473516741,13.6919548781355,8.61168374756747,35,35,0,162,94,-266,10632.2015861466,5582.54511444981,2860.10673600229,1725.22352406252,464.326211631969,0,0.525060126937744,187,166.026365873839,26,"schedule_interval_days",10,"interval","moderate_intensity"
2626,2546,80,3.58800340075002,8.33565569049685,5.52598643636924,1.68920198171408,35,35,0,150,281,-79,8430.08301582571,4026.4732726154,2714.42502569931,1333.80854845444,355.376169056552,1.81898940354586e-12,0.477631509091494,246,70.6321350855123,27,"schedule_interval_days",10,"interval","moderate_intensity"
2504,2316,188,9.42268557852571,19.3465489498261,12.7675408800504,5.43166504829742,35,35,0,147,53,-307,10479.6868827483,6397.23738885247,2030.09415029169,1633.43225975473,418.923083849408,-1.81898940354586e-12,0.610441653498601,218,145.913883787364,28,"schedule_interval_days",10,"interval","moderate_intensity"
2490,2347,143,10.7579058709208,19.6770249516656,14.3282219799958,6.61936097907667,35,35,0,167,63,-297,10523.4113182226,6218.28724081858,2262.19346686966,1619.8029925489,423.127617985413,1.81898940354586e-12,0.590900331915266,188,162.021096503837,29,"schedule_interval_days",10,"interval","moderate_intensity"
2569,2332,237,13.4087890325329,26.6155206762026,17.4533254858884,8.65494954444724,35,35,0,148,83,-277,10700.7516250584,6210.34978187771,2319.02042127455,1709.94436401254,461.437057893581,0,0.58036575368544,155,209.461165573278,30,"schedule_interval_days",10,"interval","moderate_intensity"
2230,1877,353,25.1658073759969,47.5134468481303,27.9799263873592,22.5734766592866,25,25,0,117,169,-191,10685.0815713171,7063.0235846678,1854.5934220385,1397.91189454895,369.55267006185,-1.81898940354586e-12,0.66101728260341,72,411.103479912038,1,"schedule_interval_days",14,"interval","moderate_intensity"
2268,1813,455,24.2795096050417,49.6116290889474,28.055313787949,20.5574682418253,25,25,0,126,74,-286,10602.8682556382,7201.67551217251,1673.04790877801,1356.79792219183,371.346912495845,1.81898940354586e-12,0.679219560079221,76,365.69300943004,2,"schedule_interval_days",14,"interval","moderate_intensity"
2341,1855,486,35.3752709393787,63.496248598306,39.3099467436616,31.6671995007876,25,25,0,117,282,-78,10701.588373551,6889.99162405484,1958.13280020907,1429.31504505968,424.148904227437,1.81898940354586e-12,0.643828876943487,56,529.992513256572,3,"schedule_interval_days",14,"interval","moderate_intensity"
2185,1862,323,25.3123315079899,48.0332363288459,29.412619155817,21.4763035630374,25,25,0,119,59,-301,10709.0533614828,6978.24913652076,1993.57985876185,1357.8732611518,379.351105048366,0,0.65162147399689,96,341.942757089523,4,"schedule_interval_days",14,"interval","moderate_intensity"
2361,1805,556,33.4625312726737,61.542504656949,37.2552142946778,29.6908023005149,25,25,0,127,45,-315,10706.6482732347,6798.65373187149,1972.24355769603,1495.64478481496,440.106198852177,1.81898940354586e-12,0.634993656125541,57,552.385996753225,5,"schedule_interval_days",14,"interval","moderate_intensity"
2337,1899,438,25.3053228543265,52.7262730990211,28.8279775620637,22.1317600545633,25,25,0,121,256,-104,10527.5956444354,6509.02616127887,2245.69033908412,1365.73734728487,407.141796787539,-1.81898940354586e-12,0.618282310711598,72,348.566648343086,6,"schedule_interval_days",14,"interval","moderate_intensity"
2254,1912,342,22.8024212505512,41.0896187531813,27.170526987814,18.9177422351989,25,25,0,134,59,-301,10712.5810791041,6928.85906379976,2036.45979052092,1371.60099738982,375.661227393602,0,0.646796417467976,73,423.493199542325,7,"schedule_interval_days",14,"interval","moderate_intensity"
2192,1790,402,24.2379234692827,47.4736563639716,27.6544629614733,20.7829958929102,25,25,0,126,88,-272,10733.6965120797,7081.19431306991,1814.34288801399,1443.13031407392,395.028996921886,1.81898940354586e-12,0.659716278087491,79,381.582122672211,8,"schedule_interval_days",14,"interval","moderate_intensity"
2301,1870,431,27.6172252404357,52.4851756338161,32.3575880558716,23.2189504632271,25,25,0,121,45,-315,10714.6728682387,6669.54759778862,2158.63236856247,1459.82002107374,426.672880813848,-3.63797880709171e-12,0.62246861661629,78,407.115926223472,9,"schedule_interval_days",14,"interval","moderate_intensity"
2309,1841,468,28.2582885614695,54.1584208150337,32.0724262032549,24.6103354503038,25,25,0,133,46,-314,10733.0830253621,6690.2636385563,2220.84276973707,1411.27594909193,410.700667976806,0,0.623331024529235,73,443.358064494144,10,"schedule_interval_days",14,"interval","moderate_intensity"
2218,1873,345,22.1704043052265,42.2254956388632,27.2917579403587,17.4332837794105,25,25,0,133,46,-314,10695.3660844303,6668.35682609705,2289.53897674146,1367.31031087318,370.159970718657,0,0.623480933093486,97,318.007148406208,11,"schedule_interval_days",14,"interval","moderate_intensity"
2302,1906,396,23.1664161131095,47.3017557996289,27.2331134710852,19.5282176815209,25,25,0,133,45,-315,10639.4176357018,6624.43821106058,2238.87706092979,1397.83328516381,378.269078547584,-1.81898940354586e-12,0.622631655028893,75,387.645327079914,12,"schedule_interval_days",14,"interval","moderate_intensity"
2170,1810,360,24.6624554348618,48.6800596068539,28.7100820230503,20.6593082597304,25,25,0,126,326,-34,10640.1364030497,7009.30191046234,1894.09902947763,1337.33357226487,399.401890844871,0,0.658760531345567,84,384.976645509211,13,"schedule_interval_days",14,"interval","moderate_intensity"
2231,1773,458,32.7702912241701,55.3198430223318,36.7902621459964,28.6259913047615,25,25,0,119,200,-160,10741.6229361416,7165.11952657071,1721.14345368008,1436.1196001767,419.240355714123,1.81898940354586e-12,0.667042547403401,68,446.068759231207,14,"schedule_interval_days",14,"interval","moderate_intensity"
2222,1853,369,27.4729802679356,54.1455629602133,31.5868469938898,23.5879015130995,25,25,0,127,46,-314,10721.7020854525,6917.8411886254,1974.57496729544,1409.04396282196,420.241966709676,-1.81898940354586e-12,0.645218560774201,70,420.606894354279,15,"schedule_interval_days",14,"interval","moderate_intensity"
2276,1790,486,32.818201987255,56.79297789657,37.0601879639968,28.5285532467296,25,25,0,115,115,-245,10710.2722722183,6957.46876636961,1901.90142960789,1438.25776189348,412.644314347312,0,0.649607086499267,53,592.548440981152,16,"schedule_interval_days",14,"interval","moderate_intensity"
2263,1870,393,23.6108990353049,45.5331543937475,26.8921296884,20.5664582231549,25,25,0,133,45,-315,10671.3506445951,7016.08095395856,1866.78836824061,1398.56623678352,389.915085612443,-1.81898940354586e-12,0.657468879772224,79,377.456993363133,17,"schedule_interval_days",14,"interval","moderate_intensity"
2243,1861,382,24.1187678324046,41.1443434137235,28.7000480495159,19.8282868798551,25,25,0,122,241,-119,10709.4963467381,6825.10233081941,2127.21620716703,1379.50398936343,377.673819388183,0,0.637294426352574,78,397.808688804133,18,"schedule_interval_days",14,"interval","moderate_intensity"
2310,1867,443,29.607030393888,54.2770542319019,34.7357940570437,24.8336205729571,25,25,0,138,61,-299,10694.7210864014,6641.74542020167,2250.32952428395,1388.53609122256,414.110050693234,-1.81898940354586e-12,0.621030260307283,58,524.73550981929,19,"schedule_interval_days",14,"interval","moderate_intensity"
2122,1770,352,22.5893366879458,41.5194947670882,26.1216295266778,18.9352406478782,25,25,0,121,44,-316,10623.9348955168,7185.89562458264,1721.59926623799,1339.4866174344,376.953387261799,-1.81898940354586e-12,0.676387392736659,80,372.817601167569,20,"schedule_interval_days",14,"interval","moderate_intensity"
2376,1894,482,33.3097019924785,62.0280426194187,37.8812364338023,29.1704856975172,25,25,0,128,45,-315,10742.8093101521,7145.4030881821,1785.23358682286,1408.47227390598,403.700361241161,0,0.66513356812818,57,562.837163441945,21,"schedule_interval_days",14,"interval","moderate_intensity"
2255,1872,383,26.3335851813644,50.069251335955,29.7306152480553,23.1881869714655,25,25,0,122,46,-314,10646.2657290115,6247.11475179519,2662.57800707593,1369.28391512013,367.289055020271,1.81898940354586e-12,0.586789294087554,60,463.277324215402,22,"schedule_interval_days",14,"interval","moderate_intensity"
2158,1775,383,26.0903478130744,53.3026781113475,30.1725957862316,21.8914641835413,25,25,0,115,341,-19,10674.1379826759,6960.65365455379,1937.80202679413,1375.87024968664,399.812051641294,-1.81898940354586e-12,0.652104522711899,95,329.855825084757,23,"schedule_interval_days",14,"interval","moderate_intensity"
2200,1863,337,23.3970156532558,43.4181382749248,26.9807303163,20.0477496130277,25,25,0,131,46,-314,10710.8956527608,6859.52551986177,2069.51409164156,1390.56363728398,391.292403973536,0,0.640425016006356,86,353.306320441586,24,"schedule_interval_days",14,"interval","moderate_intensity"
2305,1906,399,25.2593283295534,47.1094288606287,29.6681511673265,21.3150534249851,25,25,0,127,73,-287,10708.740087324,7168.07893430946,1777.87263149861,1381.26945464655,381.519066869399,0,0.669367159521814,81,380.120297880523,25,"schedule_interval_days",14,"interval","moderate_intensity"
2213,1862,351,24.123114114141,46.7050811450938,27.4277633013292,21.0314464753994,25,25,0,131,270,-90,10709.3622472995,6757.75510728957,2223.60215659816,1358.37787852606,369.627104885695,0,0.63101377572634,68,415.909921131221,26,"schedule_interval_days",14,"interval","moderate_intensity"
2174,1828,346,25.9821423842874,46.3391396760145,31.2602547533866,20.8632834056352,25,25,0,125,74,-286,10720.2150995344,6493.08650336987,2497.04663985798,1328.46129051245,401.620665794123,0,0.605686214603275,82,374.519381637264,27,"schedule_interval_days",14,"interval","moderate_intensity"
2218,1807,411,27.3916992411262,53.1188077098927,30.8267234668133,23.9831856764974,25,25,0,122,45,-315,10646.9924444605,7039.18739024876,1841.81886047662,1382.00577839566,383.980415339505,0,0.661143269046944,71,410.266236184521,28,"schedule_interval_days",14,"interval","moderate_intensity"
2338,1826,512,32.9315250212268,62.0075088370416,36.9904911225635,28.9865255706836,25,25,0,117,200,-160,10689.6013081878,6913.05376508442,1892.97701338102,1460.98138551187,422.58914421051,0,0.646708288342736,57,551.159654303902,29,"schedule_interval_days",14,"interval","moderate_intensity"
2210,1847,363,25.4828637392515,50.202838202492,29.9748631045115,21.2138041524151,25,25,0,119,47,-313,10732.0469071124,7148.00326365813,1761.89773773569,1422.24834717201,399.897558546555,0,0.666042864471733,76,430.144260471968,30,"schedule_interval_days",14,"interval","moderate_intensity"
