"stage","replication","day","n_decisions","daily_rate","cumulative_rate","intensity"
"Stabilisation",1,1,3,0,0,"Moderate intensity"
"Stabilisation",1,2,0,NA,0,"Moderate intensity"
"Stabilisation",1,3,3,0.333333333333333,0.166666666666667,"Moderate intensity"
"Stabilisation",1,4,0,NA,0.166666666666667,"Moderate intensity"
"Stabilisation",1,5,2,0,0.125,"Moderate intensity"
"Stabilisation",1,6,3,0.333333333333333,0.181818181818182,"Moderate intensity"
"Stabilisation",1,7,3,0,0.142857142857143,"Moderate intensity"
"Stabilisation",1,8,1,1,0.2,"Moderate intensity"
"Stabilisation",1,9,5,0.6,0.3,"Moderate intensity"
"Stabilisation",1,10,3,0.666666666666667,0.347826086956522,"Moderate intensity"
"Stabilisation",1,11,3,0.666666666666667,0.384615384615385,"Moderate intensity"
"Stabilisation",1,12,3,0.333333333333333,0.379310344827586,"Moderate intensity"
"Stabilisation",1,13,6,0.5,0.4,"Moderate intensity"
"Stabilisation",1,14,4,0.25,0.384615384615385,"Moderate intensity"
"Stabilisation",1,15,0,NA,0.384615384615385,"Moderate intensity"
"Stabilisation",1,16,1,0,0.375,"Moderate intensity"
"Stabilisation",1,17,2,0,0.357142857142857,"Moderate intensity"
"Stabilisation",1,18,4,0.25,0.347826086956522,"Moderate intensity"
"Stabilisation",1,19,3,1,0.387755102040816,"Moderate intensity"
"Stabilisation",1,20,0,NA,0.387755102040816,"Moderate intensity"
"Stabilisation",1,21,7,0.428571428571429,0.392857142857143,"Moderate intensity"
"Stabilisation",1,22,2,0,0.379310344827586,"Moderate intensity"
"Stabilisation",1,23,2,0.5,0.383333333333333,"Moderate intensity"
"Stabilisation",1,24,4,0.75,0.40625,"Moderate intensity"
"Stabilisation",1,25,3,0,0.388059701492537,"Moderate intensity"
"Stabilisation",1,26,0,NA,0.388059701492537,"Moderate intensity"
"Stabilisation",1,27,1,0,0.382352941176471,"Moderate intensity"
"Stabilisation",1,28,2,0,0.371428571428571,"Moderate intensity"
"Stabilisation",1,29,2,1,0.388888888888889,"Moderate intensity"
"Stabilisation",1,30,4,0.5,0.394736842105263,"Moderate intensity"
"Stabilisation",2,1,2,0,0,"Moderate intensity"
"Stabilisation",2,2,2,0.5,0.25,"Moderate intensity"
"Stabilisation",2,3,1,0,0.2,"Moderate intensity"
"Stabilisation",2,4,5,0.4,0.3,"Moderate intensity"
"Stabilisation",2,5,3,0.666666666666667,0.384615384615385,"Moderate intensity"
"Stabilisation",2,6,0,NA,0.384615384615385,"Moderate intensity"
"Stabilisation",2,7,1,0,0.357142857142857,"Moderate intensity"
"Stabilisation",2,8,4,0.5,0.388888888888889,"Moderate intensity"
"Stabilisation",2,9,1,1,0.421052631578947,"Moderate intensity"
"Stabilisation",2,10,4,0.5,0.434782608695652,"Moderate intensity"
"Stabilisation",2,11,5,1,0.535714285714286,"Moderate intensity"
"Stabilisation",2,12,2,0,0.5,"Moderate intensity"
"Stabilisation",2,13,2,0.5,0.5,"Moderate intensity"
"Stabilisation",2,14,2,0.5,0.5,"Moderate intensity"
"Stabilisation",2,15,0,NA,0.5,"Moderate intensity"
"Stabilisation",2,16,3,0,0.459459459459459,"Moderate intensity"
"Stabilisation",2,17,6,0.333333333333333,0.441860465116279,"Moderate intensity"
"Stabilisation",2,18,6,0.666666666666667,0.469387755102041,"Moderate intensity"
"Stabilisation",2,19,4,0.5,0.471698113207547,"Moderate intensity"
"Stabilisation",2,20,8,0.5,0.475409836065574,"Moderate intensity"
"Stabilisation",2,21,9,0.333333333333333,0.457142857142857,"Moderate intensity"
"Stabilisation",2,22,6,1,0.5,"Moderate intensity"
"Stabilisation",2,23,5,1,0.530864197530864,"Moderate intensity"
"Stabilisation",2,24,3,1,0.547619047619048,"Moderate intensity"
"Stabilisation",2,25,4,0.5,0.545454545454545,"Moderate intensity"
"Stabilisation",2,26,5,0.6,0.548387096774194,"Moderate intensity"
"Stabilisation",2,27,3,0.333333333333333,0.541666666666667,"Moderate intensity"
"Stabilisation",2,28,4,0.75,0.55,"Moderate intensity"
"Stabilisation",2,29,1,1,0.554455445544555,"Moderate intensity"
"Stabilisation",2,30,6,0,0.523364485981308,"Moderate intensity"
"Stabilisation",3,1,6,0.5,0.5,"Moderate intensity"
"Stabilisation",3,2,4,0.25,0.4,"Moderate intensity"
"Stabilisation",3,3,2,0.5,0.416666666666667,"Moderate intensity"
"Stabilisation",3,4,0,NA,0.416666666666667,"Moderate intensity"
"Stabilisation",3,5,1,0,0.384615384615385,"Moderate intensity"
"Stabilisation",3,6,2,0,0.333333333333333,"Moderate intensity"
"Stabilisation",3,7,0,NA,0.333333333333333,"Moderate intensity"
"Stabilisation",3,8,3,0,0.277777777777778,"Moderate intensity"
"Stabilisation",3,9,5,0,0.217391304347826,"Moderate intensity"
"Stabilisation",3,10,3,0,0.192307692307692,"Moderate intensity"
"Stabilisation",3,11,2,0.5,0.214285714285714,"Moderate intensity"
"Stabilisation",3,12,4,0.5,0.25,"Moderate intensity"
"Stabilisation",3,13,5,1,0.351351351351351,"Moderate intensity"
"Stabilisation",3,14,1,1,0.368421052631579,"Moderate intensity"
"Stabilisation",3,15,10,0.7,0.4375,"Moderate intensity"
"Stabilisation",3,16,9,0.444444444444444,0.43859649122807,"Moderate intensity"
"Stabilisation",3,17,3,1,0.466666666666667,"Moderate intensity"
"Stabilisation",3,18,6,0.833333333333333,0.5,"Moderate intensity"
"Stabilisation",3,19,5,0.8,0.52112676056338,"Moderate intensity"
"Stabilisation",3,20,5,0.4,0.513157894736842,"Moderate intensity"
"Stabilisation",3,21,4,0.25,0.5,"Moderate intensity"
"Stabilisation",3,22,3,1,0.518072289156627,"Moderate intensity"
"Stabilisation",3,23,8,0.375,0.505494505494505,"Moderate intensity"
"Stabilisation",3,24,6,0.666666666666667,0.515463917525773,"Moderate intensity"
"Stabilisation",3,25,1,1,0.520408163265306,"Moderate intensity"
"Stabilisation",3,26,0,NA,0.520408163265306,"Moderate intensity"
"Stabilisation",3,27,1,0,0.515151515151515,"Moderate intensity"
"Stabilisation",3,28,6,0.333333333333333,0.504761904761905,"Moderate intensity"
"Stabilisation",3,29,4,0.5,0.504587155963303,"Moderate intensity"
"Stabilisation",3,30,11,0.727272727272727,0.525,"Moderate intensity"
"Stabilisation",4,1,3,0,0,"Moderate intensity"
"Stabilisation",4,2,7,0.285714285714286,0.2,"Moderate intensity"
"Stabilisation",4,3,8,0.5,0.333333333333333,"Moderate intensity"
"Stabilisation",4,4,1,1,0.368421052631579,"Moderate intensity"
"Stabilisation",4,5,7,1,0.538461538461538,"Moderate intensity"
"Stabilisation",4,6,8,1,0.647058823529412,"Moderate intensity"
"Stabilisation",4,7,7,0.857142857142857,0.682926829268293,"Moderate intensity"
"Stabilisation",4,8,6,1,0.723404255319149,"Moderate intensity"
"Stabilisation",4,9,9,1,0.767857142857143,"Moderate intensity"
"Stabilisation",4,10,1,1,0.771929824561403,"Moderate intensity"
"Stabilisation",4,11,6,1,0.793650793650794,"Moderate intensity"
"Stabilisation",4,12,5,1,0.808823529411765,"Moderate intensity"
"Stabilisation",4,13,8,1,0.828947368421053,"Moderate intensity"
"Stabilisation",4,14,7,1,0.843373493975904,"Moderate intensity"
"Stabilisation",4,15,3,1,0.848837209302326,"Moderate intensity"
"Stabilisation",4,16,8,1,0.861702127659574,"Moderate intensity"
"Stabilisation",4,17,2,1,0.864583333333333,"Moderate intensity"
"Stabilisation",4,18,6,1,0.872549019607843,"Moderate intensity"
"Stabilisation",4,19,3,1,0.876190476190476,"Moderate intensity"
"Stabilisation",4,20,3,1,0.87962962962963,"Moderate intensity"
"Stabilisation",4,21,2,1,0.881818181818182,"Moderate intensity"
"Stabilisation",4,22,2,1,0.883928571428571,"Moderate intensity"
"Stabilisation",4,23,3,1,0.88695652173913,"Moderate intensity"
"Stabilisation",4,24,2,1,0.888888888888889,"Moderate intensity"
"Stabilisation",4,25,2,1,0.890756302521008,"Moderate intensity"
"Stabilisation",4,26,1,1,0.891666666666667,"Moderate intensity"
"Stabilisation",4,27,1,1,0.892561983471074,"Moderate intensity"
"Stabilisation",4,28,0,NA,0.892561983471074,"Moderate intensity"
"Stabilisation",4,29,5,1,0.896825396825397,"Moderate intensity"
"Stabilisation",4,30,2,1,0.8984375,"Moderate intensity"
"Stabilisation",5,1,7,0.428571428571429,0.428571428571429,"Moderate intensity"
"Stabilisation",5,2,4,0,0.272727272727273,"Moderate intensity"
"Stabilisation",5,3,4,0.25,0.266666666666667,"Moderate intensity"
"Stabilisation",5,4,4,1,0.421052631578947,"Moderate intensity"
"Stabilisation",5,5,3,0.666666666666667,0.454545454545455,"Moderate intensity"
"Stabilisation",5,6,1,0,0.434782608695652,"Moderate intensity"
"Stabilisation",5,7,3,0,0.384615384615385,"Moderate intensity"
"Stabilisation",5,8,1,0,0.37037037037037,"Moderate intensity"
"Stabilisation",5,9,2,0.5,0.379310344827586,"Moderate intensity"
"Stabilisation",5,10,1,1,0.4,"Moderate intensity"
"Stabilisation",5,11,1,0,0.387096774193548,"Moderate intensity"
"Stabilisation",5,12,3,0,0.352941176470588,"Moderate intensity"
"Stabilisation",5,13,1,0,0.342857142857143,"Moderate intensity"
"Stabilisation",5,14,1,0,0.333333333333333,"Moderate intensity"
"Stabilisation",5,15,6,0.333333333333333,0.333333333333333,"Moderate intensity"
"Stabilisation",5,16,6,0.333333333333333,0.333333333333333,"Moderate intensity"
"Stabilisation",5,17,3,0.666666666666667,0.352941176470588,"Moderate intensity"
"Stabilisation",5,18,2,1,0.377358490566038,"Moderate intensity"
"Stabilisation",5,19,5,0.2,0.362068965517241,"Moderate intensity"
"Stabilisation",5,20,5,0.8,0.396825396825397,"Moderate intensity"
"Stabilisation",5,21,0,NA,0.396825396825397,"Moderate intensity"
"Stabilisation",5,22,3,0.333333333333333,0.393939393939394,"Moderate intensity"
"Stabilisation",5,23,1,1,0.402985074626866,"Moderate intensity"
"Stabilisation",5,24,0,NA,0.402985074626866,"Moderate intensity"
"Stabilisation",5,25,4,0.25,0.394366197183099,"Moderate intensity"
"Stabilisation",5,26,4,0,0.373333333333333,"Moderate intensity"
"Stabilisation",5,27,1,0,0.368421052631579,"Moderate intensity"
"Stabilisation",5,28,7,0.285714285714286,0.36144578313253,"Moderate intensity"
"Stabilisation",5,29,4,1,0.390804597701149,"Moderate intensity"
"Stabilisation",5,30,2,0.5,0.393258426966292,"Moderate intensity"
"Stabilisation",6,1,0,NA,NA,"Moderate intensity"
"Stabilisation",6,2,5,0.2,0.2,"Moderate intensity"
"Stabilisation",6,3,1,1,0.333333333333333,"Moderate intensity"
"Stabilisation",6,4,1,1,0.428571428571429,"Moderate intensity"
"Stabilisation",6,5,1,0,0.375,"Moderate intensity"
"Stabilisation",6,6,4,0,0.25,"Moderate intensity"
"Stabilisation",6,7,2,1,0.357142857142857,"Moderate intensity"
"Stabilisation",6,8,9,0.555555555555556,0.434782608695652,"Moderate intensity"
"Stabilisation",6,9,5,0.8,0.5,"Moderate intensity"
"Stabilisation",6,10,3,0.333333333333333,0.483870967741935,"Moderate intensity"
"Stabilisation",6,11,3,0.666666666666667,0.5,"Moderate intensity"
"Stabilisation",6,12,0,NA,0.5,"Moderate intensity"
"Stabilisation",6,13,0,NA,0.5,"Moderate intensity"
"Stabilisation",6,14,0,NA,0.5,"Moderate intensity"
"Stabilisation",6,15,2,0,0.472222222222222,"Moderate intensity"
"Stabilisation",6,16,6,0.833333333333333,0.523809523809524,"Moderate intensity"
"Stabilisation",6,17,2,1,0.545454545454545,"Moderate intensity"
"Stabilisation",6,18,5,0.2,0.510204081632653,"Moderate intensity"
"Stabilisation",6,19,3,0.333333333333333,0.5,"Moderate intensity"
"Stabilisation",6,20,1,0,0.490566037735849,"Moderate intensity"
"Stabilisation",6,21,1,0,0.481481481481481,"Moderate intensity"
"Stabilisation",6,22,4,0.25,0.46551724137931,"Moderate intensity"
"Stabilisation",6,23,5,0.8,0.492063492063492,"Moderate intensity"
"Stabilisation",6,24,2,0,0.476923076923077,"Moderate intensity"
"Stabilisation",6,25,1,0,0.46969696969697,"Moderate intensity"
"Stabilisation",6,26,2,0,0.455882352941176,"Moderate intensity"
"Stabilisation",6,27,2,0,0.442857142857143,"Moderate intensity"
"Stabilisation",6,28,0,NA,0.442857142857143,"Moderate intensity"
"Stabilisation",6,29,6,0.333333333333333,0.434210526315789,"Moderate intensity"
"Stabilisation",6,30,2,0.5,0.435897435897436,"Moderate intensity"
"Stabilisation",7,1,2,0,0,"Moderate intensity"
"Stabilisation",7,2,3,0.333333333333333,0.2,"Moderate intensity"
"Stabilisation",7,3,4,0.5,0.333333333333333,"Moderate intensity"
"Stabilisation",7,4,0,NA,0.333333333333333,"Moderate intensity"
"Stabilisation",7,5,2,0.5,0.363636363636364,"Moderate intensity"
"Stabilisation",7,6,8,1,0.631578947368421,"Moderate intensity"
"Stabilisation",7,7,4,0.5,0.608695652173913,"Moderate intensity"
"Stabilisation",7,8,7,0.428571428571429,0.566666666666667,"Moderate intensity"
"Stabilisation",7,9,2,0.5,0.5625,"Moderate intensity"
"Stabilisation",7,10,3,0.333333333333333,0.542857142857143,"Moderate intensity"
"Stabilisation",7,11,3,0.666666666666667,0.552631578947368,"Moderate intensity"
"Stabilisation",7,12,3,0.333333333333333,0.536585365853659,"Moderate intensity"
"Stabilisation",7,13,4,0.25,0.511111111111111,"Moderate intensity"
"Stabilisation",7,14,1,0,0.5,"Moderate intensity"
"Stabilisation",7,15,0,NA,0.5,"Moderate intensity"
"Stabilisation",7,16,6,0.333333333333333,0.480769230769231,"Moderate intensity"
"Stabilisation",7,17,4,0.25,0.464285714285714,"Moderate intensity"
"Stabilisation",7,18,1,0,0.456140350877193,"Moderate intensity"
"Stabilisation",7,19,3,0,0.433333333333333,"Moderate intensity"
"Stabilisation",7,20,2,0.5,0.435483870967742,"Moderate intensity"
"Stabilisation",7,21,0,NA,0.435483870967742,"Moderate intensity"
"Stabilisation",7,22,1,0,0.428571428571429,"Moderate intensity"
"Stabilisation",7,23,2,0,0.415384615384615,"Moderate intensity"
"Stabilisation",7,24,5,0.2,0.4,"Moderate intensity"
"Stabilisation",7,25,2,0.5,0.402777777777778,"Moderate intensity"
"Stabilisation",7,26,1,0,0.397260273972603,"Moderate intensity"
"Stabilisation",7,27,3,0.666666666666667,0.407894736842105,"Moderate intensity"
"Stabilisation",7,28,4,0.75,0.425,"Moderate intensity"
"Stabilisation",7,29,2,1,0.439024390243902,"Moderate intensity"
"Stabilisation",7,30,6,0.333333333333333,0.431818181818182,"Moderate intensity"
"Stabilisation",8,1,0,NA,NA,"Moderate intensity"
"Stabilisation",8,2,1,0,0,"Moderate intensity"
"Stabilisation",8,3,1,0,0,"Moderate intensity"
"Stabilisation",8,4,3,0,0,"Moderate intensity"
"Stabilisation",8,5,1,1,0.166666666666667,"Moderate intensity"
"Stabilisation",8,6,6,0.666666666666667,0.416666666666667,"Moderate intensity"
"Stabilisation",8,7,3,0.666666666666667,0.466666666666667,"Moderate intensity"
"Stabilisation",8,8,6,0.5,0.476190476190476,"Moderate intensity"
"Stabilisation",8,9,6,0.5,0.481481481481481,"Moderate intensity"
"Stabilisation",8,10,7,0.857142857142857,0.558823529411765,"Moderate intensity"
"Stabilisation",8,11,1,0,0.542857142857143,"Moderate intensity"
"Stabilisation",8,12,0,NA,0.542857142857143,"Moderate intensity"
"Stabilisation",8,13,2,0.5,0.540540540540541,"Moderate intensity"
"Stabilisation",8,14,3,0.333333333333333,0.525,"Moderate intensity"
"Stabilisation",8,15,4,0.75,0.545454545454545,"Moderate intensity"
"Stabilisation",8,16,0,NA,0.545454545454545,"Moderate intensity"
"Stabilisation",8,17,3,0,0.51063829787234,"Moderate intensity"
"Stabilisation",8,18,6,0.666666666666667,0.528301886792453,"Moderate intensity"
"Stabilisation",8,19,9,0.777777777777778,0.564516129032258,"Moderate intensity"
"Stabilisation",8,20,2,1,0.578125,"Moderate intensity"
"Stabilisation",8,21,4,0.5,0.573529411764706,"Moderate intensity"
"Stabilisation",8,22,6,0.5,0.567567567567568,"Moderate intensity"
"Stabilisation",8,23,2,0,0.552631578947368,"Moderate intensity"
"Stabilisation",8,24,7,0.428571428571429,0.542168674698795,"Moderate intensity"
"Stabilisation",8,25,9,0.555555555555556,0.543478260869565,"Moderate intensity"
"Stabilisation",8,26,1,1,0.548387096774194,"Moderate intensity"
"Stabilisation",8,27,3,1,0.5625,"Moderate intensity"
"Stabilisation",8,28,7,0.571428571428571,0.563106796116505,"Moderate intensity"
"Stabilisation",8,29,5,0,0.537037037037037,"Moderate intensity"
"Stabilisation",8,30,2,0,0.527272727272727,"Moderate intensity"
"Stabilisation",9,1,1,0,0,"Moderate intensity"
"Stabilisation",9,2,2,0,0,"Moderate intensity"
"Stabilisation",9,3,7,0.428571428571429,0.3,"Moderate intensity"
"Stabilisation",9,4,3,0,0.230769230769231,"Moderate intensity"
"Stabilisation",9,5,2,1,0.333333333333333,"Moderate intensity"
"Stabilisation",9,6,4,0.75,0.421052631578947,"Moderate intensity"
"Stabilisation",9,7,7,0.571428571428571,0.461538461538462,"Moderate intensity"
"Stabilisation",9,8,4,0.25,0.433333333333333,"Moderate intensity"
"Stabilisation",9,9,0,NA,0.433333333333333,"Moderate intensity"
"Stabilisation",9,10,3,0.333333333333333,0.424242424242424,"Moderate intensity"
"Stabilisation",9,11,4,0.25,0.405405405405405,"Moderate intensity"
"Stabilisation",9,12,2,1,0.435897435897436,"Moderate intensity"
"Stabilisation",9,13,3,1,0.476190476190476,"Moderate intensity"
"Stabilisation",9,14,4,0.5,0.478260869565217,"Moderate intensity"
"Stabilisation",9,15,5,0.2,0.450980392156863,"Moderate intensity"
"Stabilisation",9,16,4,0.25,0.436363636363636,"Moderate intensity"
"Stabilisation",9,17,2,0.5,0.43859649122807,"Moderate intensity"
"Stabilisation",9,18,0,NA,0.43859649122807,"Moderate intensity"
"Stabilisation",9,19,6,0.333333333333333,0.428571428571429,"Moderate intensity"
"Stabilisation",9,20,1,1,0.4375,"Moderate intensity"
"Stabilisation",9,21,2,0.5,0.439393939393939,"Moderate intensity"
"Stabilisation",9,22,3,0.333333333333333,0.434782608695652,"Moderate intensity"
"Stabilisation",9,23,7,0.428571428571429,0.434210526315789,"Moderate intensity"
"Stabilisation",9,24,2,1,0.448717948717949,"Moderate intensity"
"Stabilisation",9,25,3,1,0.469135802469136,"Moderate intensity"
"Stabilisation",9,26,3,1,0.488095238095238,"Moderate intensity"
"Stabilisation",9,27,4,0.25,0.477272727272727,"Moderate intensity"
"Stabilisation",9,28,4,0.25,0.467391304347826,"Moderate intensity"
"Stabilisation",9,29,6,0.5,0.469387755102041,"Moderate intensity"
"Stabilisation",9,30,0,NA,0.469387755102041,"Moderate intensity"
"Stabilisation",10,1,1,0,0,"Moderate intensity"
"Stabilisation",10,2,4,1,0.8,"Moderate intensity"
"Stabilisation",10,3,4,1,0.888888888888889,"Moderate intensity"
"Stabilisation",10,4,13,0.461538461538462,0.636363636363636,"Moderate intensity"
"Stabilisation",10,5,5,0.2,0.555555555555556,"Moderate intensity"
"Stabilisation",10,6,1,1,0.571428571428571,"Moderate intensity"
"Stabilisation",10,7,0,NA,0.571428571428571,"Moderate intensity"
"Stabilisation",10,8,2,1,0.6,"Moderate intensity"
"Stabilisation",10,9,7,0.285714285714286,0.540540540540541,"Moderate intensity"
"Stabilisation",10,10,10,0.3,0.48936170212766,"Moderate intensity"
"Stabilisation",10,11,8,0.625,0.509090909090909,"Moderate intensity"
"Stabilisation",10,12,2,0.5,0.508771929824561,"Moderate intensity"
"Stabilisation",10,13,4,0,0.475409836065574,"Moderate intensity"
"Stabilisation",10,14,7,0.428571428571429,0.470588235294118,"Moderate intensity"
"Stabilisation",10,15,5,0.8,0.493150684931507,"Moderate intensity"
"Stabilisation",10,16,2,0,0.48,"Moderate intensity"
"Stabilisation",10,17,2,0,0.467532467532468,"Moderate intensity"
"Stabilisation",10,18,2,0,0.455696202531646,"Moderate intensity"
"Stabilisation",10,19,4,0.5,0.457831325301205,"Moderate intensity"
"Stabilisation",10,20,2,1,0.470588235294118,"Moderate intensity"
"Stabilisation",10,21,1,0,0.465116279069767,"Moderate intensity"
"Stabilisation",10,22,7,0.285714285714286,0.451612903225806,"Moderate intensity"
"Stabilisation",10,23,4,0.25,0.443298969072165,"Moderate intensity"
"Stabilisation",10,24,1,1,0.448979591836735,"Moderate intensity"
"Stabilisation",10,25,4,0.5,0.450980392156863,"Moderate intensity"
"Stabilisation",10,26,0,NA,0.450980392156863,"Moderate intensity"
"Stabilisation",10,27,4,0,0.433962264150943,"Moderate intensity"
"Stabilisation",10,28,5,0.8,0.45045045045045,"Moderate intensity"
"Stabilisation",10,29,3,0.333333333333333,0.447368421052632,"Moderate intensity"
"Stabilisation",10,30,5,0.6,0.453781512605042,"Moderate intensity"
"Stabilisation",11,1,0,NA,NA,"Moderate intensity"
"Stabilisation",11,2,3,0,0,"Moderate intensity"
"Stabilisation",11,3,3,0,0,"Moderate intensity"
"Stabilisation",11,4,0,NA,0,"Moderate intensity"
"Stabilisation",11,5,1,0,0,"Moderate intensity"
"Stabilisation",11,6,2,0,0,"Moderate intensity"
"Stabilisation",11,7,1,0,0,"Moderate intensity"
"Stabilisation",11,8,5,0.2,0.0666666666666667,"Moderate intensity"
"Stabilisation",11,9,2,0.5,0.117647058823529,"Moderate intensity"
"Stabilisation",11,10,6,0.5,0.217391304347826,"Moderate intensity"
"Stabilisation",11,11,3,0.333333333333333,0.230769230769231,"Moderate intensity"
"Stabilisation",11,12,2,1,0.285714285714286,"Moderate intensity"
"Stabilisation",11,13,3,0,0.258064516129032,"Moderate intensity"
"Stabilisation",11,14,1,0,0.25,"Moderate intensity"
"Stabilisation",11,15,1,0,0.242424242424242,"Moderate intensity"
"Stabilisation",11,16,0,NA,0.242424242424242,"Moderate intensity"
"Stabilisation",11,17,1,0,0.235294117647059,"Moderate intensity"
"Stabilisation",11,18,4,0.25,0.236842105263158,"Moderate intensity"
"Stabilisation",11,19,4,0.25,0.238095238095238,"Moderate intensity"
"Stabilisation",11,20,1,1,0.255813953488372,"Moderate intensity"
"Stabilisation",11,21,2,0,0.244444444444444,"Moderate intensity"
"Stabilisation",11,22,1,0,0.239130434782609,"Moderate intensity"
"Stabilisation",11,23,2,0,0.229166666666667,"Moderate intensity"
"Stabilisation",11,24,2,0,0.22,"Moderate intensity"
"Stabilisation",11,25,4,1,0.277777777777778,"Moderate intensity"
"Stabilisation",11,26,1,0,0.272727272727273,"Moderate intensity"
"Stabilisation",11,27,3,0,0.258620689655172,"Moderate intensity"
"Stabilisation",11,28,2,0.5,0.266666666666667,"Moderate intensity"
"Stabilisation",11,29,4,0.25,0.265625,"Moderate intensity"
"Stabilisation",11,30,2,0.5,0.272727272727273,"Moderate intensity"
"Stabilisation",12,1,1,0,0,"Moderate intensity"
"Stabilisation",12,2,2,0,0,"Moderate intensity"
"Stabilisation",12,3,2,0,0,"Moderate intensity"
"Stabilisation",12,4,2,1,0.285714285714286,"Moderate intensity"
"Stabilisation",12,5,3,0.333333333333333,0.3,"Moderate intensity"
"Stabilisation",12,6,2,0,0.25,"Moderate intensity"
"Stabilisation",12,7,3,0.333333333333333,0.266666666666667,"Moderate intensity"
"Stabilisation",12,8,3,0.666666666666667,0.333333333333333,"Moderate intensity"
"Stabilisation",12,9,5,0.2,0.304347826086957,"Moderate intensity"
"Stabilisation",12,10,3,0,0.269230769230769,"Moderate intensity"
"Stabilisation",12,11,6,0.5,0.3125,"Moderate intensity"
"Stabilisation",12,12,3,0,0.285714285714286,"Moderate intensity"
"Stabilisation",12,13,5,1,0.375,"Moderate intensity"
"Stabilisation",12,14,3,0.666666666666667,0.395348837209302,"Moderate intensity"
"Stabilisation",12,15,1,0,0.386363636363636,"Moderate intensity"
"Stabilisation",12,16,3,0.333333333333333,0.382978723404255,"Moderate intensity"
"Stabilisation",12,17,4,0.25,0.372549019607843,"Moderate intensity"
"Stabilisation",12,18,8,0.625,0.406779661016949,"Moderate intensity"
"Stabilisation",12,19,5,0,0.375,"Moderate intensity"
"Stabilisation",12,20,4,0.75,0.397058823529412,"Moderate intensity"
"Stabilisation",12,21,10,0.4,0.397435897435897,"Moderate intensity"
"Stabilisation",12,22,10,0.4,0.397727272727273,"Moderate intensity"
"Stabilisation",12,23,6,0.666666666666667,0.414893617021277,"Moderate intensity"
"Stabilisation",12,24,1,1,0.421052631578947,"Moderate intensity"
"Stabilisation",12,25,1,1,0.427083333333333,"Moderate intensity"
"Stabilisation",12,26,7,0.571428571428571,0.436893203883495,"Moderate intensity"
"Stabilisation",12,27,3,0.666666666666667,0.443396226415094,"Moderate intensity"
"Stabilisation",12,28,3,1,0.458715596330275,"Moderate intensity"
"Stabilisation",12,29,0,NA,0.458715596330275,"Moderate intensity"
"Stabilisation",12,30,6,0.833333333333333,0.478260869565217,"Moderate intensity"
"Stabilisation",13,1,3,0,0,"Moderate intensity"
"Stabilisation",13,2,3,1,0.5,"Moderate intensity"
"Stabilisation",13,3,0,NA,0.5,"Moderate intensity"
"Stabilisation",13,4,8,0.5,0.5,"Moderate intensity"
"Stabilisation",13,5,10,0.2,0.375,"Moderate intensity"
"Stabilisation",13,6,6,0.5,0.4,"Moderate intensity"
"Stabilisation",13,7,9,0.444444444444444,0.41025641025641,"Moderate intensity"
"Stabilisation",13,8,5,1,0.477272727272727,"Moderate intensity"
"Stabilisation",13,9,6,1,0.54,"Moderate intensity"
"Stabilisation",13,10,5,1,0.581818181818182,"Moderate intensity"
"Stabilisation",13,11,4,1,0.610169491525424,"Moderate intensity"
"Stabilisation",13,12,3,1,0.629032258064516,"Moderate intensity"
"Stabilisation",13,13,2,1,0.640625,"Moderate intensity"
"Stabilisation",13,14,3,1,0.656716417910448,"Moderate intensity"
"Stabilisation",13,15,1,1,0.661764705882353,"Moderate intensity"
"Stabilisation",13,16,2,1,0.671428571428571,"Moderate intensity"
"Stabilisation",13,17,2,1,0.680555555555556,"Moderate intensity"
"Stabilisation",13,18,7,0.142857142857143,0.632911392405063,"Moderate intensity"
"Stabilisation",13,19,4,0.5,0.626506024096386,"Moderate intensity"
"Stabilisation",13,20,8,0.125,0.582417582417582,"Moderate intensity"
"Stabilisation",13,21,7,0.142857142857143,0.551020408163265,"Moderate intensity"
"Stabilisation",13,22,1,1,0.555555555555556,"Moderate intensity"
"Stabilisation",13,23,0,NA,0.555555555555556,"Moderate intensity"
"Stabilisation",13,24,0,NA,0.555555555555556,"Moderate intensity"
"Stabilisation",13,25,0,NA,0.555555555555556,"Moderate intensity"
"Stabilisation",13,26,3,0.666666666666667,0.558823529411765,"Moderate intensity"
"Stabilisation",13,27,1,0,0.553398058252427,"Moderate intensity"
"Stabilisation",13,28,7,0.571428571428571,0.554545454545455,"Moderate intensity"
"Stabilisation",13,29,3,0.666666666666667,0.557522123893805,"Moderate intensity"
"Stabilisation",13,30,1,1,0.56140350877193,"Moderate intensity"
"Stabilisation",14,1,2,0,0,"Moderate intensity"
"Stabilisation",14,2,2,0.5,0.25,"Moderate intensity"
"Stabilisation",14,3,1,1,0.4,"Moderate intensity"
"Stabilisation",14,4,1,0,0.333333333333333,"Moderate intensity"
"Stabilisation",14,5,3,0,0.222222222222222,"Moderate intensity"
"Stabilisation",14,6,6,0.5,0.333333333333333,"Moderate intensity"
"Stabilisation",14,7,1,1,0.375,"Moderate intensity"
"Stabilisation",14,8,4,0.25,0.35,"Moderate intensity"
"Stabilisation",14,9,1,0,0.333333333333333,"Moderate intensity"
"Stabilisation",14,10,3,0,0.291666666666667,"Moderate intensity"
"Stabilisation",14,11,3,0,0.259259259259259,"Moderate intensity"
"Stabilisation",14,12,1,0,0.25,"Moderate intensity"
"Stabilisation",14,13,4,0,0.21875,"Moderate intensity"
"Stabilisation",14,14,6,0.333333333333333,0.236842105263158,"Moderate intensity"
"Stabilisation",14,15,0,NA,0.236842105263158,"Moderate intensity"
"Stabilisation",14,16,0,NA,0.236842105263158,"Moderate intensity"
"Stabilisation",14,17,0,NA,0.236842105263158,"Moderate intensity"
"Stabilisation",14,18,7,0.428571428571429,0.266666666666667,"Moderate intensity"
"Stabilisation",14,19,2,0,0.25531914893617,"Moderate intensity"
"Stabilisation",14,20,3,0.666666666666667,0.28,"Moderate intensity"
"Stabilisation",14,21,3,0.333333333333333,0.283018867924528,"Moderate intensity"
"Stabilisation",14,22,2,0.5,0.290909090909091,"Moderate intensity"
"Stabilisation",14,23,3,0.666666666666667,0.310344827586207,"Moderate intensity"
"Stabilisation",14,24,1,0,0.305084745762712,"Moderate intensity"
"Stabilisation",14,25,1,0,0.3,"Moderate intensity"
"Stabilisation",14,26,5,0.4,0.307692307692308,"Moderate intensity"
"Stabilisation",14,27,2,0.5,0.313432835820896,"Moderate intensity"
"Stabilisation",14,28,1,0,0.308823529411765,"Moderate intensity"
"Stabilisation",14,29,0,NA,0.308823529411765,"Moderate intensity"
"Stabilisation",14,30,2,0,0.3,"Moderate intensity"
"Stabilisation",15,1,0,NA,NA,"Moderate intensity"
"Stabilisation",15,2,1,0,0,"Moderate intensity"
"Stabilisation",15,3,6,0.333333333333333,0.285714285714286,"Moderate intensity"
"Stabilisation",15,4,1,1,0.375,"Moderate intensity"
"Stabilisation",15,5,3,0.333333333333333,0.363636363636364,"Moderate intensity"
"Stabilisation",15,6,6,0.5,0.411764705882353,"Moderate intensity"
"Stabilisation",15,7,2,0,0.368421052631579,"Moderate intensity"
"Stabilisation",15,8,4,0.5,0.391304347826087,"Moderate intensity"
"Stabilisation",15,9,5,0.2,0.357142857142857,"Moderate intensity"
"Stabilisation",15,10,4,0.25,0.34375,"Moderate intensity"
"Stabilisation",15,11,4,1,0.416666666666667,"Moderate intensity"
"Stabilisation",15,12,5,0.6,0.439024390243902,"Moderate intensity"
"Stabilisation",15,13,5,0.2,0.41304347826087,"Moderate intensity"
"Stabilisation",15,14,4,0,0.38,"Moderate intensity"
"Stabilisation",15,15,4,0.5,0.388888888888889,"Moderate intensity"
"Stabilisation",15,16,2,0,0.375,"Moderate intensity"
"Stabilisation",15,17,1,0,0.368421052631579,"Moderate intensity"
"Stabilisation",15,18,3,0.333333333333333,0.366666666666667,"Moderate intensity"
"Stabilisation",15,19,3,0.333333333333333,0.365079365079365,"Moderate intensity"
"Stabilisation",15,20,0,NA,0.365079365079365,"Moderate intensity"
"Stabilisation",15,21,7,0.714285714285714,0.4,"Moderate intensity"
"Stabilisation",15,22,5,0.2,0.386666666666667,"Moderate intensity"
"Stabilisation",15,23,5,0.4,0.3875,"Moderate intensity"
"Stabilisation",15,24,4,0.75,0.404761904761905,"Moderate intensity"
"Stabilisation",15,25,7,0.142857142857143,0.384615384615385,"Moderate intensity"
"Stabilisation",15,26,2,1,0.397849462365591,"Moderate intensity"
"Stabilisation",15,27,8,0.5,0.405940594059406,"Moderate intensity"
"Stabilisation",15,28,1,1,0.411764705882353,"Moderate intensity"
"Stabilisation",15,29,6,0.5,0.416666666666667,"Moderate intensity"
"Stabilisation",15,30,3,0,0.405405405405405,"Moderate intensity"
"Stabilisation",16,1,1,0,0,"Moderate intensity"
"Stabilisation",16,2,2,0.5,0.333333333333333,"Moderate intensity"
"Stabilisation",16,3,6,0.666666666666667,0.555555555555556,"Moderate intensity"
"Stabilisation",16,4,6,0.5,0.533333333333333,"Moderate intensity"
"Stabilisation",16,5,4,0.75,0.578947368421053,"Moderate intensity"
"Stabilisation",16,6,2,0.5,0.571428571428571,"Moderate intensity"
"Stabilisation",16,7,6,0.5,0.555555555555556,"Moderate intensity"
"Stabilisation",16,8,4,0.5,0.548387096774194,"Moderate intensity"
"Stabilisation",16,9,1,0,0.53125,"Moderate intensity"
"Stabilisation",16,10,0,NA,0.53125,"Moderate intensity"
"Stabilisation",16,11,1,0,0.515151515151515,"Moderate intensity"
"Stabilisation",16,12,3,0,0.472222222222222,"Moderate intensity"
"Stabilisation",16,13,1,0,0.459459459459459,"Moderate intensity"
"Stabilisation",16,14,4,0.5,0.463414634146341,"Moderate intensity"
"Stabilisation",16,15,3,0,0.431818181818182,"Moderate intensity"
"Stabilisation",16,16,0,NA,0.431818181818182,"Moderate intensity"
"Stabilisation",16,17,2,0,0.41304347826087,"Moderate intensity"
"Stabilisation",16,18,5,0.6,0.431372549019608,"Moderate intensity"
"Stabilisation",16,19,0,NA,0.431372549019608,"Moderate intensity"
"Stabilisation",16,20,11,0.363636363636364,0.419354838709677,"Moderate intensity"
"Stabilisation",16,21,1,1,0.428571428571429,"Moderate intensity"
"Stabilisation",16,22,2,1,0.446153846153846,"Moderate intensity"
"Stabilisation",16,23,7,0.428571428571429,0.444444444444444,"Moderate intensity"
"Stabilisation",16,24,1,1,0.452054794520548,"Moderate intensity"
"Stabilisation",16,25,1,0,0.445945945945946,"Moderate intensity"
"Stabilisation",16,26,5,0.6,0.455696202531646,"Moderate intensity"
"Stabilisation",16,27,3,0.333333333333333,0.451219512195122,"Moderate intensity"
"Stabilisation",16,28,2,1,0.464285714285714,"Moderate intensity"
"Stabilisation",16,29,2,0.5,0.465116279069767,"Moderate intensity"
"Stabilisation",16,30,3,0.333333333333333,0.460674157303371,"Moderate intensity"
"Stabilisation",17,1,1,0,0,"Moderate intensity"
"Stabilisation",17,2,2,0,0,"Moderate intensity"
"Stabilisation",17,3,3,0.666666666666667,0.333333333333333,"Moderate intensity"
"Stabilisation",17,4,1,0,0.285714285714286,"Moderate intensity"
"Stabilisation",17,5,4,0.5,0.363636363636364,"Moderate intensity"
"Stabilisation",17,6,4,0.25,0.333333333333333,"Moderate intensity"
"Stabilisation",17,7,5,0.2,0.3,"Moderate intensity"
"Stabilisation",17,8,2,0.5,0.318181818181818,"Moderate intensity"
"Stabilisation",17,9,4,0.25,0.307692307692308,"Moderate intensity"
"Stabilisation",17,10,3,0,0.275862068965517,"Moderate intensity"
"Stabilisation",17,11,4,0.75,0.333333333333333,"Moderate intensity"
"Stabilisation",17,12,1,0,0.323529411764706,"Moderate intensity"
"Stabilisation",17,13,0,NA,0.323529411764706,"Moderate intensity"
"Stabilisation",17,14,5,0.2,0.307692307692308,"Moderate intensity"
"Stabilisation",17,15,0,NA,0.307692307692308,"Moderate intensity"
"Stabilisation",17,16,2,0,0.292682926829268,"Moderate intensity"
"Stabilisation",17,17,7,0.428571428571429,0.3125,"Moderate intensity"
"Stabilisation",17,18,4,0.5,0.326923076923077,"Moderate intensity"
"Stabilisation",17,19,1,0,0.320754716981132,"Moderate intensity"
"Stabilisation",17,20,2,0,0.309090909090909,"Moderate intensity"
"Stabilisation",17,21,3,0.333333333333333,0.310344827586207,"Moderate intensity"
"Stabilisation",17,22,1,1,0.322033898305085,"Moderate intensity"
"Stabilisation",17,23,0,NA,0.322033898305085,"Moderate intensity"
"Stabilisation",17,24,1,0,0.316666666666667,"Moderate intensity"
"Stabilisation",17,25,3,0.333333333333333,0.317460317460317,"Moderate intensity"
"Stabilisation",17,26,0,NA,0.317460317460317,"Moderate intensity"
"Stabilisation",17,27,6,0.5,0.333333333333333,"Moderate intensity"
"Stabilisation",17,28,3,0.333333333333333,0.333333333333333,"Moderate intensity"
"Stabilisation",17,29,1,0,0.328767123287671,"Moderate intensity"
"Stabilisation",17,30,4,0,0.311688311688312,"Moderate intensity"
"Stabilisation",18,1,3,0,0,"Moderate intensity"
"Stabilisation",18,2,1,0,0,"Moderate intensity"
"Stabilisation",18,3,4,0.5,0.25,"Moderate intensity"
"Stabilisation",18,4,2,0,0.2,"Moderate intensity"
"Stabilisation",18,5,2,0,0.166666666666667,"Moderate intensity"
"Stabilisation",18,6,2,0,0.142857142857143,"Moderate intensity"
"Stabilisation",18,7,4,0.5,0.222222222222222,"Moderate intensity"
"Stabilisation",18,8,0,NA,0.222222222222222,"Moderate intensity"
"Stabilisation",18,9,3,0,0.19047619047619,"Moderate intensity"
"Stabilisation",18,10,5,0.6,0.269230769230769,"Moderate intensity"
"Stabilisation",18,11,2,1,0.321428571428571,"Moderate intensity"
"Stabilisation",18,12,2,0,0.3,"Moderate intensity"
"Stabilisation",18,13,1,0,0.290322580645161,"Moderate intensity"
"Stabilisation",18,14,5,0.2,0.277777777777778,"Moderate intensity"
"Stabilisation",18,15,1,0,0.27027027027027,"Moderate intensity"
"Stabilisation",18,16,2,0.5,0.282051282051282,"Moderate intensity"
"Stabilisation",18,17,4,0.75,0.325581395348837,"Moderate intensity"
"Stabilisation",18,18,3,0,0.304347826086957,"Moderate intensity"
"Stabilisation",18,19,0,NA,0.304347826086957,"Moderate intensity"
"Stabilisation",18,20,3,0,0.285714285714286,"Moderate intensity"
"Stabilisation",18,21,4,0.5,0.30188679245283,"Moderate intensity"
"Stabilisation",18,22,0,NA,0.30188679245283,"Moderate intensity"
"Stabilisation",18,23,1,0,0.296296296296296,"Moderate intensity"
"Stabilisation",18,24,4,0,0.275862068965517,"Moderate intensity"
"Stabilisation",18,25,1,0,0.271186440677966,"Moderate intensity"
"Stabilisation",18,26,2,0,0.262295081967213,"Moderate intensity"
"Stabilisation",18,27,1,1,0.274193548387097,"Moderate intensity"
"Stabilisation",18,28,3,0.333333333333333,0.276923076923077,"Moderate intensity"
"Stabilisation",18,29,3,0,0.264705882352941,"Moderate intensity"
"Stabilisation",18,30,2,0,0.257142857142857,"Moderate intensity"
"Stabilisation",19,1,0,NA,NA,"Moderate intensity"
"Stabilisation",19,2,5,0,0,"Moderate intensity"
"Stabilisation",19,3,4,0.5,0.222222222222222,"Moderate intensity"
"Stabilisation",19,4,5,0.4,0.285714285714286,"Moderate intensity"
"Stabilisation",19,5,3,0.666666666666667,0.352941176470588,"Moderate intensity"
"Stabilisation",19,6,0,NA,0.352941176470588,"Moderate intensity"
"Stabilisation",19,7,0,NA,0.352941176470588,"Moderate intensity"
"Stabilisation",19,8,1,0,0.333333333333333,"Moderate intensity"
"Stabilisation",19,9,1,0,0.315789473684211,"Moderate intensity"
"Stabilisation",19,10,2,0,0.285714285714286,"Moderate intensity"
"Stabilisation",19,11,6,0.5,0.333333333333333,"Moderate intensity"
"Stabilisation",19,12,2,0.5,0.344827586206897,"Moderate intensity"
"Stabilisation",19,13,7,0.571428571428571,0.388888888888889,"Moderate intensity"
"Stabilisation",19,14,6,0.166666666666667,0.357142857142857,"Moderate intensity"
"Stabilisation",19,15,3,0.333333333333333,0.355555555555556,"Moderate intensity"
"Stabilisation",19,16,7,0.285714285714286,0.346153846153846,"Moderate intensity"
"Stabilisation",19,17,2,0.5,0.351851851851852,"Moderate intensity"
"Stabilisation",19,18,2,0.5,0.357142857142857,"Moderate intensity"
"Stabilisation",19,19,0,NA,0.357142857142857,"Moderate intensity"
"Stabilisation",19,20,2,0,0.344827586206897,"Moderate intensity"
"Stabilisation",19,21,8,0.75,0.393939393939394,"Moderate intensity"
"Stabilisation",19,22,3,0.666666666666667,0.405797101449275,"Moderate intensity"
"Stabilisation",19,23,5,0,0.378378378378378,"Moderate intensity"
"Stabilisation",19,24,8,0.75,0.414634146341463,"Moderate intensity"
"Stabilisation",19,25,10,0.8,0.456521739130435,"Moderate intensity"
"Stabilisation",19,26,5,0.2,0.443298969072165,"Moderate intensity"
"Stabilisation",19,27,4,0.5,0.445544554455446,"Moderate intensity"
"Stabilisation",19,28,4,0.75,0.457142857142857,"Moderate intensity"
"Stabilisation",19,29,7,0.428571428571429,0.455357142857143,"Moderate intensity"
"Stabilisation",19,30,2,0.5,0.456140350877193,"Moderate intensity"
"Stabilisation",20,1,0,NA,NA,"Moderate intensity"
"Stabilisation",20,2,0,NA,NA,"Moderate intensity"
"Stabilisation",20,3,3,0,0,"Moderate intensity"
"Stabilisation",20,4,6,0.5,0.333333333333333,"Moderate intensity"
"Stabilisation",20,5,2,0,0.272727272727273,"Moderate intensity"
"Stabilisation",20,6,2,0,0.230769230769231,"Moderate intensity"
"Stabilisation",20,7,1,1,0.285714285714286,"Moderate intensity"
"Stabilisation",20,8,3,0.333333333333333,0.294117647058824,"Moderate intensity"
"Stabilisation",20,9,4,0.5,0.333333333333333,"Moderate intensity"
"Stabilisation",20,10,5,0.4,0.346153846153846,"Moderate intensity"
"Stabilisation",20,11,4,0.5,0.366666666666667,"Moderate intensity"
"Stabilisation",20,12,4,0.25,0.352941176470588,"Moderate intensity"
"Stabilisation",20,13,3,0,0.324324324324324,"Moderate intensity"
"Stabilisation",20,14,3,0.666666666666667,0.35,"Moderate intensity"
"Stabilisation",20,15,2,0.5,0.357142857142857,"Moderate intensity"
"Stabilisation",20,16,3,0.666666666666667,0.377777777777778,"Moderate intensity"
"Stabilisation",20,17,2,0.5,0.382978723404255,"Moderate intensity"
"Stabilisation",20,18,0,NA,0.382978723404255,"Moderate intensity"
"Stabilisation",20,19,8,0.25,0.363636363636364,"Moderate intensity"
"Stabilisation",20,20,2,0.5,0.368421052631579,"Moderate intensity"
"Stabilisation",20,21,2,0.5,0.372881355932203,"Moderate intensity"
"Stabilisation",20,22,8,0.75,0.417910447761194,"Moderate intensity"
"Stabilisation",20,23,1,0,0.411764705882353,"Moderate intensity"
"Stabilisation",20,24,10,0.7,0.448717948717949,"Moderate intensity"
"Stabilisation",20,25,2,0.5,0.45,"Moderate intensity"
"Stabilisation",20,26,1,1,0.45679012345679,"Moderate intensity"
"Stabilisation",20,27,4,0.75,0.470588235294118,"Moderate intensity"
"Stabilisation",20,28,1,0,0.465116279069767,"Moderate intensity"
"Stabilisation",20,29,2,1,0.477272727272727,"Moderate intensity"
"Stabilisation",20,30,2,0,0.466666666666667,"Moderate intensity"
"Stabilisation",21,1,1,0,0,"Moderate intensity"
"Stabilisation",21,2,2,0,0,"Moderate intensity"
"Stabilisation",21,3,0,NA,0,"Moderate intensity"
"Stabilisation",21,4,0,NA,0,"Moderate intensity"
"Stabilisation",21,5,1,0,0,"Moderate intensity"
"Stabilisation",21,6,4,0,0,"Moderate intensity"
"Stabilisation",21,7,5,0.2,0.0769230769230769,"Moderate intensity"
"Stabilisation",21,8,7,0.714285714285714,0.3,"Moderate intensity"
"Stabilisation",21,9,2,0.5,0.318181818181818,"Moderate intensity"
"Stabilisation",21,10,9,0.555555555555556,0.387096774193548,"Moderate intensity"
"Stabilisation",21,11,1,1,0.40625,"Moderate intensity"
"Stabilisation",21,12,1,1,0.424242424242424,"Moderate intensity"
"Stabilisation",21,13,2,0,0.4,"Moderate intensity"
"Stabilisation",21,14,1,0,0.388888888888889,"Moderate intensity"
"Stabilisation",21,15,0,NA,0.388888888888889,"Moderate intensity"
"Stabilisation",21,16,5,0.2,0.365853658536585,"Moderate intensity"
"Stabilisation",21,17,2,0.5,0.372093023255814,"Moderate intensity"
"Stabilisation",21,18,3,0,0.347826086956522,"Moderate intensity"
"Stabilisation",21,19,2,0,0.333333333333333,"Moderate intensity"
"Stabilisation",21,20,2,0,0.32,"Moderate intensity"
"Stabilisation",21,21,2,0,0.307692307692308,"Moderate intensity"
"Stabilisation",21,22,3,0,0.290909090909091,"Moderate intensity"
"Stabilisation",21,23,2,0.5,0.298245614035088,"Moderate intensity"
"Stabilisation",21,24,4,0.75,0.327868852459016,"Moderate intensity"
"Stabilisation",21,25,2,0,0.317460317460317,"Moderate intensity"
"Stabilisation",21,26,4,0.5,0.328358208955224,"Moderate intensity"
"Stabilisation",21,27,0,NA,0.328358208955224,"Moderate intensity"
"Stabilisation",21,28,3,0.333333333333333,0.328571428571429,"Moderate intensity"
"Stabilisation",21,29,4,0.5,0.337837837837838,"Moderate intensity"
"Stabilisation",21,30,0,NA,0.337837837837838,"Moderate intensity"
"Stabilisation",22,1,0,NA,NA,"Moderate intensity"
"Stabilisation",22,2,7,0.428571428571429,0.428571428571429,"Moderate intensity"
"Stabilisation",22,3,5,0.6,0.5,"Moderate intensity"
"Stabilisation",22,4,3,0.333333333333333,0.466666666666667,"Moderate intensity"
"Stabilisation",22,5,0,NA,0.466666666666667,"Moderate intensity"
"Stabilisation",22,6,2,0,0.411764705882353,"Moderate intensity"
"Stabilisation",22,7,6,0.666666666666667,0.478260869565217,"Moderate intensity"
"Stabilisation",22,8,6,0.666666666666667,0.517241379310345,"Moderate intensity"
"Stabilisation",22,9,2,0.5,0.516129032258065,"Moderate intensity"
"Stabilisation",22,10,5,0.6,0.527777777777778,"Moderate intensity"
"Stabilisation",22,11,1,0,0.513513513513513,"Moderate intensity"
"Stabilisation",22,12,3,0,0.475,"Moderate intensity"
"Stabilisation",22,13,1,0,0.463414634146341,"Moderate intensity"
"Stabilisation",22,14,4,0.5,0.466666666666667,"Moderate intensity"
"Stabilisation",22,15,5,0.8,0.5,"Moderate intensity"
"Stabilisation",22,16,4,0.25,0.481481481481481,"Moderate intensity"
"Stabilisation",22,17,3,0.666666666666667,0.491228070175439,"Moderate intensity"
"Stabilisation",22,18,2,1,0.508474576271186,"Moderate intensity"
"Stabilisation",22,19,2,1,0.524590163934426,"Moderate intensity"
"Stabilisation",22,20,6,1,0.567164179104478,"Moderate intensity"
"Stabilisation",22,21,7,0.571428571428571,0.567567567567568,"Moderate intensity"
"Stabilisation",22,22,3,0.666666666666667,0.571428571428571,"Moderate intensity"
"Stabilisation",22,23,4,0.5,0.567901234567901,"Moderate intensity"
"Stabilisation",22,24,5,0.4,0.558139534883721,"Moderate intensity"
"Stabilisation",22,25,4,0.75,0.566666666666667,"Moderate intensity"
"Stabilisation",22,26,2,0.5,0.565217391304348,"Moderate intensity"
"Stabilisation",22,27,0,NA,0.565217391304348,"Moderate intensity"
"Stabilisation",22,28,3,0,0.547368421052632,"Moderate intensity"
"Stabilisation",22,29,1,0,0.541666666666667,"Moderate intensity"
"Stabilisation",22,30,5,0.6,0.544554455445545,"Moderate intensity"
"Stabilisation",23,1,1,0,0,"Moderate intensity"
"Stabilisation",23,2,3,0.666666666666667,0.5,"Moderate intensity"
"Stabilisation",23,3,7,0.571428571428571,0.545454545454545,"Moderate intensity"
"Stabilisation",23,4,2,0,0.461538461538462,"Moderate intensity"
"Stabilisation",23,5,3,0.333333333333333,0.4375,"Moderate intensity"
"Stabilisation",23,6,1,0,0.411764705882353,"Moderate intensity"
"Stabilisation",23,7,3,0,0.35,"Moderate intensity"
"Stabilisation",23,8,2,0,0.318181818181818,"Moderate intensity"
"Stabilisation",23,9,4,0.5,0.346153846153846,"Moderate intensity"
"Stabilisation",23,10,2,0,0.321428571428571,"Moderate intensity"
"Stabilisation",23,11,4,0.25,0.3125,"Moderate intensity"
"Stabilisation",23,12,0,NA,0.3125,"Moderate intensity"
"Stabilisation",23,13,3,0.666666666666667,0.342857142857143,"Moderate intensity"
"Stabilisation",23,14,2,0.5,0.351351351351351,"Moderate intensity"
"Stabilisation",23,15,3,0.333333333333333,0.35,"Moderate intensity"
"Stabilisation",23,16,9,0.666666666666667,0.408163265306122,"Moderate intensity"
"Stabilisation",23,17,0,NA,0.408163265306122,"Moderate intensity"
"Stabilisation",23,18,0,NA,0.408163265306122,"Moderate intensity"
"Stabilisation",23,19,6,0.333333333333333,0.4,"Moderate intensity"
"Stabilisation",23,20,3,0,0.379310344827586,"Moderate intensity"
"Stabilisation",23,21,1,0,0.372881355932203,"Moderate intensity"
"Stabilisation",23,22,1,0,0.366666666666667,"Moderate intensity"
"Stabilisation",23,23,2,0,0.354838709677419,"Moderate intensity"
"Stabilisation",23,24,1,0,0.349206349206349,"Moderate intensity"
"Stabilisation",23,25,2,0,0.338461538461538,"Moderate intensity"
"Stabilisation",23,26,2,0,0.328358208955224,"Moderate intensity"
"Stabilisation",23,27,2,0.5,0.333333333333333,"Moderate intensity"
"Stabilisation",23,28,2,1,0.352112676056338,"Moderate intensity"
"Stabilisation",23,29,2,0.5,0.356164383561644,"Moderate intensity"
"Stabilisation",23,30,3,0.333333333333333,0.355263157894737,"Moderate intensity"
"Stabilisation",24,1,1,0,0,"Moderate intensity"
"Stabilisation",24,2,4,0.25,0.2,"Moderate intensity"
"Stabilisation",24,3,0,NA,0.2,"Moderate intensity"
"Stabilisation",24,4,2,0,0.142857142857143,"Moderate intensity"
"Stabilisation",24,5,3,0,0.1,"Moderate intensity"
"Stabilisation",24,6,3,0.333333333333333,0.153846153846154,"Moderate intensity"
"Stabilisation",24,7,1,0,0.142857142857143,"Moderate intensity"
"Stabilisation",24,8,4,0.25,0.166666666666667,"Moderate intensity"
"Stabilisation",24,9,3,0.333333333333333,0.19047619047619,"Moderate intensity"
"Stabilisation",24,10,1,0,0.181818181818182,"Moderate intensity"
"Stabilisation",24,11,1,0,0.173913043478261,"Moderate intensity"
"Stabilisation",24,12,3,0.333333333333333,0.192307692307692,"Moderate intensity"
"Stabilisation",24,13,2,0.5,0.214285714285714,"Moderate intensity"
"Stabilisation",24,14,2,0,0.2,"Moderate intensity"
"Stabilisation",24,15,2,0,0.1875,"Moderate intensity"
"Stabilisation",24,16,1,1,0.212121212121212,"Moderate intensity"
"Stabilisation",24,17,1,0,0.205882352941176,"Moderate intensity"
"Stabilisation",24,18,5,0.2,0.205128205128205,"Moderate intensity"
"Stabilisation",24,19,1,0,0.2,"Moderate intensity"
"Stabilisation",24,20,3,0,0.186046511627907,"Moderate intensity"
"Stabilisation",24,21,4,0.25,0.191489361702128,"Moderate intensity"
"Stabilisation",24,22,3,0.333333333333333,0.2,"Moderate intensity"
"Stabilisation",24,23,3,1,0.245283018867925,"Moderate intensity"
"Stabilisation",24,24,8,0.375,0.262295081967213,"Moderate intensity"
"Stabilisation",24,25,6,0.833333333333333,0.313432835820896,"Moderate intensity"
"Stabilisation",24,26,3,0.666666666666667,0.328571428571429,"Moderate intensity"
"Stabilisation",24,27,9,0.333333333333333,0.329113924050633,"Moderate intensity"
"Stabilisation",24,28,6,1,0.376470588235294,"Moderate intensity"
"Stabilisation",24,29,5,0.4,0.377777777777778,"Moderate intensity"
"Stabilisation",24,30,1,0,0.373626373626374,"Moderate intensity"
"Stabilisation",25,1,0,NA,NA,"Moderate intensity"
"Stabilisation",25,2,5,0.4,0.4,"Moderate intensity"
"Stabilisation",25,3,0,NA,0.4,"Moderate intensity"
"Stabilisation",25,4,2,0,0.285714285714286,"Moderate intensity"
"Stabilisation",25,5,2,0,0.222222222222222,"Moderate intensity"
"Stabilisation",25,6,0,NA,0.222222222222222,"Moderate intensity"
"Stabilisation",25,7,3,0,0.166666666666667,"Moderate intensity"
"Stabilisation",25,8,2,0.5,0.214285714285714,"Moderate intensity"
"Stabilisation",25,9,3,0.333333333333333,0.235294117647059,"Moderate intensity"
"Stabilisation",25,10,0,NA,0.235294117647059,"Moderate intensity"
"Stabilisation",25,11,4,0.75,0.333333333333333,"Moderate intensity"
"Stabilisation",25,12,4,0.5,0.36,"Moderate intensity"
"Stabilisation",25,13,5,0.4,0.366666666666667,"Moderate intensity"
"Stabilisation",25,14,2,1,0.40625,"Moderate intensity"
"Stabilisation",25,15,1,0,0.393939393939394,"Moderate intensity"
"Stabilisation",25,16,3,0,0.361111111111111,"Moderate intensity"
"Stabilisation",25,17,1,1,0.378378378378378,"Moderate intensity"
"Stabilisation",25,18,3,0.333333333333333,0.375,"Moderate intensity"
"Stabilisation",25,19,4,0.5,0.386363636363636,"Moderate intensity"
"Stabilisation",25,20,3,0,0.361702127659574,"Moderate intensity"
"Stabilisation",25,21,1,1,0.375,"Moderate intensity"
"Stabilisation",25,22,1,0,0.36734693877551,"Moderate intensity"
"Stabilisation",25,23,2,0.5,0.372549019607843,"Moderate intensity"
"Stabilisation",25,24,6,0.333333333333333,0.368421052631579,"Moderate intensity"
"Stabilisation",25,25,7,0.714285714285714,0.40625,"Moderate intensity"
"Stabilisation",25,26,1,0,0.4,"Moderate intensity"
"Stabilisation",25,27,1,1,0.409090909090909,"Moderate intensity"
"Stabilisation",25,28,4,0.5,0.414285714285714,"Moderate intensity"
"Stabilisation",25,29,2,0.5,0.416666666666667,"Moderate intensity"
"Stabilisation",25,30,3,0.666666666666667,0.426666666666667,"Moderate intensity"
"Stabilisation",26,1,0,NA,NA,"Moderate intensity"
"Stabilisation",26,2,1,0,0,"Moderate intensity"
"Stabilisation",26,3,0,NA,0,"Moderate intensity"
"Stabilisation",26,4,0,NA,0,"Moderate intensity"
"Stabilisation",26,5,1,0,0,"Moderate intensity"
"Stabilisation",26,6,0,NA,0,"Moderate intensity"
"Stabilisation",26,7,3,0,0,"Moderate intensity"
"Stabilisation",26,8,3,0.666666666666667,0.25,"Moderate intensity"
"Stabilisation",26,9,12,0.5,0.4,"Moderate intensity"
"Stabilisation",26,10,5,0.2,0.36,"Moderate intensity"
"Stabilisation",26,11,4,0.75,0.413793103448276,"Moderate intensity"
"Stabilisation",26,12,4,1,0.484848484848485,"Moderate intensity"
"Stabilisation",26,13,7,0.571428571428571,0.5,"Moderate intensity"
"Stabilisation",26,14,2,1,0.523809523809524,"Moderate intensity"
"Stabilisation",26,15,3,1,0.555555555555556,"Moderate intensity"
"Stabilisation",26,16,4,0.75,0.571428571428571,"Moderate intensity"
"Stabilisation",26,17,5,1,0.611111111111111,"Moderate intensity"
"Stabilisation",26,18,5,0.4,0.593220338983051,"Moderate intensity"
"Stabilisation",26,19,4,0.25,0.571428571428571,"Moderate intensity"
"Stabilisation",26,20,7,0.285714285714286,0.542857142857143,"Moderate intensity"
"Stabilisation",26,21,7,0.142857142857143,0.506493506493506,"Moderate intensity"
"Stabilisation",26,22,5,0.8,0.524390243902439,"Moderate intensity"
"Stabilisation",26,23,3,0.333333333333333,0.517647058823529,"Moderate intensity"
"Stabilisation",26,24,1,0,0.511627906976744,"Moderate intensity"
"Stabilisation",26,25,3,0,0.49438202247191,"Moderate intensity"
"Stabilisation",26,26,3,0.333333333333333,0.489130434782609,"Moderate intensity"
"Stabilisation",26,27,5,0.8,0.505154639175258,"Moderate intensity"
"Stabilisation",26,28,6,0.666666666666667,0.514563106796116,"Moderate intensity"
"Stabilisation",26,29,5,0.6,0.518518518518518,"Moderate intensity"
"Stabilisation",26,30,1,1,0.522935779816514,"Moderate intensity"
"Stabilisation",27,1,1,0,0,"Moderate intensity"
"Stabilisation",27,2,1,0,0,"Moderate intensity"
"Stabilisation",27,3,2,0,0,"Moderate intensity"
"Stabilisation",27,4,0,NA,0,"Moderate intensity"
"Stabilisation",27,5,7,0.571428571428571,0.363636363636364,"Moderate intensity"
"Stabilisation",27,6,2,0.5,0.384615384615385,"Moderate intensity"
"Stabilisation",27,7,2,0.5,0.4,"Moderate intensity"
"Stabilisation",27,8,4,0,0.315789473684211,"Moderate intensity"
"Stabilisation",27,9,0,NA,0.315789473684211,"Moderate intensity"
"Stabilisation",27,10,2,0,0.285714285714286,"Moderate intensity"
"Stabilisation",27,11,1,1,0.318181818181818,"Moderate intensity"
"Stabilisation",27,12,2,0,0.291666666666667,"Moderate intensity"
"Stabilisation",27,13,3,0,0.259259259259259,"Moderate intensity"
"Stabilisation",27,14,1,0,0.25,"Moderate intensity"
"Stabilisation",27,15,3,0,0.225806451612903,"Moderate intensity"
"Stabilisation",27,16,0,NA,0.225806451612903,"Moderate intensity"
"Stabilisation",27,17,5,0.2,0.222222222222222,"Moderate intensity"
"Stabilisation",27,18,1,0,0.216216216216216,"Moderate intensity"
"Stabilisation",27,19,3,0,0.2,"Moderate intensity"
"Stabilisation",27,20,2,0.5,0.214285714285714,"Moderate intensity"
"Stabilisation",27,21,4,0.25,0.217391304347826,"Moderate intensity"
"Stabilisation",27,22,3,0.666666666666667,0.244897959183673,"Moderate intensity"
"Stabilisation",27,23,2,0,0.235294117647059,"Moderate intensity"
"Stabilisation",27,24,1,0,0.230769230769231,"Moderate intensity"
"Stabilisation",27,25,6,0.5,0.258620689655172,"Moderate intensity"
"Stabilisation",27,26,3,0.666666666666667,0.278688524590164,"Moderate intensity"
"Stabilisation",27,27,4,0.75,0.307692307692308,"Moderate intensity"
"Stabilisation",27,28,6,0.5,0.323943661971831,"Moderate intensity"
"Stabilisation",27,29,8,0.875,0.379746835443038,"Moderate intensity"
"Stabilisation",27,30,4,0.25,0.373493975903614,"Moderate intensity"
"Stabilisation",28,1,1,0,0,"Moderate intensity"
"Stabilisation",28,2,1,0,0,"Moderate intensity"
"Stabilisation",28,3,1,0,0,"Moderate intensity"
"Stabilisation",28,4,1,0,0,"Moderate intensity"
"Stabilisation",28,5,0,NA,0,"Moderate intensity"
"Stabilisation",28,6,2,0,0,"Moderate intensity"
"Stabilisation",28,7,3,0.333333333333333,0.111111111111111,"Moderate intensity"
"Stabilisation",28,8,4,0.25,0.153846153846154,"Moderate intensity"
"Stabilisation",28,9,4,0.5,0.235294117647059,"Moderate intensity"
"Stabilisation",28,10,3,0.666666666666667,0.3,"Moderate intensity"
"Stabilisation",28,11,7,0.285714285714286,0.296296296296296,"Moderate intensity"
"Stabilisation",28,12,4,1,0.387096774193548,"Moderate intensity"
"Stabilisation",28,13,7,0.428571428571429,0.394736842105263,"Moderate intensity"
"Stabilisation",28,14,4,0.75,0.428571428571429,"Moderate intensity"
"Stabilisation",28,15,4,0.75,0.456521739130435,"Moderate intensity"
"Stabilisation",28,16,3,0.666666666666667,0.469387755102041,"Moderate intensity"
"Stabilisation",28,17,3,0.666666666666667,0.480769230769231,"Moderate intensity"
"Stabilisation",28,18,4,0.25,0.464285714285714,"Moderate intensity"
"Stabilisation",28,19,6,0.333333333333333,0.451612903225806,"Moderate intensity"
"Stabilisation",28,20,1,1,0.46031746031746,"Moderate intensity"
"Stabilisation",28,21,4,0.75,0.477611940298507,"Moderate intensity"
"Stabilisation",28,22,6,0.5,0.479452054794521,"Moderate intensity"
"Stabilisation",28,23,1,0,0.472972972972973,"Moderate intensity"
"Stabilisation",28,24,3,0.333333333333333,0.467532467532468,"Moderate intensity"
"Stabilisation",28,25,1,1,0.474358974358974,"Moderate intensity"
"Stabilisation",28,26,1,0,0.468354430379747,"Moderate intensity"
"Stabilisation",28,27,3,0,0.451219512195122,"Moderate intensity"
"Stabilisation",28,28,8,0.875,0.488888888888889,"Moderate intensity"
"Stabilisation",28,29,0,NA,0.488888888888889,"Moderate intensity"
"Stabilisation",28,30,4,0.25,0.478723404255319,"Moderate intensity"
"Stabilisation",29,1,1,0,0,"Moderate intensity"
"Stabilisation",29,2,8,0.5,0.444444444444444,"Moderate intensity"
"Stabilisation",29,3,6,0.5,0.466666666666667,"Moderate intensity"
"Stabilisation",29,4,2,0.5,0.470588235294118,"Moderate intensity"
"Stabilisation",29,5,2,0,0.421052631578947,"Moderate intensity"
"Stabilisation",29,6,3,0.666666666666667,0.454545454545455,"Moderate intensity"
"Stabilisation",29,7,6,0.5,0.464285714285714,"Moderate intensity"
"Stabilisation",29,8,2,0.5,0.466666666666667,"Moderate intensity"
"Stabilisation",29,9,2,0,0.4375,"Moderate intensity"
"Stabilisation",29,10,6,0.166666666666667,0.394736842105263,"Moderate intensity"
"Stabilisation",29,11,3,0.666666666666667,0.414634146341463,"Moderate intensity"
"Stabilisation",29,12,8,0.5,0.428571428571429,"Moderate intensity"
"Stabilisation",29,13,3,1,0.461538461538462,"Moderate intensity"
"Stabilisation",29,14,6,0.833333333333333,0.5,"Moderate intensity"
"Stabilisation",29,15,0,NA,0.5,"Moderate intensity"
"Stabilisation",29,16,4,0.75,0.516129032258065,"Moderate intensity"
"Stabilisation",29,17,1,1,0.523809523809524,"Moderate intensity"
"Stabilisation",29,18,3,0,0.5,"Moderate intensity"
"Stabilisation",29,19,4,0.5,0.5,"Moderate intensity"
"Stabilisation",29,20,4,0.25,0.486486486486487,"Moderate intensity"
"Stabilisation",29,21,4,0,0.461538461538462,"Moderate intensity"
"Stabilisation",29,22,6,0.166666666666667,0.44047619047619,"Moderate intensity"
"Stabilisation",29,23,2,0,0.430232558139535,"Moderate intensity"
"Stabilisation",29,24,3,0.333333333333333,0.426966292134831,"Moderate intensity"
"Stabilisation",29,25,6,0.5,0.431578947368421,"Moderate intensity"
"Stabilisation",29,26,3,0,0.418367346938776,"Moderate intensity"
"Stabilisation",29,27,3,0.666666666666667,0.425742574257426,"Moderate intensity"
"Stabilisation",29,28,2,1,0.436893203883495,"Moderate intensity"
"Stabilisation",29,29,2,0.5,0.438095238095238,"Moderate intensity"
"Stabilisation",29,30,3,0.333333333333333,0.435185185185185,"Moderate intensity"
"Stabilisation",30,1,1,0,0,"Moderate intensity"
"Stabilisation",30,2,1,0,0,"Moderate intensity"
"Stabilisation",30,3,2,0,0,"Moderate intensity"
"Stabilisation",30,4,2,0,0,"Moderate intensity"
"Stabilisation",30,5,1,0,0,"Moderate intensity"
"Stabilisation",30,6,7,0.714285714285714,0.357142857142857,"Moderate intensity"
"Stabilisation",30,7,2,1,0.4375,"Moderate intensity"
"Stabilisation",30,8,5,0.2,0.380952380952381,"Moderate intensity"
"Stabilisation",30,9,6,0.333333333333333,0.37037037037037,"Moderate intensity"
"Stabilisation",30,10,3,0.666666666666667,0.4,"Moderate intensity"
"Stabilisation",30,11,2,0,0.375,"Moderate intensity"
"Stabilisation",30,12,1,0,0.363636363636364,"Moderate intensity"
"Stabilisation",30,13,4,0.25,0.351351351351351,"Moderate intensity"
"Stabilisation",30,14,6,0,0.302325581395349,"Moderate intensity"
"Stabilisation",30,15,3,0.333333333333333,0.304347826086957,"Moderate intensity"
"Stabilisation",30,16,3,0,0.285714285714286,"Moderate intensity"
"Stabilisation",30,17,1,0,0.28,"Moderate intensity"
"Stabilisation",30,18,6,0.5,0.303571428571429,"Moderate intensity"
"Stabilisation",30,19,1,0,0.298245614035088,"Moderate intensity"
"Stabilisation",30,20,1,0,0.293103448275862,"Moderate intensity"
"Stabilisation",30,21,4,0,0.274193548387097,"Moderate intensity"
"Stabilisation",30,22,3,1,0.307692307692308,"Moderate intensity"
"Stabilisation",30,23,1,0,0.303030303030303,"Moderate intensity"
"Stabilisation",30,24,1,0,0.298507462686567,"Moderate intensity"
"Stabilisation",30,25,2,0.5,0.304347826086957,"Moderate intensity"
"Stabilisation",30,26,4,0.25,0.301369863013699,"Moderate intensity"
"Stabilisation",30,27,4,0.5,0.311688311688312,"Moderate intensity"
"Stabilisation",30,28,3,0.333333333333333,0.3125,"Moderate intensity"
"Stabilisation",30,29,6,0.166666666666667,0.302325581395349,"Moderate intensity"
"Stabilisation",30,30,3,0,0.292134831460674,"Moderate intensity"
"Stabilisation",31,1,2,0,0,"Moderate intensity"
"Stabilisation",31,2,5,0.6,0.428571428571429,"Moderate intensity"
"Stabilisation",31,3,4,0.5,0.454545454545455,"Moderate intensity"
"Stabilisation",31,4,1,0,0.416666666666667,"Moderate intensity"
"Stabilisation",31,5,0,NA,0.416666666666667,"Moderate intensity"
"Stabilisation",31,6,2,0,0.357142857142857,"Moderate intensity"
"Stabilisation",31,7,2,0,0.3125,"Moderate intensity"
"Stabilisation",31,8,1,0,0.294117647058824,"Moderate intensity"
"Stabilisation",31,9,5,0.2,0.272727272727273,"Moderate intensity"
"Stabilisation",31,10,3,0.333333333333333,0.28,"Moderate intensity"
"Stabilisation",31,11,5,0.6,0.333333333333333,"Moderate intensity"
"Stabilisation",31,12,5,1,0.428571428571429,"Moderate intensity"
"Stabilisation",31,13,0,NA,0.428571428571429,"Moderate intensity"
"Stabilisation",31,14,5,0.4,0.425,"Moderate intensity"
"Stabilisation",31,15,10,0.2,0.38,"Moderate intensity"
"Stabilisation",31,16,5,0.8,0.418181818181818,"Moderate intensity"
"Stabilisation",31,17,2,0.5,0.421052631578947,"Moderate intensity"
"Stabilisation",31,18,4,0.5,0.426229508196721,"Moderate intensity"
"Stabilisation",31,19,4,0.75,0.446153846153846,"Moderate intensity"
"Stabilisation",31,20,3,0.666666666666667,0.455882352941176,"Moderate intensity"
"Stabilisation",31,21,6,1,0.5,"Moderate intensity"
"Stabilisation",31,22,6,0.5,0.5,"Moderate intensity"
"Stabilisation",31,23,5,0.6,0.505882352941176,"Moderate intensity"
"Stabilisation",31,24,6,0.666666666666667,0.516483516483517,"Moderate intensity"
"Stabilisation",31,25,3,0.333333333333333,0.51063829787234,"Moderate intensity"
"Stabilisation",31,26,5,0.8,0.525252525252525,"Moderate intensity"
"Stabilisation",31,27,0,NA,0.525252525252525,"Moderate intensity"
"Stabilisation",31,28,3,0,0.509803921568627,"Moderate intensity"
"Stabilisation",31,29,3,1,0.523809523809524,"Moderate intensity"
"Stabilisation",31,30,0,NA,0.523809523809524,"Moderate intensity"
"Stabilisation",32,1,1,0,0,"Moderate intensity"
"Stabilisation",32,2,3,0.333333333333333,0.25,"Moderate intensity"
"Stabilisation",32,3,2,0,0.166666666666667,"Moderate intensity"
"Stabilisation",32,4,0,NA,0.166666666666667,"Moderate intensity"
"Stabilisation",32,5,5,0.2,0.181818181818182,"Moderate intensity"
"Stabilisation",32,6,5,0.8,0.375,"Moderate intensity"
"Stabilisation",32,7,0,NA,0.375,"Moderate intensity"
"Stabilisation",32,8,6,0.5,0.409090909090909,"Moderate intensity"
"Stabilisation",32,9,2,1,0.458333333333333,"Moderate intensity"
"Stabilisation",32,10,3,0,0.407407407407407,"Moderate intensity"
"Stabilisation",32,11,5,0.2,0.375,"Moderate intensity"
"Stabilisation",32,12,8,0.5,0.4,"Moderate intensity"
"Stabilisation",32,13,7,0.714285714285714,0.446808510638298,"Moderate intensity"
"Stabilisation",32,14,6,0.833333333333333,0.490566037735849,"Moderate intensity"
"Stabilisation",32,15,3,0.333333333333333,0.482142857142857,"Moderate intensity"
"Stabilisation",32,16,5,0.8,0.508196721311475,"Moderate intensity"
"Stabilisation",32,17,2,0,0.492063492063492,"Moderate intensity"
"Stabilisation",32,18,8,0.75,0.52112676056338,"Moderate intensity"
"Stabilisation",32,19,2,1,0.534246575342466,"Moderate intensity"
"Stabilisation",32,20,4,0.5,0.532467532467532,"Moderate intensity"
"Stabilisation",32,21,4,0,0.506172839506173,"Moderate intensity"
"Stabilisation",32,22,3,0.333333333333333,0.5,"Moderate intensity"
"Stabilisation",32,23,10,0.8,0.531914893617021,"Moderate intensity"
"Stabilisation",32,24,1,1,0.536842105263158,"Moderate intensity"
"Stabilisation",32,25,4,0.25,0.525252525252525,"Moderate intensity"
"Stabilisation",32,26,7,0.571428571428571,0.528301886792453,"Moderate intensity"
"Stabilisation",32,27,4,0.5,0.527272727272727,"Moderate intensity"
"Stabilisation",32,28,5,0.8,0.539130434782609,"Moderate intensity"
"Stabilisation",32,29,4,0.75,0.546218487394958,"Moderate intensity"
"Stabilisation",32,30,6,0.833333333333333,0.56,"Moderate intensity"
"Stabilisation",33,1,1,0,0,"Moderate intensity"
"Stabilisation",33,2,3,0,0,"Moderate intensity"
"Stabilisation",33,3,7,0.428571428571429,0.272727272727273,"Moderate intensity"
"Stabilisation",33,4,3,0.333333333333333,0.285714285714286,"Moderate intensity"
"Stabilisation",33,5,0,NA,0.285714285714286,"Moderate intensity"
"Stabilisation",33,6,1,0,0.266666666666667,"Moderate intensity"
"Stabilisation",33,7,2,0,0.235294117647059,"Moderate intensity"
"Stabilisation",33,8,0,NA,0.235294117647059,"Moderate intensity"
"Stabilisation",33,9,0,NA,0.235294117647059,"Moderate intensity"
"Stabilisation",33,10,2,0,0.210526315789474,"Moderate intensity"
"Stabilisation",33,11,3,0.333333333333333,0.227272727272727,"Moderate intensity"
"Stabilisation",33,12,1,0,0.217391304347826,"Moderate intensity"
"Stabilisation",33,13,2,0,0.2,"Moderate intensity"
"Stabilisation",33,14,2,0.5,0.222222222222222,"Moderate intensity"
"Stabilisation",33,15,2,0,0.206896551724138,"Moderate intensity"
"Stabilisation",33,16,1,0,0.2,"Moderate intensity"
"Stabilisation",33,17,2,0.5,0.21875,"Moderate intensity"
"Stabilisation",33,18,0,NA,0.21875,"Moderate intensity"
"Stabilisation",33,19,0,NA,0.21875,"Moderate intensity"
"Stabilisation",33,20,5,0.4,0.243243243243243,"Moderate intensity"
"Stabilisation",33,21,2,0,0.230769230769231,"Moderate intensity"
"Stabilisation",33,22,3,0.666666666666667,0.261904761904762,"Moderate intensity"
"Stabilisation",33,23,7,0.714285714285714,0.326530612244898,"Moderate intensity"
"Stabilisation",33,24,4,0.5,0.339622641509434,"Moderate intensity"
"Stabilisation",33,25,1,0,0.333333333333333,"Moderate intensity"
"Stabilisation",33,26,3,0.666666666666667,0.350877192982456,"Moderate intensity"
"Stabilisation",33,27,7,0.285714285714286,0.34375,"Moderate intensity"
"Stabilisation",33,28,0,NA,0.34375,"Moderate intensity"
"Stabilisation",33,29,1,0,0.338461538461538,"Moderate intensity"
"Stabilisation",33,30,2,0,0.328358208955224,"Moderate intensity"
"Stabilisation",34,1,2,0,0,"Moderate intensity"
"Stabilisation",34,2,1,0,0,"Moderate intensity"
"Stabilisation",34,3,0,NA,0,"Moderate intensity"
"Stabilisation",34,4,4,0,0,"Moderate intensity"
"Stabilisation",34,5,3,0.666666666666667,0.2,"Moderate intensity"
"Stabilisation",34,6,2,0.5,0.25,"Moderate intensity"
"Stabilisation",34,7,3,0,0.2,"Moderate intensity"
"Stabilisation",34,8,5,0.6,0.3,"Moderate intensity"
"Stabilisation",34,9,7,0.142857142857143,0.259259259259259,"Moderate intensity"
"Stabilisation",34,10,1,1,0.285714285714286,"Moderate intensity"
"Stabilisation",34,11,2,0.5,0.3,"Moderate intensity"
"Stabilisation",34,12,7,0.428571428571429,0.324324324324324,"Moderate intensity"
"Stabilisation",34,13,7,0.428571428571429,0.340909090909091,"Moderate intensity"
"Stabilisation",34,14,6,0.5,0.36,"Moderate intensity"
"Stabilisation",34,15,3,0.666666666666667,0.377358490566038,"Moderate intensity"
"Stabilisation",34,16,5,0.8,0.413793103448276,"Moderate intensity"
"Stabilisation",34,17,1,0,0.406779661016949,"Moderate intensity"
"Stabilisation",34,18,5,0.4,0.40625,"Moderate intensity"
"Stabilisation",34,19,4,0.75,0.426470588235294,"Moderate intensity"
"Stabilisation",34,20,5,0.2,0.410958904109589,"Moderate intensity"
"Stabilisation",34,21,4,0.75,0.428571428571429,"Moderate intensity"
"Stabilisation",34,22,2,0.5,0.430379746835443,"Moderate intensity"
"Stabilisation",34,23,0,NA,0.430379746835443,"Moderate intensity"
"Stabilisation",34,24,5,0.4,0.428571428571429,"Moderate intensity"
"Stabilisation",34,25,2,0,0.418604651162791,"Moderate intensity"
"Stabilisation",34,26,0,NA,0.418604651162791,"Moderate intensity"
"Stabilisation",34,27,5,0,0.395604395604396,"Moderate intensity"
"Stabilisation",34,28,2,0,0.387096774193548,"Moderate intensity"
"Stabilisation",34,29,2,0,0.378947368421053,"Moderate intensity"
"Stabilisation",34,30,1,0,0.375,"Moderate intensity"
"Stabilisation",35,1,3,0,0,"Moderate intensity"
"Stabilisation",35,2,7,0.714285714285714,0.5,"Moderate intensity"
"Stabilisation",35,3,4,0,0.357142857142857,"Moderate intensity"
"Stabilisation",35,4,3,0,0.294117647058824,"Moderate intensity"
"Stabilisation",35,5,0,NA,0.294117647058824,"Moderate intensity"
"Stabilisation",35,6,0,NA,0.294117647058824,"Moderate intensity"
"Stabilisation",35,7,2,0,0.263157894736842,"Moderate intensity"
"Stabilisation",35,8,3,0.333333333333333,0.272727272727273,"Moderate intensity"
"Stabilisation",35,9,3,0,0.24,"Moderate intensity"
"Stabilisation",35,10,3,0.333333333333333,0.25,"Moderate intensity"
"Stabilisation",35,11,4,0.5,0.28125,"Moderate intensity"
"Stabilisation",35,12,2,0.5,0.294117647058824,"Moderate intensity"
"Stabilisation",35,13,1,0,0.285714285714286,"Moderate intensity"
"Stabilisation",35,14,7,0.428571428571429,0.30952380952381,"Moderate intensity"
"Stabilisation",35,15,3,1,0.355555555555556,"Moderate intensity"
"Stabilisation",35,16,0,NA,0.355555555555556,"Moderate intensity"
"Stabilisation",35,17,0,NA,0.355555555555556,"Moderate intensity"
"Stabilisation",35,18,0,NA,0.355555555555556,"Moderate intensity"
"Stabilisation",35,19,1,0,0.347826086956522,"Moderate intensity"
"Stabilisation",35,20,5,0.2,0.333333333333333,"Moderate intensity"
"Stabilisation",35,21,4,0.25,0.327272727272727,"Moderate intensity"
"Stabilisation",35,22,7,0.857142857142857,0.387096774193548,"Moderate intensity"
"Stabilisation",35,23,5,0,0.358208955223881,"Moderate intensity"
"Stabilisation",35,24,2,0,0.347826086956522,"Moderate intensity"
"Stabilisation",35,25,2,0,0.338028169014085,"Moderate intensity"
"Stabilisation",35,26,3,0.333333333333333,0.337837837837838,"Moderate intensity"
"Stabilisation",35,27,4,0.5,0.346153846153846,"Moderate intensity"
"Stabilisation",35,28,4,0.75,0.365853658536585,"Moderate intensity"
"Stabilisation",35,29,5,0.8,0.390804597701149,"Moderate intensity"
"Stabilisation",35,30,5,0.4,0.391304347826087,"Moderate intensity"
"Stabilisation",36,1,4,0.25,0.25,"Moderate intensity"
"Stabilisation",36,2,4,0.5,0.375,"Moderate intensity"
"Stabilisation",36,3,3,0,0.272727272727273,"Moderate intensity"
"Stabilisation",36,4,1,0,0.25,"Moderate intensity"
"Stabilisation",36,5,1,0,0.230769230769231,"Moderate intensity"
"Stabilisation",36,6,0,NA,0.230769230769231,"Moderate intensity"
"Stabilisation",36,7,3,0.333333333333333,0.25,"Moderate intensity"
"Stabilisation",36,8,0,NA,0.25,"Moderate intensity"
"Stabilisation",36,9,1,0,0.235294117647059,"Moderate intensity"
"Stabilisation",36,10,3,0.333333333333333,0.25,"Moderate intensity"
"Stabilisation",36,11,4,0,0.208333333333333,"Moderate intensity"
"Stabilisation",36,12,3,0.333333333333333,0.222222222222222,"Moderate intensity"
"Stabilisation",36,13,0,NA,0.222222222222222,"Moderate intensity"
"Stabilisation",36,14,2,0,0.206896551724138,"Moderate intensity"
"Stabilisation",36,15,4,0,0.181818181818182,"Moderate intensity"
"Stabilisation",36,16,7,0.571428571428571,0.25,"Moderate intensity"
"Stabilisation",36,17,5,1,0.333333333333333,"Moderate intensity"
"Stabilisation",36,18,5,1,0.4,"Moderate intensity"
"Stabilisation",36,19,4,0.25,0.388888888888889,"Moderate intensity"
"Stabilisation",36,20,5,0.2,0.372881355932203,"Moderate intensity"
"Stabilisation",36,21,5,0.8,0.40625,"Moderate intensity"
"Stabilisation",36,22,4,0,0.382352941176471,"Moderate intensity"
"Stabilisation",36,23,3,0.666666666666667,0.394366197183099,"Moderate intensity"
"Stabilisation",36,24,5,0.4,0.394736842105263,"Moderate intensity"
"Stabilisation",36,25,2,1,0.41025641025641,"Moderate intensity"
"Stabilisation",36,26,2,0,0.4,"Moderate intensity"
"Stabilisation",36,27,1,0,0.395061728395062,"Moderate intensity"
"Stabilisation",36,28,2,0,0.385542168674699,"Moderate intensity"
"Stabilisation",36,29,3,0.333333333333333,0.383720930232558,"Moderate intensity"
"Stabilisation",36,30,3,0.666666666666667,0.393258426966292,"Moderate intensity"
"Stabilisation",37,1,2,0,0,"Moderate intensity"
"Stabilisation",37,2,5,0.2,0.142857142857143,"Moderate intensity"
"Stabilisation",37,3,1,1,0.25,"Moderate intensity"
"Stabilisation",37,4,4,0.75,0.416666666666667,"Moderate intensity"
"Stabilisation",37,5,2,0,0.357142857142857,"Moderate intensity"
"Stabilisation",37,6,5,0.8,0.473684210526316,"Moderate intensity"
"Stabilisation",37,7,2,0,0.428571428571429,"Moderate intensity"
"Stabilisation",37,8,0,NA,0.428571428571429,"Moderate intensity"
"Stabilisation",37,9,2,0,0.391304347826087,"Moderate intensity"
"Stabilisation",37,10,2,0,0.36,"Moderate intensity"
"Stabilisation",37,11,0,NA,0.36,"Moderate intensity"
"Stabilisation",37,12,2,0,0.333333333333333,"Moderate intensity"
"Stabilisation",37,13,0,NA,0.333333333333333,"Moderate intensity"
"Stabilisation",37,14,0,NA,0.333333333333333,"Moderate intensity"
"Stabilisation",37,15,1,0,0.321428571428571,"Moderate intensity"
"Stabilisation",37,16,3,0.666666666666667,0.354838709677419,"Moderate intensity"
"Stabilisation",37,17,1,0,0.34375,"Moderate intensity"
"Stabilisation",37,18,5,0.2,0.324324324324324,"Moderate intensity"
"Stabilisation",37,19,3,0,0.3,"Moderate intensity"
"Stabilisation",37,20,2,0.5,0.30952380952381,"Moderate intensity"
"Stabilisation",37,21,2,0,0.295454545454545,"Moderate intensity"
"Stabilisation",37,22,1,0,0.288888888888889,"Moderate intensity"
"Stabilisation",37,23,3,0.333333333333333,0.291666666666667,"Moderate intensity"
"Stabilisation",37,24,3,0.333333333333333,0.294117647058824,"Moderate intensity"
"Stabilisation",37,25,3,0.333333333333333,0.296296296296296,"Moderate intensity"
"Stabilisation",37,26,2,1,0.321428571428571,"Moderate intensity"
"Stabilisation",37,27,3,0,0.305084745762712,"Moderate intensity"
"Stabilisation",37,28,4,0.25,0.301587301587302,"Moderate intensity"
"Stabilisation",37,29,5,0.4,0.308823529411765,"Moderate intensity"
"Stabilisation",37,30,5,0.8,0.342465753424658,"Moderate intensity"
"Stabilisation",38,1,5,0.4,0.4,"Moderate intensity"
"Stabilisation",38,2,2,0,0.285714285714286,"Moderate intensity"
"Stabilisation",38,3,2,0,0.222222222222222,"Moderate intensity"
"Stabilisation",38,4,1,0,0.2,"Moderate intensity"
"Stabilisation",38,5,0,NA,0.2,"Moderate intensity"
"Stabilisation",38,6,5,0.2,0.2,"Moderate intensity"
"Stabilisation",38,7,3,0.333333333333333,0.222222222222222,"Moderate intensity"
"Stabilisation",38,8,5,0.2,0.217391304347826,"Moderate intensity"
"Stabilisation",38,9,7,0.142857142857143,0.2,"Moderate intensity"
"Stabilisation",38,10,2,0,0.1875,"Moderate intensity"
"Stabilisation",38,11,1,0,0.181818181818182,"Moderate intensity"
"Stabilisation",38,12,0,NA,0.181818181818182,"Moderate intensity"
"Stabilisation",38,13,7,0.285714285714286,0.2,"Moderate intensity"
"Stabilisation",38,14,4,0.5,0.227272727272727,"Moderate intensity"
"Stabilisation",38,15,5,0.4,0.244897959183673,"Moderate intensity"
"Stabilisation",38,16,2,0.5,0.254901960784314,"Moderate intensity"
"Stabilisation",38,17,4,0.25,0.254545454545455,"Moderate intensity"
"Stabilisation",38,18,2,0.5,0.263157894736842,"Moderate intensity"
"Stabilisation",38,19,2,0,0.254237288135593,"Moderate intensity"
"Stabilisation",38,20,2,0.5,0.262295081967213,"Moderate intensity"
"Stabilisation",38,21,4,0.75,0.292307692307692,"Moderate intensity"
"Stabilisation",38,22,2,0.5,0.298507462686567,"Moderate intensity"
"Stabilisation",38,23,3,0,0.285714285714286,"Moderate intensity"
"Stabilisation",38,24,1,0,0.28169014084507,"Moderate intensity"
"Stabilisation",38,25,5,0.6,0.302631578947368,"Moderate intensity"
"Stabilisation",38,26,5,0.6,0.320987654320988,"Moderate intensity"
"Stabilisation",38,27,4,0.25,0.317647058823529,"Moderate intensity"
"Stabilisation",38,28,0,NA,0.317647058823529,"Moderate intensity"
"Stabilisation",38,29,2,0.5,0.32183908045977,"Moderate intensity"
"Stabilisation",38,30,2,0.5,0.325842696629214,"Moderate intensity"
"Stabilisation",39,1,2,0,0,"Moderate intensity"
"Stabilisation",39,2,2,0.5,0.25,"Moderate intensity"
"Stabilisation",39,3,3,0.333333333333333,0.285714285714286,"Moderate intensity"
"Stabilisation",39,4,7,0.428571428571429,0.357142857142857,"Moderate intensity"
"Stabilisation",39,5,3,0.333333333333333,0.352941176470588,"Moderate intensity"
"Stabilisation",39,6,2,1,0.421052631578947,"Moderate intensity"
"Stabilisation",39,7,3,1,0.5,"Moderate intensity"
"Stabilisation",39,8,2,1,0.541666666666667,"Moderate intensity"
"Stabilisation",39,9,1,1,0.56,"Moderate intensity"
"Stabilisation",39,10,1,1,0.576923076923077,"Moderate intensity"
"Stabilisation",39,11,1,1,0.592592592592593,"Moderate intensity"
"Stabilisation",39,12,5,0,0.5,"Moderate intensity"
"Stabilisation",39,13,3,1,0.542857142857143,"Moderate intensity"
"Stabilisation",39,14,1,1,0.555555555555556,"Moderate intensity"
"Stabilisation",39,15,0,NA,0.555555555555556,"Moderate intensity"
"Stabilisation",39,16,0,NA,0.555555555555556,"Moderate intensity"
"Stabilisation",39,17,6,0.5,0.547619047619048,"Moderate intensity"
"Stabilisation",39,18,6,0.166666666666667,0.5,"Moderate intensity"
"Stabilisation",39,19,2,0,0.48,"Moderate intensity"
"Stabilisation",39,20,1,1,0.490196078431373,"Moderate intensity"
"Stabilisation",39,21,4,0.75,0.509090909090909,"Moderate intensity"
"Stabilisation",39,22,2,1,0.526315789473684,"Moderate intensity"
"Stabilisation",39,23,3,0.666666666666667,0.533333333333333,"Moderate intensity"
"Stabilisation",39,24,6,0.666666666666667,0.545454545454545,"Moderate intensity"
"Stabilisation",39,25,0,NA,0.545454545454545,"Moderate intensity"
"Stabilisation",39,26,2,0.5,0.544117647058823,"Moderate intensity"
"Stabilisation",39,27,9,0.333333333333333,0.519480519480519,"Moderate intensity"
"Stabilisation",39,28,3,1,0.5375,"Moderate intensity"
"Stabilisation",39,29,2,0.5,0.536585365853659,"Moderate intensity"
"Stabilisation",39,30,8,0.5,0.533333333333333,"Moderate intensity"
"Stabilisation",40,1,0,NA,NA,"Moderate intensity"
"Stabilisation",40,2,4,0,0,"Moderate intensity"
"Stabilisation",40,3,1,0,0,"Moderate intensity"
"Stabilisation",40,4,2,1,0.285714285714286,"Moderate intensity"
"Stabilisation",40,5,5,0.8,0.5,"Moderate intensity"
"Stabilisation",40,6,2,0.5,0.5,"Moderate intensity"
"Stabilisation",40,7,3,0.333333333333333,0.470588235294118,"Moderate intensity"
"Stabilisation",40,8,8,0.625,0.52,"Moderate intensity"
"Stabilisation",40,9,4,0.25,0.482758620689655,"Moderate intensity"
"Stabilisation",40,10,3,0,0.4375,"Moderate intensity"
"Stabilisation",40,11,6,0.5,0.447368421052632,"Moderate intensity"
"Stabilisation",40,12,2,0.5,0.45,"Moderate intensity"
"Stabilisation",40,13,6,0.333333333333333,0.434782608695652,"Moderate intensity"
"Stabilisation",40,14,1,1,0.446808510638298,"Moderate intensity"
"Stabilisation",40,15,1,0,0.4375,"Moderate intensity"
"Stabilisation",40,16,2,0,0.42,"Moderate intensity"
"Stabilisation",40,17,1,0,0.411764705882353,"Moderate intensity"
"Stabilisation",40,18,1,0,0.403846153846154,"Moderate intensity"
"Stabilisation",40,19,2,0.5,0.407407407407407,"Moderate intensity"
"Stabilisation",40,20,0,NA,0.407407407407407,"Moderate intensity"
"Stabilisation",40,21,2,0,0.392857142857143,"Moderate intensity"
"Stabilisation",40,22,3,0.666666666666667,0.406779661016949,"Moderate intensity"
"Stabilisation",40,23,4,0.25,0.396825396825397,"Moderate intensity"
"Stabilisation",40,24,7,0.714285714285714,0.428571428571429,"Moderate intensity"
"Stabilisation",40,25,1,0,0.422535211267606,"Moderate intensity"
"Stabilisation",40,26,7,0.571428571428571,0.435897435897436,"Moderate intensity"
"Stabilisation",40,27,4,0.25,0.426829268292683,"Moderate intensity"
"Stabilisation",40,28,4,0.75,0.441860465116279,"Moderate intensity"
"Stabilisation",40,29,5,0.8,0.461538461538462,"Moderate intensity"
"Stabilisation",40,30,3,0.333333333333333,0.457446808510638,"Moderate intensity"
"Stabilisation",41,1,1,0,0,"Moderate intensity"
"Stabilisation",41,2,3,0.333333333333333,0.25,"Moderate intensity"
"Stabilisation",41,3,1,0,0.2,"Moderate intensity"
"Stabilisation",41,4,2,0,0.142857142857143,"Moderate intensity"
"Stabilisation",41,5,1,0,0.125,"Moderate intensity"
"Stabilisation",41,6,1,0,0.111111111111111,"Moderate intensity"
"Stabilisation",41,7,2,0,0.0909090909090909,"Moderate intensity"
"Stabilisation",41,8,1,0,0.0833333333333333,"Moderate intensity"
"Stabilisation",41,9,1,0,0.0769230769230769,"Moderate intensity"
"Stabilisation",41,10,0,NA,0.0769230769230769,"Moderate intensity"
"Stabilisation",41,11,0,NA,0.0769230769230769,"Moderate intensity"
"Stabilisation",41,12,5,0,0.0555555555555556,"Moderate intensity"
"Stabilisation",41,13,2,1,0.15,"Moderate intensity"
"Stabilisation",41,14,1,0,0.142857142857143,"Moderate intensity"
"Stabilisation",41,15,1,0,0.136363636363636,"Moderate intensity"
"Stabilisation",41,16,2,0,0.125,"Moderate intensity"
"Stabilisation",41,17,1,0,0.12,"Moderate intensity"
"Stabilisation",41,18,2,0.5,0.148148148148148,"Moderate intensity"
"Stabilisation",41,19,0,NA,0.148148148148148,"Moderate intensity"
"Stabilisation",41,20,2,0,0.137931034482759,"Moderate intensity"
"Stabilisation",41,21,5,0.2,0.147058823529412,"Moderate intensity"
"Stabilisation",41,22,3,1,0.216216216216216,"Moderate intensity"
"Stabilisation",41,23,7,0.714285714285714,0.295454545454545,"Moderate intensity"
"Stabilisation",41,24,3,0.666666666666667,0.319148936170213,"Moderate intensity"
"Stabilisation",41,25,3,0,0.3,"Moderate intensity"
"Stabilisation",41,26,4,0,0.277777777777778,"Moderate intensity"
"Stabilisation",41,27,0,NA,0.277777777777778,"Moderate intensity"
"Stabilisation",41,28,1,0,0.272727272727273,"Moderate intensity"
"Stabilisation",41,29,4,0.25,0.271186440677966,"Moderate intensity"
"Stabilisation",41,30,4,1,0.317460317460317,"Moderate intensity"
"Stabilisation",42,1,1,0,0,"Moderate intensity"
"Stabilisation",42,2,2,0,0,"Moderate intensity"
"Stabilisation",42,3,4,0.75,0.428571428571429,"Moderate intensity"
"Stabilisation",42,4,2,1,0.555555555555556,"Moderate intensity"
"Stabilisation",42,5,0,NA,0.555555555555556,"Moderate intensity"
"Stabilisation",42,6,2,0,0.454545454545455,"Moderate intensity"
"Stabilisation",42,7,4,0.5,0.466666666666667,"Moderate intensity"
"Stabilisation",42,8,6,0.833333333333333,0.571428571428571,"Moderate intensity"
"Stabilisation",42,9,5,0.4,0.538461538461538,"Moderate intensity"
"Stabilisation",42,10,3,1,0.586206896551724,"Moderate intensity"
"Stabilisation",42,11,4,1,0.636363636363636,"Moderate intensity"
"Stabilisation",42,12,5,0.4,0.605263157894737,"Moderate intensity"
"Stabilisation",42,13,4,0.25,0.571428571428571,"Moderate intensity"
"Stabilisation",42,14,5,0.4,0.553191489361702,"Moderate intensity"
"Stabilisation",42,15,3,1,0.58,"Moderate intensity"
"Stabilisation",42,16,6,1,0.625,"Moderate intensity"
"Stabilisation",42,17,6,1,0.661290322580645,"Moderate intensity"
"Stabilisation",42,18,2,1,0.671875,"Moderate intensity"
"Stabilisation",42,19,5,1,0.695652173913043,"Moderate intensity"
"Stabilisation",42,20,0,NA,0.695652173913043,"Moderate intensity"
"Stabilisation",42,21,4,1,0.712328767123288,"Moderate intensity"
"Stabilisation",42,22,5,0.4,0.692307692307692,"Moderate intensity"
"Stabilisation",42,23,9,0.111111111111111,0.632183908045977,"Moderate intensity"
"Stabilisation",42,24,5,0.2,0.608695652173913,"Moderate intensity"
"Stabilisation",42,25,3,0.333333333333333,0.6,"Moderate intensity"
"Stabilisation",42,26,5,1,0.62,"Moderate intensity"
"Stabilisation",42,27,4,1,0.634615384615385,"Moderate intensity"
"Stabilisation",42,28,9,0.666666666666667,0.63716814159292,"Moderate intensity"
"Stabilisation",42,29,5,0.6,0.635593220338983,"Moderate intensity"
"Stabilisation",42,30,4,1,0.647540983606557,"Moderate intensity"
"Stabilisation",43,1,4,0.25,0.25,"Moderate intensity"
"Stabilisation",43,2,0,NA,0.25,"Moderate intensity"
"Stabilisation",43,3,3,0.666666666666667,0.428571428571429,"Moderate intensity"
"Stabilisation",43,4,1,0,0.375,"Moderate intensity"
"Stabilisation",43,5,0,NA,0.375,"Moderate intensity"
"Stabilisation",43,6,0,NA,0.375,"Moderate intensity"
"Stabilisation",43,7,0,NA,0.375,"Moderate intensity"
"Stabilisation",43,8,3,0,0.272727272727273,"Moderate intensity"
"Stabilisation",43,9,0,NA,0.272727272727273,"Moderate intensity"
"Stabilisation",43,10,1,0,0.25,"Moderate intensity"
"Stabilisation",43,11,2,0.5,0.285714285714286,"Moderate intensity"
"Stabilisation",43,12,3,0.333333333333333,0.294117647058824,"Moderate intensity"
"Stabilisation",43,13,7,1,0.5,"Moderate intensity"
"Stabilisation",43,14,12,0.416666666666667,0.472222222222222,"Moderate intensity"
"Stabilisation",43,15,8,0.625,0.5,"Moderate intensity"
"Stabilisation",43,16,1,1,0.511111111111111,"Moderate intensity"
"Stabilisation",43,17,2,0.5,0.51063829787234,"Moderate intensity"
"Stabilisation",43,18,2,0.5,0.510204081632653,"Moderate intensity"
"Stabilisation",43,19,4,0.5,0.509433962264151,"Moderate intensity"
"Stabilisation",43,20,3,0.666666666666667,0.517857142857143,"Moderate intensity"
"Stabilisation",43,21,2,0,0.5,"Moderate intensity"
"Stabilisation",43,22,1,0,0.491525423728814,"Moderate intensity"
"Stabilisation",43,23,1,0,0.483333333333333,"Moderate intensity"
"Stabilisation",43,24,2,0,0.467741935483871,"Moderate intensity"
"Stabilisation",43,25,2,0.5,0.46875,"Moderate intensity"
"Stabilisation",43,26,1,0,0.461538461538462,"Moderate intensity"
"Stabilisation",43,27,2,0,0.447761194029851,"Moderate intensity"
"Stabilisation",43,28,3,0.333333333333333,0.442857142857143,"Moderate intensity"
"Stabilisation",43,29,5,1,0.48,"Moderate intensity"
"Stabilisation",43,30,4,0,0.455696202531646,"Moderate intensity"
"Stabilisation",44,1,0,NA,NA,"Moderate intensity"
"Stabilisation",44,2,1,0,0,"Moderate intensity"
"Stabilisation",44,3,1,0,0,"Moderate intensity"
"Stabilisation",44,4,1,0,0,"Moderate intensity"
"Stabilisation",44,5,5,0.2,0.125,"Moderate intensity"
"Stabilisation",44,6,2,0.5,0.2,"Moderate intensity"
"Stabilisation",44,7,0,NA,0.2,"Moderate intensity"
"Stabilisation",44,8,2,0,0.166666666666667,"Moderate intensity"
"Stabilisation",44,9,3,0.333333333333333,0.2,"Moderate intensity"
"Stabilisation",44,10,4,1,0.368421052631579,"Moderate intensity"
"Stabilisation",44,11,6,0.666666666666667,0.44,"Moderate intensity"
"Stabilisation",44,12,5,0.8,0.5,"Moderate intensity"
"Stabilisation",44,13,6,0.666666666666667,0.527777777777778,"Moderate intensity"
"Stabilisation",44,14,2,0,0.5,"Moderate intensity"
"Stabilisation",44,15,1,0,0.487179487179487,"Moderate intensity"
"Stabilisation",44,16,1,0,0.475,"Moderate intensity"
"Stabilisation",44,17,2,0,0.452380952380952,"Moderate intensity"
"Stabilisation",44,18,5,0.4,0.446808510638298,"Moderate intensity"
"Stabilisation",44,19,2,0.5,0.448979591836735,"Moderate intensity"
"Stabilisation",44,20,7,0.428571428571429,0.446428571428571,"Moderate intensity"
"Stabilisation",44,21,3,0,0.423728813559322,"Moderate intensity"
"Stabilisation",44,22,3,0.333333333333333,0.419354838709677,"Moderate intensity"
"Stabilisation",44,23,2,0,0.40625,"Moderate intensity"
"Stabilisation",44,24,3,0.666666666666667,0.417910447761194,"Moderate intensity"
"Stabilisation",44,25,2,0.5,0.420289855072464,"Moderate intensity"
"Stabilisation",44,26,2,0.5,0.422535211267606,"Moderate intensity"
"Stabilisation",44,27,6,0.333333333333333,0.415584415584416,"Moderate intensity"
"Stabilisation",44,28,2,0,0.40506329113924,"Moderate intensity"
"Stabilisation",44,29,1,0,0.4,"Moderate intensity"
"Stabilisation",44,30,1,0,0.395061728395062,"Moderate intensity"
"Stabilisation",45,1,1,0,0,"Moderate intensity"
"Stabilisation",45,2,5,0.6,0.5,"Moderate intensity"
"Stabilisation",45,3,2,0.5,0.5,"Moderate intensity"
"Stabilisation",45,4,7,0.571428571428571,0.533333333333333,"Moderate intensity"
"Stabilisation",45,5,4,0.5,0.526315789473684,"Moderate intensity"
"Stabilisation",45,6,8,0.625,0.555555555555556,"Moderate intensity"
"Stabilisation",45,7,4,0.25,0.516129032258065,"Moderate intensity"
"Stabilisation",45,8,2,0.5,0.515151515151515,"Moderate intensity"
"Stabilisation",45,9,0,NA,0.515151515151515,"Moderate intensity"
"Stabilisation",45,10,2,0,0.485714285714286,"Moderate intensity"
"Stabilisation",45,11,4,0.5,0.487179487179487,"Moderate intensity"
"Stabilisation",45,12,5,0.2,0.454545454545455,"Moderate intensity"
"Stabilisation",45,13,0,NA,0.454545454545455,"Moderate intensity"
"Stabilisation",45,14,2,0,0.434782608695652,"Moderate intensity"
"Stabilisation",45,15,3,0.333333333333333,0.428571428571429,"Moderate intensity"
"Stabilisation",45,16,0,NA,0.428571428571429,"Moderate intensity"
"Stabilisation",45,17,1,0,0.42,"Moderate intensity"
"Stabilisation",45,18,2,0,0.403846153846154,"Moderate intensity"
"Stabilisation",45,19,5,0.2,0.385964912280702,"Moderate intensity"
"Stabilisation",45,20,5,0,0.354838709677419,"Moderate intensity"
"Stabilisation",45,21,3,0.666666666666667,0.369230769230769,"Moderate intensity"
"Stabilisation",45,22,0,NA,0.369230769230769,"Moderate intensity"
"Stabilisation",45,23,5,0.2,0.357142857142857,"Moderate intensity"
"Stabilisation",45,24,4,0.25,0.351351351351351,"Moderate intensity"
"Stabilisation",45,25,2,0.5,0.355263157894737,"Moderate intensity"
"Stabilisation",45,26,2,0,0.346153846153846,"Moderate intensity"
"Stabilisation",45,27,1,0,0.341772151898734,"Moderate intensity"
"Stabilisation",45,28,1,1,0.35,"Moderate intensity"
"Stabilisation",45,29,2,0,0.341463414634146,"Moderate intensity"
"Stabilisation",45,30,4,0.5,0.348837209302326,"Moderate intensity"
"Stabilisation",46,1,2,0,0,"Moderate intensity"
"Stabilisation",46,2,8,0.375,0.3,"Moderate intensity"
"Stabilisation",46,3,4,0.75,0.428571428571429,"Moderate intensity"
"Stabilisation",46,4,5,0.4,0.421052631578947,"Moderate intensity"
"Stabilisation",46,5,1,0,0.4,"Moderate intensity"
"Stabilisation",46,6,2,0,0.363636363636364,"Moderate intensity"
"Stabilisation",46,7,0,NA,0.363636363636364,"Moderate intensity"
"Stabilisation",46,8,6,0.333333333333333,0.357142857142857,"Moderate intensity"
"Stabilisation",46,9,4,0.5,0.375,"Moderate intensity"
"Stabilisation",46,10,5,0.6,0.405405405405405,"Moderate intensity"
"Stabilisation",46,11,3,0.666666666666667,0.425,"Moderate intensity"
"Stabilisation",46,12,2,1,0.452380952380952,"Moderate intensity"
"Stabilisation",46,13,1,0,0.441860465116279,"Moderate intensity"
"Stabilisation",46,14,2,0,0.422222222222222,"Moderate intensity"
"Stabilisation",46,15,7,0.428571428571429,0.423076923076923,"Moderate intensity"
"Stabilisation",46,16,5,0.4,0.421052631578947,"Moderate intensity"
"Stabilisation",46,17,2,0,0.406779661016949,"Moderate intensity"
"Stabilisation",46,18,5,0.4,0.40625,"Moderate intensity"
"Stabilisation",46,19,7,0.285714285714286,0.394366197183099,"Moderate intensity"
"Stabilisation",46,20,1,0,0.388888888888889,"Moderate intensity"
"Stabilisation",46,21,7,0.857142857142857,0.430379746835443,"Moderate intensity"
"Stabilisation",46,22,4,0,0.409638554216867,"Moderate intensity"
"Stabilisation",46,23,5,0.8,0.431818181818182,"Moderate intensity"
"Stabilisation",46,24,6,0.5,0.436170212765957,"Moderate intensity"
"Stabilisation",46,25,10,0.5,0.442307692307692,"Moderate intensity"
"Stabilisation",46,26,5,0.6,0.44954128440367,"Moderate intensity"
"Stabilisation",46,27,9,0.777777777777778,0.474576271186441,"Moderate intensity"
"Stabilisation",46,28,6,1,0.5,"Moderate intensity"
"Stabilisation",46,29,7,0.571428571428571,0.50381679389313,"Moderate intensity"
"Stabilisation",46,30,0,NA,0.50381679389313,"Moderate intensity"
"Stabilisation",47,1,2,0,0,"Moderate intensity"
"Stabilisation",47,2,4,0.5,0.333333333333333,"Moderate intensity"
"Stabilisation",47,3,3,0.333333333333333,0.333333333333333,"Moderate intensity"
"Stabilisation",47,4,0,NA,0.333333333333333,"Moderate intensity"
"Stabilisation",47,5,1,0,0.3,"Moderate intensity"
"Stabilisation",47,6,1,0,0.272727272727273,"Moderate intensity"
"Stabilisation",47,7,4,0.25,0.266666666666667,"Moderate intensity"
"Stabilisation",47,8,2,0.5,0.294117647058824,"Moderate intensity"
"Stabilisation",47,9,2,1,0.368421052631579,"Moderate intensity"
"Stabilisation",47,10,3,0,0.318181818181818,"Moderate intensity"
"Stabilisation",47,11,0,NA,0.318181818181818,"Moderate intensity"
"Stabilisation",47,12,4,0,0.269230769230769,"Moderate intensity"
"Stabilisation",47,13,3,0.333333333333333,0.275862068965517,"Moderate intensity"
"Stabilisation",47,14,9,0.777777777777778,0.394736842105263,"Moderate intensity"
"Stabilisation",47,15,1,0,0.384615384615385,"Moderate intensity"
"Stabilisation",47,16,3,0,0.357142857142857,"Moderate intensity"
"Stabilisation",47,17,1,0,0.348837209302326,"Moderate intensity"
"Stabilisation",47,18,5,0.2,0.333333333333333,"Moderate intensity"
"Stabilisation",47,19,1,0,0.326530612244898,"Moderate intensity"
"Stabilisation",47,20,3,0.666666666666667,0.346153846153846,"Moderate intensity"
"Stabilisation",47,21,6,0.666666666666667,0.379310344827586,"Moderate intensity"
"Stabilisation",47,22,3,0,0.360655737704918,"Moderate intensity"
"Stabilisation",47,23,5,0.8,0.393939393939394,"Moderate intensity"
"Stabilisation",47,24,4,0.75,0.414285714285714,"Moderate intensity"
"Stabilisation",47,25,8,0.5,0.423076923076923,"Moderate intensity"
"Stabilisation",47,26,5,0.2,0.409638554216867,"Moderate intensity"
"Stabilisation",47,27,6,1,0.449438202247191,"Moderate intensity"
"Stabilisation",47,28,9,0.555555555555556,0.459183673469388,"Moderate intensity"
"Stabilisation",47,29,5,0.2,0.446601941747573,"Moderate intensity"
"Stabilisation",47,30,7,0.857142857142857,0.472727272727273,"Moderate intensity"
"Stabilisation",48,1,3,0,0,"Moderate intensity"
"Stabilisation",48,2,0,NA,0,"Moderate intensity"
"Stabilisation",48,3,1,0,0,"Moderate intensity"
"Stabilisation",48,4,1,0,0,"Moderate intensity"
"Stabilisation",48,5,2,0,0,"Moderate intensity"
"Stabilisation",48,6,4,0.75,0.272727272727273,"Moderate intensity"
"Stabilisation",48,7,5,1,0.5,"Moderate intensity"
"Stabilisation",48,8,6,0.166666666666667,0.409090909090909,"Moderate intensity"
"Stabilisation",48,9,5,0.2,0.37037037037037,"Moderate intensity"
"Stabilisation",48,10,2,0,0.344827586206897,"Moderate intensity"
"Stabilisation",48,11,6,0.333333333333333,0.342857142857143,"Moderate intensity"
"Stabilisation",48,12,1,1,0.361111111111111,"Moderate intensity"
"Stabilisation",48,13,1,0,0.351351351351351,"Moderate intensity"
"Stabilisation",48,14,1,0,0.342105263157895,"Moderate intensity"
"Stabilisation",48,15,2,0,0.325,"Moderate intensity"
"Stabilisation",48,16,4,0.25,0.318181818181818,"Moderate intensity"
"Stabilisation",48,17,5,0.6,0.346938775510204,"Moderate intensity"
"Stabilisation",48,18,2,0.5,0.352941176470588,"Moderate intensity"
"Stabilisation",48,19,1,0,0.346153846153846,"Moderate intensity"
"Stabilisation",48,20,3,0.333333333333333,0.345454545454545,"Moderate intensity"
"Stabilisation",48,21,5,0.6,0.366666666666667,"Moderate intensity"
"Stabilisation",48,22,2,0,0.354838709677419,"Moderate intensity"
"Stabilisation",48,23,4,0.25,0.348484848484849,"Moderate intensity"
"Stabilisation",48,24,3,0,0.333333333333333,"Moderate intensity"
"Stabilisation",48,25,2,0,0.323943661971831,"Moderate intensity"
"Stabilisation",48,26,1,0,0.319444444444444,"Moderate intensity"
"Stabilisation",48,27,3,0.333333333333333,0.32,"Moderate intensity"
"Stabilisation",48,28,2,0.5,0.324675324675325,"Moderate intensity"
"Stabilisation",48,29,0,NA,0.324675324675325,"Moderate intensity"
"Stabilisation",48,30,1,0,0.320512820512821,"Moderate intensity"
"Stabilisation",49,1,1,0,0,"Moderate intensity"
"Stabilisation",49,2,0,NA,0,"Moderate intensity"
"Stabilisation",49,3,1,0,0,"Moderate intensity"
"Stabilisation",49,4,3,0,0,"Moderate intensity"
"Stabilisation",49,5,2,0.5,0.142857142857143,"Moderate intensity"
"Stabilisation",49,6,2,0,0.111111111111111,"Moderate intensity"
"Stabilisation",49,7,2,0.5,0.181818181818182,"Moderate intensity"
"Stabilisation",49,8,4,0.5,0.266666666666667,"Moderate intensity"
"Stabilisation",49,9,5,0.4,0.3,"Moderate intensity"
"Stabilisation",49,10,3,0,0.260869565217391,"Moderate intensity"
"Stabilisation",49,11,5,0.4,0.285714285714286,"Moderate intensity"
"Stabilisation",49,12,2,0,0.266666666666667,"Moderate intensity"
"Stabilisation",49,13,0,NA,0.266666666666667,"Moderate intensity"
"Stabilisation",49,14,0,NA,0.266666666666667,"Moderate intensity"
"Stabilisation",49,15,4,0,0.235294117647059,"Moderate intensity"
"Stabilisation",49,16,4,0.5,0.263157894736842,"Moderate intensity"
"Stabilisation",49,17,11,0.454545454545455,0.306122448979592,"Moderate intensity"
"Stabilisation",49,18,1,1,0.32,"Moderate intensity"
"Stabilisation",49,19,9,0.555555555555556,0.355932203389831,"Moderate intensity"
"Stabilisation",49,20,5,0.2,0.34375,"Moderate intensity"
"Stabilisation",49,21,1,0,0.338461538461538,"Moderate intensity"
"Stabilisation",49,22,0,NA,0.338461538461538,"Moderate intensity"
"Stabilisation",49,23,2,0,0.328358208955224,"Moderate intensity"
"Stabilisation",49,24,1,1,0.338235294117647,"Moderate intensity"
"Stabilisation",49,25,6,0.166666666666667,0.324324324324324,"Moderate intensity"
"Stabilisation",49,26,4,0.25,0.320512820512821,"Moderate intensity"
"Stabilisation",49,27,5,0.6,0.337349397590361,"Moderate intensity"
"Stabilisation",49,28,4,0.25,0.333333333333333,"Moderate intensity"
"Stabilisation",49,29,6,0.5,0.344086021505376,"Moderate intensity"
"Stabilisation",49,30,5,0.6,0.357142857142857,"Moderate intensity"
"Stabilisation",50,1,1,0,0,"Moderate intensity"
"Stabilisation",50,2,0,NA,0,"Moderate intensity"
"Stabilisation",50,3,3,0,0,"Moderate intensity"
"Stabilisation",50,4,0,NA,0,"Moderate intensity"
"Stabilisation",50,5,1,0,0,"Moderate intensity"
"Stabilisation",50,6,6,0.333333333333333,0.181818181818182,"Moderate intensity"
"Stabilisation",50,7,2,0.5,0.230769230769231,"Moderate intensity"
"Stabilisation",50,8,6,0.5,0.315789473684211,"Moderate intensity"
"Stabilisation",50,9,3,0,0.272727272727273,"Moderate intensity"
"Stabilisation",50,10,2,0.5,0.291666666666667,"Moderate intensity"
"Stabilisation",50,11,1,0,0.28,"Moderate intensity"
"Stabilisation",50,12,4,0,0.241379310344828,"Moderate intensity"
"Stabilisation",50,13,1,0,0.233333333333333,"Moderate intensity"
"Stabilisation",50,14,4,0,0.205882352941176,"Moderate intensity"
"Stabilisation",50,15,7,0.571428571428571,0.268292682926829,"Moderate intensity"
"Stabilisation",50,16,3,0.666666666666667,0.295454545454545,"Moderate intensity"
"Stabilisation",50,17,2,0,0.282608695652174,"Moderate intensity"
"Stabilisation",50,18,1,0,0.276595744680851,"Moderate intensity"
"Stabilisation",50,19,3,0,0.26,"Moderate intensity"
"Stabilisation",50,20,1,0,0.254901960784314,"Moderate intensity"
"Stabilisation",50,21,2,0,0.245283018867925,"Moderate intensity"
"Stabilisation",50,22,1,0,0.240740740740741,"Moderate intensity"
"Stabilisation",50,23,3,0.333333333333333,0.245614035087719,"Moderate intensity"
"Stabilisation",50,24,5,0.8,0.290322580645161,"Moderate intensity"
"Stabilisation",50,25,2,0.5,0.296875,"Moderate intensity"
"Stabilisation",50,26,3,0,0.283582089552239,"Moderate intensity"
"Stabilisation",50,27,2,0,0.27536231884058,"Moderate intensity"
"Stabilisation",50,28,2,0,0.267605633802817,"Moderate intensity"
"Stabilisation",50,29,2,0.5,0.273972602739726,"Moderate intensity"
"Stabilisation",50,30,2,0,0.266666666666667,"Moderate intensity"
"Post-definitive care",1,1,1,0,0,"Moderate intensity"
"Post-definitive care",1,2,4,0.5,0.4,"Moderate intensity"
"Post-definitive care",1,3,3,0.333333333333333,0.375,"Moderate intensity"
"Post-definitive care",1,4,1,0,0.333333333333333,"Moderate intensity"
"Post-definitive care",1,5,1,0,0.3,"Moderate intensity"
"Post-definitive care",1,6,6,0.5,0.375,"Moderate intensity"
"Post-definitive care",1,7,4,0.25,0.35,"Moderate intensity"
"Post-definitive care",1,8,3,0.666666666666667,0.391304347826087,"Moderate intensity"
"Post-definitive care",1,9,8,0.75,0.483870967741935,"Moderate intensity"
"Post-definitive care",1,10,8,0.875,0.564102564102564,"Moderate intensity"
"Post-definitive care",1,11,7,0.714285714285714,0.58695652173913,"Moderate intensity"
"Post-definitive care",1,12,6,0.5,0.576923076923077,"Moderate intensity"
"Post-definitive care",1,13,9,0.888888888888889,0.622950819672131,"Moderate intensity"
"Post-definitive care",1,14,3,0.333333333333333,0.609375,"Moderate intensity"
"Post-definitive care",1,15,3,0.666666666666667,0.611940298507463,"Moderate intensity"
"Post-definitive care",1,16,2,0,0.594202898550725,"Moderate intensity"
"Post-definitive care",1,17,3,0,0.569444444444444,"Moderate intensity"
"Post-definitive care",1,18,2,0,0.554054054054054,"Moderate intensity"
"Post-definitive care",1,19,8,0.75,0.573170731707317,"Moderate intensity"
"Post-definitive care",1,20,3,0.333333333333333,0.564705882352941,"Moderate intensity"
"Post-definitive care",1,21,10,0.8,0.589473684210526,"Moderate intensity"
"Post-definitive care",1,22,3,0.333333333333333,0.581632653061224,"Moderate intensity"
"Post-definitive care",1,23,5,0.6,0.58252427184466,"Moderate intensity"
"Post-definitive care",1,24,5,0.4,0.574074074074074,"Moderate intensity"
"Post-definitive care",1,25,4,0.5,0.571428571428571,"Moderate intensity"
"Post-definitive care",1,26,2,0.5,0.570175438596491,"Moderate intensity"
"Post-definitive care",1,27,1,0,0.565217391304348,"Moderate intensity"
"Post-definitive care",1,28,3,0,0.550847457627119,"Moderate intensity"
"Post-definitive care",1,29,4,0.25,0.540983606557377,"Moderate intensity"
"Post-definitive care",1,30,5,0.6,0.543307086614173,"Moderate intensity"
"Post-definitive care",2,1,1,0,0,"Moderate intensity"
"Post-definitive care",2,2,4,0,0,"Moderate intensity"
"Post-definitive care",2,3,2,0,0,"Moderate intensity"
"Post-definitive care",2,4,9,0.555555555555556,0.3125,"Moderate intensity"
"Post-definitive care",2,5,3,0.666666666666667,0.368421052631579,"Moderate intensity"
"Post-definitive care",2,6,2,0,0.333333333333333,"Moderate intensity"
"Post-definitive care",2,7,1,0,0.318181818181818,"Moderate intensity"
"Post-definitive care",2,8,3,0.333333333333333,0.32,"Moderate intensity"
"Post-definitive care",2,9,5,0.6,0.366666666666667,"Moderate intensity"
"Post-definitive care",2,10,5,0.2,0.342857142857143,"Moderate intensity"
"Post-definitive care",2,11,5,0.8,0.4,"Moderate intensity"
"Post-definitive care",2,12,4,0.25,0.386363636363636,"Moderate intensity"
"Post-definitive care",2,13,5,0.6,0.408163265306122,"Moderate intensity"
"Post-definitive care",2,14,3,0.333333333333333,0.403846153846154,"Moderate intensity"
"Post-definitive care",2,15,2,0,0.388888888888889,"Moderate intensity"
"Post-definitive care",2,16,3,0.333333333333333,0.385964912280702,"Moderate intensity"
"Post-definitive care",2,17,7,0.714285714285714,0.421875,"Moderate intensity"
"Post-definitive care",2,18,7,1,0.47887323943662,"Moderate intensity"
"Post-definitive care",2,19,7,0.571428571428571,0.487179487179487,"Moderate intensity"
"Post-definitive care",2,20,12,0.75,0.522222222222222,"Moderate intensity"
"Post-definitive care",2,21,10,0.9,0.56,"Moderate intensity"
"Post-definitive care",2,22,7,0.857142857142857,0.579439252336449,"Moderate intensity"
"Post-definitive care",2,23,9,1,0.612068965517241,"Moderate intensity"
"Post-definitive care",2,24,7,0.857142857142857,0.626016260162602,"Moderate intensity"
"Post-definitive care",2,25,6,0.833333333333333,0.635658914728682,"Moderate intensity"
"Post-definitive care",2,26,9,0.666666666666667,0.63768115942029,"Moderate intensity"
"Post-definitive care",2,27,9,0.888888888888889,0.653061224489796,"Moderate intensity"
"Post-definitive care",2,28,4,0.75,0.655629139072848,"Moderate intensity"
"Post-definitive care",2,29,4,0.75,0.658064516129032,"Moderate intensity"
"Post-definitive care",2,30,6,0.5,0.652173913043478,"Moderate intensity"
"Post-definitive care",3,1,3,0.333333333333333,0.333333333333333,"Moderate intensity"
"Post-definitive care",3,2,6,0.666666666666667,0.555555555555556,"Moderate intensity"
"Post-definitive care",3,3,3,0,0.416666666666667,"Moderate intensity"
"Post-definitive care",3,4,1,0,0.384615384615385,"Moderate intensity"
"Post-definitive care",3,5,1,0,0.357142857142857,"Moderate intensity"
"Post-definitive care",3,6,3,0.333333333333333,0.352941176470588,"Moderate intensity"
"Post-definitive care",3,7,1,0,0.333333333333333,"Moderate intensity"
"Post-definitive care",3,8,3,0,0.285714285714286,"Moderate intensity"
"Post-definitive care",3,9,6,0.5,0.333333333333333,"Moderate intensity"
"Post-definitive care",3,10,5,0.6,0.375,"Moderate intensity"
"Post-definitive care",3,11,5,0.6,0.405405405405405,"Moderate intensity"
"Post-definitive care",3,12,3,0.333333333333333,0.4,"Moderate intensity"
"Post-definitive care",3,13,13,0.923076923076923,0.528301886792453,"Moderate intensity"
"Post-definitive care",3,14,3,0.666666666666667,0.535714285714286,"Moderate intensity"
"Post-definitive care",3,15,7,0.714285714285714,0.555555555555556,"Moderate intensity"
"Post-definitive care",3,16,6,1,0.594202898550725,"Moderate intensity"
"Post-definitive care",3,17,6,1,0.626666666666667,"Moderate intensity"
"Post-definitive care",3,18,9,0.888888888888889,0.654761904761905,"Moderate intensity"
"Post-definitive care",3,19,5,0.6,0.651685393258427,"Moderate intensity"
"Post-definitive care",3,20,4,0.75,0.655913978494624,"Moderate intensity"
"Post-definitive care",3,21,12,0.833333333333333,0.676190476190476,"Moderate intensity"
"Post-definitive care",3,22,5,0.8,0.681818181818182,"Moderate intensity"
"Post-definitive care",3,23,10,0.9,0.7,"Moderate intensity"
"Post-definitive care",3,24,6,0.666666666666667,0.698412698412698,"Moderate intensity"
"Post-definitive care",3,25,7,1,0.714285714285714,"Moderate intensity"
"Post-definitive care",3,26,0,NA,0.714285714285714,"Moderate intensity"
"Post-definitive care",3,27,1,0,0.708955223880597,"Moderate intensity"
"Post-definitive care",3,28,5,0.6,0.705035971223022,"Moderate intensity"
"Post-definitive care",3,29,2,1,0.709219858156028,"Moderate intensity"
"Post-definitive care",3,30,7,1,0.722972972972973,"Moderate intensity"
"Post-definitive care",4,1,3,0.333333333333333,0.333333333333333,"Moderate intensity"
"Post-definitive care",4,2,10,0.7,0.615384615384615,"Moderate intensity"
"Post-definitive care",4,3,6,1,0.736842105263158,"Moderate intensity"
"Post-definitive care",4,4,8,1,0.814814814814815,"Moderate intensity"
"Post-definitive care",4,5,1,1,0.821428571428571,"Moderate intensity"
"Post-definitive care",4,6,6,1,0.852941176470588,"Moderate intensity"
"Post-definitive care",4,7,8,1,0.880952380952381,"Moderate intensity"
"Post-definitive care",4,8,5,1,0.893617021276596,"Moderate intensity"
"Post-definitive care",4,9,14,1,0.918032786885246,"Moderate intensity"
"Post-definitive care",4,10,5,1,0.924242424242424,"Moderate intensity"
"Post-definitive care",4,11,7,1,0.931506849315068,"Moderate intensity"
"Post-definitive care",4,12,3,1,0.934210526315789,"Moderate intensity"
"Post-definitive care",4,13,6,1,0.939024390243902,"Moderate intensity"
"Post-definitive care",4,14,5,1,0.942528735632184,"Moderate intensity"
"Post-definitive care",4,15,6,1,0.946236559139785,"Moderate intensity"
"Post-definitive care",4,16,11,1,0.951923076923077,"Moderate intensity"
"Post-definitive care",4,17,6,1,0.954545454545455,"Moderate intensity"
"Post-definitive care",4,18,5,1,0.956521739130435,"Moderate intensity"
"Post-definitive care",4,19,3,1,0.957627118644068,"Moderate intensity"
"Post-definitive care",4,20,2,1,0.958333333333333,"Moderate intensity"
"Post-definitive care",4,21,1,1,0.958677685950413,"Moderate intensity"
"Post-definitive care",4,22,10,1,0.961832061068702,"Moderate intensity"
"Post-definitive care",4,23,11,1,0.964788732394366,"Moderate intensity"
"Post-definitive care",4,24,12,1,0.967532467532468,"Moderate intensity"
"Post-definitive care",4,25,4,1,0.968354430379747,"Moderate intensity"
"Post-definitive care",4,26,3,1,0.968944099378882,"Moderate intensity"
"Post-definitive care",4,27,2,1,0.969325153374233,"Moderate intensity"
"Post-definitive care",4,28,4,1,0.970059880239521,"Moderate intensity"
"Post-definitive care",4,29,7,1,0.971264367816092,"Moderate intensity"
"Post-definitive care",4,30,7,1,0.972375690607735,"Moderate intensity"
"Post-definitive care",5,1,5,0.2,0.2,"Moderate intensity"
"Post-definitive care",5,2,5,0.8,0.5,"Moderate intensity"
"Post-definitive care",5,3,6,0.333333333333333,0.4375,"Moderate intensity"
"Post-definitive care",5,4,5,0.6,0.476190476190476,"Moderate intensity"
"Post-definitive care",5,5,6,0.666666666666667,0.518518518518518,"Moderate intensity"
"Post-definitive care",5,6,4,0.75,0.548387096774194,"Moderate intensity"
"Post-definitive care",5,7,1,1,0.5625,"Moderate intensity"
"Post-definitive care",5,8,4,0.5,0.555555555555556,"Moderate intensity"
"Post-definitive care",5,9,2,0,0.526315789473684,"Moderate intensity"
"Post-definitive care",5,10,2,0,0.5,"Moderate intensity"
"Post-definitive care",5,11,7,0.428571428571429,0.48936170212766,"Moderate intensity"
"Post-definitive care",5,12,3,0.333333333333333,0.48,"Moderate intensity"
"Post-definitive care",5,13,3,0,0.452830188679245,"Moderate intensity"
"Post-definitive care",5,14,2,0.5,0.454545454545455,"Moderate intensity"
"Post-definitive care",5,15,8,0.75,0.492063492063492,"Moderate intensity"
"Post-definitive care",5,16,6,1,0.536231884057971,"Moderate intensity"
"Post-definitive care",5,17,5,0.8,0.554054054054054,"Moderate intensity"
"Post-definitive care",5,18,4,0.25,0.538461538461538,"Moderate intensity"
"Post-definitive care",5,19,6,0.5,0.535714285714286,"Moderate intensity"
"Post-definitive care",5,20,4,0.75,0.545454545454545,"Moderate intensity"
"Post-definitive care",5,21,7,0.714285714285714,0.557894736842105,"Moderate intensity"
"Post-definitive care",5,22,2,0,0.54639175257732,"Moderate intensity"
"Post-definitive care",5,23,5,0.6,0.549019607843137,"Moderate intensity"
"Post-definitive care",5,24,3,0.333333333333333,0.542857142857143,"Moderate intensity"
"Post-definitive care",5,25,2,0.5,0.542056074766355,"Moderate intensity"
"Post-definitive care",5,26,8,0.75,0.556521739130435,"Moderate intensity"
"Post-definitive care",5,27,4,0.5,0.554621848739496,"Moderate intensity"
"Post-definitive care",5,28,5,0.8,0.564516129032258,"Moderate intensity"
"Post-definitive care",5,29,8,0.625,0.568181818181818,"Moderate intensity"
"Post-definitive care",5,30,8,0.75,0.578571428571429,"Moderate intensity"
"Post-definitive care",6,1,0,NA,NA,"Moderate intensity"
"Post-definitive care",6,2,5,0.8,0.8,"Moderate intensity"
"Post-definitive care",6,3,5,0,0.4,"Moderate intensity"
"Post-definitive care",6,4,0,NA,0.4,"Moderate intensity"
"Post-definitive care",6,5,2,0,0.333333333333333,"Moderate intensity"
"Post-definitive care",6,6,5,0.4,0.352941176470588,"Moderate intensity"
"Post-definitive care",6,7,3,0.666666666666667,0.4,"Moderate intensity"
"Post-definitive care",6,8,7,0.857142857142857,0.518518518518518,"Moderate intensity"
"Post-definitive care",6,9,14,0.857142857142857,0.634146341463415,"Moderate intensity"
"Post-definitive care",6,10,5,0.8,0.652173913043478,"Moderate intensity"
"Post-definitive care",6,11,5,0.6,0.647058823529412,"Moderate intensity"
"Post-definitive care",6,12,3,0.666666666666667,0.648148148148148,"Moderate intensity"
"Post-definitive care",6,13,1,0,0.636363636363636,"Moderate intensity"
"Post-definitive care",6,14,0,NA,0.636363636363636,"Moderate intensity"
"Post-definitive care",6,15,2,0,0.614035087719298,"Moderate intensity"
"Post-definitive care",6,16,5,0.6,0.612903225806452,"Moderate intensity"
"Post-definitive care",6,17,4,0.5,0.606060606060606,"Moderate intensity"
"Post-definitive care",6,18,8,0.75,0.621621621621622,"Moderate intensity"
"Post-definitive care",6,19,5,0.6,0.620253164556962,"Moderate intensity"
"Post-definitive care",6,20,4,0.25,0.602409638554217,"Moderate intensity"
"Post-definitive care",6,21,2,0,0.588235294117647,"Moderate intensity"
"Post-definitive care",6,22,8,0.5,0.580645161290323,"Moderate intensity"
"Post-definitive care",6,23,5,0.8,0.591836734693878,"Moderate intensity"
"Post-definitive care",6,24,3,0.666666666666667,0.594059405940594,"Moderate intensity"
"Post-definitive care",6,25,0,NA,0.594059405940594,"Moderate intensity"
"Post-definitive care",6,26,3,0,0.576923076923077,"Moderate intensity"
"Post-definitive care",6,27,3,0,0.560747663551402,"Moderate intensity"
"Post-definitive care",6,28,0,NA,0.560747663551402,"Moderate intensity"
"Post-definitive care",6,29,1,0,0.555555555555556,"Moderate intensity"
"Post-definitive care",6,30,8,0.75,0.568965517241379,"Moderate intensity"
"Post-definitive care",7,1,2,0,0,"Moderate intensity"
"Post-definitive care",7,2,7,0.857142857142857,0.666666666666667,"Moderate intensity"
"Post-definitive care",7,3,6,0.5,0.6,"Moderate intensity"
"Post-definitive care",7,4,3,0.666666666666667,0.611111111111111,"Moderate intensity"
"Post-definitive care",7,5,0,NA,0.611111111111111,"Moderate intensity"
"Post-definitive care",7,6,4,1,0.681818181818182,"Moderate intensity"
"Post-definitive care",7,7,8,0.75,0.7,"Moderate intensity"
"Post-definitive care",7,8,9,0.666666666666667,0.692307692307692,"Moderate intensity"
"Post-definitive care",7,9,11,0.909090909090909,0.74,"Moderate intensity"
"Post-definitive care",7,10,5,0.6,0.727272727272727,"Moderate intensity"
"Post-definitive care",7,11,7,0.714285714285714,0.725806451612903,"Moderate intensity"
"Post-definitive care",7,12,3,0.666666666666667,0.723076923076923,"Moderate intensity"
"Post-definitive care",7,13,3,0,0.691176470588235,"Moderate intensity"
"Post-definitive care",7,14,2,0,0.671428571428571,"Moderate intensity"
"Post-definitive care",7,15,1,0,0.661971830985915,"Moderate intensity"
"Post-definitive care",7,16,9,0.777777777777778,0.675,"Moderate intensity"
"Post-definitive care",7,17,8,0.75,0.681818181818182,"Moderate intensity"
"Post-definitive care",7,18,2,0,0.666666666666667,"Moderate intensity"
"Post-definitive care",7,19,2,0,0.652173913043478,"Moderate intensity"
"Post-definitive care",7,20,4,0.25,0.635416666666667,"Moderate intensity"
"Post-definitive care",7,21,0,NA,0.635416666666667,"Moderate intensity"
"Post-definitive care",7,22,2,0,0.622448979591837,"Moderate intensity"
"Post-definitive care",7,23,1,0,0.616161616161616,"Moderate intensity"
"Post-definitive care",7,24,8,0.5,0.607476635514019,"Moderate intensity"
"Post-definitive care",7,25,4,0.75,0.612612612612613,"Moderate intensity"
"Post-definitive care",7,26,3,0.666666666666667,0.614035087719298,"Moderate intensity"
"Post-definitive care",7,27,6,0.5,0.608333333333333,"Moderate intensity"
"Post-definitive care",7,28,2,1,0.614754098360656,"Moderate intensity"
"Post-definitive care",7,29,5,0.2,0.598425196850394,"Moderate intensity"
"Post-definitive care",7,30,8,0.875,0.614814814814815,"Moderate intensity"
"Post-definitive care",8,1,0,NA,NA,"Moderate intensity"
"Post-definitive care",8,2,1,0,0,"Moderate intensity"
"Post-definitive care",8,3,0,NA,0,"Moderate intensity"
"Post-definitive care",8,4,6,0.333333333333333,0.285714285714286,"Moderate intensity"
"Post-definitive care",8,5,1,1,0.375,"Moderate intensity"
"Post-definitive care",8,6,5,0.6,0.461538461538462,"Moderate intensity"
"Post-definitive care",8,7,8,0.625,0.523809523809524,"Moderate intensity"
"Post-definitive care",8,8,5,0.6,0.538461538461538,"Moderate intensity"
"Post-definitive care",8,9,9,1,0.657142857142857,"Moderate intensity"
"Post-definitive care",8,10,6,0.666666666666667,0.658536585365854,"Moderate intensity"
"Post-definitive care",8,11,5,0.8,0.673913043478261,"Moderate intensity"
"Post-definitive care",8,12,2,0,0.645833333333333,"Moderate intensity"
"Post-definitive care",8,13,4,0,0.596153846153846,"Moderate intensity"
"Post-definitive care",8,14,4,0.25,0.571428571428571,"Moderate intensity"
"Post-definitive care",8,15,5,0.8,0.590163934426229,"Moderate intensity"
"Post-definitive care",8,16,3,0.333333333333333,0.578125,"Moderate intensity"
"Post-definitive care",8,17,3,0.333333333333333,0.567164179104478,"Moderate intensity"
"Post-definitive care",8,18,6,0.5,0.561643835616438,"Moderate intensity"
"Post-definitive care",8,19,13,0.846153846153846,0.604651162790698,"Moderate intensity"
"Post-definitive care",8,20,2,1,0.613636363636364,"Moderate intensity"
"Post-definitive care",8,21,6,1,0.638297872340426,"Moderate intensity"
"Post-definitive care",8,22,8,0.875,0.656862745098039,"Moderate intensity"
"Post-definitive care",8,23,5,0.6,0.654205607476635,"Moderate intensity"
"Post-definitive care",8,24,7,0.857142857142857,0.666666666666667,"Moderate intensity"
"Post-definitive care",8,25,7,1,0.685950413223141,"Moderate intensity"
"Post-definitive care",8,26,4,1,0.696,"Moderate intensity"
"Post-definitive care",8,27,9,1,0.716417910447761,"Moderate intensity"
"Post-definitive care",8,28,6,0.833333333333333,0.721428571428571,"Moderate intensity"
"Post-definitive care",8,29,5,0.8,0.724137931034483,"Moderate intensity"
"Post-definitive care",8,30,4,0.5,0.718120805369127,"Moderate intensity"
"Post-definitive care",9,1,2,0,0,"Moderate intensity"
"Post-definitive care",9,2,2,0,0,"Moderate intensity"
"Post-definitive care",9,3,4,0.5,0.25,"Moderate intensity"
"Post-definitive care",9,4,5,1,0.538461538461538,"Moderate intensity"
"Post-definitive care",9,5,4,0.25,0.470588235294118,"Moderate intensity"
"Post-definitive care",9,6,4,0.75,0.523809523809524,"Moderate intensity"
"Post-definitive care",9,7,10,0.8,0.612903225806452,"Moderate intensity"
"Post-definitive care",9,8,5,0.4,0.583333333333333,"Moderate intensity"
"Post-definitive care",9,9,4,1,0.625,"Moderate intensity"
"Post-definitive care",9,10,4,0.5,0.613636363636364,"Moderate intensity"
"Post-definitive care",9,11,4,0.5,0.604166666666667,"Moderate intensity"
"Post-definitive care",9,12,7,0.571428571428571,0.6,"Moderate intensity"
"Post-definitive care",9,13,2,0.5,0.596491228070175,"Moderate intensity"
"Post-definitive care",9,14,6,1,0.634920634920635,"Moderate intensity"
"Post-definitive care",9,15,11,0.727272727272727,0.648648648648649,"Moderate intensity"
"Post-definitive care",9,16,8,0.625,0.646341463414634,"Moderate intensity"
"Post-definitive care",9,17,3,0.333333333333333,0.635294117647059,"Moderate intensity"
"Post-definitive care",9,18,1,1,0.63953488372093,"Moderate intensity"
"Post-definitive care",9,19,3,0,0.617977528089888,"Moderate intensity"
"Post-definitive care",9,20,4,0.25,0.602150537634409,"Moderate intensity"
"Post-definitive care",9,21,1,1,0.606382978723404,"Moderate intensity"
"Post-definitive care",9,22,3,0,0.587628865979381,"Moderate intensity"
"Post-definitive care",9,23,5,0.6,0.588235294117647,"Moderate intensity"
"Post-definitive care",9,24,5,0.4,0.579439252336449,"Moderate intensity"
"Post-definitive care",9,25,7,1,0.605263157894737,"Moderate intensity"
"Post-definitive care",9,26,1,0,0.6,"Moderate intensity"
"Post-definitive care",9,27,6,0.333333333333333,0.586776859504132,"Moderate intensity"
"Post-definitive care",9,28,7,0.714285714285714,0.59375,"Moderate intensity"
"Post-definitive care",9,29,7,0.714285714285714,0.6,"Moderate intensity"
"Post-definitive care",9,30,3,0,0.58695652173913,"Moderate intensity"
"Post-definitive care",10,1,3,0,0,"Moderate intensity"
"Post-definitive care",10,2,8,0.625,0.454545454545455,"Moderate intensity"
"Post-definitive care",10,3,5,0.6,0.5,"Moderate intensity"
"Post-definitive care",10,4,6,1,0.636363636363636,"Moderate intensity"
"Post-definitive care",10,5,6,1,0.714285714285714,"Moderate intensity"
"Post-definitive care",10,6,5,0.6,0.696969696969697,"Moderate intensity"
"Post-definitive care",10,7,3,0.666666666666667,0.694444444444444,"Moderate intensity"
"Post-definitive care",10,8,8,0.875,0.727272727272727,"Moderate intensity"
"Post-definitive care",10,9,8,0.5,0.692307692307692,"Moderate intensity"
"Post-definitive care",10,10,10,0.9,0.725806451612903,"Moderate intensity"
"Post-definitive care",10,11,8,0.875,0.742857142857143,"Moderate intensity"
"Post-definitive care",10,12,7,0.857142857142857,0.753246753246753,"Moderate intensity"
"Post-definitive care",10,13,6,0.833333333333333,0.759036144578313,"Moderate intensity"
"Post-definitive care",10,14,4,0.75,0.758620689655172,"Moderate intensity"
"Post-definitive care",10,15,5,1,0.771739130434783,"Moderate intensity"
"Post-definitive care",10,16,7,0.714285714285714,0.767676767676768,"Moderate intensity"
"Post-definitive care",10,17,7,0.857142857142857,0.773584905660377,"Moderate intensity"
"Post-definitive care",10,18,4,0.5,0.763636363636364,"Moderate intensity"
"Post-definitive care",10,19,1,1,0.765765765765766,"Moderate intensity"
"Post-definitive care",10,20,9,0.777777777777778,0.766666666666667,"Moderate intensity"
"Post-definitive care",10,21,5,0.4,0.752,"Moderate intensity"
"Post-definitive care",10,22,8,0.75,0.75187969924812,"Moderate intensity"
"Post-definitive care",10,23,9,0.666666666666667,0.746478873239437,"Moderate intensity"
"Post-definitive care",10,24,3,0.333333333333333,0.737931034482759,"Moderate intensity"
"Post-definitive care",10,25,2,0,0.727891156462585,"Moderate intensity"
"Post-definitive care",10,26,3,0.333333333333333,0.72,"Moderate intensity"
"Post-definitive care",10,27,5,0.2,0.703225806451613,"Moderate intensity"
"Post-definitive care",10,28,4,0.5,0.69811320754717,"Moderate intensity"
"Post-definitive care",10,29,7,0.857142857142857,0.704819277108434,"Moderate intensity"
"Post-definitive care",10,30,5,0.6,0.701754385964912,"Moderate intensity"
"Post-definitive care",11,1,1,0,0,"Moderate intensity"
"Post-definitive care",11,2,2,0,0,"Moderate intensity"
"Post-definitive care",11,3,2,0,0,"Moderate intensity"
"Post-definitive care",11,4,5,0.4,0.2,"Moderate intensity"
"Post-definitive care",11,5,0,NA,0.2,"Moderate intensity"
"Post-definitive care",11,6,3,0,0.153846153846154,"Moderate intensity"
"Post-definitive care",11,7,1,0,0.142857142857143,"Moderate intensity"
"Post-definitive care",11,8,6,0.5,0.25,"Moderate intensity"
"Post-definitive care",11,9,3,0.666666666666667,0.304347826086957,"Moderate intensity"
"Post-definitive care",11,10,9,0.777777777777778,0.4375,"Moderate intensity"
"Post-definitive care",11,11,6,0.833333333333333,0.5,"Moderate intensity"
"Post-definitive care",11,12,2,0,0.475,"Moderate intensity"
"Post-definitive care",11,13,6,0.333333333333333,0.456521739130435,"Moderate intensity"
"Post-definitive care",11,14,2,0,0.4375,"Moderate intensity"
"Post-definitive care",11,15,0,NA,0.4375,"Moderate intensity"
"Post-definitive care",11,16,2,0,0.42,"Moderate intensity"
"Post-definitive care",11,17,1,0,0.411764705882353,"Moderate intensity"
"Post-definitive care",11,18,4,0.25,0.4,"Moderate intensity"
"Post-definitive care",11,19,7,0.428571428571429,0.403225806451613,"Moderate intensity"
"Post-definitive care",11,20,6,0.833333333333333,0.441176470588235,"Moderate intensity"
"Post-definitive care",11,21,1,0,0.434782608695652,"Moderate intensity"
"Post-definitive care",11,22,2,0,0.422535211267606,"Moderate intensity"
"Post-definitive care",11,23,2,0,0.410958904109589,"Moderate intensity"
"Post-definitive care",11,24,4,0,0.38961038961039,"Moderate intensity"
"Post-definitive care",11,25,3,0.333333333333333,0.3875,"Moderate intensity"
"Post-definitive care",11,26,5,0.4,0.388235294117647,"Moderate intensity"
"Post-definitive care",11,27,2,0,0.379310344827586,"Moderate intensity"
"Post-definitive care",11,28,5,0.4,0.380434782608696,"Moderate intensity"
"Post-definitive care",11,29,5,0.4,0.381443298969072,"Moderate intensity"
"Post-definitive care",11,30,0,NA,0.381443298969072,"Moderate intensity"
"Post-definitive care",12,1,0,NA,NA,"Moderate intensity"
"Post-definitive care",12,2,1,0,0,"Moderate intensity"
"Post-definitive care",12,3,4,0,0,"Moderate intensity"
"Post-definitive care",12,4,3,0.666666666666667,0.25,"Moderate intensity"
"Post-definitive care",12,5,4,0.5,0.333333333333333,"Moderate intensity"
"Post-definitive care",12,6,3,0.666666666666667,0.4,"Moderate intensity"
"Post-definitive care",12,7,3,0.333333333333333,0.388888888888889,"Moderate intensity"
"Post-definitive care",12,8,5,0.4,0.391304347826087,"Moderate intensity"
"Post-definitive care",12,9,7,0.714285714285714,0.466666666666667,"Moderate intensity"
"Post-definitive care",12,10,5,1,0.542857142857143,"Moderate intensity"
"Post-definitive care",12,11,7,0.714285714285714,0.571428571428571,"Moderate intensity"
"Post-definitive care",12,12,8,0.75,0.6,"Moderate intensity"
"Post-definitive care",12,13,3,0.333333333333333,0.584905660377358,"Moderate intensity"
"Post-definitive care",12,14,9,1,0.645161290322581,"Moderate intensity"
"Post-definitive care",12,15,5,0.8,0.656716417910448,"Moderate intensity"
"Post-definitive care",12,16,4,0.75,0.661971830985915,"Moderate intensity"
"Post-definitive care",12,17,4,1,0.68,"Moderate intensity"
"Post-definitive care",12,18,14,0.857142857142857,0.707865168539326,"Moderate intensity"
"Post-definitive care",12,19,9,1,0.73469387755102,"Moderate intensity"
"Post-definitive care",12,20,2,1,0.74,"Moderate intensity"
"Post-definitive care",12,21,8,0.75,0.740740740740741,"Moderate intensity"
"Post-definitive care",12,22,8,1,0.758620689655172,"Moderate intensity"
"Post-definitive care",12,23,10,1,0.777777777777778,"Moderate intensity"
"Post-definitive care",12,24,4,1,0.784615384615385,"Moderate intensity"
"Post-definitive care",12,25,10,0.8,0.785714285714286,"Moderate intensity"
"Post-definitive care",12,26,7,0.857142857142857,0.789115646258503,"Moderate intensity"
"Post-definitive care",12,27,7,1,0.798701298701299,"Moderate intensity"
"Post-definitive care",12,28,7,1,0.807453416149068,"Moderate intensity"
"Post-definitive care",12,29,3,1,0.810975609756098,"Moderate intensity"
"Post-definitive care",12,30,3,1,0.81437125748503,"Moderate intensity"
"Post-definitive care",13,1,5,0.2,0.2,"Moderate intensity"
"Post-definitive care",13,2,4,0.75,0.444444444444444,"Moderate intensity"
"Post-definitive care",13,3,1,0,0.4,"Moderate intensity"
"Post-definitive care",13,4,6,0.666666666666667,0.5,"Moderate intensity"
"Post-definitive care",13,5,13,0.615384615384615,0.551724137931034,"Moderate intensity"
"Post-definitive care",13,6,4,1,0.606060606060606,"Moderate intensity"
"Post-definitive care",13,7,5,1,0.657894736842105,"Moderate intensity"
"Post-definitive care",13,8,5,1,0.697674418604651,"Moderate intensity"
"Post-definitive care",13,9,9,1,0.75,"Moderate intensity"
"Post-definitive care",13,10,9,1,0.786885245901639,"Moderate intensity"
"Post-definitive care",13,11,2,1,0.793650793650794,"Moderate intensity"
"Post-definitive care",13,12,6,1,0.811594202898551,"Moderate intensity"
"Post-definitive care",13,13,5,1,0.824324324324324,"Moderate intensity"
"Post-definitive care",13,14,6,1,0.8375,"Moderate intensity"
"Post-definitive care",13,15,3,1,0.843373493975904,"Moderate intensity"
"Post-definitive care",13,16,2,1,0.847058823529412,"Moderate intensity"
"Post-definitive care",13,17,2,1,0.850574712643678,"Moderate intensity"
"Post-definitive care",13,18,8,1,0.863157894736842,"Moderate intensity"
"Post-definitive care",13,19,6,1,0.871287128712871,"Moderate intensity"
"Post-definitive care",13,20,6,1,0.878504672897196,"Moderate intensity"
"Post-definitive care",13,21,10,1,0.888888888888889,"Moderate intensity"
"Post-definitive care",13,22,3,1,0.891666666666667,"Moderate intensity"
"Post-definitive care",13,23,2,1,0.89344262295082,"Moderate intensity"
"Post-definitive care",13,24,4,0.75,0.888888888888889,"Moderate intensity"
"Post-definitive care",13,25,2,0,0.875,"Moderate intensity"
"Post-definitive care",13,26,11,1,0.884892086330935,"Moderate intensity"
"Post-definitive care",13,27,5,0.8,0.881944444444444,"Moderate intensity"
"Post-definitive care",13,28,6,0.666666666666667,0.873333333333333,"Moderate intensity"
"Post-definitive care",13,29,9,0.666666666666667,0.861635220125786,"Moderate intensity"
"Post-definitive care",13,30,2,0.5,0.857142857142857,"Moderate intensity"
"Post-definitive care",14,1,2,0.5,0.5,"Moderate intensity"
"Post-definitive care",14,2,5,0.4,0.428571428571429,"Moderate intensity"
"Post-definitive care",14,3,0,NA,0.428571428571429,"Moderate intensity"
"Post-definitive care",14,4,2,0,0.333333333333333,"Moderate intensity"
"Post-definitive care",14,5,3,0,0.25,"Moderate intensity"
"Post-definitive care",14,6,8,0.75,0.45,"Moderate intensity"
"Post-definitive care",14,7,3,0.666666666666667,0.478260869565217,"Moderate intensity"
"Post-definitive care",14,8,4,0.75,0.518518518518518,"Moderate intensity"
"Post-definitive care",14,9,6,0.333333333333333,0.484848484848485,"Moderate intensity"
"Post-definitive care",14,10,10,0.7,0.534883720930233,"Moderate intensity"
"Post-definitive care",14,11,3,0,0.5,"Moderate intensity"
"Post-definitive care",14,12,2,0,0.479166666666667,"Moderate intensity"
"Post-definitive care",14,13,2,0,0.46,"Moderate intensity"
"Post-definitive care",14,14,7,0.714285714285714,0.491228070175439,"Moderate intensity"
"Post-definitive care",14,15,2,0,0.474576271186441,"Moderate intensity"
"Post-definitive care",14,16,1,0,0.466666666666667,"Moderate intensity"
"Post-definitive care",14,17,1,0,0.459016393442623,"Moderate intensity"
"Post-definitive care",14,18,7,0.571428571428571,0.470588235294118,"Moderate intensity"
"Post-definitive care",14,19,5,0.2,0.452054794520548,"Moderate intensity"
"Post-definitive care",14,20,6,1,0.493670886075949,"Moderate intensity"
"Post-definitive care",14,21,6,0.833333333333333,0.517647058823529,"Moderate intensity"
"Post-definitive care",14,22,9,0.555555555555556,0.521276595744681,"Moderate intensity"
"Post-definitive care",14,23,6,0.666666666666667,0.53,"Moderate intensity"
"Post-definitive care",14,24,1,0,0.524752475247525,"Moderate intensity"
"Post-definitive care",14,25,2,0,0.514563106796116,"Moderate intensity"
"Post-definitive care",14,26,8,0.875,0.540540540540541,"Moderate intensity"
"Post-definitive care",14,27,5,0.4,0.53448275862069,"Moderate intensity"
"Post-definitive care",14,28,2,0,0.525423728813559,"Moderate intensity"
"Post-definitive care",14,29,0,NA,0.525423728813559,"Moderate intensity"
"Post-definitive care",14,30,1,0,0.521008403361345,"Moderate intensity"
"Post-definitive care",15,1,0,NA,NA,"Moderate intensity"
"Post-definitive care",15,2,1,0,0,"Moderate intensity"
"Post-definitive care",15,3,4,0.25,0.2,"Moderate intensity"
"Post-definitive care",15,4,5,0.8,0.5,"Moderate intensity"
"Post-definitive care",15,5,5,0.8,0.6,"Moderate intensity"
"Post-definitive care",15,6,9,0.666666666666667,0.625,"Moderate intensity"
"Post-definitive care",15,7,3,0.333333333333333,0.592592592592593,"Moderate intensity"
"Post-definitive care",15,8,3,0.333333333333333,0.566666666666667,"Moderate intensity"
"Post-definitive care",15,9,6,0.5,0.555555555555556,"Moderate intensity"
"Post-definitive care",15,10,10,0.7,0.58695652173913,"Moderate intensity"
"Post-definitive care",15,11,3,0.666666666666667,0.591836734693878,"Moderate intensity"
"Post-definitive care",15,12,9,0.888888888888889,0.637931034482759,"Moderate intensity"
"Post-definitive care",15,13,8,0.625,0.636363636363636,"Moderate intensity"
"Post-definitive care",15,14,9,0.777777777777778,0.653333333333333,"Moderate intensity"
"Post-definitive care",15,15,4,0.5,0.645569620253165,"Moderate intensity"
"Post-definitive care",15,16,2,0.5,0.641975308641975,"Moderate intensity"
"Post-definitive care",15,17,3,0.333333333333333,0.630952380952381,"Moderate intensity"
"Post-definitive care",15,18,5,0.6,0.629213483146067,"Moderate intensity"
"Post-definitive care",15,19,6,0.666666666666667,0.631578947368421,"Moderate intensity"
"Post-definitive care",15,20,2,0.5,0.628865979381443,"Moderate intensity"
"Post-definitive care",15,21,9,0.888888888888889,0.650943396226415,"Moderate intensity"
"Post-definitive care",15,22,6,0.833333333333333,0.660714285714286,"Moderate intensity"
"Post-definitive care",15,23,3,0.666666666666667,0.660869565217391,"Moderate intensity"
"Post-definitive care",15,24,6,0.5,0.652892561983471,"Moderate intensity"
"Post-definitive care",15,25,7,1,0.671875,"Moderate intensity"
"Post-definitive care",15,26,5,1,0.684210526315789,"Moderate intensity"
"Post-definitive care",15,27,7,0.857142857142857,0.692857142857143,"Moderate intensity"
"Post-definitive care",15,28,7,0.857142857142857,0.700680272108844,"Moderate intensity"
"Post-definitive care",15,29,9,0.666666666666667,0.698717948717949,"Moderate intensity"
"Post-definitive care",15,30,5,1,0.708074534161491,"Moderate intensity"
"Post-definitive care",16,1,0,NA,NA,"Moderate intensity"
"Post-definitive care",16,2,4,0.5,0.5,"Moderate intensity"
"Post-definitive care",16,3,6,0.5,0.5,"Moderate intensity"
"Post-definitive care",16,4,6,0.5,0.5,"Moderate intensity"
"Post-definitive care",16,5,6,0.666666666666667,0.545454545454545,"Moderate intensity"
"Post-definitive care",16,6,4,0.5,0.538461538461538,"Moderate intensity"
"Post-definitive care",16,7,8,0.625,0.558823529411765,"Moderate intensity"
"Post-definitive care",16,8,6,0.666666666666667,0.575,"Moderate intensity"
"Post-definitive care",16,9,3,0.333333333333333,0.558139534883721,"Moderate intensity"
"Post-definitive care",16,10,0,NA,0.558139534883721,"Moderate intensity"
"Post-definitive care",16,11,2,0,0.533333333333333,"Moderate intensity"
"Post-definitive care",16,12,4,0.25,0.510204081632653,"Moderate intensity"
"Post-definitive care",16,13,1,0,0.5,"Moderate intensity"
"Post-definitive care",16,14,5,0.8,0.527272727272727,"Moderate intensity"
"Post-definitive care",16,15,8,0.75,0.555555555555556,"Moderate intensity"
"Post-definitive care",16,16,1,0,0.546875,"Moderate intensity"
"Post-definitive care",16,17,3,0.333333333333333,0.537313432835821,"Moderate intensity"
"Post-definitive care",16,18,3,1,0.557142857142857,"Moderate intensity"
"Post-definitive care",16,19,4,0.25,0.540540540540541,"Moderate intensity"
"Post-definitive care",16,20,9,0.666666666666667,0.55421686746988,"Moderate intensity"
"Post-definitive care",16,21,6,0.666666666666667,0.561797752808989,"Moderate intensity"
"Post-definitive care",16,22,7,0.571428571428571,0.5625,"Moderate intensity"
"Post-definitive care",16,23,7,0.857142857142857,0.58252427184466,"Moderate intensity"
"Post-definitive care",16,24,5,0.6,0.583333333333333,"Moderate intensity"
"Post-definitive care",16,25,5,0.8,0.592920353982301,"Moderate intensity"
"Post-definitive care",16,26,3,0.333333333333333,0.586206896551724,"Moderate intensity"
"Post-definitive care",16,27,10,0.7,0.595238095238095,"Moderate intensity"
"Post-definitive care",16,28,3,0.333333333333333,0.589147286821705,"Moderate intensity"
"Post-definitive care",16,29,4,0.5,0.586466165413534,"Moderate intensity"
"Post-definitive care",16,30,3,0.333333333333333,0.580882352941177,"Moderate intensity"
"Post-definitive care",17,1,1,0,0,"Moderate intensity"
"Post-definitive care",17,2,3,0,0,"Moderate intensity"
"Post-definitive care",17,3,3,0.333333333333333,0.142857142857143,"Moderate intensity"
"Post-definitive care",17,4,2,0.5,0.222222222222222,"Moderate intensity"
"Post-definitive care",17,5,4,0.25,0.230769230769231,"Moderate intensity"
"Post-definitive care",17,6,5,0.4,0.277777777777778,"Moderate intensity"
"Post-definitive care",17,7,5,0.8,0.391304347826087,"Moderate intensity"
"Post-definitive care",17,8,5,0.4,0.392857142857143,"Moderate intensity"
"Post-definitive care",17,9,2,1,0.433333333333333,"Moderate intensity"
"Post-definitive care",17,10,10,0.6,0.475,"Moderate intensity"
"Post-definitive care",17,11,1,0,0.463414634146341,"Moderate intensity"
"Post-definitive care",17,12,5,0.6,0.478260869565217,"Moderate intensity"
"Post-definitive care",17,13,2,0.5,0.479166666666667,"Moderate intensity"
"Post-definitive care",17,14,6,0.333333333333333,0.462962962962963,"Moderate intensity"
"Post-definitive care",17,15,2,0.5,0.464285714285714,"Moderate intensity"
"Post-definitive care",17,16,1,0,0.456140350877193,"Moderate intensity"
"Post-definitive care",17,17,6,0.5,0.46031746031746,"Moderate intensity"
"Post-definitive care",17,18,4,0.5,0.462686567164179,"Moderate intensity"
"Post-definitive care",17,19,7,0.714285714285714,0.486486486486487,"Moderate intensity"
"Post-definitive care",17,20,0,NA,0.486486486486487,"Moderate intensity"
"Post-definitive care",17,21,5,0.2,0.468354430379747,"Moderate intensity"
"Post-definitive care",17,22,2,0,0.45679012345679,"Moderate intensity"
"Post-definitive care",17,23,0,NA,0.45679012345679,"Moderate intensity"
"Post-definitive care",17,24,1,0,0.451219512195122,"Moderate intensity"
"Post-definitive care",17,25,5,0.6,0.459770114942529,"Moderate intensity"
"Post-definitive care",17,26,3,0.333333333333333,0.455555555555556,"Moderate intensity"
"Post-definitive care",17,27,5,0.8,0.473684210526316,"Moderate intensity"
"Post-definitive care",17,28,4,0.5,0.474747474747475,"Moderate intensity"
"Post-definitive care",17,29,3,0.666666666666667,0.480392156862745,"Moderate intensity"
"Post-definitive care",17,30,5,0.4,0.476635514018692,"Moderate intensity"
"Post-definitive care",18,1,2,0,0,"Moderate intensity"
"Post-definitive care",18,2,4,0.5,0.333333333333333,"Moderate intensity"
"Post-definitive care",18,3,3,0.666666666666667,0.444444444444444,"Moderate intensity"
"Post-definitive care",18,4,3,0.333333333333333,0.416666666666667,"Moderate intensity"
"Post-definitive care",18,5,4,0.75,0.5,"Moderate intensity"
"Post-definitive care",18,6,2,0,0.444444444444444,"Moderate intensity"
"Post-definitive care",18,7,3,0,0.380952380952381,"Moderate intensity"
"Post-definitive care",18,8,2,1,0.434782608695652,"Moderate intensity"
"Post-definitive care",18,9,2,0,0.4,"Moderate intensity"
"Post-definitive care",18,10,7,0.571428571428571,0.4375,"Moderate intensity"
"Post-definitive care",18,11,2,0.5,0.441176470588235,"Moderate intensity"
"Post-definitive care",18,12,5,0.2,0.41025641025641,"Moderate intensity"
"Post-definitive care",18,13,2,0,0.390243902439024,"Moderate intensity"
"Post-definitive care",18,14,8,0.625,0.428571428571429,"Moderate intensity"
"Post-definitive care",18,15,3,0.666666666666667,0.442307692307692,"Moderate intensity"
"Post-definitive care",18,16,5,0.6,0.456140350877193,"Moderate intensity"
"Post-definitive care",18,17,3,0.666666666666667,0.466666666666667,"Moderate intensity"
"Post-definitive care",18,18,7,0.714285714285714,0.492537313432836,"Moderate intensity"
"Post-definitive care",18,19,1,0,0.485294117647059,"Moderate intensity"
"Post-definitive care",18,20,2,0,0.471428571428571,"Moderate intensity"
"Post-definitive care",18,21,5,0.4,0.466666666666667,"Moderate intensity"
"Post-definitive care",18,22,3,1,0.487179487179487,"Moderate intensity"
"Post-definitive care",18,23,1,0,0.481012658227848,"Moderate intensity"
"Post-definitive care",18,24,6,0.666666666666667,0.494117647058824,"Moderate intensity"
"Post-definitive care",18,25,3,0.333333333333333,0.488636363636364,"Moderate intensity"
"Post-definitive care",18,26,1,0,0.48314606741573,"Moderate intensity"
"Post-definitive care",18,27,4,0.5,0.483870967741935,"Moderate intensity"
"Post-definitive care",18,28,2,0.5,0.484210526315789,"Moderate intensity"
"Post-definitive care",18,29,3,0.666666666666667,0.489795918367347,"Moderate intensity"
"Post-definitive care",18,30,3,0.333333333333333,0.485148514851485,"Moderate intensity"
"Post-definitive care",19,1,0,NA,NA,"Moderate intensity"
"Post-definitive care",19,2,4,0.25,0.25,"Moderate intensity"
"Post-definitive care",19,3,3,0.666666666666667,0.428571428571429,"Moderate intensity"
"Post-definitive care",19,4,12,0.833333333333333,0.684210526315789,"Moderate intensity"
"Post-definitive care",19,5,4,0.5,0.652173913043478,"Moderate intensity"
"Post-definitive care",19,6,4,0.5,0.62962962962963,"Moderate intensity"
"Post-definitive care",19,7,1,0,0.607142857142857,"Moderate intensity"
"Post-definitive care",19,8,0,NA,0.607142857142857,"Moderate intensity"
"Post-definitive care",19,9,2,0,0.566666666666667,"Moderate intensity"
"Post-definitive care",19,10,2,0,0.53125,"Moderate intensity"
"Post-definitive care",19,11,6,0.5,0.526315789473684,"Moderate intensity"
"Post-definitive care",19,12,6,0.666666666666667,0.545454545454545,"Moderate intensity"
"Post-definitive care",19,13,7,0.571428571428571,0.549019607843137,"Moderate intensity"
"Post-definitive care",19,14,5,0.6,0.553571428571429,"Moderate intensity"
"Post-definitive care",19,15,6,0.666666666666667,0.564516129032258,"Moderate intensity"
"Post-definitive care",19,16,7,0.571428571428571,0.565217391304348,"Moderate intensity"
"Post-definitive care",19,17,3,0.666666666666667,0.569444444444444,"Moderate intensity"
"Post-definitive care",19,18,3,0,0.546666666666667,"Moderate intensity"
"Post-definitive care",19,19,1,0,0.539473684210526,"Moderate intensity"
"Post-definitive care",19,20,1,0,0.532467532467532,"Moderate intensity"
"Post-definitive care",19,21,3,0.666666666666667,0.5375,"Moderate intensity"
"Post-definitive care",19,22,10,0.9,0.577777777777778,"Moderate intensity"
"Post-definitive care",19,23,8,1,0.612244897959184,"Moderate intensity"
"Post-definitive care",19,24,9,0.666666666666667,0.616822429906542,"Moderate intensity"
"Post-definitive care",19,25,7,1,0.640350877192982,"Moderate intensity"
"Post-definitive care",19,26,11,1,0.672,"Moderate intensity"
"Post-definitive care",19,27,5,1,0.684615384615385,"Moderate intensity"
"Post-definitive care",19,28,4,0.75,0.686567164179104,"Moderate intensity"
"Post-definitive care",19,29,7,0.428571428571429,0.673758865248227,"Moderate intensity"
"Post-definitive care",19,30,5,0.8,0.678082191780822,"Moderate intensity"
"Post-definitive care",20,1,1,0,0,"Moderate intensity"
"Post-definitive care",20,2,0,NA,0,"Moderate intensity"
"Post-definitive care",20,3,3,0,0,"Moderate intensity"
"Post-definitive care",20,4,12,0.916666666666667,0.6875,"Moderate intensity"
"Post-definitive care",20,5,5,0.6,0.666666666666667,"Moderate intensity"
"Post-definitive care",20,6,4,0.5,0.64,"Moderate intensity"
"Post-definitive care",20,7,2,1,0.666666666666667,"Moderate intensity"
"Post-definitive care",20,8,4,0.5,0.645161290322581,"Moderate intensity"
"Post-definitive care",20,9,3,0,0.588235294117647,"Moderate intensity"
"Post-definitive care",20,10,8,0.625,0.595238095238095,"Moderate intensity"
"Post-definitive care",20,11,8,0.875,0.64,"Moderate intensity"
"Post-definitive care",20,12,2,0,0.615384615384615,"Moderate intensity"
"Post-definitive care",20,13,5,0.6,0.614035087719298,"Moderate intensity"
"Post-definitive care",20,14,5,1,0.645161290322581,"Moderate intensity"
"Post-definitive care",20,15,6,0.5,0.632352941176471,"Moderate intensity"
"Post-definitive care",20,16,7,0.857142857142857,0.653333333333333,"Moderate intensity"
"Post-definitive care",20,17,4,0.75,0.658227848101266,"Moderate intensity"
"Post-definitive care",20,18,1,0,0.65,"Moderate intensity"
"Post-definitive care",20,19,3,0.333333333333333,0.63855421686747,"Moderate intensity"
"Post-definitive care",20,20,7,0.714285714285714,0.644444444444444,"Moderate intensity"
"Post-definitive care",20,21,6,0.333333333333333,0.625,"Moderate intensity"
"Post-definitive care",20,22,5,0.6,0.623762376237624,"Moderate intensity"
"Post-definitive care",20,23,7,0.714285714285714,0.62962962962963,"Moderate intensity"
"Post-definitive care",20,24,8,0.625,0.629310344827586,"Moderate intensity"
"Post-definitive care",20,25,6,0.833333333333333,0.639344262295082,"Moderate intensity"
"Post-definitive care",20,26,7,1,0.65891472868217,"Moderate intensity"
"Post-definitive care",20,27,4,0.5,0.654135338345865,"Moderate intensity"
"Post-definitive care",20,28,4,0.25,0.642335766423358,"Moderate intensity"
"Post-definitive care",20,29,5,0.6,0.640845070422535,"Moderate intensity"
"Post-definitive care",20,30,4,0,0.623287671232877,"Moderate intensity"
"Post-definitive care",21,1,1,0,0,"Moderate intensity"
"Post-definitive care",21,2,3,0,0,"Moderate intensity"
"Post-definitive care",21,3,2,0,0,"Moderate intensity"
"Post-definitive care",21,4,0,NA,0,"Moderate intensity"
"Post-definitive care",21,5,1,0,0,"Moderate intensity"
"Post-definitive care",21,6,3,0.333333333333333,0.1,"Moderate intensity"
"Post-definitive care",21,7,6,0.5,0.25,"Moderate intensity"
"Post-definitive care",21,8,7,0.857142857142857,0.434782608695652,"Moderate intensity"
"Post-definitive care",21,9,5,1,0.535714285714286,"Moderate intensity"
"Post-definitive care",21,10,4,0.75,0.5625,"Moderate intensity"
"Post-definitive care",21,11,7,0.857142857142857,0.615384615384615,"Moderate intensity"
"Post-definitive care",21,12,5,1,0.659090909090909,"Moderate intensity"
"Post-definitive care",21,13,3,0.333333333333333,0.638297872340426,"Moderate intensity"
"Post-definitive care",21,14,4,0.25,0.607843137254902,"Moderate intensity"
"Post-definitive care",21,15,1,0,0.596153846153846,"Moderate intensity"
"Post-definitive care",21,16,3,0.666666666666667,0.6,"Moderate intensity"
"Post-definitive care",21,17,4,0.25,0.576271186440678,"Moderate intensity"
"Post-definitive care",21,18,3,0.333333333333333,0.564516129032258,"Moderate intensity"
"Post-definitive care",21,19,5,0.2,0.537313432835821,"Moderate intensity"
"Post-definitive care",21,20,5,0.6,0.541666666666667,"Moderate intensity"
"Post-definitive care",21,21,3,0.333333333333333,0.533333333333333,"Moderate intensity"
"Post-definitive care",21,22,1,0,0.526315789473684,"Moderate intensity"
"Post-definitive care",21,23,3,0,0.506329113924051,"Moderate intensity"
"Post-definitive care",21,24,3,0.333333333333333,0.5,"Moderate intensity"
"Post-definitive care",21,25,6,0.666666666666667,0.511363636363636,"Moderate intensity"
"Post-definitive care",21,26,4,0.5,0.510869565217391,"Moderate intensity"
"Post-definitive care",21,27,5,0.4,0.505154639175258,"Moderate intensity"
"Post-definitive care",21,28,5,0.2,0.490196078431373,"Moderate intensity"
"Post-definitive care",21,29,4,0.25,0.481132075471698,"Moderate intensity"
"Post-definitive care",21,30,1,1,0.485981308411215,"Moderate intensity"
"Post-definitive care",22,1,0,NA,NA,"Moderate intensity"
"Post-definitive care",22,2,9,0.666666666666667,0.666666666666667,"Moderate intensity"
"Post-definitive care",22,3,11,0.818181818181818,0.75,"Moderate intensity"
"Post-definitive care",22,4,5,0.4,0.68,"Moderate intensity"
"Post-definitive care",22,5,0,NA,0.68,"Moderate intensity"
"Post-definitive care",22,6,3,0.333333333333333,0.642857142857143,"Moderate intensity"
"Post-definitive care",22,7,3,0.666666666666667,0.645161290322581,"Moderate intensity"
"Post-definitive care",22,8,5,0.6,0.638888888888889,"Moderate intensity"
"Post-definitive care",22,9,8,0.875,0.681818181818182,"Moderate intensity"
"Post-definitive care",22,10,4,0.75,0.6875,"Moderate intensity"
"Post-definitive care",22,11,2,0,0.66,"Moderate intensity"
"Post-definitive care",22,12,4,0.25,0.62962962962963,"Moderate intensity"
"Post-definitive care",22,13,2,0.5,0.625,"Moderate intensity"
"Post-definitive care",22,14,0,NA,0.625,"Moderate intensity"
"Post-definitive care",22,15,9,0.777777777777778,0.646153846153846,"Moderate intensity"
"Post-definitive care",22,16,8,0.625,0.643835616438356,"Moderate intensity"
"Post-definitive care",22,17,3,0.666666666666667,0.644736842105263,"Moderate intensity"
"Post-definitive care",22,18,8,0.5,0.630952380952381,"Moderate intensity"
"Post-definitive care",22,19,5,0.6,0.629213483146067,"Moderate intensity"
"Post-definitive care",22,20,5,0.8,0.638297872340426,"Moderate intensity"
"Post-definitive care",22,21,9,1,0.669902912621359,"Moderate intensity"
"Post-definitive care",22,22,10,0.7,0.672566371681416,"Moderate intensity"
"Post-definitive care",22,23,6,0.666666666666667,0.672268907563025,"Moderate intensity"
"Post-definitive care",22,24,5,0.8,0.67741935483871,"Moderate intensity"
"Post-definitive care",22,25,7,0.428571428571429,0.66412213740458,"Moderate intensity"
"Post-definitive care",22,26,2,0,0.654135338345865,"Moderate intensity"
"Post-definitive care",22,27,0,NA,0.654135338345865,"Moderate intensity"
"Post-definitive care",22,28,3,0.333333333333333,0.647058823529412,"Moderate intensity"
"Post-definitive care",22,29,4,0.25,0.635714285714286,"Moderate intensity"
"Post-definitive care",22,30,6,0.5,0.63013698630137,"Moderate intensity"
"Post-definitive care",23,1,3,0,0,"Moderate intensity"
"Post-definitive care",23,2,0,NA,0,"Moderate intensity"
"Post-definitive care",23,3,7,0.428571428571429,0.3,"Moderate intensity"
"Post-definitive care",23,4,7,0.857142857142857,0.529411764705882,"Moderate intensity"
"Post-definitive care",23,5,3,0.333333333333333,0.5,"Moderate intensity"
"Post-definitive care",23,6,4,0.5,0.5,"Moderate intensity"
"Post-definitive care",23,7,5,0.6,0.517241379310345,"Moderate intensity"
"Post-definitive care",23,8,4,1,0.575757575757576,"Moderate intensity"
"Post-definitive care",23,9,3,0.333333333333333,0.555555555555556,"Moderate intensity"
"Post-definitive care",23,10,2,0,0.526315789473684,"Moderate intensity"
"Post-definitive care",23,11,4,0.5,0.523809523809524,"Moderate intensity"
"Post-definitive care",23,12,3,0.666666666666667,0.533333333333333,"Moderate intensity"
"Post-definitive care",23,13,2,0,0.51063829787234,"Moderate intensity"
"Post-definitive care",23,14,4,0.25,0.490196078431373,"Moderate intensity"
"Post-definitive care",23,15,9,0.777777777777778,0.533333333333333,"Moderate intensity"
"Post-definitive care",23,16,11,0.545454545454545,0.535211267605634,"Moderate intensity"
"Post-definitive care",23,17,4,0.5,0.533333333333333,"Moderate intensity"
"Post-definitive care",23,18,1,1,0.539473684210526,"Moderate intensity"
"Post-definitive care",23,19,3,1,0.556962025316456,"Moderate intensity"
"Post-definitive care",23,20,11,0.636363636363636,0.566666666666667,"Moderate intensity"
"Post-definitive care",23,21,1,0,0.56043956043956,"Moderate intensity"
"Post-definitive care",23,22,4,0.5,0.557894736842105,"Moderate intensity"
"Post-definitive care",23,23,2,0.5,0.556701030927835,"Moderate intensity"
"Post-definitive care",23,24,2,0,0.545454545454545,"Moderate intensity"
"Post-definitive care",23,25,2,0,0.534653465346535,"Moderate intensity"
"Post-definitive care",23,26,2,0.5,0.533980582524272,"Moderate intensity"
"Post-definitive care",23,27,3,0,0.518867924528302,"Moderate intensity"
"Post-definitive care",23,28,2,0,0.509259259259259,"Moderate intensity"
"Post-definitive care",23,29,4,0.5,0.508928571428571,"Moderate intensity"
"Post-definitive care",23,30,4,0.25,0.5,"Moderate intensity"
"Post-definitive care",24,1,0,NA,NA,"Moderate intensity"
"Post-definitive care",24,2,6,0.333333333333333,0.333333333333333,"Moderate intensity"
"Post-definitive care",24,3,2,0,0.25,"Moderate intensity"
"Post-definitive care",24,4,2,0,0.2,"Moderate intensity"
"Post-definitive care",24,5,3,0.333333333333333,0.230769230769231,"Moderate intensity"
"Post-definitive care",24,6,4,0.5,0.294117647058824,"Moderate intensity"
"Post-definitive care",24,7,3,0.666666666666667,0.35,"Moderate intensity"
"Post-definitive care",24,8,4,0.5,0.375,"Moderate intensity"
"Post-definitive care",24,9,9,0.555555555555556,0.424242424242424,"Moderate intensity"
"Post-definitive care",24,10,1,0,0.411764705882353,"Moderate intensity"
"Post-definitive care",24,11,2,0,0.388888888888889,"Moderate intensity"
"Post-definitive care",24,12,3,0.333333333333333,0.384615384615385,"Moderate intensity"
"Post-definitive care",24,13,4,0.5,0.395348837209302,"Moderate intensity"
"Post-definitive care",24,14,2,0,0.377777777777778,"Moderate intensity"
"Post-definitive care",24,15,7,0.428571428571429,0.384615384615385,"Moderate intensity"
"Post-definitive care",24,16,2,1,0.407407407407407,"Moderate intensity"
"Post-definitive care",24,17,1,1,0.418181818181818,"Moderate intensity"
"Post-definitive care",24,18,9,0.555555555555556,0.4375,"Moderate intensity"
"Post-definitive care",24,19,4,1,0.470588235294118,"Moderate intensity"
"Post-definitive care",24,20,2,0.5,0.471428571428571,"Moderate intensity"
"Post-definitive care",24,21,3,0.666666666666667,0.479452054794521,"Moderate intensity"
"Post-definitive care",24,22,4,1,0.506493506493506,"Moderate intensity"
"Post-definitive care",24,23,6,0.666666666666667,0.518072289156627,"Moderate intensity"
"Post-definitive care",24,24,9,0.888888888888889,0.554347826086957,"Moderate intensity"
"Post-definitive care",24,25,7,0.571428571428571,0.555555555555556,"Moderate intensity"
"Post-definitive care",24,26,5,1,0.576923076923077,"Moderate intensity"
"Post-definitive care",24,27,9,1,0.610619469026549,"Moderate intensity"
"Post-definitive care",24,28,4,0.75,0.615384615384615,"Moderate intensity"
"Post-definitive care",24,29,7,0.714285714285714,0.620967741935484,"Moderate intensity"
"Post-definitive care",24,30,5,0.8,0.627906976744186,"Moderate intensity"
"Post-definitive care",25,1,0,NA,NA,"Moderate intensity"
"Post-definitive care",25,2,5,0.4,0.4,"Moderate intensity"
"Post-definitive care",25,3,3,1,0.625,"Moderate intensity"
"Post-definitive care",25,4,5,0.2,0.461538461538462,"Moderate intensity"
"Post-definitive care",25,5,2,0,0.4,"Moderate intensity"
"Post-definitive care",25,6,2,0.5,0.411764705882353,"Moderate intensity"
"Post-definitive care",25,7,5,0.4,0.409090909090909,"Moderate intensity"
"Post-definitive care",25,8,1,0,0.391304347826087,"Moderate intensity"
"Post-definitive care",25,9,3,0,0.346153846153846,"Moderate intensity"
"Post-definitive care",25,10,3,0,0.310344827586207,"Moderate intensity"
"Post-definitive care",25,11,6,0.666666666666667,0.371428571428571,"Moderate intensity"
"Post-definitive care",25,12,6,0.5,0.390243902439024,"Moderate intensity"
"Post-definitive care",25,13,6,0.333333333333333,0.382978723404255,"Moderate intensity"
"Post-definitive care",25,14,2,0.5,0.387755102040816,"Moderate intensity"
"Post-definitive care",25,15,3,0.333333333333333,0.384615384615385,"Moderate intensity"
"Post-definitive care",25,16,3,0.333333333333333,0.381818181818182,"Moderate intensity"
"Post-definitive care",25,17,1,0,0.375,"Moderate intensity"
"Post-definitive care",25,18,2,0,0.362068965517241,"Moderate intensity"
"Post-definitive care",25,19,9,0.666666666666667,0.402985074626866,"Moderate intensity"
"Post-definitive care",25,20,5,0.8,0.430555555555556,"Moderate intensity"
"Post-definitive care",25,21,1,0,0.424657534246575,"Moderate intensity"
"Post-definitive care",25,22,1,0,0.418918918918919,"Moderate intensity"
"Post-definitive care",25,23,4,0.25,0.41025641025641,"Moderate intensity"
"Post-definitive care",25,24,4,0.75,0.426829268292683,"Moderate intensity"
"Post-definitive care",25,25,10,0.8,0.467391304347826,"Moderate intensity"
"Post-definitive care",25,26,3,0.333333333333333,0.463157894736842,"Moderate intensity"
"Post-definitive care",25,27,3,0.666666666666667,0.469387755102041,"Moderate intensity"
"Post-definitive care",25,28,4,0,0.450980392156863,"Moderate intensity"
"Post-definitive care",25,29,5,0.6,0.457943925233645,"Moderate intensity"
"Post-definitive care",25,30,5,0.6,0.464285714285714,"Moderate intensity"
"Post-definitive care",26,1,0,NA,NA,"Moderate intensity"
"Post-definitive care",26,2,1,0,0,"Moderate intensity"
"Post-definitive care",26,3,2,0,0,"Moderate intensity"
"Post-definitive care",26,4,1,0,0,"Moderate intensity"
"Post-definitive care",26,5,1,0,0,"Moderate intensity"
"Post-definitive care",26,6,1,0,0,"Moderate intensity"
"Post-definitive care",26,7,3,0,0,"Moderate intensity"
"Post-definitive care",26,8,5,1,0.357142857142857,"Moderate intensity"
"Post-definitive care",26,9,8,0.875,0.545454545454545,"Moderate intensity"
"Post-definitive care",26,10,7,1,0.655172413793103,"Moderate intensity"
"Post-definitive care",26,11,5,1,0.705882352941177,"Moderate intensity"
"Post-definitive care",26,12,5,0.8,0.717948717948718,"Moderate intensity"
"Post-definitive care",26,13,5,1,0.75,"Moderate intensity"
"Post-definitive care",26,14,4,1,0.770833333333333,"Moderate intensity"
"Post-definitive care",26,15,2,1,0.78,"Moderate intensity"
"Post-definitive care",26,16,5,1,0.8,"Moderate intensity"
"Post-definitive care",26,17,6,1,0.819672131147541,"Moderate intensity"
"Post-definitive care",26,18,12,0.916666666666667,0.835616438356164,"Moderate intensity"
"Post-definitive care",26,19,7,0.714285714285714,0.825,"Moderate intensity"
"Post-definitive care",26,20,5,0.6,0.811764705882353,"Moderate intensity"
"Post-definitive care",26,21,9,0.888888888888889,0.819148936170213,"Moderate intensity"
"Post-definitive care",26,22,4,1,0.826530612244898,"Moderate intensity"
"Post-definitive care",26,23,7,0.285714285714286,0.79047619047619,"Moderate intensity"
"Post-definitive care",26,24,8,0.875,0.79646017699115,"Moderate intensity"
"Post-definitive care",26,25,3,0.333333333333333,0.78448275862069,"Moderate intensity"
"Post-definitive care",26,26,6,0.5,0.770491803278688,"Moderate intensity"
"Post-definitive care",26,27,5,0.6,0.763779527559055,"Moderate intensity"
"Post-definitive care",26,28,7,0.857142857142857,0.76865671641791,"Moderate intensity"
"Post-definitive care",26,29,7,0.714285714285714,0.765957446808511,"Moderate intensity"
"Post-definitive care",26,30,3,0.666666666666667,0.763888888888889,"Moderate intensity"
"Post-definitive care",27,1,3,0,0,"Moderate intensity"
"Post-definitive care",27,2,1,0,0,"Moderate intensity"
"Post-definitive care",27,3,2,0,0,"Moderate intensity"
"Post-definitive care",27,4,1,0,0,"Moderate intensity"
"Post-definitive care",27,5,1,0,0,"Moderate intensity"
"Post-definitive care",27,6,10,0.7,0.388888888888889,"Moderate intensity"
"Post-definitive care",27,7,1,1,0.421052631578947,"Moderate intensity"
"Post-definitive care",27,8,4,0,0.347826086956522,"Moderate intensity"
"Post-definitive care",27,9,1,0,0.333333333333333,"Moderate intensity"
"Post-definitive care",27,10,3,0,0.296296296296296,"Moderate intensity"
"Post-definitive care",27,11,2,0.5,0.310344827586207,"Moderate intensity"
"Post-definitive care",27,12,5,0.8,0.382352941176471,"Moderate intensity"
"Post-definitive care",27,13,6,0.333333333333333,0.375,"Moderate intensity"
"Post-definitive care",27,14,0,NA,0.375,"Moderate intensity"
"Post-definitive care",27,15,3,0.333333333333333,0.372093023255814,"Moderate intensity"
"Post-definitive care",27,16,1,0,0.363636363636364,"Moderate intensity"
"Post-definitive care",27,17,4,0.25,0.354166666666667,"Moderate intensity"
"Post-definitive care",27,18,3,0.333333333333333,0.352941176470588,"Moderate intensity"
"Post-definitive care",27,19,5,0.6,0.375,"Moderate intensity"
"Post-definitive care",27,20,4,0.5,0.383333333333333,"Moderate intensity"
"Post-definitive care",27,21,4,0.5,0.390625,"Moderate intensity"
"Post-definitive care",27,22,6,0.5,0.4,"Moderate intensity"
"Post-definitive care",27,23,2,0.5,0.402777777777778,"Moderate intensity"
"Post-definitive care",27,24,6,0.333333333333333,0.397435897435897,"Moderate intensity"
"Post-definitive care",27,25,8,0.875,0.441860465116279,"Moderate intensity"
"Post-definitive care",27,26,8,0.75,0.468085106382979,"Moderate intensity"
"Post-definitive care",27,27,5,0.6,0.474747474747475,"Moderate intensity"
"Post-definitive care",27,28,10,0.7,0.495412844036697,"Moderate intensity"
"Post-definitive care",27,29,6,1,0.521739130434783,"Moderate intensity"
"Post-definitive care",27,30,10,0.7,0.536,"Moderate intensity"
"Post-definitive care",28,1,0,NA,NA,"Moderate intensity"
"Post-definitive care",28,2,3,0,0,"Moderate intensity"
"Post-definitive care",28,3,3,0,0,"Moderate intensity"
"Post-definitive care",28,4,0,NA,0,"Moderate intensity"
"Post-definitive care",28,5,0,NA,0,"Moderate intensity"
"Post-definitive care",28,6,4,0,0,"Moderate intensity"
"Post-definitive care",28,7,4,0.5,0.142857142857143,"Moderate intensity"
"Post-definitive care",28,8,6,0.5,0.25,"Moderate intensity"
"Post-definitive care",28,9,5,0.6,0.32,"Moderate intensity"
"Post-definitive care",28,10,5,1,0.433333333333333,"Moderate intensity"
"Post-definitive care",28,11,11,0.818181818181818,0.536585365853659,"Moderate intensity"
"Post-definitive care",28,12,7,0.857142857142857,0.583333333333333,"Moderate intensity"
"Post-definitive care",28,13,7,1,0.636363636363636,"Moderate intensity"
"Post-definitive care",28,14,5,1,0.666666666666667,"Moderate intensity"
"Post-definitive care",28,15,5,1,0.692307692307692,"Moderate intensity"
"Post-definitive care",28,16,5,0.8,0.7,"Moderate intensity"
"Post-definitive care",28,17,2,0,0.680555555555556,"Moderate intensity"
"Post-definitive care",28,18,10,0.7,0.682926829268293,"Moderate intensity"
"Post-definitive care",28,19,12,0.75,0.691489361702128,"Moderate intensity"
"Post-definitive care",28,20,4,0.5,0.683673469387755,"Moderate intensity"
"Post-definitive care",28,21,6,0.666666666666667,0.682692307692308,"Moderate intensity"
"Post-definitive care",28,22,4,0.75,0.685185185185185,"Moderate intensity"
"Post-definitive care",28,23,5,0.8,0.690265486725664,"Moderate intensity"
"Post-definitive care",28,24,4,0.25,0.675213675213675,"Moderate intensity"
"Post-definitive care",28,25,6,0.666666666666667,0.67479674796748,"Moderate intensity"
"Post-definitive care",28,26,1,0,0.669354838709677,"Moderate intensity"
"Post-definitive care",28,27,4,0.5,0.6640625,"Moderate intensity"
"Post-definitive care",28,28,11,0.909090909090909,0.683453237410072,"Moderate intensity"
"Post-definitive care",28,29,9,1,0.702702702702703,"Moderate intensity"
"Post-definitive care",28,30,8,0.875,0.711538461538462,"Moderate intensity"
"Post-definitive care",29,1,1,0,0,"Moderate intensity"
"Post-definitive care",29,2,8,0.625,0.555555555555556,"Moderate intensity"
"Post-definitive care",29,3,7,0.714285714285714,0.625,"Moderate intensity"
"Post-definitive care",29,4,9,0.888888888888889,0.72,"Moderate intensity"
"Post-definitive care",29,5,1,1,0.730769230769231,"Moderate intensity"
"Post-definitive care",29,6,3,0,0.655172413793103,"Moderate intensity"
"Post-definitive care",29,7,5,0.8,0.676470588235294,"Moderate intensity"
"Post-definitive care",29,8,3,0.666666666666667,0.675675675675676,"Moderate intensity"
"Post-definitive care",29,9,4,0.25,0.634146341463415,"Moderate intensity"
"Post-definitive care",29,10,4,0.75,0.644444444444444,"Moderate intensity"
"Post-definitive care",29,11,4,0.5,0.63265306122449,"Moderate intensity"
"Post-definitive care",29,12,11,0.636363636363636,0.633333333333333,"Moderate intensity"
"Post-definitive care",29,13,6,0.833333333333333,0.651515151515151,"Moderate intensity"
"Post-definitive care",29,14,4,0.75,0.657142857142857,"Moderate intensity"
"Post-definitive care",29,15,5,0.6,0.653333333333333,"Moderate intensity"
"Post-definitive care",29,16,4,0,0.620253164556962,"Moderate intensity"
"Post-definitive care",29,17,3,1,0.634146341463415,"Moderate intensity"
"Post-definitive care",29,18,3,0,0.611764705882353,"Moderate intensity"
"Post-definitive care",29,19,7,0.857142857142857,0.630434782608696,"Moderate intensity"
"Post-definitive care",29,20,6,0.5,0.622448979591837,"Moderate intensity"
"Post-definitive care",29,21,5,0.4,0.611650485436893,"Moderate intensity"
"Post-definitive care",29,22,4,0.75,0.616822429906542,"Moderate intensity"
"Post-definitive care",29,23,6,0.5,0.610619469026549,"Moderate intensity"
"Post-definitive care",29,24,1,0,0.605263157894737,"Moderate intensity"
"Post-definitive care",29,25,7,0.714285714285714,0.611570247933884,"Moderate intensity"
"Post-definitive care",29,26,6,0.5,0.606299212598425,"Moderate intensity"
"Post-definitive care",29,27,4,0.75,0.610687022900763,"Moderate intensity"
"Post-definitive care",29,28,1,1,0.613636363636364,"Moderate intensity"
"Post-definitive care",29,29,6,0.333333333333333,0.601449275362319,"Moderate intensity"
"Post-definitive care",29,30,5,0.6,0.601398601398601,"Moderate intensity"
"Post-definitive care",30,1,0,NA,NA,"Moderate intensity"
"Post-definitive care",30,2,2,0,0,"Moderate intensity"
"Post-definitive care",30,3,2,0,0,"Moderate intensity"
"Post-definitive care",30,4,1,0,0,"Moderate intensity"
"Post-definitive care",30,5,2,0,0,"Moderate intensity"
"Post-definitive care",30,6,2,1,0.222222222222222,"Moderate intensity"
"Post-definitive care",30,7,3,0.333333333333333,0.25,"Moderate intensity"
"Post-definitive care",30,8,9,0.777777777777778,0.476190476190476,"Moderate intensity"
"Post-definitive care",30,9,10,0.7,0.548387096774194,"Moderate intensity"
"Post-definitive care",30,10,5,0.6,0.555555555555556,"Moderate intensity"
"Post-definitive care",30,11,2,0.5,0.552631578947368,"Moderate intensity"
"Post-definitive care",30,12,2,0,0.525,"Moderate intensity"
"Post-definitive care",30,13,4,0.5,0.522727272727273,"Moderate intensity"
"Post-definitive care",30,14,7,0.714285714285714,0.549019607843137,"Moderate intensity"
"Post-definitive care",30,15,6,0.666666666666667,0.56140350877193,"Moderate intensity"
"Post-definitive care",30,16,4,0.25,0.540983606557377,"Moderate intensity"
"Post-definitive care",30,17,5,0.6,0.545454545454545,"Moderate intensity"
"Post-definitive care",30,18,9,0.555555555555556,0.546666666666667,"Moderate intensity"
"Post-definitive care",30,19,2,0,0.532467532467532,"Moderate intensity"
"Post-definitive care",30,20,3,0.333333333333333,0.525,"Moderate intensity"
"Post-definitive care",30,21,7,0.714285714285714,0.540229885057471,"Moderate intensity"
"Post-definitive care",30,22,2,1,0.550561797752809,"Moderate intensity"
"Post-definitive care",30,23,2,0,0.538461538461538,"Moderate intensity"
"Post-definitive care",30,24,1,0,0.532608695652174,"Moderate intensity"
"Post-definitive care",30,25,3,0.333333333333333,0.526315789473684,"Moderate intensity"
"Post-definitive care",30,26,6,0.666666666666667,0.534653465346535,"Moderate intensity"
"Post-definitive care",30,27,6,0.666666666666667,0.542056074766355,"Moderate intensity"
"Post-definitive care",30,28,5,0.6,0.544642857142857,"Moderate intensity"
"Post-definitive care",30,29,7,0.571428571428571,0.546218487394958,"Moderate intensity"
"Post-definitive care",30,30,3,0.333333333333333,0.540983606557377,"Moderate intensity"
"Post-definitive care",31,1,1,0,0,"Moderate intensity"
"Post-definitive care",31,2,3,0,0,"Moderate intensity"
"Post-definitive care",31,3,7,0.857142857142857,0.545454545454545,"Moderate intensity"
"Post-definitive care",31,4,2,0.5,0.538461538461538,"Moderate intensity"
"Post-definitive care",31,5,2,0,0.466666666666667,"Moderate intensity"
"Post-definitive care",31,6,1,0,0.4375,"Moderate intensity"
"Post-definitive care",31,7,3,0.333333333333333,0.421052631578947,"Moderate intensity"
"Post-definitive care",31,8,1,0,0.4,"Moderate intensity"
"Post-definitive care",31,9,3,0.666666666666667,0.434782608695652,"Moderate intensity"
"Post-definitive care",31,10,8,0.5,0.451612903225806,"Moderate intensity"
"Post-definitive care",31,11,5,0.4,0.444444444444444,"Moderate intensity"
"Post-definitive care",31,12,6,0.833333333333333,0.5,"Moderate intensity"
"Post-definitive care",31,13,6,0.5,0.5,"Moderate intensity"
"Post-definitive care",31,14,8,0.75,0.535714285714286,"Moderate intensity"
"Post-definitive care",31,15,10,0.9,0.590909090909091,"Moderate intensity"
"Post-definitive care",31,16,5,1,0.619718309859155,"Moderate intensity"
"Post-definitive care",31,17,6,0.5,0.61038961038961,"Moderate intensity"
"Post-definitive care",31,18,11,0.818181818181818,0.636363636363636,"Moderate intensity"
"Post-definitive care",31,19,6,0.833333333333333,0.648936170212766,"Moderate intensity"
"Post-definitive care",31,20,8,1,0.676470588235294,"Moderate intensity"
"Post-definitive care",31,21,4,1,0.688679245283019,"Moderate intensity"
"Post-definitive care",31,22,8,0.625,0.684210526315789,"Moderate intensity"
"Post-definitive care",31,23,6,1,0.7,"Moderate intensity"
"Post-definitive care",31,24,3,0.333333333333333,0.691056910569106,"Moderate intensity"
"Post-definitive care",31,25,11,0.818181818181818,0.701492537313433,"Moderate intensity"
"Post-definitive care",31,26,7,0.571428571428571,0.695035460992908,"Moderate intensity"
"Post-definitive care",31,27,1,0,0.690140845070423,"Moderate intensity"
"Post-definitive care",31,28,3,0.333333333333333,0.682758620689655,"Moderate intensity"
"Post-definitive care",31,29,4,0.25,0.671140939597315,"Moderate intensity"
"Post-definitive care",31,30,3,0.333333333333333,0.664473684210526,"Moderate intensity"
"Post-definitive care",32,1,0,NA,NA,"Moderate intensity"
"Post-definitive care",32,2,2,0.5,0.5,"Moderate intensity"
"Post-definitive care",32,3,4,0.25,0.333333333333333,"Moderate intensity"
"Post-definitive care",32,4,1,0,0.285714285714286,"Moderate intensity"
"Post-definitive care",32,5,4,0.25,0.272727272727273,"Moderate intensity"
"Post-definitive care",32,6,6,0.5,0.352941176470588,"Moderate intensity"
"Post-definitive care",32,7,3,1,0.45,"Moderate intensity"
"Post-definitive care",32,8,5,0.6,0.48,"Moderate intensity"
"Post-definitive care",32,9,3,1,0.535714285714286,"Moderate intensity"
"Post-definitive care",32,10,6,0.666666666666667,0.558823529411765,"Moderate intensity"
"Post-definitive care",32,11,9,0.888888888888889,0.627906976744186,"Moderate intensity"
"Post-definitive care",32,12,7,0.714285714285714,0.64,"Moderate intensity"
"Post-definitive care",32,13,8,0.625,0.637931034482759,"Moderate intensity"
"Post-definitive care",32,14,5,1,0.666666666666667,"Moderate intensity"
"Post-definitive care",32,15,8,0.75,0.676056338028169,"Moderate intensity"
"Post-definitive care",32,16,5,0.8,0.684210526315789,"Moderate intensity"
"Post-definitive care",32,17,3,0.333333333333333,0.670886075949367,"Moderate intensity"
"Post-definitive care",32,18,6,0.666666666666667,0.670588235294118,"Moderate intensity"
"Post-definitive care",32,19,6,0.833333333333333,0.681318681318681,"Moderate intensity"
"Post-definitive care",32,20,7,0.285714285714286,0.653061224489796,"Moderate intensity"
"Post-definitive care",32,21,8,0.625,0.650943396226415,"Moderate intensity"
"Post-definitive care",32,22,3,0.333333333333333,0.642201834862385,"Moderate intensity"
"Post-definitive care",32,23,9,0.777777777777778,0.652542372881356,"Moderate intensity"
"Post-definitive care",32,24,5,0.4,0.642276422764228,"Moderate intensity"
"Post-definitive care",32,25,10,0.9,0.661654135338346,"Moderate intensity"
"Post-definitive care",32,26,6,0.833333333333333,0.669064748201439,"Moderate intensity"
"Post-definitive care",32,27,8,0.625,0.666666666666667,"Moderate intensity"
"Post-definitive care",32,28,4,0.75,0.66887417218543,"Moderate intensity"
"Post-definitive care",32,29,9,0.666666666666667,0.66875,"Moderate intensity"
"Post-definitive care",32,30,4,0.75,0.670731707317073,"Moderate intensity"
"Post-definitive care",33,1,0,NA,NA,"Moderate intensity"
"Post-definitive care",33,2,3,0.333333333333333,0.333333333333333,"Moderate intensity"
"Post-definitive care",33,3,9,0.777777777777778,0.666666666666667,"Moderate intensity"
"Post-definitive care",33,4,7,0.571428571428571,0.631578947368421,"Moderate intensity"
"Post-definitive care",33,5,1,1,0.65,"Moderate intensity"
"Post-definitive care",33,6,1,0,0.619047619047619,"Moderate intensity"
"Post-definitive care",33,7,2,0,0.565217391304348,"Moderate intensity"
"Post-definitive care",33,8,0,NA,0.565217391304348,"Moderate intensity"
"Post-definitive care",33,9,2,0,0.52,"Moderate intensity"
"Post-definitive care",33,10,3,0,0.464285714285714,"Moderate intensity"
"Post-definitive care",33,11,3,0.333333333333333,0.451612903225806,"Moderate intensity"
"Post-definitive care",33,12,2,0,0.424242424242424,"Moderate intensity"
"Post-definitive care",33,13,2,0,0.4,"Moderate intensity"
"Post-definitive care",33,14,4,0.5,0.41025641025641,"Moderate intensity"
"Post-definitive care",33,15,3,0.333333333333333,0.404761904761905,"Moderate intensity"
"Post-definitive care",33,16,3,0.666666666666667,0.422222222222222,"Moderate intensity"
"Post-definitive care",33,17,2,0,0.404255319148936,"Moderate intensity"
"Post-definitive care",33,18,0,NA,0.404255319148936,"Moderate intensity"
"Post-definitive care",33,19,0,NA,0.404255319148936,"Moderate intensity"
"Post-definitive care",33,20,3,0.333333333333333,0.4,"Moderate intensity"
"Post-definitive care",33,21,8,0.375,0.396551724137931,"Moderate intensity"
"Post-definitive care",33,22,1,1,0.406779661016949,"Moderate intensity"
"Post-definitive care",33,23,5,0.6,0.421875,"Moderate intensity"
"Post-definitive care",33,24,7,0.571428571428571,0.436619718309859,"Moderate intensity"
"Post-definitive care",33,25,5,0.8,0.460526315789474,"Moderate intensity"
"Post-definitive care",33,26,3,0.666666666666667,0.468354430379747,"Moderate intensity"
"Post-definitive care",33,27,11,0.636363636363636,0.488888888888889,"Moderate intensity"
"Post-definitive care",33,28,1,0,0.483516483516484,"Moderate intensity"
"Post-definitive care",33,29,0,NA,0.483516483516484,"Moderate intensity"
"Post-definitive care",33,30,2,0,0.473118279569892,"Moderate intensity"
"Post-definitive care",34,1,0,NA,NA,"Moderate intensity"
"Post-definitive care",34,2,4,0,0,"Moderate intensity"
"Post-definitive care",34,3,0,NA,0,"Moderate intensity"
"Post-definitive care",34,4,4,0.5,0.25,"Moderate intensity"
"Post-definitive care",34,5,3,0.333333333333333,0.272727272727273,"Moderate intensity"
"Post-definitive care",34,6,2,0,0.230769230769231,"Moderate intensity"
"Post-definitive care",34,7,4,0.75,0.352941176470588,"Moderate intensity"
"Post-definitive care",34,8,4,0.75,0.428571428571429,"Moderate intensity"
"Post-definitive care",34,9,6,0.666666666666667,0.481481481481481,"Moderate intensity"
"Post-definitive care",34,10,8,0.75,0.542857142857143,"Moderate intensity"
"Post-definitive care",34,11,4,0.25,0.512820512820513,"Moderate intensity"
"Post-definitive care",34,12,8,1,0.595744680851064,"Moderate intensity"
"Post-definitive care",34,13,11,0.818181818181818,0.637931034482759,"Moderate intensity"
"Post-definitive care",34,14,7,1,0.676923076923077,"Moderate intensity"
"Post-definitive care",34,15,4,0.75,0.681159420289855,"Moderate intensity"
"Post-definitive care",34,16,5,0.8,0.689189189189189,"Moderate intensity"
"Post-definitive care",34,17,6,0.666666666666667,0.6875,"Moderate intensity"
"Post-definitive care",34,18,7,0.857142857142857,0.701149425287356,"Moderate intensity"
"Post-definitive care",34,19,5,0.8,0.706521739130435,"Moderate intensity"
"Post-definitive care",34,20,8,0.75,0.71,"Moderate intensity"
"Post-definitive care",34,21,4,0.5,0.701923076923077,"Moderate intensity"
"Post-definitive care",34,22,4,0.5,0.694444444444444,"Moderate intensity"
"Post-definitive care",34,23,2,0.5,0.690909090909091,"Moderate intensity"
"Post-definitive care",34,24,6,0.833333333333333,0.698275862068966,"Moderate intensity"
"Post-definitive care",34,25,3,0.666666666666667,0.697478991596639,"Moderate intensity"
"Post-definitive care",34,26,1,0,0.691666666666667,"Moderate intensity"
"Post-definitive care",34,27,10,0.6,0.684615384615385,"Moderate intensity"
"Post-definitive care",34,28,4,0.75,0.686567164179104,"Moderate intensity"
"Post-definitive care",34,29,1,0,0.681481481481481,"Moderate intensity"
"Post-definitive care",34,30,2,0,0.671532846715328,"Moderate intensity"
"Post-definitive care",35,1,1,0,0,"Moderate intensity"
"Post-definitive care",35,2,6,0.666666666666667,0.571428571428571,"Moderate intensity"
"Post-definitive care",35,3,7,0.714285714285714,0.642857142857143,"Moderate intensity"
"Post-definitive care",35,4,7,0.571428571428571,0.619047619047619,"Moderate intensity"
"Post-definitive care",35,5,1,1,0.636363636363636,"Moderate intensity"
"Post-definitive care",35,6,0,NA,0.636363636363636,"Moderate intensity"
"Post-definitive care",35,7,4,0.5,0.615384615384615,"Moderate intensity"
"Post-definitive care",35,8,4,0.25,0.566666666666667,"Moderate intensity"
"Post-definitive care",35,9,3,0.333333333333333,0.545454545454545,"Moderate intensity"
"Post-definitive care",35,10,1,0,0.529411764705882,"Moderate intensity"
"Post-definitive care",35,11,8,0.625,0.547619047619048,"Moderate intensity"
"Post-definitive care",35,12,9,0.444444444444444,0.529411764705882,"Moderate intensity"
"Post-definitive care",35,13,3,1,0.555555555555556,"Moderate intensity"
"Post-definitive care",35,14,9,0.888888888888889,0.603174603174603,"Moderate intensity"
"Post-definitive care",35,15,8,0.875,0.633802816901408,"Moderate intensity"
"Post-definitive care",35,16,3,0.666666666666667,0.635135135135135,"Moderate intensity"
"Post-definitive care",35,17,0,NA,0.635135135135135,"Moderate intensity"
"Post-definitive care",35,18,1,0,0.626666666666667,"Moderate intensity"
"Post-definitive care",35,19,4,0.25,0.607594936708861,"Moderate intensity"
"Post-definitive care",35,20,1,1,0.6125,"Moderate intensity"
"Post-definitive care",35,21,12,0.833333333333333,0.641304347826087,"Moderate intensity"
"Post-definitive care",35,22,7,0.571428571428571,0.636363636363636,"Moderate intensity"
"Post-definitive care",35,23,10,0.8,0.651376146788991,"Moderate intensity"
"Post-definitive care",35,24,2,0.5,0.648648648648649,"Moderate intensity"
"Post-definitive care",35,25,2,0,0.63716814159292,"Moderate intensity"
"Post-definitive care",35,26,10,0.6,0.634146341463415,"Moderate intensity"
"Post-definitive care",35,27,5,1,0.6484375,"Moderate intensity"
"Post-definitive care",35,28,9,0.666666666666667,0.64963503649635,"Moderate intensity"
"Post-definitive care",35,29,6,0.833333333333333,0.657342657342657,"Moderate intensity"
"Post-definitive care",35,30,4,0.75,0.659863945578231,"Moderate intensity"
"Post-definitive care",36,1,3,0.333333333333333,0.333333333333333,"Moderate intensity"
"Post-definitive care",36,2,10,0.6,0.538461538461538,"Moderate intensity"
"Post-definitive care",36,3,3,0.666666666666667,0.5625,"Moderate intensity"
"Post-definitive care",36,4,2,0,0.5,"Moderate intensity"
"Post-definitive care",36,5,8,0.5,0.5,"Moderate intensity"
"Post-definitive care",36,6,0,NA,0.5,"Moderate intensity"
"Post-definitive care",36,7,3,0.666666666666667,0.517241379310345,"Moderate intensity"
"Post-definitive care",36,8,3,0,0.46875,"Moderate intensity"
"Post-definitive care",36,9,2,0,0.441176470588235,"Moderate intensity"
"Post-definitive care",36,10,3,0,0.405405405405405,"Moderate intensity"
"Post-definitive care",36,11,9,0.666666666666667,0.456521739130435,"Moderate intensity"
"Post-definitive care",36,12,7,0.571428571428571,0.471698113207547,"Moderate intensity"
"Post-definitive care",36,13,1,1,0.481481481481481,"Moderate intensity"
"Post-definitive care",36,14,1,0,0.472727272727273,"Moderate intensity"
"Post-definitive care",36,15,6,0.333333333333333,0.459016393442623,"Moderate intensity"
"Post-definitive care",36,16,1,1,0.467741935483871,"Moderate intensity"
"Post-definitive care",36,17,3,1,0.492307692307692,"Moderate intensity"
"Post-definitive care",36,18,10,1,0.56,"Moderate intensity"
"Post-definitive care",36,19,10,0.5,0.552941176470588,"Moderate intensity"
"Post-definitive care",36,20,4,1,0.573033707865168,"Moderate intensity"
"Post-definitive care",36,21,7,0.571428571428571,0.572916666666667,"Moderate intensity"
"Post-definitive care",36,22,10,0.9,0.60377358490566,"Moderate intensity"
"Post-definitive care",36,23,4,1,0.618181818181818,"Moderate intensity"
"Post-definitive care",36,24,8,0.75,0.627118644067797,"Moderate intensity"
"Post-definitive care",36,25,7,0.857142857142857,0.64,"Moderate intensity"
"Post-definitive care",36,26,3,0,0.625,"Moderate intensity"
"Post-definitive care",36,27,3,1,0.633587786259542,"Moderate intensity"
"Post-definitive care",36,28,5,0.2,0.617647058823529,"Moderate intensity"
"Post-definitive care",36,29,5,0.8,0.624113475177305,"Moderate intensity"
"Post-definitive care",36,30,5,0.4,0.616438356164384,"Moderate intensity"
"Post-definitive care",37,1,2,0,0,"Moderate intensity"
"Post-definitive care",37,2,5,0.4,0.285714285714286,"Moderate intensity"
"Post-definitive care",37,3,2,0,0.222222222222222,"Moderate intensity"
"Post-definitive care",37,4,8,0.75,0.470588235294118,"Moderate intensity"
"Post-definitive care",37,5,5,0.6,0.5,"Moderate intensity"
"Post-definitive care",37,6,2,1,0.541666666666667,"Moderate intensity"
"Post-definitive care",37,7,3,0.666666666666667,0.555555555555556,"Moderate intensity"
"Post-definitive care",37,8,0,NA,0.555555555555556,"Moderate intensity"
"Post-definitive care",37,9,4,0,0.483870967741935,"Moderate intensity"
"Post-definitive care",37,10,2,0.5,0.484848484848485,"Moderate intensity"
"Post-definitive care",37,11,0,NA,0.484848484848485,"Moderate intensity"
"Post-definitive care",37,12,3,0,0.444444444444444,"Moderate intensity"
"Post-definitive care",37,13,1,0,0.432432432432432,"Moderate intensity"
"Post-definitive care",37,14,2,0,0.41025641025641,"Moderate intensity"
"Post-definitive care",37,15,3,0,0.380952380952381,"Moderate intensity"
"Post-definitive care",37,16,3,0.666666666666667,0.4,"Moderate intensity"
"Post-definitive care",37,17,4,0.75,0.428571428571429,"Moderate intensity"
"Post-definitive care",37,18,3,0,0.403846153846154,"Moderate intensity"
"Post-definitive care",37,19,7,0.571428571428571,0.423728813559322,"Moderate intensity"
"Post-definitive care",37,20,4,0.5,0.428571428571429,"Moderate intensity"
"Post-definitive care",37,21,4,0.5,0.432835820895522,"Moderate intensity"
"Post-definitive care",37,22,1,0,0.426470588235294,"Moderate intensity"
"Post-definitive care",37,23,5,0.6,0.438356164383562,"Moderate intensity"
"Post-definitive care",37,24,4,0.5,0.441558441558442,"Moderate intensity"
"Post-definitive care",37,25,3,0.333333333333333,0.4375,"Moderate intensity"
"Post-definitive care",37,26,2,0.5,0.439024390243902,"Moderate intensity"
"Post-definitive care",37,27,5,0.4,0.436781609195402,"Moderate intensity"
"Post-definitive care",37,28,6,0.666666666666667,0.451612903225806,"Moderate intensity"
"Post-definitive care",37,29,8,0.875,0.485148514851485,"Moderate intensity"
"Post-definitive care",37,30,7,0.857142857142857,0.509259259259259,"Moderate intensity"
"Post-definitive care",38,1,5,0.2,0.2,"Moderate intensity"
"Post-definitive care",38,2,4,0.5,0.333333333333333,"Moderate intensity"
"Post-definitive care",38,3,2,0,0.272727272727273,"Moderate intensity"
"Post-definitive care",38,4,2,0,0.230769230769231,"Moderate intensity"
"Post-definitive care",38,5,0,NA,0.230769230769231,"Moderate intensity"
"Post-definitive care",38,6,6,0.833333333333333,0.421052631578947,"Moderate intensity"
"Post-definitive care",38,7,7,0.571428571428571,0.461538461538462,"Moderate intensity"
"Post-definitive care",38,8,4,0.75,0.5,"Moderate intensity"
"Post-definitive care",38,9,10,0.7,0.55,"Moderate intensity"
"Post-definitive care",38,10,3,1,0.581395348837209,"Moderate intensity"
"Post-definitive care",38,11,3,0,0.543478260869565,"Moderate intensity"
"Post-definitive care",38,12,2,0.5,0.541666666666667,"Moderate intensity"
"Post-definitive care",38,13,4,0.5,0.538461538461538,"Moderate intensity"
"Post-definitive care",38,14,8,1,0.6,"Moderate intensity"
"Post-definitive care",38,15,9,0.888888888888889,0.63768115942029,"Moderate intensity"
"Post-definitive care",38,16,5,0.4,0.621621621621622,"Moderate intensity"
"Post-definitive care",38,17,3,0.333333333333333,0.61038961038961,"Moderate intensity"
"Post-definitive care",38,18,3,0.666666666666667,0.6125,"Moderate intensity"
"Post-definitive care",38,19,5,0.4,0.6,"Moderate intensity"
"Post-definitive care",38,20,2,0,0.586206896551724,"Moderate intensity"
"Post-definitive care",38,21,6,0.666666666666667,0.591397849462366,"Moderate intensity"
"Post-definitive care",38,22,4,0.5,0.587628865979381,"Moderate intensity"
"Post-definitive care",38,23,2,0.5,0.585858585858586,"Moderate intensity"
"Post-definitive care",38,24,4,0.25,0.572815533980582,"Moderate intensity"
"Post-definitive care",38,25,6,0.833333333333333,0.587155963302752,"Moderate intensity"
"Post-definitive care",38,26,8,0.75,0.598290598290598,"Moderate intensity"
"Post-definitive care",38,27,7,0.571428571428571,0.596774193548387,"Moderate intensity"
"Post-definitive care",38,28,5,0.6,0.596899224806202,"Moderate intensity"
"Post-definitive care",38,29,2,0,0.587786259541985,"Moderate intensity"
"Post-definitive care",38,30,1,0,0.583333333333333,"Moderate intensity"
"Post-definitive care",39,1,2,0,0,"Moderate intensity"
"Post-definitive care",39,2,2,0,0,"Moderate intensity"
"Post-definitive care",39,3,5,0.8,0.444444444444444,"Moderate intensity"
"Post-definitive care",39,4,6,0.833333333333333,0.6,"Moderate intensity"
"Post-definitive care",39,5,10,0.8,0.68,"Moderate intensity"
"Post-definitive care",39,6,0,NA,0.68,"Moderate intensity"
"Post-definitive care",39,7,3,1,0.714285714285714,"Moderate intensity"
"Post-definitive care",39,8,3,1,0.741935483870968,"Moderate intensity"
"Post-definitive care",39,9,7,0.857142857142857,0.763157894736842,"Moderate intensity"
"Post-definitive care",39,10,4,1,0.785714285714286,"Moderate intensity"
"Post-definitive care",39,11,1,1,0.790697674418605,"Moderate intensity"
"Post-definitive care",39,12,4,0.75,0.787234042553192,"Moderate intensity"
"Post-definitive care",39,13,7,1,0.814814814814815,"Moderate intensity"
"Post-definitive care",39,14,3,1,0.824561403508772,"Moderate intensity"
"Post-definitive care",39,15,4,1,0.836065573770492,"Moderate intensity"
"Post-definitive care",39,16,3,1,0.84375,"Moderate intensity"
"Post-definitive care",39,17,6,1,0.857142857142857,"Moderate intensity"
"Post-definitive care",39,18,8,0.875,0.858974358974359,"Moderate intensity"
"Post-definitive care",39,19,3,1,0.864197530864197,"Moderate intensity"
"Post-definitive care",39,20,4,1,0.870588235294118,"Moderate intensity"
"Post-definitive care",39,21,4,0.75,0.865168539325843,"Moderate intensity"
"Post-definitive care",39,22,3,0.666666666666667,0.858695652173913,"Moderate intensity"
"Post-definitive care",39,23,6,0.833333333333333,0.857142857142857,"Moderate intensity"
"Post-definitive care",39,24,7,1,0.866666666666667,"Moderate intensity"
"Post-definitive care",39,25,6,0.666666666666667,0.855855855855856,"Moderate intensity"
"Post-definitive care",39,26,5,0.4,0.836206896551724,"Moderate intensity"
"Post-definitive care",39,27,6,0.833333333333333,0.836065573770492,"Moderate intensity"
"Post-definitive care",39,28,5,0.4,0.818897637795276,"Moderate intensity"
"Post-definitive care",39,29,7,0.714285714285714,0.813432835820896,"Moderate intensity"
"Post-definitive care",39,30,6,0.666666666666667,0.807142857142857,"Moderate intensity"
"Post-definitive care",40,1,0,NA,NA,"Moderate intensity"
"Post-definitive care",40,2,3,0,0,"Moderate intensity"
"Post-definitive care",40,3,2,0,0,"Moderate intensity"
"Post-definitive care",40,4,3,0.333333333333333,0.125,"Moderate intensity"
"Post-definitive care",40,5,4,0.25,0.166666666666667,"Moderate intensity"
"Post-definitive care",40,6,5,0.8,0.352941176470588,"Moderate intensity"
"Post-definitive care",40,7,8,0.5,0.4,"Moderate intensity"
"Post-definitive care",40,8,5,0.8,0.466666666666667,"Moderate intensity"
"Post-definitive care",40,9,7,0.857142857142857,0.540540540540541,"Moderate intensity"
"Post-definitive care",40,10,4,0.75,0.560975609756098,"Moderate intensity"
"Post-definitive care",40,11,5,0.8,0.58695652173913,"Moderate intensity"
"Post-definitive care",40,12,7,0.857142857142857,0.622641509433962,"Moderate intensity"
"Post-definitive care",40,13,7,0.714285714285714,0.633333333333333,"Moderate intensity"
"Post-definitive care",40,14,3,0.666666666666667,0.634920634920635,"Moderate intensity"
"Post-definitive care",40,15,2,0,0.615384615384615,"Moderate intensity"
"Post-definitive care",40,16,2,0,0.597014925373134,"Moderate intensity"
"Post-definitive care",40,17,0,NA,0.597014925373134,"Moderate intensity"
"Post-definitive care",40,18,3,0,0.571428571428571,"Moderate intensity"
"Post-definitive care",40,19,2,0,0.555555555555556,"Moderate intensity"
"Post-definitive care",40,20,2,0,0.540540540540541,"Moderate intensity"
"Post-definitive care",40,21,3,0.333333333333333,0.532467532467532,"Moderate intensity"
"Post-definitive care",40,22,7,0.571428571428571,0.535714285714286,"Moderate intensity"
"Post-definitive care",40,23,6,0.5,0.533333333333333,"Moderate intensity"
"Post-definitive care",40,24,6,0.833333333333333,0.552083333333333,"Moderate intensity"
"Post-definitive care",40,25,8,0.75,0.567307692307692,"Moderate intensity"
"Post-definitive care",40,26,4,1,0.583333333333333,"Moderate intensity"
"Post-definitive care",40,27,9,0.444444444444444,0.572649572649573,"Moderate intensity"
"Post-definitive care",40,28,4,0.25,0.56198347107438,"Moderate intensity"
"Post-definitive care",40,29,6,0.666666666666667,0.566929133858268,"Moderate intensity"
"Post-definitive care",40,30,7,0.714285714285714,0.574626865671642,"Moderate intensity"
"Post-definitive care",41,1,0,NA,NA,"Moderate intensity"
"Post-definitive care",41,2,5,0.6,0.6,"Moderate intensity"
"Post-definitive care",41,3,7,0.857142857142857,0.75,"Moderate intensity"
"Post-definitive care",41,4,3,0.333333333333333,0.666666666666667,"Moderate intensity"
"Post-definitive care",41,5,2,0,0.588235294117647,"Moderate intensity"
"Post-definitive care",41,6,1,0,0.555555555555556,"Moderate intensity"
"Post-definitive care",41,7,3,0,0.476190476190476,"Moderate intensity"
"Post-definitive care",41,8,0,NA,0.476190476190476,"Moderate intensity"
"Post-definitive care",41,9,1,0,0.454545454545455,"Moderate intensity"
"Post-definitive care",41,10,1,0,0.434782608695652,"Moderate intensity"
"Post-definitive care",41,11,0,NA,0.434782608695652,"Moderate intensity"
"Post-definitive care",41,12,4,0.25,0.407407407407407,"Moderate intensity"
"Post-definitive care",41,13,2,1,0.448275862068966,"Moderate intensity"
"Post-definitive care",41,14,6,0.5,0.457142857142857,"Moderate intensity"
"Post-definitive care",41,15,3,1,0.5,"Moderate intensity"
"Post-definitive care",41,16,3,0.333333333333333,0.48780487804878,"Moderate intensity"
"Post-definitive care",41,17,3,0.333333333333333,0.477272727272727,"Moderate intensity"
"Post-definitive care",41,18,4,0.5,0.479166666666667,"Moderate intensity"
"Post-definitive care",41,19,1,0,0.469387755102041,"Moderate intensity"
"Post-definitive care",41,20,2,0.5,0.470588235294118,"Moderate intensity"
"Post-definitive care",41,21,6,0.5,0.473684210526316,"Moderate intensity"
"Post-definitive care",41,22,6,0.666666666666667,0.492063492063492,"Moderate intensity"
"Post-definitive care",41,23,7,0.857142857142857,0.528571428571429,"Moderate intensity"
"Post-definitive care",41,24,8,0.875,0.564102564102564,"Moderate intensity"
"Post-definitive care",41,25,7,0.714285714285714,0.576470588235294,"Moderate intensity"
"Post-definitive care",41,26,5,0.4,0.566666666666667,"Moderate intensity"
"Post-definitive care",41,27,1,0,0.56043956043956,"Moderate intensity"
"Post-definitive care",41,28,3,0.333333333333333,0.553191489361702,"Moderate intensity"
"Post-definitive care",41,29,2,0.5,0.552083333333333,"Moderate intensity"
"Post-definitive care",41,30,7,0.714285714285714,0.563106796116505,"Moderate intensity"
"Post-definitive care",42,1,0,NA,NA,"Moderate intensity"
"Post-definitive care",42,2,2,0,0,"Moderate intensity"
"Post-definitive care",42,3,5,0.6,0.428571428571429,"Moderate intensity"
"Post-definitive care",42,4,6,0.666666666666667,0.538461538461538,"Moderate intensity"
"Post-definitive care",42,5,3,1,0.625,"Moderate intensity"
"Post-definitive care",42,6,2,0,0.555555555555556,"Moderate intensity"
"Post-definitive care",42,7,3,0,0.476190476190476,"Moderate intensity"
"Post-definitive care",42,8,8,0.75,0.551724137931034,"Moderate intensity"
"Post-definitive care",42,9,8,0.625,0.567567567567568,"Moderate intensity"
"Post-definitive care",42,10,10,1,0.659574468085106,"Moderate intensity"
"Post-definitive care",42,11,7,1,0.703703703703704,"Moderate intensity"
"Post-definitive care",42,12,5,1,0.728813559322034,"Moderate intensity"
"Post-definitive care",42,13,8,1,0.761194029850746,"Moderate intensity"
"Post-definitive care",42,14,9,1,0.789473684210526,"Moderate intensity"
"Post-definitive care",42,15,10,1,0.813953488372093,"Moderate intensity"
"Post-definitive care",42,16,9,1,0.831578947368421,"Moderate intensity"
"Post-definitive care",42,17,9,1,0.846153846153846,"Moderate intensity"
"Post-definitive care",42,18,7,1,0.855855855855856,"Moderate intensity"
"Post-definitive care",42,19,3,1,0.859649122807018,"Moderate intensity"
"Post-definitive care",42,20,1,1,0.860869565217391,"Moderate intensity"
"Post-definitive care",42,21,2,1,0.863247863247863,"Moderate intensity"
"Post-definitive care",42,22,5,0.8,0.860655737704918,"Moderate intensity"
"Post-definitive care",42,23,9,1,0.870229007633588,"Moderate intensity"
"Post-definitive care",42,24,6,0.833333333333333,0.868613138686131,"Moderate intensity"
"Post-definitive care",42,25,4,0.75,0.865248226950355,"Moderate intensity"
"Post-definitive care",42,26,5,0.8,0.863013698630137,"Moderate intensity"
"Post-definitive care",42,27,8,1,0.87012987012987,"Moderate intensity"
"Post-definitive care",42,28,4,1,0.873417721518987,"Moderate intensity"
"Post-definitive care",42,29,8,1,0.879518072289157,"Moderate intensity"
"Post-definitive care",42,30,5,1,0.883040935672515,"Moderate intensity"
"Post-definitive care",43,1,5,0.4,0.4,"Moderate intensity"
"Post-definitive care",43,2,7,0.857142857142857,0.666666666666667,"Moderate intensity"
"Post-definitive care",43,3,1,0,0.615384615384615,"Moderate intensity"
"Post-definitive care",43,4,5,0.4,0.555555555555556,"Moderate intensity"
"Post-definitive care",43,5,0,NA,0.555555555555556,"Moderate intensity"
"Post-definitive care",43,6,0,NA,0.555555555555556,"Moderate intensity"
"Post-definitive care",43,7,0,NA,0.555555555555556,"Moderate intensity"
"Post-definitive care",43,8,5,0.2,0.478260869565217,"Moderate intensity"
"Post-definitive care",43,9,0,NA,0.478260869565217,"Moderate intensity"
"Post-definitive care",43,10,3,0,0.423076923076923,"Moderate intensity"
"Post-definitive care",43,11,5,0.6,0.451612903225806,"Moderate intensity"
"Post-definitive care",43,12,5,0.8,0.5,"Moderate intensity"
"Post-definitive care",43,13,4,0.75,0.525,"Moderate intensity"
"Post-definitive care",43,14,5,1,0.577777777777778,"Moderate intensity"
"Post-definitive care",43,15,6,1,0.627450980392157,"Moderate intensity"
"Post-definitive care",43,16,8,0.75,0.644067796610169,"Moderate intensity"
"Post-definitive care",43,17,4,1,0.666666666666667,"Moderate intensity"
"Post-definitive care",43,18,6,0.5,0.652173913043478,"Moderate intensity"
"Post-definitive care",43,19,5,0.6,0.648648648648649,"Moderate intensity"
"Post-definitive care",43,20,5,0.2,0.620253164556962,"Moderate intensity"
"Post-definitive care",43,21,3,0.666666666666667,0.621951219512195,"Moderate intensity"
"Post-definitive care",43,22,2,0,0.607142857142857,"Moderate intensity"
"Post-definitive care",43,23,2,0,0.593023255813954,"Moderate intensity"
"Post-definitive care",43,24,2,0,0.579545454545455,"Moderate intensity"
"Post-definitive care",43,25,3,0,0.56043956043956,"Moderate intensity"
"Post-definitive care",43,26,2,0.5,0.559139784946237,"Moderate intensity"
"Post-definitive care",43,27,3,0,0.541666666666667,"Moderate intensity"
"Post-definitive care",43,28,4,0.5,0.54,"Moderate intensity"
"Post-definitive care",43,29,5,0.8,0.552380952380952,"Moderate intensity"
"Post-definitive care",43,30,3,0.333333333333333,0.546296296296296,"Moderate intensity"
"Post-definitive care",44,1,0,NA,NA,"Moderate intensity"
"Post-definitive care",44,2,1,0,0,"Moderate intensity"
"Post-definitive care",44,3,1,0,0,"Moderate intensity"
"Post-definitive care",44,4,1,0,0,"Moderate intensity"
"Post-definitive care",44,5,4,0.5,0.285714285714286,"Moderate intensity"
"Post-definitive care",44,6,5,0.4,0.333333333333333,"Moderate intensity"
"Post-definitive care",44,7,1,0,0.307692307692308,"Moderate intensity"
"Post-definitive care",44,8,2,0,0.266666666666667,"Moderate intensity"
"Post-definitive care",44,9,3,0,0.222222222222222,"Moderate intensity"
"Post-definitive care",44,10,4,0.5,0.272727272727273,"Moderate intensity"
"Post-definitive care",44,11,12,0.916666666666667,0.5,"Moderate intensity"
"Post-definitive care",44,12,7,1,0.585365853658537,"Moderate intensity"
"Post-definitive care",44,13,7,1,0.645833333333333,"Moderate intensity"
"Post-definitive care",44,14,7,0.714285714285714,0.654545454545455,"Moderate intensity"
"Post-definitive care",44,15,3,0.666666666666667,0.655172413793103,"Moderate intensity"
"Post-definitive care",44,16,2,0,0.633333333333333,"Moderate intensity"
"Post-definitive care",44,17,3,0.333333333333333,0.619047619047619,"Moderate intensity"
"Post-definitive care",44,18,3,0.333333333333333,0.606060606060606,"Moderate intensity"
"Post-definitive care",44,19,6,0.666666666666667,0.611111111111111,"Moderate intensity"
"Post-definitive care",44,20,9,0.666666666666667,0.617283950617284,"Moderate intensity"
"Post-definitive care",44,21,7,0.857142857142857,0.636363636363636,"Moderate intensity"
"Post-definitive care",44,22,3,0.333333333333333,0.626373626373626,"Moderate intensity"
"Post-definitive care",44,23,3,0,0.606382978723404,"Moderate intensity"
"Post-definitive care",44,24,1,1,0.610526315789474,"Moderate intensity"
"Post-definitive care",44,25,5,0.4,0.6,"Moderate intensity"
"Post-definitive care",44,26,4,0.5,0.596153846153846,"Moderate intensity"
"Post-definitive care",44,27,4,0.25,0.583333333333333,"Moderate intensity"
"Post-definitive care",44,28,5,0.4,0.575221238938053,"Moderate intensity"
"Post-definitive care",44,29,2,0,0.565217391304348,"Moderate intensity"
"Post-definitive care",44,30,0,NA,0.565217391304348,"Moderate intensity"
"Post-definitive care",45,1,1,0,0,"Moderate intensity"
"Post-definitive care",45,2,7,0.714285714285714,0.625,"Moderate intensity"
"Post-definitive care",45,3,3,0.666666666666667,0.636363636363636,"Moderate intensity"
"Post-definitive care",45,4,6,0.666666666666667,0.647058823529412,"Moderate intensity"
"Post-definitive care",45,5,6,0.666666666666667,0.652173913043478,"Moderate intensity"
"Post-definitive care",45,6,10,0.8,0.696969696969697,"Moderate intensity"
"Post-definitive care",45,7,6,0.833333333333333,0.717948717948718,"Moderate intensity"
"Post-definitive care",45,8,5,0.4,0.681818181818182,"Moderate intensity"
"Post-definitive care",45,9,3,1,0.702127659574468,"Moderate intensity"
"Post-definitive care",45,10,4,0.5,0.686274509803922,"Moderate intensity"
"Post-definitive care",45,11,6,0.5,0.666666666666667,"Moderate intensity"
"Post-definitive care",45,12,4,0.25,0.639344262295082,"Moderate intensity"
"Post-definitive care",45,13,0,NA,0.639344262295082,"Moderate intensity"
"Post-definitive care",45,14,4,0.25,0.615384615384615,"Moderate intensity"
"Post-definitive care",45,15,4,0.25,0.594202898550725,"Moderate intensity"
"Post-definitive care",45,16,1,0,0.585714285714286,"Moderate intensity"
"Post-definitive care",45,17,2,0,0.569444444444444,"Moderate intensity"
"Post-definitive care",45,18,2,0.5,0.567567567567568,"Moderate intensity"
"Post-definitive care",45,19,6,0.666666666666667,0.575,"Moderate intensity"
"Post-definitive care",45,20,5,0.4,0.564705882352941,"Moderate intensity"
"Post-definitive care",45,21,4,0.75,0.573033707865168,"Moderate intensity"
"Post-definitive care",45,22,2,0,0.56043956043956,"Moderate intensity"
"Post-definitive care",45,23,5,0.2,0.541666666666667,"Moderate intensity"
"Post-definitive care",45,24,6,0.5,0.53921568627451,"Moderate intensity"
"Post-definitive care",45,25,1,0,0.533980582524272,"Moderate intensity"
"Post-definitive care",45,26,3,1,0.547169811320755,"Moderate intensity"
"Post-definitive care",45,27,6,0.333333333333333,0.535714285714286,"Moderate intensity"
"Post-definitive care",45,28,1,1,0.539823008849557,"Moderate intensity"
"Post-definitive care",45,29,2,0,0.530434782608696,"Moderate intensity"
"Post-definitive care",45,30,6,0.5,0.528925619834711,"Moderate intensity"
"Post-definitive care",46,1,1,0,0,"Moderate intensity"
"Post-definitive care",46,2,7,0.571428571428571,0.5,"Moderate intensity"
"Post-definitive care",46,3,7,0.714285714285714,0.6,"Moderate intensity"
"Post-definitive care",46,4,7,0.428571428571429,0.545454545454545,"Moderate intensity"
"Post-definitive care",46,5,3,1,0.6,"Moderate intensity"
"Post-definitive care",46,6,2,0,0.555555555555556,"Moderate intensity"
"Post-definitive care",46,7,2,0.5,0.551724137931034,"Moderate intensity"
"Post-definitive care",46,8,5,0.4,0.529411764705882,"Moderate intensity"
"Post-definitive care",46,9,9,0.777777777777778,0.581395348837209,"Moderate intensity"
"Post-definitive care",46,10,7,0.857142857142857,0.62,"Moderate intensity"
"Post-definitive care",46,11,4,0.5,0.611111111111111,"Moderate intensity"
"Post-definitive care",46,12,7,0.714285714285714,0.622950819672131,"Moderate intensity"
"Post-definitive care",46,13,2,0,0.603174603174603,"Moderate intensity"
"Post-definitive care",46,14,1,0,0.59375,"Moderate intensity"
"Post-definitive care",46,15,4,0.5,0.588235294117647,"Moderate intensity"
"Post-definitive care",46,16,11,0.636363636363636,0.594936708860759,"Moderate intensity"
"Post-definitive care",46,17,4,0.75,0.602409638554217,"Moderate intensity"
"Post-definitive care",46,18,0,NA,0.602409638554217,"Moderate intensity"
"Post-definitive care",46,19,11,0.727272727272727,0.617021276595745,"Moderate intensity"
"Post-definitive care",46,20,9,0.888888888888889,0.640776699029126,"Moderate intensity"
"Post-definitive care",46,21,11,0.909090909090909,0.666666666666667,"Moderate intensity"
"Post-definitive care",46,22,7,0.857142857142857,0.677685950413223,"Moderate intensity"
"Post-definitive care",46,23,13,0.846153846153846,0.694029850746269,"Moderate intensity"
"Post-definitive care",46,24,10,0.9,0.708333333333333,"Moderate intensity"
"Post-definitive care",46,25,5,1,0.718120805369127,"Moderate intensity"
"Post-definitive care",46,26,7,1,0.730769230769231,"Moderate intensity"
"Post-definitive care",46,27,7,0.857142857142857,0.736196319018405,"Moderate intensity"
"Post-definitive care",46,28,5,1,0.744047619047619,"Moderate intensity"
"Post-definitive care",46,29,6,1,0.752873563218391,"Moderate intensity"
"Post-definitive care",46,30,6,1,0.761111111111111,"Moderate intensity"
"Post-definitive care",47,1,3,0.333333333333333,0.333333333333333,"Moderate intensity"
"Post-definitive care",47,2,7,0.571428571428571,0.5,"Moderate intensity"
"Post-definitive care",47,3,7,0.857142857142857,0.647058823529412,"Moderate intensity"
"Post-definitive care",47,4,0,NA,0.647058823529412,"Moderate intensity"
"Post-definitive care",47,5,2,0.5,0.631578947368421,"Moderate intensity"
"Post-definitive care",47,6,1,0,0.6,"Moderate intensity"
"Post-definitive care",47,7,5,0.2,0.52,"Moderate intensity"
"Post-definitive care",47,8,3,0.333333333333333,0.5,"Moderate intensity"
"Post-definitive care",47,9,3,0.666666666666667,0.516129032258065,"Moderate intensity"
"Post-definitive care",47,10,4,0.5,0.514285714285714,"Moderate intensity"
"Post-definitive care",47,11,2,0.5,0.513513513513513,"Moderate intensity"
"Post-definitive care",47,12,4,0.5,0.51219512195122,"Moderate intensity"
"Post-definitive care",47,13,3,1,0.545454545454545,"Moderate intensity"
"Post-definitive care",47,14,10,0.7,0.574074074074074,"Moderate intensity"
"Post-definitive care",47,15,6,0.666666666666667,0.583333333333333,"Moderate intensity"
"Post-definitive care",47,16,2,0,0.564516129032258,"Moderate intensity"
"Post-definitive care",47,17,1,0,0.555555555555556,"Moderate intensity"
"Post-definitive care",47,18,4,0.25,0.537313432835821,"Moderate intensity"
"Post-definitive care",47,19,2,0,0.521739130434783,"Moderate intensity"
"Post-definitive care",47,20,4,0.5,0.520547945205479,"Moderate intensity"
"Post-definitive care",47,21,3,0.333333333333333,0.513157894736842,"Moderate intensity"
"Post-definitive care",47,22,8,0.75,0.535714285714286,"Moderate intensity"
"Post-definitive care",47,23,7,0.857142857142857,0.56043956043956,"Moderate intensity"
"Post-definitive care",47,24,4,0.5,0.557894736842105,"Moderate intensity"
"Post-definitive care",47,25,17,0.941176470588235,0.616071428571429,"Moderate intensity"
"Post-definitive care",47,26,4,1,0.629310344827586,"Moderate intensity"
"Post-definitive care",47,27,6,1,0.647540983606557,"Moderate intensity"
"Post-definitive care",47,28,7,0.857142857142857,0.65891472868217,"Moderate intensity"
"Post-definitive care",47,29,10,1,0.683453237410072,"Moderate intensity"
"Post-definitive care",47,30,7,0.857142857142857,0.691780821917808,"Moderate intensity"
"Post-definitive care",48,1,3,0,0,"Moderate intensity"
"Post-definitive care",48,2,0,NA,0,"Moderate intensity"
"Post-definitive care",48,3,1,0,0,"Moderate intensity"
"Post-definitive care",48,4,1,0,0,"Moderate intensity"
"Post-definitive care",48,5,2,0,0,"Moderate intensity"
"Post-definitive care",48,6,4,0.5,0.181818181818182,"Moderate intensity"
"Post-definitive care",48,7,4,0.5,0.266666666666667,"Moderate intensity"
"Post-definitive care",48,8,7,0.857142857142857,0.454545454545455,"Moderate intensity"
"Post-definitive care",48,9,8,0.75,0.533333333333333,"Moderate intensity"
"Post-definitive care",48,10,5,0.8,0.571428571428571,"Moderate intensity"
"Post-definitive care",48,11,6,0.5,0.560975609756098,"Moderate intensity"
"Post-definitive care",48,12,4,0.75,0.577777777777778,"Moderate intensity"
"Post-definitive care",48,13,3,0.333333333333333,0.5625,"Moderate intensity"
"Post-definitive care",48,14,1,0,0.551020408163265,"Moderate intensity"
"Post-definitive care",48,15,3,0,0.519230769230769,"Moderate intensity"
"Post-definitive care",48,16,2,0.5,0.518518518518518,"Moderate intensity"
"Post-definitive care",48,17,6,0.5,0.516666666666667,"Moderate intensity"
"Post-definitive care",48,18,5,0.6,0.523076923076923,"Moderate intensity"
"Post-definitive care",48,19,3,0.333333333333333,0.514705882352941,"Moderate intensity"
"Post-definitive care",48,20,4,0.25,0.5,"Moderate intensity"
"Post-definitive care",48,21,5,0.8,0.519480519480519,"Moderate intensity"
"Post-definitive care",48,22,3,0.666666666666667,0.525,"Moderate intensity"
"Post-definitive care",48,23,9,0.888888888888889,0.561797752808989,"Moderate intensity"
"Post-definitive care",48,24,3,0,0.543478260869565,"Moderate intensity"
"Post-definitive care",48,25,2,0,0.531914893617021,"Moderate intensity"
"Post-definitive care",48,26,1,0,0.526315789473684,"Moderate intensity"
"Post-definitive care",48,27,5,0.4,0.52,"Moderate intensity"
"Post-definitive care",48,28,3,0,0.504854368932039,"Moderate intensity"
"Post-definitive care",48,29,5,0.6,0.509259259259259,"Moderate intensity"
"Post-definitive care",48,30,2,0,0.5,"Moderate intensity"
"Post-definitive care",49,1,2,0,0,"Moderate intensity"
"Post-definitive care",49,2,0,NA,0,"Moderate intensity"
"Post-definitive care",49,3,1,0,0,"Moderate intensity"
"Post-definitive care",49,4,3,0,0,"Moderate intensity"
"Post-definitive care",49,5,2,0,0,"Moderate intensity"
"Post-definitive care",49,6,2,0.5,0.1,"Moderate intensity"
"Post-definitive care",49,7,3,0.333333333333333,0.153846153846154,"Moderate intensity"
"Post-definitive care",49,8,3,1,0.3125,"Moderate intensity"
"Post-definitive care",49,9,7,0.428571428571429,0.347826086956522,"Moderate intensity"
"Post-definitive care",49,10,4,0.25,0.333333333333333,"Moderate intensity"
"Post-definitive care",49,11,6,0.5,0.363636363636364,"Moderate intensity"
"Post-definitive care",49,12,6,0.5,0.384615384615385,"Moderate intensity"
"Post-definitive care",49,13,0,NA,0.384615384615385,"Moderate intensity"
"Post-definitive care",49,14,0,NA,0.384615384615385,"Moderate intensity"
"Post-definitive care",49,15,5,0.4,0.386363636363636,"Moderate intensity"
"Post-definitive care",49,16,7,0.857142857142857,0.450980392156863,"Moderate intensity"
"Post-definitive care",49,17,9,0.777777777777778,0.5,"Moderate intensity"
"Post-definitive care",49,18,6,0.833333333333333,0.53030303030303,"Moderate intensity"
"Post-definitive care",49,19,10,1,0.592105263157895,"Moderate intensity"
"Post-definitive care",49,20,6,0.5,0.585365853658537,"Moderate intensity"
"Post-definitive care",49,21,2,1,0.595238095238095,"Moderate intensity"
"Post-definitive care",49,22,2,1,0.604651162790698,"Moderate intensity"
"Post-definitive care",49,23,5,0.4,0.593406593406593,"Moderate intensity"
"Post-definitive care",49,24,1,0,0.58695652173913,"Moderate intensity"
"Post-definitive care",49,25,10,0.7,0.598039215686274,"Moderate intensity"
"Post-definitive care",49,26,4,0.5,0.594339622641509,"Moderate intensity"
"Post-definitive care",49,27,2,0,0.583333333333333,"Moderate intensity"
"Post-definitive care",49,28,7,0.428571428571429,0.573913043478261,"Moderate intensity"
"Post-definitive care",49,29,8,0.625,0.577235772357724,"Moderate intensity"
"Post-definitive care",49,30,9,0.666666666666667,0.583333333333333,"Moderate intensity"
"Post-definitive care",50,1,0,NA,NA,"Moderate intensity"
"Post-definitive care",50,2,1,0,0,"Moderate intensity"
"Post-definitive care",50,3,2,0,0,"Moderate intensity"
"Post-definitive care",50,4,1,0,0,"Moderate intensity"
"Post-definitive care",50,5,3,0.333333333333333,0.142857142857143,"Moderate intensity"
"Post-definitive care",50,6,7,0.571428571428571,0.357142857142857,"Moderate intensity"
"Post-definitive care",50,7,4,0.75,0.444444444444444,"Moderate intensity"
"Post-definitive care",50,8,11,0.636363636363636,0.517241379310345,"Moderate intensity"
"Post-definitive care",50,9,5,0.8,0.558823529411765,"Moderate intensity"
"Post-definitive care",50,10,1,0,0.542857142857143,"Moderate intensity"
"Post-definitive care",50,11,3,0.333333333333333,0.526315789473684,"Moderate intensity"
"Post-definitive care",50,12,6,0.166666666666667,0.477272727272727,"Moderate intensity"
"Post-definitive care",50,13,0,NA,0.477272727272727,"Moderate intensity"
"Post-definitive care",50,14,5,0.6,0.489795918367347,"Moderate intensity"
"Post-definitive care",50,15,6,0.5,0.490909090909091,"Moderate intensity"
"Post-definitive care",50,16,5,0.6,0.5,"Moderate intensity"
"Post-definitive care",50,17,4,0.25,0.484375,"Moderate intensity"
"Post-definitive care",50,18,4,0.5,0.485294117647059,"Moderate intensity"
"Post-definitive care",50,19,1,0,0.478260869565217,"Moderate intensity"
"Post-definitive care",50,20,4,0.25,0.465753424657534,"Moderate intensity"
"Post-definitive care",50,21,3,0,0.447368421052632,"Moderate intensity"
"Post-definitive care",50,22,1,0,0.441558441558442,"Moderate intensity"
"Post-definitive care",50,23,2,0.5,0.443037974683544,"Moderate intensity"
"Post-definitive care",50,24,6,0.833333333333333,0.470588235294118,"Moderate intensity"
"Post-definitive care",50,25,4,0.5,0.471910112359551,"Moderate intensity"
"Post-definitive care",50,26,8,0.75,0.494845360824742,"Moderate intensity"
"Post-definitive care",50,27,4,0.5,0.495049504950495,"Moderate intensity"
"Post-definitive care",50,28,5,0.4,0.490566037735849,"Moderate intensity"
"Post-definitive care",50,29,4,0.75,0.5,"Moderate intensity"
"Post-definitive care",50,30,1,0,0.495495495495495,"Moderate intensity"
"Stabilisation",1,1,8,0.5,0.5,"High intensity"
"Stabilisation",1,2,3,1,0.636363636363636,"High intensity"
"Stabilisation",1,3,8,0.375,0.526315789473684,"High intensity"
"Stabilisation",1,4,9,1,0.678571428571429,"High intensity"
"Stabilisation",1,5,7,1,0.742857142857143,"High intensity"
"Stabilisation",1,6,5,1,0.775,"High intensity"
"Stabilisation",1,7,6,1,0.804347826086957,"High intensity"
"Stabilisation",1,8,7,1,0.830188679245283,"High intensity"
"Stabilisation",1,9,4,1,0.842105263157895,"High intensity"
"Stabilisation",1,10,6,1,0.857142857142857,"High intensity"
"Stabilisation",1,11,8,1,0.873239436619718,"High intensity"
"Stabilisation",1,12,6,1,0.883116883116883,"High intensity"
"Stabilisation",1,13,8,1,0.894117647058824,"High intensity"
"Stabilisation",1,14,9,1,0.904255319148936,"High intensity"
"Stabilisation",1,15,5,1,0.909090909090909,"High intensity"
"Stabilisation",1,16,3,1,0.911764705882353,"High intensity"
"Stabilisation",1,17,1,1,0.912621359223301,"High intensity"
"Stabilisation",1,18,7,1,0.918181818181818,"High intensity"
"Stabilisation",1,19,5,1,0.921739130434783,"High intensity"
"Stabilisation",1,20,6,1,0.925619834710744,"High intensity"
"Stabilisation",1,21,3,1,0.92741935483871,"High intensity"
"Stabilisation",1,22,5,1,0.930232558139535,"High intensity"
"Stabilisation",1,23,2,1,0.931297709923664,"High intensity"
"Stabilisation",1,24,3,1,0.932835820895522,"High intensity"
"Stabilisation",1,25,4,1,0.934782608695652,"High intensity"
"Stabilisation",1,26,3,1,0.936170212765957,"High intensity"
"Stabilisation",1,27,7,1,0.939189189189189,"High intensity"
"Stabilisation",1,28,7,1,0.941935483870968,"High intensity"
"Stabilisation",1,29,11,1,0.94578313253012,"High intensity"
"Stabilisation",1,30,6,1,0.947674418604651,"High intensity"
"Stabilisation",2,1,5,0.2,0.2,"High intensity"
"Stabilisation",2,2,0,NA,0.2,"High intensity"
"Stabilisation",2,3,12,0.75,0.588235294117647,"High intensity"
"Stabilisation",2,4,2,1,0.631578947368421,"High intensity"
"Stabilisation",2,5,5,0.8,0.666666666666667,"High intensity"
"Stabilisation",2,6,5,0.8,0.689655172413793,"High intensity"
"Stabilisation",2,7,4,1,0.727272727272727,"High intensity"
"Stabilisation",2,8,3,1,0.75,"High intensity"
"Stabilisation",2,9,10,1,0.804347826086957,"High intensity"
"Stabilisation",2,10,4,1,0.82,"High intensity"
"Stabilisation",2,11,4,1,0.833333333333333,"High intensity"
"Stabilisation",2,12,6,1,0.85,"High intensity"
"Stabilisation",2,13,6,1,0.863636363636364,"High intensity"
"Stabilisation",2,14,6,1,0.875,"High intensity"
"Stabilisation",2,15,4,1,0.881578947368421,"High intensity"
"Stabilisation",2,16,8,1,0.892857142857143,"High intensity"
"Stabilisation",2,17,4,1,0.897727272727273,"High intensity"
"Stabilisation",2,18,5,1,0.903225806451613,"High intensity"
"Stabilisation",2,19,12,1,0.914285714285714,"High intensity"
"Stabilisation",2,20,8,1,0.920353982300885,"High intensity"
"Stabilisation",2,21,7,1,0.925,"High intensity"
"Stabilisation",2,22,7,1,0.929133858267717,"High intensity"
"Stabilisation",2,23,4,1,0.931297709923664,"High intensity"
"Stabilisation",2,24,5,1,0.933823529411765,"High intensity"
"Stabilisation",2,25,7,1,0.937062937062937,"High intensity"
"Stabilisation",2,26,7,1,0.94,"High intensity"
"Stabilisation",2,27,6,1,0.942307692307692,"High intensity"
"Stabilisation",2,28,6,1,0.944444444444444,"High intensity"
"Stabilisation",2,29,8,1,0.947058823529412,"High intensity"
"Stabilisation",2,30,5,1,0.948571428571429,"High intensity"
"Stabilisation",3,1,9,0.444444444444444,0.444444444444444,"High intensity"
"Stabilisation",3,2,3,1,0.583333333333333,"High intensity"
"Stabilisation",3,3,5,0.6,0.588235294117647,"High intensity"
"Stabilisation",3,4,3,0.666666666666667,0.6,"High intensity"
"Stabilisation",3,5,6,0.5,0.576923076923077,"High intensity"
"Stabilisation",3,6,6,0.5,0.5625,"High intensity"
"Stabilisation",3,7,6,0.166666666666667,0.5,"High intensity"
"Stabilisation",3,8,3,1,0.536585365853659,"High intensity"
"Stabilisation",3,9,9,0.333333333333333,0.5,"High intensity"
"Stabilisation",3,10,4,0,0.462962962962963,"High intensity"
"Stabilisation",3,11,10,0.5,0.46875,"High intensity"
"Stabilisation",3,12,3,1,0.492537313432836,"High intensity"
"Stabilisation",3,13,5,0.6,0.5,"High intensity"
"Stabilisation",3,14,7,0.571428571428571,0.506329113924051,"High intensity"
"Stabilisation",3,15,7,1,0.546511627906977,"High intensity"
"Stabilisation",3,16,6,1,0.576086956521739,"High intensity"
"Stabilisation",3,17,6,1,0.602040816326531,"High intensity"
"Stabilisation",3,18,9,1,0.635514018691589,"High intensity"
"Stabilisation",3,19,4,1,0.648648648648649,"High intensity"
"Stabilisation",3,20,7,1,0.669491525423729,"High intensity"
"Stabilisation",3,21,8,1,0.69047619047619,"High intensity"
"Stabilisation",3,22,10,1,0.713235294117647,"High intensity"
"Stabilisation",3,23,6,1,0.725352112676056,"High intensity"
"Stabilisation",3,24,9,1,0.741721854304636,"High intensity"
"Stabilisation",3,25,5,1,0.75,"High intensity"
"Stabilisation",3,26,6,1,0.759259259259259,"High intensity"
"Stabilisation",3,27,4,1,0.765060240963855,"High intensity"
"Stabilisation",3,28,3,1,0.769230769230769,"High intensity"
"Stabilisation",3,29,7,1,0.778409090909091,"High intensity"
"Stabilisation",3,30,4,1,0.783333333333333,"High intensity"
"Stabilisation",4,1,4,0.25,0.25,"High intensity"
"Stabilisation",4,2,6,0.333333333333333,0.3,"High intensity"
"Stabilisation",4,3,1,1,0.363636363636364,"High intensity"
"Stabilisation",4,4,0,NA,0.363636363636364,"High intensity"
"Stabilisation",4,5,8,0.5,0.421052631578947,"High intensity"
"Stabilisation",4,6,7,1,0.576923076923077,"High intensity"
"Stabilisation",4,7,3,0.333333333333333,0.551724137931034,"High intensity"
"Stabilisation",4,8,8,0.25,0.486486486486487,"High intensity"
"Stabilisation",4,9,4,0.25,0.463414634146341,"High intensity"
"Stabilisation",4,10,10,0.6,0.490196078431373,"High intensity"
"Stabilisation",4,11,4,1,0.527272727272727,"High intensity"
"Stabilisation",4,12,3,1,0.551724137931034,"High intensity"
"Stabilisation",4,13,4,1,0.580645161290323,"High intensity"
"Stabilisation",4,14,3,1,0.6,"High intensity"
"Stabilisation",4,15,10,1,0.653333333333333,"High intensity"
"Stabilisation",4,16,2,1,0.662337662337662,"High intensity"
"Stabilisation",4,17,9,1,0.697674418604651,"High intensity"
"Stabilisation",4,18,2,1,0.704545454545455,"High intensity"
"Stabilisation",4,19,7,1,0.726315789473684,"High intensity"
"Stabilisation",4,20,5,1,0.74,"High intensity"
"Stabilisation",4,21,3,1,0.747572815533981,"High intensity"
"Stabilisation",4,22,8,1,0.765765765765766,"High intensity"
"Stabilisation",4,23,3,1,0.771929824561403,"High intensity"
"Stabilisation",4,24,11,1,0.792,"High intensity"
"Stabilisation",4,25,4,1,0.798449612403101,"High intensity"
"Stabilisation",4,26,2,1,0.801526717557252,"High intensity"
"Stabilisation",4,27,9,1,0.814285714285714,"High intensity"
"Stabilisation",4,28,8,1,0.824324324324324,"High intensity"
"Stabilisation",4,29,7,1,0.832258064516129,"High intensity"
"Stabilisation",4,30,6,1,0.838509316770186,"High intensity"
"Stabilisation",5,1,8,0.125,0.125,"High intensity"
"Stabilisation",5,2,6,1,0.5,"High intensity"
"Stabilisation",5,3,5,1,0.631578947368421,"High intensity"
"Stabilisation",5,4,0,NA,0.631578947368421,"High intensity"
"Stabilisation",5,5,5,0.8,0.666666666666667,"High intensity"
"Stabilisation",5,6,6,1,0.733333333333333,"High intensity"
"Stabilisation",5,7,5,1,0.771428571428571,"High intensity"
"Stabilisation",5,8,3,1,0.789473684210526,"High intensity"
"Stabilisation",5,9,3,1,0.804878048780488,"High intensity"
"Stabilisation",5,10,6,1,0.829787234042553,"High intensity"
"Stabilisation",5,11,3,1,0.84,"High intensity"
"Stabilisation",5,12,4,1,0.851851851851852,"High intensity"
"Stabilisation",5,13,8,1,0.870967741935484,"High intensity"
"Stabilisation",5,14,10,1,0.888888888888889,"High intensity"
"Stabilisation",5,15,6,1,0.897435897435897,"High intensity"
"Stabilisation",5,16,4,1,0.902439024390244,"High intensity"
"Stabilisation",5,17,6,1,0.909090909090909,"High intensity"
"Stabilisation",5,18,3,1,0.912087912087912,"High intensity"
"Stabilisation",5,19,0,NA,0.912087912087912,"High intensity"
"Stabilisation",5,20,6,1,0.917525773195876,"High intensity"
"Stabilisation",5,21,7,1,0.923076923076923,"High intensity"
"Stabilisation",5,22,5,1,0.926605504587156,"High intensity"
"Stabilisation",5,23,7,1,0.931034482758621,"High intensity"
"Stabilisation",5,24,7,1,0.934959349593496,"High intensity"
"Stabilisation",5,25,1,1,0.935483870967742,"High intensity"
"Stabilisation",5,26,8,1,0.939393939393939,"High intensity"
"Stabilisation",5,27,8,1,0.942857142857143,"High intensity"
"Stabilisation",5,28,5,1,0.944827586206897,"High intensity"
"Stabilisation",5,29,6,1,0.947019867549669,"High intensity"
"Stabilisation",5,30,1,1,0.947368421052632,"High intensity"
"Stabilisation",6,1,0,NA,NA,"High intensity"
"Stabilisation",6,2,4,0,0,"High intensity"
"Stabilisation",6,3,3,0,0,"High intensity"
"Stabilisation",6,4,6,0.666666666666667,0.307692307692308,"High intensity"
"Stabilisation",6,5,7,0.142857142857143,0.25,"High intensity"
"Stabilisation",6,6,3,1,0.347826086956522,"High intensity"
"Stabilisation",6,7,4,1,0.444444444444444,"High intensity"
"Stabilisation",6,8,7,1,0.558823529411765,"High intensity"
"Stabilisation",6,9,3,1,0.594594594594595,"High intensity"
"Stabilisation",6,10,4,1,0.634146341463415,"High intensity"
"Stabilisation",6,11,3,1,0.659090909090909,"High intensity"
"Stabilisation",6,12,8,1,0.711538461538462,"High intensity"
"Stabilisation",6,13,9,1,0.754098360655738,"High intensity"
"Stabilisation",6,14,3,1,0.765625,"High intensity"
"Stabilisation",6,15,6,1,0.785714285714286,"High intensity"
"Stabilisation",6,16,4,1,0.797297297297297,"High intensity"
"Stabilisation",6,17,7,1,0.814814814814815,"High intensity"
"Stabilisation",6,18,7,1,0.829545454545455,"High intensity"
"Stabilisation",6,19,5,1,0.838709677419355,"High intensity"
"Stabilisation",6,20,7,1,0.85,"High intensity"
"Stabilisation",6,21,7,1,0.85981308411215,"High intensity"
"Stabilisation",6,22,8,1,0.869565217391304,"High intensity"
"Stabilisation",6,23,3,1,0.872881355932203,"High intensity"
"Stabilisation",6,24,11,1,0.883720930232558,"High intensity"
"Stabilisation",6,25,7,1,0.889705882352941,"High intensity"
"Stabilisation",6,26,6,1,0.894366197183099,"High intensity"
"Stabilisation",6,27,5,1,0.897959183673469,"High intensity"
"Stabilisation",6,28,6,1,0.901960784313726,"High intensity"
"Stabilisation",6,29,8,1,0.906832298136646,"High intensity"
"Stabilisation",6,30,7,1,0.910714285714286,"High intensity"
"Stabilisation",7,1,6,0.5,0.5,"High intensity"
"Stabilisation",7,2,5,0.4,0.454545454545455,"High intensity"
"Stabilisation",7,3,6,0.166666666666667,0.352941176470588,"High intensity"
"Stabilisation",7,4,4,0.75,0.428571428571429,"High intensity"
"Stabilisation",7,5,3,0.666666666666667,0.458333333333333,"High intensity"
"Stabilisation",7,6,4,0.5,0.464285714285714,"High intensity"
"Stabilisation",7,7,8,0.75,0.527777777777778,"High intensity"
"Stabilisation",7,8,2,1,0.552631578947368,"High intensity"
"Stabilisation",7,9,8,0.875,0.608695652173913,"High intensity"
"Stabilisation",7,10,5,1,0.647058823529412,"High intensity"
"Stabilisation",7,11,7,0.857142857142857,0.672413793103448,"High intensity"
"Stabilisation",7,12,3,1,0.688524590163934,"High intensity"
"Stabilisation",7,13,1,1,0.693548387096774,"High intensity"
"Stabilisation",7,14,4,1,0.712121212121212,"High intensity"
"Stabilisation",7,15,7,1,0.73972602739726,"High intensity"
"Stabilisation",7,16,3,1,0.75,"High intensity"
"Stabilisation",7,17,7,1,0.771084337349398,"High intensity"
"Stabilisation",7,18,3,1,0.779069767441861,"High intensity"
"Stabilisation",7,19,8,1,0.797872340425532,"High intensity"
"Stabilisation",7,20,4,1,0.806122448979592,"High intensity"
"Stabilisation",7,21,10,1,0.824074074074074,"High intensity"
"Stabilisation",7,22,1,1,0.825688073394495,"High intensity"
"Stabilisation",7,23,4,1,0.831858407079646,"High intensity"
"Stabilisation",7,24,4,1,0.837606837606838,"High intensity"
"Stabilisation",7,25,4,1,0.84297520661157,"High intensity"
"Stabilisation",7,26,2,1,0.845528455284553,"High intensity"
"Stabilisation",7,27,4,1,0.850393700787402,"High intensity"
"Stabilisation",7,28,8,1,0.859259259259259,"High intensity"
"Stabilisation",7,29,8,1,0.867132867132867,"High intensity"
"Stabilisation",7,30,3,1,0.86986301369863,"High intensity"
"Stabilisation",8,1,4,0.5,0.5,"High intensity"
"Stabilisation",8,2,7,0.428571428571429,0.454545454545455,"High intensity"
"Stabilisation",8,3,5,0.2,0.375,"High intensity"
"Stabilisation",8,4,4,0.75,0.45,"High intensity"
"Stabilisation",8,5,2,0.5,0.454545454545455,"High intensity"
"Stabilisation",8,6,4,1,0.538461538461538,"High intensity"
"Stabilisation",8,7,5,0.2,0.483870967741935,"High intensity"
"Stabilisation",8,8,6,0.666666666666667,0.513513513513513,"High intensity"
"Stabilisation",8,9,8,0.25,0.466666666666667,"High intensity"
"Stabilisation",8,10,4,0.25,0.448979591836735,"High intensity"
"Stabilisation",8,11,8,0.625,0.473684210526316,"High intensity"
"Stabilisation",8,12,9,0.555555555555556,0.484848484848485,"High intensity"
"Stabilisation",8,13,10,0.9,0.539473684210526,"High intensity"
"Stabilisation",8,14,5,1,0.567901234567901,"High intensity"
"Stabilisation",8,15,1,1,0.573170731707317,"High intensity"
"Stabilisation",8,16,3,1,0.588235294117647,"High intensity"
"Stabilisation",8,17,5,1,0.611111111111111,"High intensity"
"Stabilisation",8,18,10,1,0.65,"High intensity"
"Stabilisation",8,19,4,1,0.663461538461538,"High intensity"
"Stabilisation",8,20,7,1,0.684684684684685,"High intensity"
"Stabilisation",8,21,6,1,0.700854700854701,"High intensity"
"Stabilisation",8,22,10,1,0.724409448818898,"High intensity"
"Stabilisation",8,23,8,1,0.740740740740741,"High intensity"
"Stabilisation",8,24,9,1,0.756944444444444,"High intensity"
"Stabilisation",8,25,4,1,0.763513513513513,"High intensity"
"Stabilisation",8,26,8,1,0.775641025641026,"High intensity"
"Stabilisation",8,27,6,1,0.783950617283951,"High intensity"
"Stabilisation",8,28,9,1,0.795321637426901,"High intensity"
"Stabilisation",8,29,6,1,0.80225988700565,"High intensity"
"Stabilisation",8,30,5,1,0.807692307692308,"High intensity"
"Stabilisation",9,1,4,0.25,0.25,"High intensity"
"Stabilisation",9,2,2,0.5,0.333333333333333,"High intensity"
"Stabilisation",9,3,3,0.333333333333333,0.333333333333333,"High intensity"
"Stabilisation",9,4,8,0.125,0.235294117647059,"High intensity"
"Stabilisation",9,5,9,0.555555555555556,0.346153846153846,"High intensity"
"Stabilisation",9,6,6,0.5,0.375,"High intensity"
"Stabilisation",9,7,5,0.6,0.405405405405405,"High intensity"
"Stabilisation",9,8,4,1,0.463414634146341,"High intensity"
"Stabilisation",9,9,5,0.4,0.456521739130435,"High intensity"
"Stabilisation",9,10,5,1,0.509803921568627,"High intensity"
"Stabilisation",9,11,2,1,0.528301886792453,"High intensity"
"Stabilisation",9,12,6,1,0.576271186440678,"High intensity"
"Stabilisation",9,13,9,1,0.632352941176471,"High intensity"
"Stabilisation",9,14,3,1,0.647887323943662,"High intensity"
"Stabilisation",9,15,9,1,0.6875,"High intensity"
"Stabilisation",9,16,9,1,0.719101123595506,"High intensity"
"Stabilisation",9,17,9,1,0.744897959183674,"High intensity"
"Stabilisation",9,18,6,1,0.759615384615385,"High intensity"
"Stabilisation",9,19,4,1,0.768518518518518,"High intensity"
"Stabilisation",9,20,5,1,0.778761061946903,"High intensity"
"Stabilisation",9,21,4,1,0.786324786324786,"High intensity"
"Stabilisation",9,22,5,1,0.795081967213115,"High intensity"
"Stabilisation",9,23,6,1,0.8046875,"High intensity"
"Stabilisation",9,24,4,1,0.810606060606061,"High intensity"
"Stabilisation",9,25,10,1,0.823943661971831,"High intensity"
"Stabilisation",9,26,9,1,0.834437086092715,"High intensity"
"Stabilisation",9,27,8,1,0.842767295597484,"High intensity"
"Stabilisation",9,28,11,1,0.852941176470588,"High intensity"
"Stabilisation",9,29,4,1,0.85632183908046,"High intensity"
"Stabilisation",9,30,9,1,0.863387978142076,"High intensity"
"Stabilisation",10,1,6,0.166666666666667,0.166666666666667,"High intensity"
"Stabilisation",10,2,5,0.4,0.272727272727273,"High intensity"
"Stabilisation",10,3,2,0,0.230769230769231,"High intensity"
"Stabilisation",10,4,1,0,0.214285714285714,"High intensity"
"Stabilisation",10,5,7,0.285714285714286,0.238095238095238,"High intensity"
"Stabilisation",10,6,5,0.4,0.269230769230769,"High intensity"
"Stabilisation",10,7,8,0.375,0.294117647058824,"High intensity"
"Stabilisation",10,8,5,0.8,0.358974358974359,"High intensity"
"Stabilisation",10,9,4,0.5,0.372093023255814,"High intensity"
"Stabilisation",10,10,4,0.75,0.404255319148936,"High intensity"
"Stabilisation",10,11,11,0.636363636363636,0.448275862068966,"High intensity"
"Stabilisation",10,12,3,0.333333333333333,0.442622950819672,"High intensity"
"Stabilisation",10,13,6,0.666666666666667,0.462686567164179,"High intensity"
"Stabilisation",10,14,9,1,0.526315789473684,"High intensity"
"Stabilisation",10,15,4,1,0.55,"High intensity"
"Stabilisation",10,16,9,1,0.595505617977528,"High intensity"
"Stabilisation",10,17,12,1,0.643564356435644,"High intensity"
"Stabilisation",10,18,4,1,0.657142857142857,"High intensity"
"Stabilisation",10,19,9,1,0.684210526315789,"High intensity"
"Stabilisation",10,20,8,1,0.704918032786885,"High intensity"
"Stabilisation",10,21,5,1,0.716535433070866,"High intensity"
"Stabilisation",10,22,11,1,0.739130434782609,"High intensity"
"Stabilisation",10,23,10,1,0.756756756756757,"High intensity"
"Stabilisation",10,24,5,1,0.764705882352941,"High intensity"
"Stabilisation",10,25,7,1,0.775,"High intensity"
"Stabilisation",10,26,7,1,0.784431137724551,"High intensity"
"Stabilisation",10,27,6,1,0.791907514450867,"High intensity"
"Stabilisation",10,28,9,1,0.802197802197802,"High intensity"
"Stabilisation",10,29,2,1,0.804347826086957,"High intensity"
"Stabilisation",10,30,6,1,0.810526315789474,"High intensity"
"Stabilisation",11,1,3,0,0,"High intensity"
"Stabilisation",11,2,3,0.333333333333333,0.166666666666667,"High intensity"
"Stabilisation",11,3,6,0.666666666666667,0.416666666666667,"High intensity"
"Stabilisation",11,4,4,0,0.3125,"High intensity"
"Stabilisation",11,5,4,0.5,0.35,"High intensity"
"Stabilisation",11,6,0,NA,0.35,"High intensity"
"Stabilisation",11,7,0,NA,0.35,"High intensity"
"Stabilisation",11,8,8,0.625,0.428571428571429,"High intensity"
"Stabilisation",11,9,7,0.714285714285714,0.485714285714286,"High intensity"
"Stabilisation",11,10,8,0.875,0.558139534883721,"High intensity"
"Stabilisation",11,11,5,1,0.604166666666667,"High intensity"
"Stabilisation",11,12,7,1,0.654545454545455,"High intensity"
"Stabilisation",11,13,2,1,0.666666666666667,"High intensity"
"Stabilisation",11,14,5,1,0.693548387096774,"High intensity"
"Stabilisation",11,15,6,1,0.720588235294118,"High intensity"
"Stabilisation",11,16,2,1,0.728571428571429,"High intensity"
"Stabilisation",11,17,6,1,0.75,"High intensity"
"Stabilisation",11,18,5,1,0.765432098765432,"High intensity"
"Stabilisation",11,19,5,1,0.779069767441861,"High intensity"
"Stabilisation",11,20,4,1,0.788888888888889,"High intensity"
"Stabilisation",11,21,8,1,0.806122448979592,"High intensity"
"Stabilisation",11,22,5,1,0.815533980582524,"High intensity"
"Stabilisation",11,23,5,1,0.824074074074074,"High intensity"
"Stabilisation",11,24,10,1,0.838983050847458,"High intensity"
"Stabilisation",11,25,5,1,0.845528455284553,"High intensity"
"Stabilisation",11,26,2,1,0.848,"High intensity"
"Stabilisation",11,27,7,1,0.856060606060606,"High intensity"
"Stabilisation",11,28,6,1,0.86231884057971,"High intensity"
"Stabilisation",11,29,6,1,0.868055555555556,"High intensity"
"Stabilisation",11,30,4,1,0.871621621621622,"High intensity"
"Stabilisation",12,1,4,0,0,"High intensity"
"Stabilisation",12,2,7,0.714285714285714,0.454545454545455,"High intensity"
"Stabilisation",12,3,3,1,0.571428571428571,"High intensity"
"Stabilisation",12,4,4,0.25,0.5,"High intensity"
"Stabilisation",12,5,5,0.6,0.521739130434783,"High intensity"
"Stabilisation",12,6,6,0.333333333333333,0.482758620689655,"High intensity"
"Stabilisation",12,7,5,1,0.558823529411765,"High intensity"
"Stabilisation",12,8,5,1,0.615384615384615,"High intensity"
"Stabilisation",12,9,4,1,0.651162790697674,"High intensity"
"Stabilisation",12,10,7,1,0.7,"High intensity"
"Stabilisation",12,11,4,1,0.722222222222222,"High intensity"
"Stabilisation",12,12,3,1,0.736842105263158,"High intensity"
"Stabilisation",12,13,4,1,0.754098360655738,"High intensity"
"Stabilisation",12,14,1,1,0.758064516129032,"High intensity"
"Stabilisation",12,15,4,1,0.772727272727273,"High intensity"
"Stabilisation",12,16,4,1,0.785714285714286,"High intensity"
"Stabilisation",12,17,9,1,0.810126582278481,"High intensity"
"Stabilisation",12,18,2,1,0.814814814814815,"High intensity"
"Stabilisation",12,19,5,1,0.825581395348837,"High intensity"
"Stabilisation",12,20,4,1,0.833333333333333,"High intensity"
"Stabilisation",12,21,7,1,0.845360824742268,"High intensity"
"Stabilisation",12,22,8,1,0.857142857142857,"High intensity"
"Stabilisation",12,23,7,1,0.866071428571429,"High intensity"
"Stabilisation",12,24,8,1,0.875,"High intensity"
"Stabilisation",12,25,9,1,0.883720930232558,"High intensity"
"Stabilisation",12,26,9,1,0.891304347826087,"High intensity"
"Stabilisation",12,27,3,1,0.893617021276596,"High intensity"
"Stabilisation",12,28,4,1,0.896551724137931,"High intensity"
"Stabilisation",12,29,5,1,0.9,"High intensity"
"Stabilisation",12,30,5,1,0.903225806451613,"High intensity"
"Stabilisation",13,1,8,0.375,0.375,"High intensity"
"Stabilisation",13,2,2,1,0.5,"High intensity"
"Stabilisation",13,3,6,0.166666666666667,0.375,"High intensity"
"Stabilisation",13,4,1,1,0.411764705882353,"High intensity"
"Stabilisation",13,5,1,0,0.388888888888889,"High intensity"
"Stabilisation",13,6,3,0.333333333333333,0.380952380952381,"High intensity"
"Stabilisation",13,7,5,1,0.5,"High intensity"
"Stabilisation",13,8,6,0.833333333333333,0.5625,"High intensity"
"Stabilisation",13,9,7,0.428571428571429,0.538461538461538,"High intensity"
"Stabilisation",13,10,6,0.666666666666667,0.555555555555556,"High intensity"
"Stabilisation",13,11,4,1,0.591836734693878,"High intensity"
"Stabilisation",13,12,8,1,0.649122807017544,"High intensity"
"Stabilisation",13,13,4,1,0.672131147540984,"High intensity"
"Stabilisation",13,14,13,1,0.72972972972973,"High intensity"
"Stabilisation",13,15,7,1,0.753086419753086,"High intensity"
"Stabilisation",13,16,7,1,0.772727272727273,"High intensity"
"Stabilisation",13,17,7,1,0.789473684210526,"High intensity"
"Stabilisation",13,18,3,1,0.795918367346939,"High intensity"
"Stabilisation",13,19,9,1,0.813084112149533,"High intensity"
"Stabilisation",13,20,5,1,0.821428571428571,"High intensity"
"Stabilisation",13,21,7,1,0.831932773109244,"High intensity"
"Stabilisation",13,22,6,1,0.84,"High intensity"
"Stabilisation",13,23,5,1,0.846153846153846,"High intensity"
"Stabilisation",13,24,4,1,0.850746268656716,"High intensity"
"Stabilisation",13,25,7,1,0.858156028368794,"High intensity"
"Stabilisation",13,26,6,1,0.863945578231292,"High intensity"
"Stabilisation",13,27,8,1,0.870967741935484,"High intensity"
"Stabilisation",13,28,6,1,0.875776397515528,"High intensity"
"Stabilisation",13,29,8,1,0.881656804733728,"High intensity"
"Stabilisation",13,30,4,1,0.884393063583815,"High intensity"
"Stabilisation",14,1,6,0.5,0.5,"High intensity"
"Stabilisation",14,2,6,0.166666666666667,0.333333333333333,"High intensity"
"Stabilisation",14,3,2,0.5,0.357142857142857,"High intensity"
"Stabilisation",14,4,7,0.714285714285714,0.476190476190476,"High intensity"
"Stabilisation",14,5,2,1,0.521739130434783,"High intensity"
"Stabilisation",14,6,5,1,0.607142857142857,"High intensity"
"Stabilisation",14,7,6,0.833333333333333,0.647058823529412,"High intensity"
"Stabilisation",14,8,10,0.7,0.659090909090909,"High intensity"
"Stabilisation",14,9,7,0.571428571428571,0.647058823529412,"High intensity"
"Stabilisation",14,10,6,0.666666666666667,0.649122807017544,"High intensity"
"Stabilisation",14,11,7,1,0.6875,"High intensity"
"Stabilisation",14,12,8,1,0.722222222222222,"High intensity"
"Stabilisation",14,13,8,1,0.75,"High intensity"
"Stabilisation",14,14,1,1,0.753086419753086,"High intensity"
"Stabilisation",14,15,3,1,0.761904761904762,"High intensity"
"Stabilisation",14,16,6,1,0.777777777777778,"High intensity"
"Stabilisation",14,17,5,1,0.789473684210526,"High intensity"
"Stabilisation",14,18,5,1,0.8,"High intensity"
"Stabilisation",14,19,5,1,0.80952380952381,"High intensity"
"Stabilisation",14,20,4,1,0.81651376146789,"High intensity"
"Stabilisation",14,21,8,1,0.829059829059829,"High intensity"
"Stabilisation",14,22,7,1,0.838709677419355,"High intensity"
"Stabilisation",14,23,3,1,0.84251968503937,"High intensity"
"Stabilisation",14,24,7,1,0.850746268656716,"High intensity"
"Stabilisation",14,25,7,1,0.858156028368794,"High intensity"
"Stabilisation",14,26,3,1,0.861111111111111,"High intensity"
"Stabilisation",14,27,6,1,0.866666666666667,"High intensity"
"Stabilisation",14,28,6,1,0.871794871794872,"High intensity"
"Stabilisation",14,29,7,1,0.877300613496933,"High intensity"
"Stabilisation",14,30,7,1,0.882352941176471,"High intensity"
"Stabilisation",15,1,2,0,0,"High intensity"
"Stabilisation",15,2,5,1,0.714285714285714,"High intensity"
"Stabilisation",15,3,4,0.25,0.545454545454545,"High intensity"
"Stabilisation",15,4,2,1,0.615384615384615,"High intensity"
"Stabilisation",15,5,6,0.666666666666667,0.631578947368421,"High intensity"
"Stabilisation",15,6,5,0.6,0.625,"High intensity"
"Stabilisation",15,7,6,0.5,0.6,"High intensity"
"Stabilisation",15,8,5,0.4,0.571428571428571,"High intensity"
"Stabilisation",15,9,10,0.7,0.6,"High intensity"
"Stabilisation",15,10,6,1,0.647058823529412,"High intensity"
"Stabilisation",15,11,6,1,0.684210526315789,"High intensity"
"Stabilisation",15,12,3,1,0.7,"High intensity"
"Stabilisation",15,13,8,1,0.735294117647059,"High intensity"
"Stabilisation",15,14,6,1,0.756756756756757,"High intensity"
"Stabilisation",15,15,6,1,0.775,"High intensity"
"Stabilisation",15,16,6,1,0.790697674418605,"High intensity"
"Stabilisation",15,17,8,1,0.808510638297872,"High intensity"
"Stabilisation",15,18,8,1,0.823529411764706,"High intensity"
"Stabilisation",15,19,4,1,0.830188679245283,"High intensity"
"Stabilisation",15,20,4,1,0.836363636363636,"High intensity"
"Stabilisation",15,21,8,1,0.847457627118644,"High intensity"
"Stabilisation",15,22,6,1,0.854838709677419,"High intensity"
"Stabilisation",15,23,11,1,0.866666666666667,"High intensity"
"Stabilisation",15,24,5,1,0.871428571428571,"High intensity"
"Stabilisation",15,25,10,1,0.88,"High intensity"
"Stabilisation",15,26,6,1,0.884615384615385,"High intensity"
"Stabilisation",15,27,5,1,0.888198757763975,"High intensity"
"Stabilisation",15,28,5,1,0.891566265060241,"High intensity"
"Stabilisation",15,29,8,1,0.896551724137931,"High intensity"
"Stabilisation",15,30,8,1,0.901098901098901,"High intensity"
"Stabilisation",16,1,2,0,0,"High intensity"
"Stabilisation",16,2,9,0.444444444444444,0.363636363636364,"High intensity"
"Stabilisation",16,3,4,0.25,0.333333333333333,"High intensity"
"Stabilisation",16,4,5,0.2,0.3,"High intensity"
"Stabilisation",16,5,6,0.833333333333333,0.423076923076923,"High intensity"
"Stabilisation",16,6,7,1,0.545454545454545,"High intensity"
"Stabilisation",16,7,3,1,0.583333333333333,"High intensity"
"Stabilisation",16,8,3,1,0.615384615384615,"High intensity"
"Stabilisation",16,9,12,1,0.705882352941177,"High intensity"
"Stabilisation",16,10,5,1,0.732142857142857,"High intensity"
"Stabilisation",16,11,6,1,0.758064516129032,"High intensity"
"Stabilisation",16,12,7,1,0.782608695652174,"High intensity"
"Stabilisation",16,13,9,1,0.807692307692308,"High intensity"
"Stabilisation",16,14,3,1,0.814814814814815,"High intensity"
"Stabilisation",16,15,7,1,0.829545454545455,"High intensity"
"Stabilisation",16,16,6,1,0.840425531914894,"High intensity"
"Stabilisation",16,17,8,1,0.852941176470588,"High intensity"
"Stabilisation",16,18,7,1,0.862385321100917,"High intensity"
"Stabilisation",16,19,4,1,0.867256637168142,"High intensity"
"Stabilisation",16,20,4,1,0.871794871794872,"High intensity"
"Stabilisation",16,21,7,1,0.879032258064516,"High intensity"
"Stabilisation",16,22,10,1,0.888059701492537,"High intensity"
"Stabilisation",16,23,5,1,0.892086330935252,"High intensity"
"Stabilisation",16,24,6,1,0.896551724137931,"High intensity"
"Stabilisation",16,25,6,1,0.900662251655629,"High intensity"
"Stabilisation",16,26,7,1,0.905063291139241,"High intensity"
"Stabilisation",16,27,5,1,0.907975460122699,"High intensity"
"Stabilisation",16,28,4,1,0.910179640718563,"High intensity"
"Stabilisation",16,29,8,1,0.914285714285714,"High intensity"
"Stabilisation",16,30,7,1,0.917582417582418,"High intensity"
"Stabilisation",17,1,1,0,0,"High intensity"
"Stabilisation",17,2,5,0.2,0.166666666666667,"High intensity"
"Stabilisation",17,3,5,0.8,0.454545454545455,"High intensity"
"Stabilisation",17,4,3,0.666666666666667,0.5,"High intensity"
"Stabilisation",17,5,9,0,0.304347826086957,"High intensity"
"Stabilisation",17,6,7,0.285714285714286,0.3,"High intensity"
"Stabilisation",17,7,4,0.75,0.352941176470588,"High intensity"
"Stabilisation",17,8,1,0,0.342857142857143,"High intensity"
"Stabilisation",17,9,6,0.5,0.365853658536585,"High intensity"
"Stabilisation",17,10,5,1,0.434782608695652,"High intensity"
"Stabilisation",17,11,8,0.875,0.5,"High intensity"
"Stabilisation",17,12,2,1,0.517857142857143,"High intensity"
"Stabilisation",17,13,11,0.545454545454545,0.522388059701492,"High intensity"
"Stabilisation",17,14,6,0.5,0.520547945205479,"High intensity"
"Stabilisation",17,15,7,0.857142857142857,0.55,"High intensity"
"Stabilisation",17,16,9,1,0.595505617977528,"High intensity"
"Stabilisation",17,17,4,1,0.612903225806452,"High intensity"
"Stabilisation",17,18,6,1,0.636363636363636,"High intensity"
"Stabilisation",17,19,5,1,0.653846153846154,"High intensity"
"Stabilisation",17,20,6,1,0.672727272727273,"High intensity"
"Stabilisation",17,21,4,1,0.684210526315789,"High intensity"
"Stabilisation",17,22,5,1,0.697478991596639,"High intensity"
"Stabilisation",17,23,7,1,0.714285714285714,"High intensity"
"Stabilisation",17,24,4,1,0.723076923076923,"High intensity"
"Stabilisation",17,25,5,1,0.733333333333333,"High intensity"
"Stabilisation",17,26,4,1,0.741007194244604,"High intensity"
"Stabilisation",17,27,8,1,0.755102040816326,"High intensity"
"Stabilisation",17,28,4,1,0.76158940397351,"High intensity"
"Stabilisation",17,29,4,1,0.767741935483871,"High intensity"
"Stabilisation",17,30,7,1,0.777777777777778,"High intensity"
"Stabilisation",18,1,7,0.285714285714286,0.285714285714286,"High intensity"
"Stabilisation",18,2,3,1,0.5,"High intensity"
"Stabilisation",18,3,6,1,0.6875,"High intensity"
"Stabilisation",18,4,5,0.6,0.666666666666667,"High intensity"
"Stabilisation",18,5,3,0.666666666666667,0.666666666666667,"High intensity"
"Stabilisation",18,6,4,1,0.714285714285714,"High intensity"
"Stabilisation",18,7,2,1,0.733333333333333,"High intensity"
"Stabilisation",18,8,5,1,0.771428571428571,"High intensity"
"Stabilisation",18,9,5,1,0.8,"High intensity"
"Stabilisation",18,10,3,1,0.813953488372093,"High intensity"
"Stabilisation",18,11,12,1,0.854545454545454,"High intensity"
"Stabilisation",18,12,7,1,0.870967741935484,"High intensity"
"Stabilisation",18,13,5,1,0.880597014925373,"High intensity"
"Stabilisation",18,14,0,NA,0.880597014925373,"High intensity"
"Stabilisation",18,15,4,1,0.887323943661972,"High intensity"
"Stabilisation",18,16,2,1,0.89041095890411,"High intensity"
"Stabilisation",18,17,8,1,0.901234567901235,"High intensity"
"Stabilisation",18,18,12,1,0.913978494623656,"High intensity"
"Stabilisation",18,19,3,1,0.916666666666667,"High intensity"
"Stabilisation",18,20,9,1,0.923809523809524,"High intensity"
"Stabilisation",18,21,5,1,0.927272727272727,"High intensity"
"Stabilisation",18,22,0,NA,0.927272727272727,"High intensity"
"Stabilisation",18,23,10,1,0.933333333333333,"High intensity"
"Stabilisation",18,24,6,1,0.936507936507937,"High intensity"
"Stabilisation",18,25,2,1,0.9375,"High intensity"
"Stabilisation",18,26,7,1,0.940740740740741,"High intensity"
"Stabilisation",18,27,5,1,0.942857142857143,"High intensity"
"Stabilisation",18,28,5,1,0.944827586206897,"High intensity"
"Stabilisation",18,29,1,1,0.945205479452055,"High intensity"
"Stabilisation",18,30,8,1,0.948051948051948,"High intensity"
"Stabilisation",19,1,2,0.5,0.5,"High intensity"
"Stabilisation",19,2,9,0.333333333333333,0.363636363636364,"High intensity"
"Stabilisation",19,3,3,1,0.5,"High intensity"
"Stabilisation",19,4,7,0.857142857142857,0.619047619047619,"High intensity"
"Stabilisation",19,5,4,0.75,0.64,"High intensity"
"Stabilisation",19,6,11,0.636363636363636,0.638888888888889,"High intensity"
"Stabilisation",19,7,3,0.666666666666667,0.641025641025641,"High intensity"
"Stabilisation",19,8,10,0.9,0.693877551020408,"High intensity"
"Stabilisation",19,9,10,1,0.745762711864407,"High intensity"
"Stabilisation",19,10,4,1,0.761904761904762,"High intensity"
"Stabilisation",19,11,13,0.923076923076923,0.789473684210526,"High intensity"
"Stabilisation",19,12,5,1,0.802469135802469,"High intensity"
"Stabilisation",19,13,6,1,0.816091954022989,"High intensity"
"Stabilisation",19,14,6,1,0.827956989247312,"High intensity"
"Stabilisation",19,15,2,1,0.831578947368421,"High intensity"
"Stabilisation",19,16,5,1,0.84,"High intensity"
"Stabilisation",19,17,6,1,0.849056603773585,"High intensity"
"Stabilisation",19,18,3,1,0.853211009174312,"High intensity"
"Stabilisation",19,19,5,1,0.859649122807018,"High intensity"
"Stabilisation",19,20,8,1,0.868852459016393,"High intensity"
"Stabilisation",19,21,4,1,0.873015873015873,"High intensity"
"Stabilisation",19,22,3,1,0.875968992248062,"High intensity"
"Stabilisation",19,23,9,1,0.884057971014493,"High intensity"
"Stabilisation",19,24,10,1,0.891891891891892,"High intensity"
"Stabilisation",19,25,0,NA,0.891891891891892,"High intensity"
"Stabilisation",19,26,9,1,0.898089171974522,"High intensity"
"Stabilisation",19,27,6,1,0.901840490797546,"High intensity"
"Stabilisation",19,28,8,1,0.906432748538012,"High intensity"
"Stabilisation",19,29,8,1,0.910614525139665,"High intensity"
"Stabilisation",19,30,6,1,0.913513513513514,"High intensity"
"Stabilisation",20,1,2,0,0,"High intensity"
"Stabilisation",20,2,4,1,0.666666666666667,"High intensity"
"Stabilisation",20,3,6,0.666666666666667,0.666666666666667,"High intensity"
"Stabilisation",20,4,8,0.5,0.6,"High intensity"
"Stabilisation",20,5,2,0,0.545454545454545,"High intensity"
"Stabilisation",20,6,2,1,0.583333333333333,"High intensity"
"Stabilisation",20,7,8,0.5,0.5625,"High intensity"
"Stabilisation",20,8,5,0.6,0.567567567567568,"High intensity"
"Stabilisation",20,9,12,0.416666666666667,0.530612244897959,"High intensity"
"Stabilisation",20,10,7,0.714285714285714,0.553571428571429,"High intensity"
"Stabilisation",20,11,0,NA,0.553571428571429,"High intensity"
"Stabilisation",20,12,4,1,0.583333333333333,"High intensity"
"Stabilisation",20,13,4,1,0.609375,"High intensity"
"Stabilisation",20,14,4,1,0.632352941176471,"High intensity"
"Stabilisation",20,15,3,1,0.647887323943662,"High intensity"
"Stabilisation",20,16,5,1,0.671052631578947,"High intensity"
"Stabilisation",20,17,3,1,0.683544303797468,"High intensity"
"Stabilisation",20,18,5,1,0.702380952380952,"High intensity"
"Stabilisation",20,19,9,1,0.731182795698925,"High intensity"
"Stabilisation",20,20,2,1,0.736842105263158,"High intensity"
"Stabilisation",20,21,6,1,0.752475247524752,"High intensity"
"Stabilisation",20,22,2,1,0.757281553398058,"High intensity"
"Stabilisation",20,23,9,1,0.776785714285714,"High intensity"
"Stabilisation",20,24,4,1,0.78448275862069,"High intensity"
"Stabilisation",20,25,9,1,0.8,"High intensity"
"Stabilisation",20,26,5,1,0.807692307692308,"High intensity"
"Stabilisation",20,27,4,1,0.813432835820896,"High intensity"
"Stabilisation",20,28,8,1,0.823943661971831,"High intensity"
"Stabilisation",20,29,6,1,0.831081081081081,"High intensity"
"Stabilisation",20,30,9,1,0.840764331210191,"High intensity"
"Stabilisation",21,1,8,0.375,0.375,"High intensity"
"Stabilisation",21,2,6,1,0.642857142857143,"High intensity"
"Stabilisation",21,3,6,0.833333333333333,0.7,"High intensity"
"Stabilisation",21,4,3,0,0.608695652173913,"High intensity"
"Stabilisation",21,5,6,0.666666666666667,0.620689655172414,"High intensity"
"Stabilisation",21,6,6,0.833333333333333,0.657142857142857,"High intensity"
"Stabilisation",21,7,5,1,0.7,"High intensity"
"Stabilisation",21,8,7,1,0.74468085106383,"High intensity"
"Stabilisation",21,9,9,0.444444444444444,0.696428571428571,"High intensity"
"Stabilisation",21,10,6,0,0.629032258064516,"High intensity"
"Stabilisation",21,11,2,1,0.640625,"High intensity"
"Stabilisation",21,12,6,1,0.671428571428571,"High intensity"
"Stabilisation",21,13,5,1,0.693333333333333,"High intensity"
"Stabilisation",21,14,5,1,0.7125,"High intensity"
"Stabilisation",21,15,4,1,0.726190476190476,"High intensity"
"Stabilisation",21,16,5,1,0.741573033707865,"High intensity"
"Stabilisation",21,17,5,1,0.75531914893617,"High intensity"
"Stabilisation",21,18,3,1,0.762886597938144,"High intensity"
"Stabilisation",21,19,2,1,0.767676767676768,"High intensity"
"Stabilisation",21,20,2,1,0.772277227722772,"High intensity"
"Stabilisation",21,21,7,1,0.787037037037037,"High intensity"
"Stabilisation",21,22,4,1,0.794642857142857,"High intensity"
"Stabilisation",21,23,8,1,0.808333333333333,"High intensity"
"Stabilisation",21,24,3,1,0.813008130081301,"High intensity"
"Stabilisation",21,25,11,1,0.828358208955224,"High intensity"
"Stabilisation",21,26,7,1,0.836879432624113,"High intensity"
"Stabilisation",21,27,4,1,0.841379310344828,"High intensity"
"Stabilisation",21,28,8,1,0.849673202614379,"High intensity"
"Stabilisation",21,29,1,1,0.850649350649351,"High intensity"
"Stabilisation",21,30,10,1,0.859756097560976,"High intensity"
"Stabilisation",22,1,3,0.333333333333333,0.333333333333333,"High intensity"
"Stabilisation",22,2,5,1,0.75,"High intensity"
"Stabilisation",22,3,8,0.5,0.625,"High intensity"
"Stabilisation",22,4,6,0.333333333333333,0.545454545454545,"High intensity"
"Stabilisation",22,5,3,0,0.48,"High intensity"
"Stabilisation",22,6,0,NA,0.48,"High intensity"
"Stabilisation",22,7,4,0.5,0.482758620689655,"High intensity"
"Stabilisation",22,8,4,0,0.424242424242424,"High intensity"
"Stabilisation",22,9,9,0.666666666666667,0.476190476190476,"High intensity"
"Stabilisation",22,10,3,1,0.511111111111111,"High intensity"
"Stabilisation",22,11,5,0.4,0.5,"High intensity"
"Stabilisation",22,12,5,1,0.545454545454545,"High intensity"
"Stabilisation",22,13,11,1,0.621212121212121,"High intensity"
"Stabilisation",22,14,6,1,0.652777777777778,"High intensity"
"Stabilisation",22,15,3,1,0.666666666666667,"High intensity"
"Stabilisation",22,16,4,1,0.683544303797468,"High intensity"
"Stabilisation",22,17,6,1,0.705882352941177,"High intensity"
"Stabilisation",22,18,6,1,0.725274725274725,"High intensity"
"Stabilisation",22,19,8,1,0.747474747474748,"High intensity"
"Stabilisation",22,20,6,1,0.761904761904762,"High intensity"
"Stabilisation",22,21,9,1,0.780701754385965,"High intensity"
"Stabilisation",22,22,9,1,0.796747967479675,"High intensity"
"Stabilisation",22,23,10,1,0.81203007518797,"High intensity"
"Stabilisation",22,24,10,1,0.825174825174825,"High intensity"
"Stabilisation",22,25,5,1,0.831081081081081,"High intensity"
"Stabilisation",22,26,9,1,0.840764331210191,"High intensity"
"Stabilisation",22,27,3,1,0.84375,"High intensity"
"Stabilisation",22,28,5,1,0.848484848484849,"High intensity"
"Stabilisation",22,29,4,1,0.85207100591716,"High intensity"
"Stabilisation",22,30,7,1,0.857954545454545,"High intensity"
"Stabilisation",23,1,6,0.166666666666667,0.166666666666667,"High intensity"
"Stabilisation",23,2,4,1,0.5,"High intensity"
"Stabilisation",23,3,7,1,0.705882352941177,"High intensity"
"Stabilisation",23,4,6,0.666666666666667,0.695652173913043,"High intensity"
"Stabilisation",23,5,2,0.5,0.68,"High intensity"
"Stabilisation",23,6,4,1,0.724137931034483,"High intensity"
"Stabilisation",23,7,5,1,0.764705882352941,"High intensity"
"Stabilisation",23,8,4,1,0.789473684210526,"High intensity"
"Stabilisation",23,9,6,1,0.818181818181818,"High intensity"
"Stabilisation",23,10,11,1,0.854545454545454,"High intensity"
"Stabilisation",23,11,6,1,0.868852459016393,"High intensity"
"Stabilisation",23,12,8,1,0.884057971014493,"High intensity"
"Stabilisation",23,13,4,1,0.89041095890411,"High intensity"
"Stabilisation",23,14,2,1,0.893333333333333,"High intensity"
"Stabilisation",23,15,7,1,0.902439024390244,"High intensity"
"Stabilisation",23,16,5,1,0.908045977011494,"High intensity"
"Stabilisation",23,17,9,1,0.916666666666667,"High intensity"
"Stabilisation",23,18,9,1,0.923809523809524,"High intensity"
"Stabilisation",23,19,6,1,0.927927927927928,"High intensity"
"Stabilisation",23,20,6,1,0.931623931623932,"High intensity"
"Stabilisation",23,21,6,1,0.934959349593496,"High intensity"
"Stabilisation",23,22,2,1,0.936,"High intensity"
"Stabilisation",23,23,8,1,0.93984962406015,"High intensity"
"Stabilisation",23,24,13,1,0.945205479452055,"High intensity"
"Stabilisation",23,25,5,1,0.947019867549669,"High intensity"
"Stabilisation",23,26,6,1,0.949044585987261,"High intensity"
"Stabilisation",23,27,6,1,0.950920245398773,"High intensity"
"Stabilisation",23,28,7,1,0.952941176470588,"High intensity"
"Stabilisation",23,29,4,1,0.954022988505747,"High intensity"
"Stabilisation",23,30,7,1,0.955801104972376,"High intensity"
"Stabilisation",24,1,11,0.545454545454545,0.545454545454545,"High intensity"
"Stabilisation",24,2,4,0.25,0.466666666666667,"High intensity"
"Stabilisation",24,3,6,0.666666666666667,0.523809523809524,"High intensity"
"Stabilisation",24,4,6,0.666666666666667,0.555555555555556,"High intensity"
"Stabilisation",24,5,3,0.666666666666667,0.566666666666667,"High intensity"
"Stabilisation",24,6,9,1,0.666666666666667,"High intensity"
"Stabilisation",24,7,3,1,0.69047619047619,"High intensity"
"Stabilisation",24,8,6,1,0.729166666666667,"High intensity"
"Stabilisation",24,9,7,0.285714285714286,0.672727272727273,"High intensity"
"Stabilisation",24,10,6,0,0.60655737704918,"High intensity"
"Stabilisation",24,11,2,0,0.587301587301587,"High intensity"
"Stabilisation",24,12,9,0.888888888888889,0.625,"High intensity"
"Stabilisation",24,13,4,1,0.644736842105263,"High intensity"
"Stabilisation",24,14,6,1,0.670731707317073,"High intensity"
"Stabilisation",24,15,4,1,0.686046511627907,"High intensity"
"Stabilisation",24,16,4,1,0.7,"High intensity"
"Stabilisation",24,17,9,1,0.727272727272727,"High intensity"
"Stabilisation",24,18,9,1,0.75,"High intensity"
"Stabilisation",24,19,5,1,0.761061946902655,"High intensity"
"Stabilisation",24,20,9,1,0.778688524590164,"High intensity"
"Stabilisation",24,21,9,1,0.793893129770992,"High intensity"
"Stabilisation",24,22,5,1,0.801470588235294,"High intensity"
"Stabilisation",24,23,4,1,0.807142857142857,"High intensity"
"Stabilisation",24,24,4,1,0.8125,"High intensity"
"Stabilisation",24,25,2,1,0.815068493150685,"High intensity"
"Stabilisation",24,26,13,1,0.830188679245283,"High intensity"
"Stabilisation",24,27,6,1,0.836363636363636,"High intensity"
"Stabilisation",24,28,8,1,0.84393063583815,"High intensity"
"Stabilisation",24,29,10,1,0.852459016393443,"High intensity"
"Stabilisation",24,30,4,1,0.855614973262032,"High intensity"
"Stabilisation",25,1,1,0,0,"High intensity"
"Stabilisation",25,2,4,0.25,0.2,"High intensity"
"Stabilisation",25,3,2,1,0.428571428571429,"High intensity"
"Stabilisation",25,4,8,0,0.2,"High intensity"
"Stabilisation",25,5,7,0.857142857142857,0.409090909090909,"High intensity"
"Stabilisation",25,6,8,1,0.566666666666667,"High intensity"
"Stabilisation",25,7,5,1,0.628571428571429,"High intensity"
"Stabilisation",25,8,2,1,0.648648648648649,"High intensity"
"Stabilisation",25,9,6,1,0.697674418604651,"High intensity"
"Stabilisation",25,10,8,1,0.745098039215686,"High intensity"
"Stabilisation",25,11,2,1,0.754716981132076,"High intensity"
"Stabilisation",25,12,3,1,0.767857142857143,"High intensity"
"Stabilisation",25,13,9,1,0.8,"High intensity"
"Stabilisation",25,14,7,1,0.819444444444444,"High intensity"
"Stabilisation",25,15,6,1,0.833333333333333,"High intensity"
"Stabilisation",25,16,7,1,0.847058823529412,"High intensity"
"Stabilisation",25,17,5,1,0.855555555555556,"High intensity"
"Stabilisation",25,18,6,1,0.864583333333333,"High intensity"
"Stabilisation",25,19,9,1,0.876190476190476,"High intensity"
"Stabilisation",25,20,7,1,0.883928571428571,"High intensity"
"Stabilisation",25,21,4,1,0.887931034482759,"High intensity"
"Stabilisation",25,22,6,1,0.89344262295082,"High intensity"
"Stabilisation",25,23,7,1,0.89922480620155,"High intensity"
"Stabilisation",25,24,5,1,0.902985074626866,"High intensity"
"Stabilisation",25,25,8,1,0.908450704225352,"High intensity"
"Stabilisation",25,26,11,1,0.915032679738562,"High intensity"
"Stabilisation",25,27,8,1,0.919254658385093,"High intensity"
"Stabilisation",25,28,7,1,0.922619047619048,"High intensity"
"Stabilisation",25,29,6,1,0.925287356321839,"High intensity"
"Stabilisation",25,30,6,1,0.927777777777778,"High intensity"
"Stabilisation",26,1,2,0,0,"High intensity"
"Stabilisation",26,2,6,0.5,0.375,"High intensity"
"Stabilisation",26,3,3,1,0.545454545454545,"High intensity"
"Stabilisation",26,4,9,0.777777777777778,0.65,"High intensity"
"Stabilisation",26,5,11,0.909090909090909,0.741935483870968,"High intensity"
"Stabilisation",26,6,4,0.75,0.742857142857143,"High intensity"
"Stabilisation",26,7,9,1,0.795454545454545,"High intensity"
"Stabilisation",26,8,11,1,0.836363636363636,"High intensity"
"Stabilisation",26,9,1,1,0.839285714285714,"High intensity"
"Stabilisation",26,10,11,1,0.865671641791045,"High intensity"
"Stabilisation",26,11,6,1,0.876712328767123,"High intensity"
"Stabilisation",26,12,4,1,0.883116883116883,"High intensity"
"Stabilisation",26,13,10,1,0.896551724137931,"High intensity"
"Stabilisation",26,14,6,1,0.903225806451613,"High intensity"
"Stabilisation",26,15,7,1,0.91,"High intensity"
"Stabilisation",26,16,7,1,0.91588785046729,"High intensity"
"Stabilisation",26,17,4,1,0.918918918918919,"High intensity"
"Stabilisation",26,18,7,1,0.923728813559322,"High intensity"
"Stabilisation",26,19,1,1,0.92436974789916,"High intensity"
"Stabilisation",26,20,5,1,0.92741935483871,"High intensity"
"Stabilisation",26,21,5,1,0.930232558139535,"High intensity"
"Stabilisation",26,22,4,1,0.932330827067669,"High intensity"
"Stabilisation",26,23,2,1,0.933333333333333,"High intensity"
"Stabilisation",26,24,3,1,0.934782608695652,"High intensity"
"Stabilisation",26,25,3,1,0.936170212765957,"High intensity"
"Stabilisation",26,26,4,1,0.937931034482759,"High intensity"
"Stabilisation",26,27,4,1,0.939597315436242,"High intensity"
"Stabilisation",26,28,9,1,0.943037974683544,"High intensity"
"Stabilisation",26,29,8,1,0.94578313253012,"High intensity"
"Stabilisation",26,30,4,1,0.947058823529412,"High intensity"
"Stabilisation",27,1,4,0,0,"High intensity"
"Stabilisation",27,2,5,0.8,0.444444444444444,"High intensity"
"Stabilisation",27,3,9,0.333333333333333,0.388888888888889,"High intensity"
"Stabilisation",27,4,4,0.5,0.409090909090909,"High intensity"
"Stabilisation",27,5,7,1,0.551724137931034,"High intensity"
"Stabilisation",27,6,9,0.777777777777778,0.605263157894737,"High intensity"
"Stabilisation",27,7,5,1,0.651162790697674,"High intensity"
"Stabilisation",27,8,6,1,0.693877551020408,"High intensity"
"Stabilisation",27,9,7,1,0.732142857142857,"High intensity"
"Stabilisation",27,10,0,NA,0.732142857142857,"High intensity"
"Stabilisation",27,11,5,1,0.754098360655738,"High intensity"
"Stabilisation",27,12,3,1,0.765625,"High intensity"
"Stabilisation",27,13,6,1,0.785714285714286,"High intensity"
"Stabilisation",27,14,3,1,0.794520547945205,"High intensity"
"Stabilisation",27,15,3,1,0.802631578947368,"High intensity"
"Stabilisation",27,16,5,1,0.814814814814815,"High intensity"
"Stabilisation",27,17,9,1,0.833333333333333,"High intensity"
"Stabilisation",27,18,3,1,0.838709677419355,"High intensity"
"Stabilisation",27,19,6,1,0.848484848484849,"High intensity"
"Stabilisation",27,20,5,1,0.855769230769231,"High intensity"
"Stabilisation",27,21,2,1,0.858490566037736,"High intensity"
"Stabilisation",27,22,11,1,0.871794871794872,"High intensity"
"Stabilisation",27,23,6,1,0.878048780487805,"High intensity"
"Stabilisation",27,24,5,1,0.8828125,"High intensity"
"Stabilisation",27,25,4,1,0.886363636363636,"High intensity"
"Stabilisation",27,26,5,1,0.89051094890511,"High intensity"
"Stabilisation",27,27,8,1,0.896551724137931,"High intensity"
"Stabilisation",27,28,1,1,0.897260273972603,"High intensity"
"Stabilisation",27,29,10,1,0.903846153846154,"High intensity"
"Stabilisation",27,30,6,1,0.907407407407407,"High intensity"
"Stabilisation",28,1,5,0,0,"High intensity"
"Stabilisation",28,2,3,0.333333333333333,0.125,"High intensity"
"Stabilisation",28,3,4,0.75,0.333333333333333,"High intensity"
"Stabilisation",28,4,4,0.25,0.3125,"High intensity"
"Stabilisation",28,5,1,0,0.294117647058824,"High intensity"
"Stabilisation",28,6,3,0.333333333333333,0.3,"High intensity"
"Stabilisation",28,7,3,0.333333333333333,0.304347826086957,"High intensity"
"Stabilisation",28,8,5,0,0.25,"High intensity"
"Stabilisation",28,9,3,1,0.32258064516129,"High intensity"
"Stabilisation",28,10,5,0.4,0.333333333333333,"High intensity"
"Stabilisation",28,11,2,0.5,0.342105263157895,"High intensity"
"Stabilisation",28,12,10,0.9,0.458333333333333,"High intensity"
"Stabilisation",28,13,4,1,0.5,"High intensity"
"Stabilisation",28,14,6,1,0.551724137931034,"High intensity"
"Stabilisation",28,15,5,1,0.587301587301587,"High intensity"
"Stabilisation",28,16,8,1,0.633802816901408,"High intensity"
"Stabilisation",28,17,8,1,0.670886075949367,"High intensity"
"Stabilisation",28,18,5,1,0.69047619047619,"High intensity"
"Stabilisation",28,19,5,1,0.707865168539326,"High intensity"
"Stabilisation",28,20,4,1,0.720430107526882,"High intensity"
"Stabilisation",28,21,7,1,0.74,"High intensity"
"Stabilisation",28,22,7,1,0.757009345794392,"High intensity"
"Stabilisation",28,23,7,1,0.771929824561403,"High intensity"
"Stabilisation",28,24,10,1,0.790322580645161,"High intensity"
"Stabilisation",28,25,5,1,0.798449612403101,"High intensity"
"Stabilisation",28,26,7,1,0.808823529411765,"High intensity"
"Stabilisation",28,27,5,1,0.815602836879433,"High intensity"
"Stabilisation",28,28,6,1,0.82312925170068,"High intensity"
"Stabilisation",28,29,8,1,0.832258064516129,"High intensity"
"Stabilisation",28,30,6,1,0.838509316770186,"High intensity"
"Stabilisation",29,1,0,NA,NA,"High intensity"
"Stabilisation",29,2,5,0.4,0.4,"High intensity"
"Stabilisation",29,3,2,0.5,0.428571428571429,"High intensity"
"Stabilisation",29,4,5,0.8,0.583333333333333,"High intensity"
"Stabilisation",29,5,7,0.285714285714286,0.473684210526316,"High intensity"
"Stabilisation",29,6,2,1,0.523809523809524,"High intensity"
"Stabilisation",29,7,8,0.625,0.551724137931034,"High intensity"
"Stabilisation",29,8,7,0.714285714285714,0.583333333333333,"High intensity"
"Stabilisation",29,9,2,0.5,0.578947368421053,"High intensity"
"Stabilisation",29,10,6,0.833333333333333,0.613636363636364,"High intensity"
"Stabilisation",29,11,6,0.833333333333333,0.64,"High intensity"
"Stabilisation",29,12,5,0.8,0.654545454545455,"High intensity"
"Stabilisation",29,13,6,1,0.688524590163934,"High intensity"
"Stabilisation",29,14,6,0.833333333333333,0.701492537313433,"High intensity"
"Stabilisation",29,15,4,1,0.71830985915493,"High intensity"
"Stabilisation",29,16,1,1,0.722222222222222,"High intensity"
"Stabilisation",29,17,9,1,0.753086419753086,"High intensity"
"Stabilisation",29,18,4,1,0.764705882352941,"High intensity"
"Stabilisation",29,19,6,1,0.78021978021978,"High intensity"
"Stabilisation",29,20,8,1,0.797979797979798,"High intensity"
"Stabilisation",29,21,5,1,0.807692307692308,"High intensity"
"Stabilisation",29,22,8,1,0.821428571428571,"High intensity"
"Stabilisation",29,23,5,1,0.829059829059829,"High intensity"
"Stabilisation",29,24,9,1,0.841269841269841,"High intensity"
"Stabilisation",29,25,6,1,0.848484848484849,"High intensity"
"Stabilisation",29,26,3,1,0.851851851851852,"High intensity"
"Stabilisation",29,27,3,1,0.855072463768116,"High intensity"
"Stabilisation",29,28,7,1,0.862068965517241,"High intensity"
"Stabilisation",29,29,7,1,0.868421052631579,"High intensity"
"Stabilisation",29,30,7,1,0.874213836477987,"High intensity"
"Stabilisation",30,1,8,0.25,0.25,"High intensity"
"Stabilisation",30,2,5,0.6,0.384615384615385,"High intensity"
"Stabilisation",30,3,3,0.666666666666667,0.4375,"High intensity"
"Stabilisation",30,4,2,1,0.5,"High intensity"
"Stabilisation",30,5,2,0.5,0.5,"High intensity"
"Stabilisation",30,6,5,0.4,0.48,"High intensity"
"Stabilisation",30,7,5,0.6,0.5,"High intensity"
"Stabilisation",30,8,6,0.5,0.5,"High intensity"
"Stabilisation",30,9,4,1,0.55,"High intensity"
"Stabilisation",30,10,10,1,0.64,"High intensity"
"Stabilisation",30,11,5,1,0.672727272727273,"High intensity"
"Stabilisation",30,12,5,0.4,0.65,"High intensity"
"Stabilisation",30,13,11,0.727272727272727,0.661971830985915,"High intensity"
"Stabilisation",30,14,9,0.555555555555556,0.65,"High intensity"
"Stabilisation",30,15,4,1,0.666666666666667,"High intensity"
"Stabilisation",30,16,8,1,0.695652173913043,"High intensity"
"Stabilisation",30,17,4,1,0.708333333333333,"High intensity"
"Stabilisation",30,18,7,1,0.728155339805825,"High intensity"
"Stabilisation",30,19,8,1,0.747747747747748,"High intensity"
"Stabilisation",30,20,7,1,0.76271186440678,"High intensity"
"Stabilisation",30,21,5,1,0.772357723577236,"High intensity"
"Stabilisation",30,22,11,1,0.791044776119403,"High intensity"
"Stabilisation",30,23,9,1,0.804195804195804,"High intensity"
"Stabilisation",30,24,5,1,0.810810810810811,"High intensity"
"Stabilisation",30,25,10,1,0.822784810126582,"High intensity"
"Stabilisation",30,26,5,1,0.828220858895706,"High intensity"
"Stabilisation",30,27,8,1,0.83625730994152,"High intensity"
"Stabilisation",30,28,3,1,0.839080459770115,"High intensity"
"Stabilisation",30,29,10,1,0.847826086956522,"High intensity"
"Stabilisation",30,30,8,1,0.854166666666667,"High intensity"
"Stabilisation",31,1,2,0,0,"High intensity"
"Stabilisation",31,2,7,0.571428571428571,0.444444444444444,"High intensity"
"Stabilisation",31,3,3,1,0.583333333333333,"High intensity"
"Stabilisation",31,4,9,0.666666666666667,0.619047619047619,"High intensity"
"Stabilisation",31,5,8,0.875,0.689655172413793,"High intensity"
"Stabilisation",31,6,7,0.857142857142857,0.722222222222222,"High intensity"
"Stabilisation",31,7,7,1,0.767441860465116,"High intensity"
"Stabilisation",31,8,4,1,0.787234042553192,"High intensity"
"Stabilisation",31,9,6,1,0.811320754716981,"High intensity"
"Stabilisation",31,10,7,1,0.833333333333333,"High intensity"
"Stabilisation",31,11,7,1,0.850746268656716,"High intensity"
"Stabilisation",31,12,9,1,0.868421052631579,"High intensity"
"Stabilisation",31,13,9,1,0.882352941176471,"High intensity"
"Stabilisation",31,14,8,1,0.89247311827957,"High intensity"
"Stabilisation",31,15,5,1,0.897959183673469,"High intensity"
"Stabilisation",31,16,3,1,0.900990099009901,"High intensity"
"Stabilisation",31,17,5,1,0.905660377358491,"High intensity"
"Stabilisation",31,18,4,1,0.909090909090909,"High intensity"
"Stabilisation",31,19,5,1,0.91304347826087,"High intensity"
"Stabilisation",31,20,8,1,0.91869918699187,"High intensity"
"Stabilisation",31,21,6,1,0.922480620155039,"High intensity"
"Stabilisation",31,22,4,1,0.924812030075188,"High intensity"
"Stabilisation",31,23,4,1,0.927007299270073,"High intensity"
"Stabilisation",31,24,3,1,0.928571428571429,"High intensity"
"Stabilisation",31,25,9,1,0.932885906040268,"High intensity"
"Stabilisation",31,26,3,1,0.934210526315789,"High intensity"
"Stabilisation",31,27,2,1,0.935064935064935,"High intensity"
"Stabilisation",31,28,6,1,0.9375,"High intensity"
"Stabilisation",31,29,10,1,0.941176470588235,"High intensity"
"Stabilisation",31,30,6,1,0.943181818181818,"High intensity"
"Stabilisation",32,1,7,0.142857142857143,0.142857142857143,"High intensity"
"Stabilisation",32,2,4,1,0.454545454545455,"High intensity"
"Stabilisation",32,3,10,0.6,0.523809523809524,"High intensity"
"Stabilisation",32,4,2,1,0.565217391304348,"High intensity"
"Stabilisation",32,5,4,1,0.62962962962963,"High intensity"
"Stabilisation",32,6,2,1,0.655172413793103,"High intensity"
"Stabilisation",32,7,1,1,0.666666666666667,"High intensity"
"Stabilisation",32,8,5,1,0.714285714285714,"High intensity"
"Stabilisation",32,9,7,1,0.761904761904762,"High intensity"
"Stabilisation",32,10,13,1,0.818181818181818,"High intensity"
"Stabilisation",32,11,0,NA,0.818181818181818,"High intensity"
"Stabilisation",32,12,4,1,0.830508474576271,"High intensity"
"Stabilisation",32,13,5,1,0.84375,"High intensity"
"Stabilisation",32,14,14,1,0.871794871794872,"High intensity"
"Stabilisation",32,15,8,1,0.883720930232558,"High intensity"
"Stabilisation",32,16,8,1,0.893617021276596,"High intensity"
"Stabilisation",32,17,6,1,0.9,"High intensity"
"Stabilisation",32,18,6,1,0.905660377358491,"High intensity"
"Stabilisation",32,19,4,1,0.909090909090909,"High intensity"
"Stabilisation",32,20,7,1,0.914529914529915,"High intensity"
"Stabilisation",32,21,4,1,0.917355371900826,"High intensity"
"Stabilisation",32,22,5,1,0.920634920634921,"High intensity"
"Stabilisation",32,23,11,1,0.927007299270073,"High intensity"
"Stabilisation",32,24,10,1,0.931972789115646,"High intensity"
"Stabilisation",32,25,6,1,0.934640522875817,"High intensity"
"Stabilisation",32,26,11,1,0.939024390243902,"High intensity"
"Stabilisation",32,27,6,1,0.941176470588235,"High intensity"
"Stabilisation",32,28,7,1,0.943502824858757,"High intensity"
"Stabilisation",32,29,7,1,0.945652173913043,"High intensity"
"Stabilisation",32,30,2,1,0.946236559139785,"High intensity"
"Stabilisation",33,1,4,0.25,0.25,"High intensity"
"Stabilisation",33,2,2,0,0.166666666666667,"High intensity"
"Stabilisation",33,3,9,1,0.666666666666667,"High intensity"
"Stabilisation",33,4,9,0.111111111111111,0.458333333333333,"High intensity"
"Stabilisation",33,5,8,0.5,0.46875,"High intensity"
"Stabilisation",33,6,4,1,0.527777777777778,"High intensity"
"Stabilisation",33,7,5,0.8,0.560975609756098,"High intensity"
"Stabilisation",33,8,8,1,0.63265306122449,"High intensity"
"Stabilisation",33,9,6,1,0.672727272727273,"High intensity"
"Stabilisation",33,10,7,1,0.709677419354839,"High intensity"
"Stabilisation",33,11,3,1,0.723076923076923,"High intensity"
"Stabilisation",33,12,10,1,0.76,"High intensity"
"Stabilisation",33,13,8,1,0.783132530120482,"High intensity"
"Stabilisation",33,14,6,1,0.797752808988764,"High intensity"
"Stabilisation",33,15,9,1,0.816326530612245,"High intensity"
"Stabilisation",33,16,4,1,0.823529411764706,"High intensity"
"Stabilisation",33,17,3,1,0.828571428571429,"High intensity"
"Stabilisation",33,18,8,1,0.84070796460177,"High intensity"
"Stabilisation",33,19,6,1,0.848739495798319,"High intensity"
"Stabilisation",33,20,6,1,0.856,"High intensity"
"Stabilisation",33,21,7,1,0.863636363636364,"High intensity"
"Stabilisation",33,22,7,1,0.870503597122302,"High intensity"
"Stabilisation",33,23,6,1,0.875862068965517,"High intensity"
"Stabilisation",33,24,6,1,0.880794701986755,"High intensity"
"Stabilisation",33,25,8,1,0.886792452830189,"High intensity"
"Stabilisation",33,26,7,1,0.891566265060241,"High intensity"
"Stabilisation",33,27,3,1,0.893491124260355,"High intensity"
"Stabilisation",33,28,6,1,0.897142857142857,"High intensity"
"Stabilisation",33,29,2,1,0.898305084745763,"High intensity"
"Stabilisation",33,30,5,1,0.901098901098901,"High intensity"
"Stabilisation",34,1,3,0,0,"High intensity"
"Stabilisation",34,2,6,0.833333333333333,0.555555555555556,"High intensity"
"Stabilisation",34,3,4,0.25,0.461538461538462,"High intensity"
"Stabilisation",34,4,5,0.6,0.5,"High intensity"
"Stabilisation",34,5,5,1,0.608695652173913,"High intensity"
"Stabilisation",34,6,6,0,0.482758620689655,"High intensity"
"Stabilisation",34,7,7,0.857142857142857,0.555555555555556,"High intensity"
"Stabilisation",34,8,6,0.333333333333333,0.523809523809524,"High intensity"
"Stabilisation",34,9,3,0.333333333333333,0.511111111111111,"High intensity"
"Stabilisation",34,10,5,0.4,0.5,"High intensity"
"Stabilisation",34,11,3,1,0.528301886792453,"High intensity"
"Stabilisation",34,12,9,0.777777777777778,0.564516129032258,"High intensity"
"Stabilisation",34,13,7,0.571428571428571,0.565217391304348,"High intensity"
"Stabilisation",34,14,6,0.666666666666667,0.573333333333333,"High intensity"
"Stabilisation",34,15,10,0.9,0.611764705882353,"High intensity"
"Stabilisation",34,16,6,1,0.637362637362637,"High intensity"
"Stabilisation",34,17,8,1,0.666666666666667,"High intensity"
"Stabilisation",34,18,4,1,0.679611650485437,"High intensity"
"Stabilisation",34,19,6,1,0.697247706422018,"High intensity"
"Stabilisation",34,20,5,1,0.710526315789474,"High intensity"
"Stabilisation",34,21,6,1,0.725,"High intensity"
"Stabilisation",34,22,7,1,0.740157480314961,"High intensity"
"Stabilisation",34,23,5,1,0.75,"High intensity"
"Stabilisation",34,24,6,1,0.760869565217391,"High intensity"
"Stabilisation",34,25,3,1,0.765957446808511,"High intensity"
"Stabilisation",34,26,8,1,0.778523489932886,"High intensity"
"Stabilisation",34,27,9,1,0.791139240506329,"High intensity"
"Stabilisation",34,28,6,1,0.798780487804878,"High intensity"
"Stabilisation",34,29,8,1,0.808139534883721,"High intensity"
"Stabilisation",34,30,4,1,0.8125,"High intensity"
"Stabilisation",35,1,6,0.333333333333333,0.333333333333333,"High intensity"
"Stabilisation",35,2,2,0.5,0.375,"High intensity"
"Stabilisation",35,3,4,0.5,0.416666666666667,"High intensity"
"Stabilisation",35,4,12,0.416666666666667,0.416666666666667,"High intensity"
"Stabilisation",35,5,3,0.666666666666667,0.444444444444444,"High intensity"
"Stabilisation",35,6,2,1,0.482758620689655,"High intensity"
"Stabilisation",35,7,6,1,0.571428571428571,"High intensity"
"Stabilisation",35,8,5,0,0.5,"High intensity"
"Stabilisation",35,9,3,0.333333333333333,0.488372093023256,"High intensity"
"Stabilisation",35,10,4,0.5,0.48936170212766,"High intensity"
"Stabilisation",35,11,9,0.555555555555556,0.5,"High intensity"
"Stabilisation",35,12,10,0.6,0.515151515151515,"High intensity"
"Stabilisation",35,13,8,0.75,0.540540540540541,"High intensity"
"Stabilisation",35,14,4,0.75,0.551282051282051,"High intensity"
"Stabilisation",35,15,1,1,0.556962025316456,"High intensity"
"Stabilisation",35,16,5,1,0.583333333333333,"High intensity"
"Stabilisation",35,17,2,1,0.593023255813954,"High intensity"
"Stabilisation",35,18,8,1,0.627659574468085,"High intensity"
"Stabilisation",35,19,6,1,0.65,"High intensity"
"Stabilisation",35,20,3,1,0.660194174757282,"High intensity"
"Stabilisation",35,21,6,1,0.678899082568807,"High intensity"
"Stabilisation",35,22,8,1,0.700854700854701,"High intensity"
"Stabilisation",35,23,5,1,0.713114754098361,"High intensity"
"Stabilisation",35,24,5,1,0.724409448818898,"High intensity"
"Stabilisation",35,25,5,1,0.734848484848485,"High intensity"
"Stabilisation",35,26,8,1,0.75,"High intensity"
"Stabilisation",35,27,5,1,0.758620689655172,"High intensity"
"Stabilisation",35,28,5,1,0.766666666666667,"High intensity"
"Stabilisation",35,29,8,1,0.778481012658228,"High intensity"
"Stabilisation",35,30,10,1,0.791666666666667,"High intensity"
"Stabilisation",36,1,8,0.375,0.375,"High intensity"
"Stabilisation",36,2,6,0.5,0.428571428571429,"High intensity"
"Stabilisation",36,3,11,0.545454545454545,0.48,"High intensity"
"Stabilisation",36,4,4,1,0.551724137931034,"High intensity"
"Stabilisation",36,5,4,1,0.606060606060606,"High intensity"
"Stabilisation",36,6,3,1,0.638888888888889,"High intensity"
"Stabilisation",36,7,5,1,0.682926829268293,"High intensity"
"Stabilisation",36,8,7,1,0.729166666666667,"High intensity"
"Stabilisation",36,9,3,1,0.745098039215686,"High intensity"
"Stabilisation",36,10,6,1,0.771929824561403,"High intensity"
"Stabilisation",36,11,6,1,0.793650793650794,"High intensity"
"Stabilisation",36,12,2,1,0.8,"High intensity"
"Stabilisation",36,13,8,1,0.821917808219178,"High intensity"
"Stabilisation",36,14,7,1,0.8375,"High intensity"
"Stabilisation",36,15,8,1,0.852272727272727,"High intensity"
"Stabilisation",36,16,7,1,0.863157894736842,"High intensity"
"Stabilisation",36,17,3,1,0.86734693877551,"High intensity"
"Stabilisation",36,18,4,1,0.872549019607843,"High intensity"
"Stabilisation",36,19,4,1,0.877358490566038,"High intensity"
"Stabilisation",36,20,3,1,0.880733944954128,"High intensity"
"Stabilisation",36,21,6,1,0.88695652173913,"High intensity"
"Stabilisation",36,22,6,1,0.892561983471074,"High intensity"
"Stabilisation",36,23,5,1,0.896825396825397,"High intensity"
"Stabilisation",36,24,2,1,0.8984375,"High intensity"
"Stabilisation",36,25,4,1,0.901515151515151,"High intensity"
"Stabilisation",36,26,2,1,0.902985074626866,"High intensity"
"Stabilisation",36,27,5,1,0.906474820143885,"High intensity"
"Stabilisation",36,28,3,1,0.908450704225352,"High intensity"
"Stabilisation",36,29,6,1,0.912162162162162,"High intensity"
"Stabilisation",36,30,9,1,0.917197452229299,"High intensity"
"Stabilisation",37,1,5,0.2,0.2,"High intensity"
"Stabilisation",37,2,4,0,0.111111111111111,"High intensity"
"Stabilisation",37,3,7,0.571428571428571,0.3125,"High intensity"
"Stabilisation",37,4,5,0.8,0.428571428571429,"High intensity"
"Stabilisation",37,5,4,0.5,0.44,"High intensity"
"Stabilisation",37,6,5,0.6,0.466666666666667,"High intensity"
"Stabilisation",37,7,6,0.833333333333333,0.527777777777778,"High intensity"
"Stabilisation",37,8,6,0.333333333333333,0.5,"High intensity"
"Stabilisation",37,9,7,0.428571428571429,0.489795918367347,"High intensity"
"Stabilisation",37,10,4,1,0.528301886792453,"High intensity"
"Stabilisation",37,11,4,0.75,0.543859649122807,"High intensity"
"Stabilisation",37,12,4,1,0.573770491803279,"High intensity"
"Stabilisation",37,13,4,1,0.6,"High intensity"
"Stabilisation",37,14,3,1,0.617647058823529,"High intensity"
"Stabilisation",37,15,6,1,0.648648648648649,"High intensity"
"Stabilisation",37,16,8,1,0.682926829268293,"High intensity"
"Stabilisation",37,17,3,1,0.694117647058824,"High intensity"
"Stabilisation",37,18,3,1,0.704545454545455,"High intensity"
"Stabilisation",37,19,5,1,0.720430107526882,"High intensity"
"Stabilisation",37,20,7,1,0.74,"High intensity"
"Stabilisation",37,21,4,1,0.75,"High intensity"
"Stabilisation",37,22,6,1,0.763636363636364,"High intensity"
"Stabilisation",37,23,3,1,0.769911504424779,"High intensity"
"Stabilisation",37,24,6,1,0.781512605042017,"High intensity"
"Stabilisation",37,25,5,1,0.790322580645161,"High intensity"
"Stabilisation",37,26,4,1,0.796875,"High intensity"
"Stabilisation",37,27,7,1,0.807407407407407,"High intensity"
"Stabilisation",37,28,2,1,0.81021897810219,"High intensity"
"Stabilisation",37,29,3,1,0.814285714285714,"High intensity"
"Stabilisation",37,30,6,1,0.821917808219178,"High intensity"
"Stabilisation",38,1,8,0.625,0.625,"High intensity"
"Stabilisation",38,2,5,0.2,0.461538461538462,"High intensity"
"Stabilisation",38,3,12,0.583333333333333,0.52,"High intensity"
"Stabilisation",38,4,3,1,0.571428571428571,"High intensity"
"Stabilisation",38,5,13,0.384615384615385,0.51219512195122,"High intensity"
"Stabilisation",38,6,9,1,0.6,"High intensity"
"Stabilisation",38,7,3,1,0.622641509433962,"High intensity"
"Stabilisation",38,8,8,1,0.672131147540984,"High intensity"
"Stabilisation",38,9,2,1,0.682539682539683,"High intensity"
"Stabilisation",38,10,10,1,0.726027397260274,"High intensity"
"Stabilisation",38,11,3,1,0.736842105263158,"High intensity"
"Stabilisation",38,12,7,1,0.759036144578313,"High intensity"
"Stabilisation",38,13,3,1,0.767441860465116,"High intensity"
"Stabilisation",38,14,8,1,0.787234042553192,"High intensity"
"Stabilisation",38,15,4,1,0.795918367346939,"High intensity"
"Stabilisation",38,16,5,1,0.805825242718447,"High intensity"
"Stabilisation",38,17,2,1,0.80952380952381,"High intensity"
"Stabilisation",38,18,5,1,0.818181818181818,"High intensity"
"Stabilisation",38,19,6,1,0.827586206896552,"High intensity"
"Stabilisation",38,20,8,1,0.838709677419355,"High intensity"
"Stabilisation",38,21,5,1,0.844961240310077,"High intensity"
"Stabilisation",38,22,5,1,0.850746268656716,"High intensity"
"Stabilisation",38,23,11,1,0.862068965517241,"High intensity"
"Stabilisation",38,24,7,1,0.868421052631579,"High intensity"
"Stabilisation",38,25,1,1,0.869281045751634,"High intensity"
"Stabilisation",38,26,5,1,0.873417721518987,"High intensity"
"Stabilisation",38,27,5,1,0.877300613496933,"High intensity"
"Stabilisation",38,28,2,1,0.878787878787879,"High intensity"
"Stabilisation",38,29,4,1,0.881656804733728,"High intensity"
"Stabilisation",38,30,8,1,0.887005649717514,"High intensity"
"Stabilisation",39,1,9,0.333333333333333,0.333333333333333,"High intensity"
"Stabilisation",39,2,3,0.666666666666667,0.416666666666667,"High intensity"
"Stabilisation",39,3,3,1,0.533333333333333,"High intensity"
"Stabilisation",39,4,5,0.4,0.5,"High intensity"
"Stabilisation",39,5,13,0.923076923076923,0.666666666666667,"High intensity"
"Stabilisation",39,6,3,1,0.694444444444444,"High intensity"
"Stabilisation",39,7,7,1,0.744186046511628,"High intensity"
"Stabilisation",39,8,7,1,0.78,"High intensity"
"Stabilisation",39,9,5,1,0.8,"High intensity"
"Stabilisation",39,10,9,1,0.828125,"High intensity"
"Stabilisation",39,11,12,1,0.855263157894737,"High intensity"
"Stabilisation",39,12,5,1,0.864197530864197,"High intensity"
"Stabilisation",39,13,7,1,0.875,"High intensity"
"Stabilisation",39,14,7,1,0.884210526315789,"High intensity"
"Stabilisation",39,15,6,1,0.891089108910891,"High intensity"
"Stabilisation",39,16,4,1,0.895238095238095,"High intensity"
"Stabilisation",39,17,7,1,0.901785714285714,"High intensity"
"Stabilisation",39,18,7,1,0.907563025210084,"High intensity"
"Stabilisation",39,19,10,1,0.914728682170543,"High intensity"
"Stabilisation",39,20,4,1,0.917293233082707,"High intensity"
"Stabilisation",39,21,9,1,0.922535211267606,"High intensity"
"Stabilisation",39,22,7,1,0.926174496644295,"High intensity"
"Stabilisation",39,23,8,1,0.929936305732484,"High intensity"
"Stabilisation",39,24,7,1,0.932926829268293,"High intensity"
"Stabilisation",39,25,9,1,0.936416184971098,"High intensity"
"Stabilisation",39,26,10,1,0.939890710382514,"High intensity"
"Stabilisation",39,27,8,1,0.942408376963351,"High intensity"
"Stabilisation",39,28,5,1,0.943877551020408,"High intensity"
"Stabilisation",39,29,8,1,0.946078431372549,"High intensity"
"Stabilisation",39,30,6,1,0.947619047619048,"High intensity"
"Stabilisation",40,1,3,0,0,"High intensity"
"Stabilisation",40,2,2,0.5,0.2,"High intensity"
"Stabilisation",40,3,6,0.5,0.363636363636364,"High intensity"
"Stabilisation",40,4,3,1,0.5,"High intensity"
"Stabilisation",40,5,8,0.375,0.454545454545455,"High intensity"
"Stabilisation",40,6,4,1,0.538461538461538,"High intensity"
"Stabilisation",40,7,9,0.333333333333333,0.485714285714286,"High intensity"
"Stabilisation",40,8,7,0.428571428571429,0.476190476190476,"High intensity"
"Stabilisation",40,9,7,0.857142857142857,0.530612244897959,"High intensity"
"Stabilisation",40,10,10,1,0.610169491525424,"High intensity"
"Stabilisation",40,11,4,1,0.634920634920635,"High intensity"
"Stabilisation",40,12,3,1,0.651515151515151,"High intensity"
"Stabilisation",40,13,3,1,0.666666666666667,"High intensity"
"Stabilisation",40,14,6,1,0.693333333333333,"High intensity"
"Stabilisation",40,15,9,1,0.726190476190476,"High intensity"
"Stabilisation",40,16,6,1,0.744444444444444,"High intensity"
"Stabilisation",40,17,9,1,0.767676767676768,"High intensity"
"Stabilisation",40,18,9,1,0.787037037037037,"High intensity"
"Stabilisation",40,19,4,1,0.794642857142857,"High intensity"
"Stabilisation",40,20,4,1,0.801724137931034,"High intensity"
"Stabilisation",40,21,4,1,0.808333333333333,"High intensity"
"Stabilisation",40,22,9,1,0.821705426356589,"High intensity"
"Stabilisation",40,23,3,1,0.825757575757576,"High intensity"
"Stabilisation",40,24,8,1,0.835714285714286,"High intensity"
"Stabilisation",40,25,8,1,0.844594594594595,"High intensity"
"Stabilisation",40,26,6,1,0.850649350649351,"High intensity"
"Stabilisation",40,27,10,1,0.859756097560976,"High intensity"
"Stabilisation",40,28,3,1,0.862275449101796,"High intensity"
"Stabilisation",40,29,7,1,0.867816091954023,"High intensity"
"Stabilisation",40,30,3,1,0.870056497175141,"High intensity"
"Stabilisation",41,1,3,0.333333333333333,0.333333333333333,"High intensity"
"Stabilisation",41,2,5,0.4,0.375,"High intensity"
"Stabilisation",41,3,4,0.5,0.416666666666667,"High intensity"
"Stabilisation",41,4,4,0.5,0.4375,"High intensity"
"Stabilisation",41,5,5,0,0.333333333333333,"High intensity"
"Stabilisation",41,6,5,0.4,0.346153846153846,"High intensity"
"Stabilisation",41,7,11,0.454545454545455,0.378378378378378,"High intensity"
"Stabilisation",41,8,6,1,0.465116279069767,"High intensity"
"Stabilisation",41,9,4,1,0.51063829787234,"High intensity"
"Stabilisation",41,10,8,1,0.581818181818182,"High intensity"
"Stabilisation",41,11,1,1,0.589285714285714,"High intensity"
"Stabilisation",41,12,7,1,0.634920634920635,"High intensity"
"Stabilisation",41,13,6,1,0.666666666666667,"High intensity"
"Stabilisation",41,14,3,1,0.680555555555556,"High intensity"
"Stabilisation",41,15,4,1,0.697368421052632,"High intensity"
"Stabilisation",41,16,6,1,0.719512195121951,"High intensity"
"Stabilisation",41,17,4,1,0.732558139534884,"High intensity"
"Stabilisation",41,18,6,1,0.75,"High intensity"
"Stabilisation",41,19,5,1,0.762886597938144,"High intensity"
"Stabilisation",41,20,4,1,0.772277227722772,"High intensity"
"Stabilisation",41,21,1,1,0.774509803921569,"High intensity"
"Stabilisation",41,22,8,1,0.790909090909091,"High intensity"
"Stabilisation",41,23,6,1,0.801724137931034,"High intensity"
"Stabilisation",41,24,5,1,0.809917355371901,"High intensity"
"Stabilisation",41,25,8,1,0.821705426356589,"High intensity"
"Stabilisation",41,26,8,1,0.832116788321168,"High intensity"
"Stabilisation",41,27,7,1,0.840277777777778,"High intensity"
"Stabilisation",41,28,4,1,0.844594594594595,"High intensity"
"Stabilisation",41,29,6,1,0.850649350649351,"High intensity"
"Stabilisation",41,30,5,1,0.855345911949686,"High intensity"
"Stabilisation",42,1,2,0,0,"High intensity"
"Stabilisation",42,2,6,0.666666666666667,0.5,"High intensity"
"Stabilisation",42,3,5,0.4,0.461538461538462,"High intensity"
"Stabilisation",42,4,7,0,0.3,"High intensity"
"Stabilisation",42,5,2,1,0.363636363636364,"High intensity"
"Stabilisation",42,6,8,1,0.533333333333333,"High intensity"
"Stabilisation",42,7,4,1,0.588235294117647,"High intensity"
"Stabilisation",42,8,4,1,0.631578947368421,"High intensity"
"Stabilisation",42,9,6,1,0.681818181818182,"High intensity"
"Stabilisation",42,10,8,1,0.730769230769231,"High intensity"
"Stabilisation",42,11,7,1,0.76271186440678,"High intensity"
"Stabilisation",42,12,8,1,0.791044776119403,"High intensity"
"Stabilisation",42,13,10,1,0.818181818181818,"High intensity"
"Stabilisation",42,14,7,1,0.833333333333333,"High intensity"
"Stabilisation",42,15,1,1,0.835294117647059,"High intensity"
"Stabilisation",42,16,5,1,0.844444444444444,"High intensity"
"Stabilisation",42,17,4,1,0.851063829787234,"High intensity"
"Stabilisation",42,18,5,1,0.858585858585859,"High intensity"
"Stabilisation",42,19,6,1,0.866666666666667,"High intensity"
"Stabilisation",42,20,6,1,0.873873873873874,"High intensity"
"Stabilisation",42,21,7,1,0.88135593220339,"High intensity"
"Stabilisation",42,22,7,1,0.888,"High intensity"
"Stabilisation",42,23,5,1,0.892307692307692,"High intensity"
"Stabilisation",42,24,3,1,0.894736842105263,"High intensity"
"Stabilisation",42,25,7,1,0.9,"High intensity"
"Stabilisation",42,26,2,1,0.901408450704225,"High intensity"
"Stabilisation",42,27,6,1,0.905405405405405,"High intensity"
"Stabilisation",42,28,5,1,0.908496732026144,"High intensity"
"Stabilisation",42,29,3,1,0.91025641025641,"High intensity"
"Stabilisation",42,30,9,1,0.915151515151515,"High intensity"
"Stabilisation",43,1,6,0,0,"High intensity"
"Stabilisation",43,2,6,0.833333333333333,0.416666666666667,"High intensity"
"Stabilisation",43,3,5,1,0.588235294117647,"High intensity"
"Stabilisation",43,4,3,1,0.65,"High intensity"
"Stabilisation",43,5,6,0.833333333333333,0.692307692307692,"High intensity"
"Stabilisation",43,6,4,0.75,0.7,"High intensity"
"Stabilisation",43,7,5,1,0.742857142857143,"High intensity"
"Stabilisation",43,8,9,1,0.795454545454545,"High intensity"
"Stabilisation",43,9,7,1,0.823529411764706,"High intensity"
"Stabilisation",43,10,4,1,0.836363636363636,"High intensity"
"Stabilisation",43,11,4,1,0.847457627118644,"High intensity"
"Stabilisation",43,12,6,1,0.861538461538462,"High intensity"
"Stabilisation",43,13,8,1,0.876712328767123,"High intensity"
"Stabilisation",43,14,8,1,0.888888888888889,"High intensity"
"Stabilisation",43,15,3,1,0.892857142857143,"High intensity"
"Stabilisation",43,16,8,1,0.902173913043478,"High intensity"
"Stabilisation",43,17,3,1,0.905263157894737,"High intensity"
"Stabilisation",43,18,6,1,0.910891089108911,"High intensity"
"Stabilisation",43,19,6,1,0.91588785046729,"High intensity"
"Stabilisation",43,20,6,1,0.920353982300885,"High intensity"
"Stabilisation",43,21,4,1,0.923076923076923,"High intensity"
"Stabilisation",43,22,9,1,0.928571428571429,"High intensity"
"Stabilisation",43,23,15,1,0.936170212765957,"High intensity"
"Stabilisation",43,24,7,1,0.939189189189189,"High intensity"
"Stabilisation",43,25,4,1,0.940789473684211,"High intensity"
"Stabilisation",43,26,11,1,0.94478527607362,"High intensity"
"Stabilisation",43,27,5,1,0.946428571428571,"High intensity"
"Stabilisation",43,28,3,1,0.947368421052632,"High intensity"
"Stabilisation",43,29,7,1,0.949438202247191,"High intensity"
"Stabilisation",43,30,5,1,0.950819672131147,"High intensity"
"Stabilisation",44,1,2,0,0,"High intensity"
"Stabilisation",44,2,6,0.166666666666667,0.125,"High intensity"
"Stabilisation",44,3,4,0.75,0.333333333333333,"High intensity"
"Stabilisation",44,4,1,0,0.307692307692308,"High intensity"
"Stabilisation",44,5,4,0.5,0.352941176470588,"High intensity"
"Stabilisation",44,6,5,0.4,0.363636363636364,"High intensity"
"Stabilisation",44,7,5,0.8,0.444444444444444,"High intensity"
"Stabilisation",44,8,7,0.714285714285714,0.5,"High intensity"
"Stabilisation",44,9,5,0.6,0.512820512820513,"High intensity"
"Stabilisation",44,10,5,0.4,0.5,"High intensity"
"Stabilisation",44,11,5,0.8,0.530612244897959,"High intensity"
"Stabilisation",44,12,11,0.818181818181818,0.583333333333333,"High intensity"
"Stabilisation",44,13,2,0.5,0.580645161290323,"High intensity"
"Stabilisation",44,14,0,NA,0.580645161290323,"High intensity"
"Stabilisation",44,15,8,1,0.628571428571429,"High intensity"
"Stabilisation",44,16,8,1,0.666666666666667,"High intensity"
"Stabilisation",44,17,4,0.75,0.670731707317073,"High intensity"
"Stabilisation",44,18,7,1,0.696629213483146,"High intensity"
"Stabilisation",44,19,4,1,0.709677419354839,"High intensity"
"Stabilisation",44,20,9,1,0.735294117647059,"High intensity"
"Stabilisation",44,21,6,1,0.75,"High intensity"
"Stabilisation",44,22,6,1,0.763157894736842,"High intensity"
"Stabilisation",44,23,8,1,0.778688524590164,"High intensity"
"Stabilisation",44,24,8,1,0.792307692307692,"High intensity"
"Stabilisation",44,25,7,1,0.802919708029197,"High intensity"
"Stabilisation",44,26,3,1,0.807142857142857,"High intensity"
"Stabilisation",44,27,8,1,0.817567567567568,"High intensity"
"Stabilisation",44,28,8,1,0.826923076923077,"High intensity"
"Stabilisation",44,29,4,1,0.83125,"High intensity"
"Stabilisation",44,30,11,1,0.842105263157895,"High intensity"
"Stabilisation",45,1,9,0.666666666666667,0.666666666666667,"High intensity"
"Stabilisation",45,2,2,0.5,0.636363636363636,"High intensity"
"Stabilisation",45,3,8,0.5,0.578947368421053,"High intensity"
"Stabilisation",45,4,7,0.857142857142857,0.653846153846154,"High intensity"
"Stabilisation",45,5,4,0.75,0.666666666666667,"High intensity"
"Stabilisation",45,6,9,1,0.743589743589744,"High intensity"
"Stabilisation",45,7,4,1,0.767441860465116,"High intensity"
"Stabilisation",45,8,4,1,0.787234042553192,"High intensity"
"Stabilisation",45,9,0,NA,0.787234042553192,"High intensity"
"Stabilisation",45,10,2,1,0.795918367346939,"High intensity"
"Stabilisation",45,11,4,1,0.811320754716981,"High intensity"
"Stabilisation",45,12,6,0.833333333333333,0.813559322033898,"High intensity"
"Stabilisation",45,13,7,1,0.833333333333333,"High intensity"
"Stabilisation",45,14,8,1,0.851351351351351,"High intensity"
"Stabilisation",45,15,8,1,0.865853658536585,"High intensity"
"Stabilisation",45,16,1,1,0.867469879518072,"High intensity"
"Stabilisation",45,17,5,1,0.875,"High intensity"
"Stabilisation",45,18,6,1,0.882978723404255,"High intensity"
"Stabilisation",45,19,6,1,0.89,"High intensity"
"Stabilisation",45,20,11,1,0.900900900900901,"High intensity"
"Stabilisation",45,21,3,1,0.903508771929825,"High intensity"
"Stabilisation",45,22,5,1,0.907563025210084,"High intensity"
"Stabilisation",45,23,1,1,0.908333333333333,"High intensity"
"Stabilisation",45,24,1,1,0.909090909090909,"High intensity"
"Stabilisation",45,25,6,1,0.913385826771654,"High intensity"
"Stabilisation",45,26,2,1,0.914728682170543,"High intensity"
"Stabilisation",45,27,7,1,0.919117647058823,"High intensity"
"Stabilisation",45,28,6,1,0.922535211267606,"High intensity"
"Stabilisation",45,29,3,1,0.924137931034483,"High intensity"
"Stabilisation",45,30,3,1,0.925675675675676,"High intensity"
"Stabilisation",46,1,5,0.2,0.2,"High intensity"
"Stabilisation",46,2,4,0.25,0.222222222222222,"High intensity"
"Stabilisation",46,3,8,0.25,0.235294117647059,"High intensity"
"Stabilisation",46,4,9,0.888888888888889,0.461538461538462,"High intensity"
"Stabilisation",46,5,5,0,0.387096774193548,"High intensity"
"Stabilisation",46,6,3,1,0.441176470588235,"High intensity"
"Stabilisation",46,7,6,0.833333333333333,0.5,"High intensity"
"Stabilisation",46,8,6,1,0.565217391304348,"High intensity"
"Stabilisation",46,9,6,1,0.615384615384615,"High intensity"
"Stabilisation",46,10,5,1,0.649122807017544,"High intensity"
"Stabilisation",46,11,5,1,0.67741935483871,"High intensity"
"Stabilisation",46,12,5,1,0.701492537313433,"High intensity"
"Stabilisation",46,13,6,1,0.726027397260274,"High intensity"
"Stabilisation",46,14,9,1,0.75609756097561,"High intensity"
"Stabilisation",46,15,6,1,0.772727272727273,"High intensity"
"Stabilisation",46,16,3,1,0.78021978021978,"High intensity"
"Stabilisation",46,17,2,1,0.78494623655914,"High intensity"
"Stabilisation",46,18,6,1,0.797979797979798,"High intensity"
"Stabilisation",46,19,5,1,0.807692307692308,"High intensity"
"Stabilisation",46,20,9,1,0.823008849557522,"High intensity"
"Stabilisation",46,21,6,1,0.831932773109244,"High intensity"
"Stabilisation",46,22,9,1,0.84375,"High intensity"
"Stabilisation",46,23,6,1,0.850746268656716,"High intensity"
"Stabilisation",46,24,4,1,0.855072463768116,"High intensity"
"Stabilisation",46,25,7,1,0.862068965517241,"High intensity"
"Stabilisation",46,26,3,1,0.864864864864865,"High intensity"
"Stabilisation",46,27,9,1,0.872611464968153,"High intensity"
"Stabilisation",46,28,5,1,0.876543209876543,"High intensity"
"Stabilisation",46,29,9,1,0.883040935672515,"High intensity"
"Stabilisation",46,30,10,1,0.889502762430939,"High intensity"
"Stabilisation",47,1,7,0.428571428571429,0.428571428571429,"High intensity"
"Stabilisation",47,2,2,1,0.555555555555556,"High intensity"
"Stabilisation",47,3,8,0.5,0.529411764705882,"High intensity"
"Stabilisation",47,4,8,0.375,0.48,"High intensity"
"Stabilisation",47,5,11,0.636363636363636,0.527777777777778,"High intensity"
"Stabilisation",47,6,3,1,0.564102564102564,"High intensity"
"Stabilisation",47,7,3,1,0.595238095238095,"High intensity"
"Stabilisation",47,8,3,1,0.622222222222222,"High intensity"
"Stabilisation",47,9,1,1,0.630434782608696,"High intensity"
"Stabilisation",47,10,5,1,0.666666666666667,"High intensity"
"Stabilisation",47,11,6,1,0.701754385964912,"High intensity"
"Stabilisation",47,12,5,1,0.725806451612903,"High intensity"
"Stabilisation",47,13,6,1,0.75,"High intensity"
"Stabilisation",47,14,7,1,0.773333333333333,"High intensity"
"Stabilisation",47,15,3,1,0.782051282051282,"High intensity"
"Stabilisation",47,16,2,1,0.7875,"High intensity"
"Stabilisation",47,17,8,1,0.806818181818182,"High intensity"
"Stabilisation",47,18,7,1,0.821052631578947,"High intensity"
"Stabilisation",47,19,3,1,0.826530612244898,"High intensity"
"Stabilisation",47,20,6,1,0.836538461538462,"High intensity"
"Stabilisation",47,21,4,1,0.842592592592593,"High intensity"
"Stabilisation",47,22,6,1,0.850877192982456,"High intensity"
"Stabilisation",47,23,4,1,0.855932203389831,"High intensity"
"Stabilisation",47,24,10,1,0.8671875,"High intensity"
"Stabilisation",47,25,10,1,0.876811594202899,"High intensity"
"Stabilisation",47,26,2,1,0.878571428571429,"High intensity"
"Stabilisation",47,27,9,1,0.885906040268456,"High intensity"
"Stabilisation",47,28,5,1,0.88961038961039,"High intensity"
"Stabilisation",47,29,5,1,0.893081761006289,"High intensity"
"Stabilisation",47,30,4,1,0.895705521472393,"High intensity"
"Stabilisation",48,1,5,0.2,0.2,"High intensity"
"Stabilisation",48,2,3,0,0.125,"High intensity"
"Stabilisation",48,3,6,0.666666666666667,0.357142857142857,"High intensity"
"Stabilisation",48,4,7,0.857142857142857,0.523809523809524,"High intensity"
"Stabilisation",48,5,5,1,0.615384615384615,"High intensity"
"Stabilisation",48,6,10,1,0.722222222222222,"High intensity"
"Stabilisation",48,7,3,1,0.743589743589744,"High intensity"
"Stabilisation",48,8,4,1,0.767441860465116,"High intensity"
"Stabilisation",48,9,3,1,0.782608695652174,"High intensity"
"Stabilisation",48,10,7,1,0.811320754716981,"High intensity"
"Stabilisation",48,11,7,1,0.833333333333333,"High intensity"
"Stabilisation",48,12,6,1,0.848484848484849,"High intensity"
"Stabilisation",48,13,11,1,0.87012987012987,"High intensity"
"Stabilisation",48,14,6,1,0.879518072289157,"High intensity"
"Stabilisation",48,15,8,1,0.89010989010989,"High intensity"
"Stabilisation",48,16,6,1,0.896907216494845,"High intensity"
"Stabilisation",48,17,8,1,0.904761904761905,"High intensity"
"Stabilisation",48,18,7,1,0.910714285714286,"High intensity"
"Stabilisation",48,19,9,1,0.917355371900826,"High intensity"
"Stabilisation",48,20,7,1,0.921875,"High intensity"
"Stabilisation",48,21,7,1,0.925925925925926,"High intensity"
"Stabilisation",48,22,3,1,0.927536231884058,"High intensity"
"Stabilisation",48,23,2,1,0.928571428571429,"High intensity"
"Stabilisation",48,24,4,1,0.930555555555556,"High intensity"
"Stabilisation",48,25,8,1,0.934210526315789,"High intensity"
"Stabilisation",48,26,6,1,0.936708860759494,"High intensity"
"Stabilisation",48,27,5,1,0.938650306748466,"High intensity"
"Stabilisation",48,28,8,1,0.941520467836257,"High intensity"
"Stabilisation",48,29,5,1,0.943181818181818,"High intensity"
"Stabilisation",48,30,6,1,0.945054945054945,"High intensity"
"Stabilisation",49,1,3,0.333333333333333,0.333333333333333,"High intensity"
"Stabilisation",49,2,3,0.333333333333333,0.333333333333333,"High intensity"
"Stabilisation",49,3,13,0.461538461538462,0.421052631578947,"High intensity"
"Stabilisation",49,4,4,0.5,0.434782608695652,"High intensity"
"Stabilisation",49,5,5,0.2,0.392857142857143,"High intensity"
"Stabilisation",49,6,8,0.875,0.5,"High intensity"
"Stabilisation",49,7,4,1,0.55,"High intensity"
"Stabilisation",49,8,4,1,0.590909090909091,"High intensity"
"Stabilisation",49,9,6,1,0.64,"High intensity"
"Stabilisation",49,10,9,1,0.694915254237288,"High intensity"
"Stabilisation",49,11,2,1,0.704918032786885,"High intensity"
"Stabilisation",49,12,12,1,0.753424657534247,"High intensity"
"Stabilisation",49,13,6,1,0.772151898734177,"High intensity"
"Stabilisation",49,14,10,1,0.797752808988764,"High intensity"
"Stabilisation",49,15,5,1,0.808510638297872,"High intensity"
"Stabilisation",49,16,8,1,0.823529411764706,"High intensity"
"Stabilisation",49,17,8,1,0.836363636363636,"High intensity"
"Stabilisation",49,18,4,1,0.842105263157895,"High intensity"
"Stabilisation",49,19,4,1,0.847457627118644,"High intensity"
"Stabilisation",49,20,10,1,0.859375,"High intensity"
"Stabilisation",49,21,5,1,0.864661654135338,"High intensity"
"Stabilisation",49,22,6,1,0.870503597122302,"High intensity"
"Stabilisation",49,23,3,1,0.873239436619718,"High intensity"
"Stabilisation",49,24,2,1,0.875,"High intensity"
"Stabilisation",49,25,7,1,0.880794701986755,"High intensity"
"Stabilisation",49,26,0,NA,0.880794701986755,"High intensity"
"Stabilisation",49,27,7,1,0.886075949367089,"High intensity"
"Stabilisation",49,28,4,1,0.888888888888889,"High intensity"
"Stabilisation",49,29,4,1,0.891566265060241,"High intensity"
"Stabilisation",49,30,5,1,0.894736842105263,"High intensity"
"Stabilisation",50,1,3,0,0,"High intensity"
"Stabilisation",50,2,9,0.888888888888889,0.666666666666667,"High intensity"
"Stabilisation",50,3,3,1,0.733333333333333,"High intensity"
"Stabilisation",50,4,7,0.285714285714286,0.590909090909091,"High intensity"
"Stabilisation",50,5,2,0.5,0.583333333333333,"High intensity"
"Stabilisation",50,6,3,1,0.62962962962963,"High intensity"
"Stabilisation",50,7,2,1,0.655172413793103,"High intensity"
"Stabilisation",50,8,10,1,0.743589743589744,"High intensity"
"Stabilisation",50,9,3,1,0.761904761904762,"High intensity"
"Stabilisation",50,10,5,1,0.787234042553192,"High intensity"
"Stabilisation",50,11,5,1,0.807692307692308,"High intensity"
"Stabilisation",50,12,3,1,0.818181818181818,"High intensity"
"Stabilisation",50,13,8,1,0.841269841269841,"High intensity"
"Stabilisation",50,14,7,1,0.857142857142857,"High intensity"
"Stabilisation",50,15,4,1,0.864864864864865,"High intensity"
"Stabilisation",50,16,4,1,0.871794871794872,"High intensity"
"Stabilisation",50,17,2,1,0.875,"High intensity"
"Stabilisation",50,18,14,1,0.893617021276596,"High intensity"
"Stabilisation",50,19,4,1,0.897959183673469,"High intensity"
"Stabilisation",50,20,10,1,0.907407407407407,"High intensity"
"Stabilisation",50,21,1,1,0.908256880733945,"High intensity"
"Stabilisation",50,22,6,1,0.91304347826087,"High intensity"
"Stabilisation",50,23,4,1,0.915966386554622,"High intensity"
"Stabilisation",50,24,5,1,0.919354838709677,"High intensity"
"Stabilisation",50,25,3,1,0.921259842519685,"High intensity"
"Stabilisation",50,26,10,1,0.927007299270073,"High intensity"
"Stabilisation",50,27,8,1,0.931034482758621,"High intensity"
"Stabilisation",50,28,11,1,0.935897435897436,"High intensity"
"Stabilisation",50,29,6,1,0.938271604938272,"High intensity"
"Stabilisation",50,30,6,1,0.94047619047619,"High intensity"
"Post-definitive care",1,1,3,1,1,"High intensity"
"Post-definitive care",1,2,6,0.833333333333333,0.888888888888889,"High intensity"
"Post-definitive care",1,3,9,1,0.944444444444444,"High intensity"
"Post-definitive care",1,4,11,1,0.96551724137931,"High intensity"
"Post-definitive care",1,5,7,1,0.972222222222222,"High intensity"
"Post-definitive care",1,6,6,1,0.976190476190476,"High intensity"
"Post-definitive care",1,7,7,1,0.979591836734694,"High intensity"
"Post-definitive care",1,8,14,1,0.984126984126984,"High intensity"
"Post-definitive care",1,9,7,1,0.985714285714286,"High intensity"
"Post-definitive care",1,10,6,1,0.986842105263158,"High intensity"
"Post-definitive care",1,11,8,1,0.988095238095238,"High intensity"
"Post-definitive care",1,12,9,1,0.989247311827957,"High intensity"
"Post-definitive care",1,13,7,1,0.99,"High intensity"
"Post-definitive care",1,14,4,1,0.990384615384615,"High intensity"
"Post-definitive care",1,15,3,1,0.990654205607477,"High intensity"
"Post-definitive care",1,16,12,1,0.991596638655462,"High intensity"
"Post-definitive care",1,17,9,1,0.9921875,"High intensity"
"Post-definitive care",1,18,9,1,0.992700729927007,"High intensity"
"Post-definitive care",1,19,3,1,0.992857142857143,"High intensity"
"Post-definitive care",1,20,4,1,0.993055555555556,"High intensity"
"Post-definitive care",1,21,5,1,0.993288590604027,"High intensity"
"Post-definitive care",1,22,11,1,0.99375,"High intensity"
"Post-definitive care",1,23,10,1,0.994117647058824,"High intensity"
"Post-definitive care",1,24,6,1,0.994318181818182,"High intensity"
"Post-definitive care",1,25,6,1,0.994505494505495,"High intensity"
"Post-definitive care",1,26,6,1,0.99468085106383,"High intensity"
"Post-definitive care",1,27,3,1,0.994764397905759,"High intensity"
"Post-definitive care",1,28,3,1,0.994845360824742,"High intensity"
"Post-definitive care",1,29,8,1,0.995049504950495,"High intensity"
"Post-definitive care",1,30,7,1,0.995215311004785,"High intensity"
"Post-definitive care",2,1,3,0.333333333333333,0.333333333333333,"High intensity"
"Post-definitive care",2,2,4,0.5,0.428571428571429,"High intensity"
"Post-definitive care",2,3,9,1,0.75,"High intensity"
"Post-definitive care",2,4,3,1,0.789473684210526,"High intensity"
"Post-definitive care",2,5,4,1,0.826086956521739,"High intensity"
"Post-definitive care",2,6,5,1,0.857142857142857,"High intensity"
"Post-definitive care",2,7,7,1,0.885714285714286,"High intensity"
"Post-definitive care",2,8,7,1,0.904761904761905,"High intensity"
"Post-definitive care",2,9,10,1,0.923076923076923,"High intensity"
"Post-definitive care",2,10,8,1,0.933333333333333,"High intensity"
"Post-definitive care",2,11,9,1,0.942028985507246,"High intensity"
"Post-definitive care",2,12,10,1,0.949367088607595,"High intensity"
"Post-definitive care",2,13,6,1,0.952941176470588,"High intensity"
"Post-definitive care",2,14,8,1,0.956989247311828,"High intensity"
"Post-definitive care",2,15,9,1,0.96078431372549,"High intensity"
"Post-definitive care",2,16,7,1,0.963302752293578,"High intensity"
"Post-definitive care",2,17,8,1,0.965811965811966,"High intensity"
"Post-definitive care",2,18,3,1,0.966666666666667,"High intensity"
"Post-definitive care",2,19,7,1,0.968503937007874,"High intensity"
"Post-definitive care",2,20,6,1,0.969924812030075,"High intensity"
"Post-definitive care",2,21,5,1,0.971014492753623,"High intensity"
"Post-definitive care",2,22,8,1,0.972602739726027,"High intensity"
"Post-definitive care",2,23,8,1,0.974025974025974,"High intensity"
"Post-definitive care",2,24,10,1,0.975609756097561,"High intensity"
"Post-definitive care",2,25,7,1,0.976608187134503,"High intensity"
"Post-definitive care",2,26,8,1,0.977653631284916,"High intensity"
"Post-definitive care",2,27,6,1,0.978378378378378,"High intensity"
"Post-definitive care",2,28,14,1,0.979899497487437,"High intensity"
"Post-definitive care",2,29,3,1,0.98019801980198,"High intensity"
"Post-definitive care",2,30,7,1,0.980861244019139,"High intensity"
"Post-definitive care",3,1,7,0.714285714285714,0.714285714285714,"High intensity"
"Post-definitive care",3,2,7,0.857142857142857,0.785714285714286,"High intensity"
"Post-definitive care",3,3,5,0.6,0.736842105263158,"High intensity"
"Post-definitive care",3,4,6,0.833333333333333,0.76,"High intensity"
"Post-definitive care",3,5,6,1,0.806451612903226,"High intensity"
"Post-definitive care",3,6,6,0.833333333333333,0.810810810810811,"High intensity"
"Post-definitive care",3,7,6,0.833333333333333,0.813953488372093,"High intensity"
"Post-definitive care",3,8,8,0.875,0.823529411764706,"High intensity"
"Post-definitive care",3,9,11,0.909090909090909,0.838709677419355,"High intensity"
"Post-definitive care",3,10,5,1,0.850746268656716,"High intensity"
"Post-definitive care",3,11,5,1,0.861111111111111,"High intensity"
"Post-definitive care",3,12,5,1,0.87012987012987,"High intensity"
"Post-definitive care",3,13,9,1,0.883720930232558,"High intensity"
"Post-definitive care",3,14,6,1,0.891304347826087,"High intensity"
"Post-definitive care",3,15,7,1,0.898989898989899,"High intensity"
"Post-definitive care",3,16,3,1,0.901960784313726,"High intensity"
"Post-definitive care",3,17,4,1,0.905660377358491,"High intensity"
"Post-definitive care",3,18,9,1,0.91304347826087,"High intensity"
"Post-definitive care",3,19,13,1,0.921875,"High intensity"
"Post-definitive care",3,20,6,1,0.925373134328358,"High intensity"
"Post-definitive care",3,21,10,1,0.930555555555556,"High intensity"
"Post-definitive care",3,22,6,1,0.933333333333333,"High intensity"
"Post-definitive care",3,23,11,1,0.937888198757764,"High intensity"
"Post-definitive care",3,24,8,1,0.940828402366864,"High intensity"
"Post-definitive care",3,25,8,1,0.943502824858757,"High intensity"
"Post-definitive care",3,26,7,1,0.945652173913043,"High intensity"
"Post-definitive care",3,27,7,1,0.947643979057592,"High intensity"
"Post-definitive care",3,28,9,1,0.95,"High intensity"
"Post-definitive care",3,29,9,1,0.952153110047847,"High intensity"
"Post-definitive care",3,30,4,1,0.953051643192488,"High intensity"
"Post-definitive care",4,1,2,0,0,"High intensity"
"Post-definitive care",4,2,6,0.666666666666667,0.5,"High intensity"
"Post-definitive care",4,3,5,0.4,0.461538461538462,"High intensity"
"Post-definitive care",4,4,2,0,0.4,"High intensity"
"Post-definitive care",4,5,8,1,0.608695652173913,"High intensity"
"Post-definitive care",4,6,7,0.857142857142857,0.666666666666667,"High intensity"
"Post-definitive care",4,7,7,0.714285714285714,0.675675675675676,"High intensity"
"Post-definitive care",4,8,8,0.75,0.688888888888889,"High intensity"
"Post-definitive care",4,9,12,1,0.754385964912281,"High intensity"
"Post-definitive care",4,10,7,1,0.78125,"High intensity"
"Post-definitive care",4,11,6,1,0.8,"High intensity"
"Post-definitive care",4,12,5,1,0.813333333333333,"High intensity"
"Post-definitive care",4,13,5,1,0.825,"High intensity"
"Post-definitive care",4,14,2,1,0.829268292682927,"High intensity"
"Post-definitive care",4,15,4,1,0.837209302325581,"High intensity"
"Post-definitive care",4,16,6,1,0.847826086956522,"High intensity"
"Post-definitive care",4,17,12,1,0.865384615384615,"High intensity"
"Post-definitive care",4,18,9,1,0.876106194690266,"High intensity"
"Post-definitive care",4,19,5,1,0.88135593220339,"High intensity"
"Post-definitive care",4,20,9,1,0.889763779527559,"High intensity"
"Post-definitive care",4,21,9,1,0.897058823529412,"High intensity"
"Post-definitive care",4,22,6,1,0.901408450704225,"High intensity"
"Post-definitive care",4,23,10,1,0.907894736842105,"High intensity"
"Post-definitive care",4,24,8,1,0.9125,"High intensity"
"Post-definitive care",4,25,1,1,0.91304347826087,"High intensity"
"Post-definitive care",4,26,5,1,0.91566265060241,"High intensity"
"Post-definitive care",4,27,8,1,0.919540229885057,"High intensity"
"Post-definitive care",4,28,5,1,0.921787709497207,"High intensity"
"Post-definitive care",4,29,7,1,0.924731182795699,"High intensity"
"Post-definitive care",4,30,5,1,0.926701570680628,"High intensity"
"Post-definitive care",5,1,6,0.666666666666667,0.666666666666667,"High intensity"
"Post-definitive care",5,2,10,1,0.875,"High intensity"
"Post-definitive care",5,3,3,1,0.894736842105263,"High intensity"
"Post-definitive care",5,4,5,1,0.916666666666667,"High intensity"
"Post-definitive care",5,5,9,1,0.939393939393939,"High intensity"
"Post-definitive care",5,6,2,1,0.942857142857143,"High intensity"
"Post-definitive care",5,7,4,1,0.948717948717949,"High intensity"
"Post-definitive care",5,8,6,1,0.955555555555556,"High intensity"
"Post-definitive care",5,9,5,1,0.96,"High intensity"
"Post-definitive care",5,10,4,1,0.962962962962963,"High intensity"
"Post-definitive care",5,11,14,1,0.970588235294118,"High intensity"
"Post-definitive care",5,12,6,1,0.972972972972973,"High intensity"
"Post-definitive care",5,13,5,1,0.974683544303797,"High intensity"
"Post-definitive care",5,14,4,1,0.975903614457831,"High intensity"
"Post-definitive care",5,15,6,1,0.97752808988764,"High intensity"
"Post-definitive care",5,16,8,1,0.979381443298969,"High intensity"
"Post-definitive care",5,17,12,1,0.981651376146789,"High intensity"
"Post-definitive care",5,18,5,1,0.982456140350877,"High intensity"
"Post-definitive care",5,19,11,1,0.984,"High intensity"
"Post-definitive care",5,20,8,1,0.984962406015038,"High intensity"
"Post-definitive care",5,21,9,1,0.985915492957746,"High intensity"
"Post-definitive care",5,22,7,1,0.986577181208054,"High intensity"
"Post-definitive care",5,23,10,1,0.987421383647799,"High intensity"
"Post-definitive care",5,24,11,1,0.988235294117647,"High intensity"
"Post-definitive care",5,25,10,1,0.988888888888889,"High intensity"
"Post-definitive care",5,26,5,1,0.989189189189189,"High intensity"
"Post-definitive care",5,27,8,1,0.989637305699482,"High intensity"
"Post-definitive care",5,28,4,1,0.989847715736041,"High intensity"
"Post-definitive care",5,29,9,1,0.990291262135922,"High intensity"
"Post-definitive care",5,30,5,1,0.990521327014218,"High intensity"
"Post-definitive care",6,1,0,NA,NA,"High intensity"
"Post-definitive care",6,2,2,0.5,0.5,"High intensity"
"Post-definitive care",6,3,9,0.555555555555556,0.545454545454545,"High intensity"
"Post-definitive care",6,4,6,1,0.705882352941177,"High intensity"
"Post-definitive care",6,5,8,1,0.8,"High intensity"
"Post-definitive care",6,6,8,1,0.848484848484849,"High intensity"
"Post-definitive care",6,7,7,1,0.875,"High intensity"
"Post-definitive care",6,8,10,1,0.9,"High intensity"
"Post-definitive care",6,9,7,1,0.912280701754386,"High intensity"
"Post-definitive care",6,10,5,1,0.919354838709677,"High intensity"
"Post-definitive care",6,11,4,1,0.924242424242424,"High intensity"
"Post-definitive care",6,12,5,1,0.929577464788732,"High intensity"
"Post-definitive care",6,13,5,1,0.934210526315789,"High intensity"
"Post-definitive care",6,14,11,1,0.942528735632184,"High intensity"
"Post-definitive care",6,15,11,1,0.948979591836735,"High intensity"
"Post-definitive care",6,16,7,1,0.952380952380952,"High intensity"
"Post-definitive care",6,17,8,1,0.955752212389381,"High intensity"
"Post-definitive care",6,18,8,1,0.958677685950413,"High intensity"
"Post-definitive care",6,19,7,1,0.9609375,"High intensity"
"Post-definitive care",6,20,8,1,0.963235294117647,"High intensity"
"Post-definitive care",6,21,6,1,0.964788732394366,"High intensity"
"Post-definitive care",6,22,6,1,0.966216216216216,"High intensity"
"Post-definitive care",6,23,7,1,0.967741935483871,"High intensity"
"Post-definitive care",6,24,7,1,0.969135802469136,"High intensity"
"Post-definitive care",6,25,5,1,0.970059880239521,"High intensity"
"Post-definitive care",6,26,8,1,0.971428571428571,"High intensity"
"Post-definitive care",6,27,10,1,0.972972972972973,"High intensity"
"Post-definitive care",6,28,8,1,0.974093264248705,"High intensity"
"Post-definitive care",6,29,5,1,0.974747474747475,"High intensity"
"Post-definitive care",6,30,13,1,0.976303317535545,"High intensity"
"Post-definitive care",7,1,6,0.666666666666667,0.666666666666667,"High intensity"
"Post-definitive care",7,2,5,1,0.818181818181818,"High intensity"
"Post-definitive care",7,3,5,1,0.875,"High intensity"
"Post-definitive care",7,4,5,1,0.904761904761905,"High intensity"
"Post-definitive care",7,5,3,1,0.916666666666667,"High intensity"
"Post-definitive care",7,6,11,0.818181818181818,0.885714285714286,"High intensity"
"Post-definitive care",7,7,4,0.75,0.871794871794872,"High intensity"
"Post-definitive care",7,8,6,0.833333333333333,0.866666666666667,"High intensity"
"Post-definitive care",7,9,8,1,0.886792452830189,"High intensity"
"Post-definitive care",7,10,10,1,0.904761904761905,"High intensity"
"Post-definitive care",7,11,13,1,0.921052631578947,"High intensity"
"Post-definitive care",7,12,4,1,0.925,"High intensity"
"Post-definitive care",7,13,11,1,0.934065934065934,"High intensity"
"Post-definitive care",7,14,5,1,0.9375,"High intensity"
"Post-definitive care",7,15,10,1,0.943396226415094,"High intensity"
"Post-definitive care",7,16,8,1,0.947368421052632,"High intensity"
"Post-definitive care",7,17,4,1,0.949152542372881,"High intensity"
"Post-definitive care",7,18,8,1,0.952380952380952,"High intensity"
"Post-definitive care",7,19,10,1,0.955882352941177,"High intensity"
"Post-definitive care",7,20,7,1,0.958041958041958,"High intensity"
"Post-definitive care",7,21,12,1,0.961290322580645,"High intensity"
"Post-definitive care",7,22,8,1,0.96319018404908,"High intensity"
"Post-definitive care",7,23,11,1,0.96551724137931,"High intensity"
"Post-definitive care",7,24,10,1,0.967391304347826,"High intensity"
"Post-definitive care",7,25,7,1,0.968586387434555,"High intensity"
"Post-definitive care",7,26,8,1,0.969849246231156,"High intensity"
"Post-definitive care",7,27,8,1,0.971014492753623,"High intensity"
"Post-definitive care",7,28,8,1,0.972093023255814,"High intensity"
"Post-definitive care",7,29,8,1,0.973094170403587,"High intensity"
"Post-definitive care",7,30,4,1,0.973568281938326,"High intensity"
"Post-definitive care",8,1,2,0,0,"High intensity"
"Post-definitive care",8,2,6,0.5,0.375,"High intensity"
"Post-definitive care",8,3,7,0.857142857142857,0.6,"High intensity"
"Post-definitive care",8,4,7,1,0.727272727272727,"High intensity"
"Post-definitive care",8,5,10,1,0.8125,"High intensity"
"Post-definitive care",8,6,10,0.9,0.833333333333333,"High intensity"
"Post-definitive care",8,7,13,0.923076923076923,0.854545454545454,"High intensity"
"Post-definitive care",8,8,7,0.714285714285714,0.838709677419355,"High intensity"
"Post-definitive care",8,9,11,1,0.863013698630137,"High intensity"
"Post-definitive care",8,10,10,1,0.879518072289157,"High intensity"
"Post-definitive care",8,11,12,1,0.894736842105263,"High intensity"
"Post-definitive care",8,12,10,1,0.904761904761905,"High intensity"
"Post-definitive care",8,13,6,1,0.90990990990991,"High intensity"
"Post-definitive care",8,14,7,1,0.915254237288136,"High intensity"
"Post-definitive care",8,15,8,1,0.920634920634921,"High intensity"
"Post-definitive care",8,16,6,1,0.924242424242424,"High intensity"
"Post-definitive care",8,17,6,1,0.927536231884058,"High intensity"
"Post-definitive care",8,18,6,1,0.930555555555556,"High intensity"
"Post-definitive care",8,19,6,1,0.933333333333333,"High intensity"
"Post-definitive care",8,20,9,1,0.937106918238994,"High intensity"
"Post-definitive care",8,21,4,1,0.938650306748466,"High intensity"
"Post-definitive care",8,22,5,1,0.94047619047619,"High intensity"
"Post-definitive care",8,23,8,1,0.943181818181818,"High intensity"
"Post-definitive care",8,24,6,1,0.945054945054945,"High intensity"
"Post-definitive care",8,25,13,1,0.948717948717949,"High intensity"
"Post-definitive care",8,26,4,1,0.949748743718593,"High intensity"
"Post-definitive care",8,27,8,1,0.951690821256039,"High intensity"
"Post-definitive care",8,28,7,1,0.953271028037383,"High intensity"
"Post-definitive care",8,29,3,1,0.953917050691244,"High intensity"
"Post-definitive care",8,30,10,1,0.955947136563877,"High intensity"
"Post-definitive care",9,1,4,0.25,0.25,"High intensity"
"Post-definitive care",9,2,3,0.666666666666667,0.428571428571429,"High intensity"
"Post-definitive care",9,3,6,0.666666666666667,0.538461538461538,"High intensity"
"Post-definitive care",9,4,13,0.846153846153846,0.692307692307692,"High intensity"
"Post-definitive care",9,5,4,0.75,0.7,"High intensity"
"Post-definitive care",9,6,6,1,0.75,"High intensity"
"Post-definitive care",9,7,4,1,0.775,"High intensity"
"Post-definitive care",9,8,6,0.833333333333333,0.782608695652174,"High intensity"
"Post-definitive care",9,9,10,1,0.821428571428571,"High intensity"
"Post-definitive care",9,10,5,1,0.836065573770492,"High intensity"
"Post-definitive care",9,11,11,1,0.861111111111111,"High intensity"
"Post-definitive care",9,12,6,1,0.871794871794872,"High intensity"
"Post-definitive care",9,13,9,1,0.885057471264368,"High intensity"
"Post-definitive care",9,14,4,1,0.89010989010989,"High intensity"
"Post-definitive care",9,15,8,1,0.898989898989899,"High intensity"
"Post-definitive care",9,16,8,1,0.906542056074766,"High intensity"
"Post-definitive care",9,17,6,1,0.911504424778761,"High intensity"
"Post-definitive care",9,18,10,1,0.91869918699187,"High intensity"
"Post-definitive care",9,19,7,1,0.923076923076923,"High intensity"
"Post-definitive care",9,20,8,1,0.927536231884058,"High intensity"
"Post-definitive care",9,21,7,1,0.931034482758621,"High intensity"
"Post-definitive care",9,22,8,1,0.934640522875817,"High intensity"
"Post-definitive care",9,23,9,1,0.938271604938272,"High intensity"
"Post-definitive care",9,24,12,1,0.942528735632184,"High intensity"
"Post-definitive care",9,25,3,1,0.943502824858757,"High intensity"
"Post-definitive care",9,26,3,1,0.944444444444444,"High intensity"
"Post-definitive care",9,27,3,1,0.945355191256831,"High intensity"
"Post-definitive care",9,28,4,1,0.946524064171123,"High intensity"
"Post-definitive care",9,29,7,1,0.948453608247423,"High intensity"
"Post-definitive care",9,30,9,1,0.950738916256158,"High intensity"
"Post-definitive care",10,1,7,0.571428571428571,0.571428571428571,"High intensity"
"Post-definitive care",10,2,10,0.9,0.764705882352941,"High intensity"
"Post-definitive care",10,3,5,1,0.818181818181818,"High intensity"
"Post-definitive care",10,4,4,0.5,0.769230769230769,"High intensity"
"Post-definitive care",10,5,6,0.5,0.71875,"High intensity"
"Post-definitive care",10,6,7,0.714285714285714,0.717948717948718,"High intensity"
"Post-definitive care",10,7,5,1,0.75,"High intensity"
"Post-definitive care",10,8,3,1,0.765957446808511,"High intensity"
"Post-definitive care",10,9,5,1,0.788461538461538,"High intensity"
"Post-definitive care",10,10,5,1,0.807017543859649,"High intensity"
"Post-definitive care",10,11,9,1,0.833333333333333,"High intensity"
"Post-definitive care",10,12,8,1,0.851351351351351,"High intensity"
"Post-definitive care",10,13,6,1,0.8625,"High intensity"
"Post-definitive care",10,14,6,1,0.872093023255814,"High intensity"
"Post-definitive care",10,15,6,1,0.880434782608696,"High intensity"
"Post-definitive care",10,16,7,1,0.888888888888889,"High intensity"
"Post-definitive care",10,17,4,1,0.893203883495146,"High intensity"
"Post-definitive care",10,18,12,1,0.904347826086957,"High intensity"
"Post-definitive care",10,19,4,1,0.907563025210084,"High intensity"
"Post-definitive care",10,20,10,1,0.914728682170543,"High intensity"
"Post-definitive care",10,21,11,1,0.921428571428571,"High intensity"
"Post-definitive care",10,22,9,1,0.926174496644295,"High intensity"
"Post-definitive care",10,23,6,1,0.929032258064516,"High intensity"
"Post-definitive care",10,24,9,1,0.932926829268293,"High intensity"
"Post-definitive care",10,25,7,1,0.935672514619883,"High intensity"
"Post-definitive care",10,26,7,1,0.938202247191011,"High intensity"
"Post-definitive care",10,27,5,1,0.939890710382514,"High intensity"
"Post-definitive care",10,28,6,1,0.941798941798942,"High intensity"
"Post-definitive care",10,29,6,1,0.943589743589744,"High intensity"
"Post-definitive care",10,30,11,1,0.946601941747573,"High intensity"
"Post-definitive care",11,1,6,0.5,0.5,"High intensity"
"Post-definitive care",11,2,3,0.333333333333333,0.444444444444444,"High intensity"
"Post-definitive care",11,3,2,0.5,0.454545454545455,"High intensity"
"Post-definitive care",11,4,7,0.714285714285714,0.555555555555556,"High intensity"
"Post-definitive care",11,5,11,0.818181818181818,0.655172413793103,"High intensity"
"Post-definitive care",11,6,0,NA,0.655172413793103,"High intensity"
"Post-definitive care",11,7,0,NA,0.655172413793103,"High intensity"
"Post-definitive care",11,8,7,0.714285714285714,0.666666666666667,"High intensity"
"Post-definitive care",11,9,6,0.833333333333333,0.69047619047619,"High intensity"
"Post-definitive care",11,10,7,1,0.73469387755102,"High intensity"
"Post-definitive care",11,11,11,1,0.783333333333333,"High intensity"
"Post-definitive care",11,12,9,1,0.811594202898551,"High intensity"
"Post-definitive care",11,13,9,1,0.833333333333333,"High intensity"
"Post-definitive care",11,14,7,1,0.847058823529412,"High intensity"
"Post-definitive care",11,15,5,1,0.855555555555556,"High intensity"
"Post-definitive care",11,16,8,1,0.86734693877551,"High intensity"
"Post-definitive care",11,17,14,1,0.883928571428571,"High intensity"
"Post-definitive care",11,18,6,1,0.889830508474576,"High intensity"
"Post-definitive care",11,19,3,1,0.892561983471074,"High intensity"
"Post-definitive care",11,20,8,1,0.89922480620155,"High intensity"
"Post-definitive care",11,21,6,1,0.903703703703704,"High intensity"
"Post-definitive care",11,22,4,1,0.906474820143885,"High intensity"
"Post-definitive care",11,23,4,1,0.909090909090909,"High intensity"
"Post-definitive care",11,24,4,1,0.91156462585034,"High intensity"
"Post-definitive care",11,25,10,1,0.917197452229299,"High intensity"
"Post-definitive care",11,26,7,1,0.920731707317073,"High intensity"
"Post-definitive care",11,27,7,1,0.923976608187134,"High intensity"
"Post-definitive care",11,28,7,1,0.926966292134832,"High intensity"
"Post-definitive care",11,29,3,1,0.92817679558011,"High intensity"
"Post-definitive care",11,30,8,1,0.931216931216931,"High intensity"
"Post-definitive care",12,1,7,0.571428571428571,0.571428571428571,"High intensity"
"Post-definitive care",12,2,9,0.777777777777778,0.6875,"High intensity"
"Post-definitive care",12,3,5,1,0.761904761904762,"High intensity"
"Post-definitive care",12,4,5,0.6,0.730769230769231,"High intensity"
"Post-definitive care",12,5,5,0.6,0.709677419354839,"High intensity"
"Post-definitive care",12,6,3,0.666666666666667,0.705882352941177,"High intensity"
"Post-definitive care",12,7,6,1,0.75,"High intensity"
"Post-definitive care",12,8,10,1,0.8,"High intensity"
"Post-definitive care",12,9,5,1,0.818181818181818,"High intensity"
"Post-definitive care",12,10,10,1,0.846153846153846,"High intensity"
"Post-definitive care",12,11,10,1,0.866666666666667,"High intensity"
"Post-definitive care",12,12,10,1,0.882352941176471,"High intensity"
"Post-definitive care",12,13,3,1,0.886363636363636,"High intensity"
"Post-definitive care",12,14,3,1,0.89010989010989,"High intensity"
"Post-definitive care",12,15,7,1,0.897959183673469,"High intensity"
"Post-definitive care",12,16,11,1,0.908256880733945,"High intensity"
"Post-definitive care",12,17,9,1,0.915254237288136,"High intensity"
"Post-definitive care",12,18,7,1,0.92,"High intensity"
"Post-definitive care",12,19,15,1,0.928571428571429,"High intensity"
"Post-definitive care",12,20,7,1,0.931972789115646,"High intensity"
"Post-definitive care",12,21,6,1,0.934640522875817,"High intensity"
"Post-definitive care",12,22,4,1,0.936305732484076,"High intensity"
"Post-definitive care",12,23,4,1,0.937888198757764,"High intensity"
"Post-definitive care",12,24,3,1,0.939024390243902,"High intensity"
"Post-definitive care",12,25,3,1,0.940119760479042,"High intensity"
"Post-definitive care",12,26,10,1,0.943502824858757,"High intensity"
"Post-definitive care",12,27,6,1,0.945355191256831,"High intensity"
"Post-definitive care",12,28,4,1,0.946524064171123,"High intensity"
"Post-definitive care",12,29,10,1,0.949238578680203,"High intensity"
"Post-definitive care",12,30,9,1,0.951456310679612,"High intensity"
"Post-definitive care",13,1,12,0.833333333333333,0.833333333333333,"High intensity"
"Post-definitive care",13,2,6,0.333333333333333,0.666666666666667,"High intensity"
"Post-definitive care",13,3,10,0.9,0.75,"High intensity"
"Post-definitive care",13,4,1,0,0.724137931034483,"High intensity"
"Post-definitive care",13,5,0,NA,0.724137931034483,"High intensity"
"Post-definitive care",13,6,3,0.666666666666667,0.71875,"High intensity"
"Post-definitive care",13,7,7,1,0.769230769230769,"High intensity"
"Post-definitive care",13,8,7,0.714285714285714,0.760869565217391,"High intensity"
"Post-definitive care",13,9,11,1,0.807017543859649,"High intensity"
"Post-definitive care",13,10,7,1,0.828125,"High intensity"
"Post-definitive care",13,11,9,1,0.849315068493151,"High intensity"
"Post-definitive care",13,12,9,1,0.865853658536585,"High intensity"
"Post-definitive care",13,13,3,1,0.870588235294118,"High intensity"
"Post-definitive care",13,14,6,1,0.879120879120879,"High intensity"
"Post-definitive care",13,15,8,1,0.888888888888889,"High intensity"
"Post-definitive care",13,16,13,1,0.901785714285714,"High intensity"
"Post-definitive care",13,17,7,1,0.907563025210084,"High intensity"
"Post-definitive care",13,18,5,1,0.911290322580645,"High intensity"
"Post-definitive care",13,19,7,1,0.916030534351145,"High intensity"
"Post-definitive care",13,20,5,1,0.919117647058823,"High intensity"
"Post-definitive care",13,21,6,1,0.922535211267606,"High intensity"
"Post-definitive care",13,22,6,1,0.925675675675676,"High intensity"
"Post-definitive care",13,23,5,1,0.928104575163399,"High intensity"
"Post-definitive care",13,24,8,1,0.93167701863354,"High intensity"
"Post-definitive care",13,25,13,1,0.936781609195402,"High intensity"
"Post-definitive care",13,26,7,1,0.939226519337017,"High intensity"
"Post-definitive care",13,27,7,1,0.941489361702128,"High intensity"
"Post-definitive care",13,28,7,1,0.943589743589744,"High intensity"
"Post-definitive care",13,29,7,1,0.945544554455445,"High intensity"
"Post-definitive care",13,30,11,1,0.948356807511737,"High intensity"
"Post-definitive care",14,1,6,0.5,0.5,"High intensity"
"Post-definitive care",14,2,6,0.666666666666667,0.583333333333333,"High intensity"
"Post-definitive care",14,3,7,0.857142857142857,0.684210526315789,"High intensity"
"Post-definitive care",14,4,5,0.6,0.666666666666667,"High intensity"
"Post-definitive care",14,5,8,1,0.75,"High intensity"
"Post-definitive care",14,6,7,1,0.794871794871795,"High intensity"
"Post-definitive care",14,7,6,0.833333333333333,0.8,"High intensity"
"Post-definitive care",14,8,8,0.875,0.811320754716981,"High intensity"
"Post-definitive care",14,9,12,1,0.846153846153846,"High intensity"
"Post-definitive care",14,10,7,1,0.861111111111111,"High intensity"
"Post-definitive care",14,11,5,1,0.87012987012987,"High intensity"
"Post-definitive care",14,12,7,1,0.880952380952381,"High intensity"
"Post-definitive care",14,13,4,1,0.886363636363636,"High intensity"
"Post-definitive care",14,14,1,1,0.887640449438202,"High intensity"
"Post-definitive care",14,15,9,1,0.897959183673469,"High intensity"
"Post-definitive care",14,16,12,1,0.909090909090909,"High intensity"
"Post-definitive care",14,17,8,1,0.915254237288136,"High intensity"
"Post-definitive care",14,18,2,1,0.916666666666667,"High intensity"
"Post-definitive care",14,19,9,1,0.922480620155039,"High intensity"
"Post-definitive care",14,20,8,1,0.927007299270073,"High intensity"
"Post-definitive care",14,21,7,1,0.930555555555556,"High intensity"
"Post-definitive care",14,22,3,1,0.931972789115646,"High intensity"
"Post-definitive care",14,23,10,1,0.936305732484076,"High intensity"
"Post-definitive care",14,24,14,1,0.941520467836257,"High intensity"
"Post-definitive care",14,25,9,1,0.944444444444444,"High intensity"
"Post-definitive care",14,26,11,1,0.947643979057592,"High intensity"
"Post-definitive care",14,27,9,1,0.95,"High intensity"
"Post-definitive care",14,28,8,1,0.951923076923077,"High intensity"
"Post-definitive care",14,29,5,1,0.953051643192488,"High intensity"
"Post-definitive care",14,30,16,1,0.956331877729258,"High intensity"
"Post-definitive care",15,1,0,NA,NA,"High intensity"
"Post-definitive care",15,2,6,0.666666666666667,0.666666666666667,"High intensity"
"Post-definitive care",15,3,8,0.5,0.571428571428571,"High intensity"
"Post-definitive care",15,4,4,0.25,0.5,"High intensity"
"Post-definitive care",15,5,4,0.75,0.545454545454545,"High intensity"
"Post-definitive care",15,6,13,0.769230769230769,0.628571428571429,"High intensity"
"Post-definitive care",15,7,5,0.6,0.625,"High intensity"
"Post-definitive care",15,8,12,0.666666666666667,0.634615384615385,"High intensity"
"Post-definitive care",15,9,4,1,0.660714285714286,"High intensity"
"Post-definitive care",15,10,5,1,0.688524590163934,"High intensity"
"Post-definitive care",15,11,5,1,0.712121212121212,"High intensity"
"Post-definitive care",15,12,7,1,0.73972602739726,"High intensity"
"Post-definitive care",15,13,7,1,0.7625,"High intensity"
"Post-definitive care",15,14,13,1,0.795698924731183,"High intensity"
"Post-definitive care",15,15,11,1,0.817307692307692,"High intensity"
"Post-definitive care",15,16,5,1,0.825688073394495,"High intensity"
"Post-definitive care",15,17,6,1,0.834782608695652,"High intensity"
"Post-definitive care",15,18,6,1,0.84297520661157,"High intensity"
"Post-definitive care",15,19,7,1,0.8515625,"High intensity"
"Post-definitive care",15,20,7,1,0.859259259259259,"High intensity"
"Post-definitive care",15,21,5,1,0.864285714285714,"High intensity"
"Post-definitive care",15,22,1,1,0.865248226950355,"High intensity"
"Post-definitive care",15,23,6,1,0.870748299319728,"High intensity"
"Post-definitive care",15,24,12,1,0.880503144654088,"High intensity"
"Post-definitive care",15,25,7,1,0.885542168674699,"High intensity"
"Post-definitive care",15,26,9,1,0.891428571428571,"High intensity"
"Post-definitive care",15,27,4,1,0.893854748603352,"High intensity"
"Post-definitive care",15,28,7,1,0.897849462365591,"High intensity"
"Post-definitive care",15,29,6,1,0.901041666666667,"High intensity"
"Post-definitive care",15,30,9,1,0.90547263681592,"High intensity"
"Post-definitive care",16,1,2,0,0,"High intensity"
"Post-definitive care",16,2,9,0.777777777777778,0.636363636363636,"High intensity"
"Post-definitive care",16,3,6,1,0.764705882352941,"High intensity"
"Post-definitive care",16,4,10,0.9,0.814814814814815,"High intensity"
"Post-definitive care",16,5,4,1,0.838709677419355,"High intensity"
"Post-definitive care",16,6,2,1,0.848484848484849,"High intensity"
"Post-definitive care",16,7,5,1,0.868421052631579,"High intensity"
"Post-definitive care",16,8,6,1,0.886363636363636,"High intensity"
"Post-definitive care",16,9,11,1,0.909090909090909,"High intensity"
"Post-definitive care",16,10,4,1,0.915254237288136,"High intensity"
"Post-definitive care",16,11,7,1,0.924242424242424,"High intensity"
"Post-definitive care",16,12,8,1,0.932432432432432,"High intensity"
"Post-definitive care",16,13,3,1,0.935064935064935,"High intensity"
"Post-definitive care",16,14,6,1,0.939759036144578,"High intensity"
"Post-definitive care",16,15,4,1,0.942528735632184,"High intensity"
"Post-definitive care",16,16,9,1,0.947916666666667,"High intensity"
"Post-definitive care",16,17,9,1,0.952380952380952,"High intensity"
"Post-definitive care",16,18,5,1,0.954545454545455,"High intensity"
"Post-definitive care",16,19,6,1,0.956896551724138,"High intensity"
"Post-definitive care",16,20,3,1,0.957983193277311,"High intensity"
"Post-definitive care",16,21,7,1,0.96031746031746,"High intensity"
"Post-definitive care",16,22,8,1,0.962686567164179,"High intensity"
"Post-definitive care",16,23,6,1,0.964285714285714,"High intensity"
"Post-definitive care",16,24,7,1,0.965986394557823,"High intensity"
"Post-definitive care",16,25,9,1,0.967948717948718,"High intensity"
"Post-definitive care",16,26,6,1,0.969135802469136,"High intensity"
"Post-definitive care",16,27,3,1,0.96969696969697,"High intensity"
"Post-definitive care",16,28,7,1,0.970930232558139,"High intensity"
"Post-definitive care",16,29,10,1,0.972527472527473,"High intensity"
"Post-definitive care",16,30,10,1,0.973958333333333,"High intensity"
"Post-definitive care",17,1,2,0,0,"High intensity"
"Post-definitive care",17,2,5,0.4,0.285714285714286,"High intensity"
"Post-definitive care",17,3,10,0.8,0.588235294117647,"High intensity"
"Post-definitive care",17,4,2,0.5,0.578947368421053,"High intensity"
"Post-definitive care",17,5,10,0.8,0.655172413793103,"High intensity"
"Post-definitive care",17,6,6,0.666666666666667,0.657142857142857,"High intensity"
"Post-definitive care",17,7,4,0.75,0.666666666666667,"High intensity"
"Post-definitive care",17,8,8,0.875,0.702127659574468,"High intensity"
"Post-definitive care",17,9,15,1,0.774193548387097,"High intensity"
"Post-definitive care",17,10,8,1,0.8,"High intensity"
"Post-definitive care",17,11,11,1,0.827160493827161,"High intensity"
"Post-definitive care",17,12,4,1,0.835294117647059,"High intensity"
"Post-definitive care",17,13,7,1,0.847826086956522,"High intensity"
"Post-definitive care",17,14,9,1,0.861386138613861,"High intensity"
"Post-definitive care",17,15,5,1,0.867924528301887,"High intensity"
"Post-definitive care",17,16,10,1,0.879310344827586,"High intensity"
"Post-definitive care",17,17,11,1,0.889763779527559,"High intensity"
"Post-definitive care",17,18,7,1,0.895522388059702,"High intensity"
"Post-definitive care",17,19,6,1,0.9,"High intensity"
"Post-definitive care",17,20,4,1,0.902777777777778,"High intensity"
"Post-definitive care",17,21,11,1,0.909677419354839,"High intensity"
"Post-definitive care",17,22,6,1,0.91304347826087,"High intensity"
"Post-definitive care",17,23,13,1,0.919540229885057,"High intensity"
"Post-definitive care",17,24,8,1,0.923076923076923,"High intensity"
"Post-definitive care",17,25,7,1,0.925925925925926,"High intensity"
"Post-definitive care",17,26,10,1,0.92964824120603,"High intensity"
"Post-definitive care",17,27,6,1,0.931707317073171,"High intensity"
"Post-definitive care",17,28,3,1,0.932692307692308,"High intensity"
"Post-definitive care",17,29,9,1,0.935483870967742,"High intensity"
"Post-definitive care",17,30,8,1,0.937777777777778,"High intensity"
"Post-definitive care",18,1,8,0.5,0.5,"High intensity"
"Post-definitive care",18,2,7,1,0.733333333333333,"High intensity"
"Post-definitive care",18,3,7,0.857142857142857,0.772727272727273,"High intensity"
"Post-definitive care",18,4,6,1,0.821428571428571,"High intensity"
"Post-definitive care",18,5,8,1,0.861111111111111,"High intensity"
"Post-definitive care",18,6,3,1,0.871794871794872,"High intensity"
"Post-definitive care",18,7,3,1,0.880952380952381,"High intensity"
"Post-definitive care",18,8,6,1,0.895833333333333,"High intensity"
"Post-definitive care",18,9,10,1,0.913793103448276,"High intensity"
"Post-definitive care",18,10,8,1,0.924242424242424,"High intensity"
"Post-definitive care",18,11,7,1,0.931506849315068,"High intensity"
"Post-definitive care",18,12,4,1,0.935064935064935,"High intensity"
"Post-definitive care",18,13,3,1,0.9375,"High intensity"
"Post-definitive care",18,14,2,1,0.939024390243902,"High intensity"
"Post-definitive care",18,15,7,1,0.943820224719101,"High intensity"
"Post-definitive care",18,16,7,1,0.947916666666667,"High intensity"
"Post-definitive care",18,17,8,1,0.951923076923077,"High intensity"
"Post-definitive care",18,18,9,1,0.955752212389381,"High intensity"
"Post-definitive care",18,19,9,1,0.959016393442623,"High intensity"
"Post-definitive care",18,20,4,1,0.96031746031746,"High intensity"
"Post-definitive care",18,21,4,1,0.961538461538462,"High intensity"
"Post-definitive care",18,22,7,1,0.963503649635037,"High intensity"
"Post-definitive care",18,23,7,1,0.965277777777778,"High intensity"
"Post-definitive care",18,24,6,1,0.966666666666667,"High intensity"
"Post-definitive care",18,25,4,1,0.967532467532468,"High intensity"
"Post-definitive care",18,26,7,1,0.968944099378882,"High intensity"
"Post-definitive care",18,27,6,1,0.970059880239521,"High intensity"
"Post-definitive care",18,28,6,1,0.971098265895954,"High intensity"
"Post-definitive care",18,29,4,1,0.971751412429379,"High intensity"
"Post-definitive care",18,30,12,1,0.973544973544973,"High intensity"
"Post-definitive care",19,1,2,0.5,0.5,"High intensity"
"Post-definitive care",19,2,10,0.6,0.583333333333333,"High intensity"
"Post-definitive care",19,3,3,0.666666666666667,0.6,"High intensity"
"Post-definitive care",19,4,11,0.636363636363636,0.615384615384615,"High intensity"
"Post-definitive care",19,5,7,0.714285714285714,0.636363636363636,"High intensity"
"Post-definitive care",19,6,9,0.777777777777778,0.666666666666667,"High intensity"
"Post-definitive care",19,7,7,1,0.714285714285714,"High intensity"
"Post-definitive care",19,8,5,1,0.740740740740741,"High intensity"
"Post-definitive care",19,9,6,1,0.766666666666667,"High intensity"
"Post-definitive care",19,10,7,1,0.791044776119403,"High intensity"
"Post-definitive care",19,11,5,1,0.805555555555556,"High intensity"
"Post-definitive care",19,12,5,1,0.818181818181818,"High intensity"
"Post-definitive care",19,13,2,1,0.822784810126582,"High intensity"
"Post-definitive care",19,14,5,1,0.833333333333333,"High intensity"
"Post-definitive care",19,15,2,1,0.837209302325581,"High intensity"
"Post-definitive care",19,16,12,1,0.857142857142857,"High intensity"
"Post-definitive care",19,17,6,1,0.865384615384615,"High intensity"
"Post-definitive care",19,18,5,1,0.871559633027523,"High intensity"
"Post-definitive care",19,19,6,1,0.878260869565217,"High intensity"
"Post-definitive care",19,20,5,1,0.883333333333333,"High intensity"
"Post-definitive care",19,21,10,1,0.892307692307692,"High intensity"
"Post-definitive care",19,22,4,1,0.895522388059702,"High intensity"
"Post-definitive care",19,23,5,1,0.899280575539568,"High intensity"
"Post-definitive care",19,24,8,1,0.904761904761905,"High intensity"
"Post-definitive care",19,25,7,1,0.909090909090909,"High intensity"
"Post-definitive care",19,26,6,1,0.9125,"High intensity"
"Post-definitive care",19,27,1,1,0.91304347826087,"High intensity"
"Post-definitive care",19,28,6,1,0.916167664670659,"High intensity"
"Post-definitive care",19,29,14,1,0.922651933701657,"High intensity"
"Post-definitive care",19,30,10,1,0.926701570680628,"High intensity"
"Post-definitive care",20,1,5,0.4,0.4,"High intensity"
"Post-definitive care",20,2,6,0.666666666666667,0.545454545454545,"High intensity"
"Post-definitive care",20,3,5,0.4,0.5,"High intensity"
"Post-definitive care",20,4,10,0.6,0.538461538461538,"High intensity"
"Post-definitive care",20,5,5,1,0.612903225806452,"High intensity"
"Post-definitive care",20,6,3,0.666666666666667,0.617647058823529,"High intensity"
"Post-definitive care",20,7,11,0.909090909090909,0.688888888888889,"High intensity"
"Post-definitive care",20,8,11,0.909090909090909,0.732142857142857,"High intensity"
"Post-definitive care",20,9,8,1,0.765625,"High intensity"
"Post-definitive care",20,10,3,1,0.776119402985075,"High intensity"
"Post-definitive care",20,11,12,1,0.810126582278481,"High intensity"
"Post-definitive care",20,12,6,1,0.823529411764706,"High intensity"
"Post-definitive care",20,13,4,1,0.831460674157303,"High intensity"
"Post-definitive care",20,14,10,1,0.848484848484849,"High intensity"
"Post-definitive care",20,15,6,1,0.857142857142857,"High intensity"
"Post-definitive care",20,16,5,1,0.863636363636364,"High intensity"
"Post-definitive care",20,17,15,1,0.88,"High intensity"
"Post-definitive care",20,18,8,1,0.887218045112782,"High intensity"
"Post-definitive care",20,19,5,1,0.891304347826087,"High intensity"
"Post-definitive care",20,20,8,1,0.897260273972603,"High intensity"
"Post-definitive care",20,21,5,1,0.900662251655629,"High intensity"
"Post-definitive care",20,22,2,1,0.901960784313726,"High intensity"
"Post-definitive care",20,23,7,1,0.90625,"High intensity"
"Post-definitive care",20,24,16,1,0.914772727272727,"High intensity"
"Post-definitive care",20,25,8,1,0.918478260869565,"High intensity"
"Post-definitive care",20,26,8,1,0.921875,"High intensity"
"Post-definitive care",20,27,6,1,0.924242424242424,"High intensity"
"Post-definitive care",20,28,5,1,0.926108374384236,"High intensity"
"Post-definitive care",20,29,3,1,0.927184466019418,"High intensity"
"Post-definitive care",20,30,3,1,0.92822966507177,"High intensity"
"Post-definitive care",21,1,7,0.428571428571429,0.428571428571429,"High intensity"
"Post-definitive care",21,2,11,1,0.777777777777778,"High intensity"
"Post-definitive care",21,3,3,1,0.80952380952381,"High intensity"
"Post-definitive care",21,4,5,1,0.846153846153846,"High intensity"
"Post-definitive care",21,5,3,1,0.862068965517241,"High intensity"
"Post-definitive care",21,6,3,1,0.875,"High intensity"
"Post-definitive care",21,7,7,1,0.897435897435897,"High intensity"
"Post-definitive care",21,8,12,0.833333333333333,0.882352941176471,"High intensity"
"Post-definitive care",21,9,10,1,0.901639344262295,"High intensity"
"Post-definitive care",21,10,7,1,0.911764705882353,"High intensity"
"Post-definitive care",21,11,2,1,0.914285714285714,"High intensity"
"Post-definitive care",21,12,5,1,0.92,"High intensity"
"Post-definitive care",21,13,7,1,0.926829268292683,"High intensity"
"Post-definitive care",21,14,6,1,0.931818181818182,"High intensity"
"Post-definitive care",21,15,10,1,0.938775510204082,"High intensity"
"Post-definitive care",21,16,5,1,0.941747572815534,"High intensity"
"Post-definitive care",21,17,4,1,0.94392523364486,"High intensity"
"Post-definitive care",21,18,5,1,0.946428571428571,"High intensity"
"Post-definitive care",21,19,5,1,0.948717948717949,"High intensity"
"Post-definitive care",21,20,7,1,0.951612903225806,"High intensity"
"Post-definitive care",21,21,4,1,0.953125,"High intensity"
"Post-definitive care",21,22,7,1,0.955555555555556,"High intensity"
"Post-definitive care",21,23,9,1,0.958333333333333,"High intensity"
"Post-definitive care",21,24,1,1,0.958620689655172,"High intensity"
"Post-definitive care",21,25,11,1,0.961538461538462,"High intensity"
"Post-definitive care",21,26,4,1,0.9625,"High intensity"
"Post-definitive care",21,27,8,1,0.964285714285714,"High intensity"
"Post-definitive care",21,28,6,1,0.96551724137931,"High intensity"
"Post-definitive care",21,29,2,1,0.965909090909091,"High intensity"
"Post-definitive care",21,30,10,1,0.967741935483871,"High intensity"
"Post-definitive care",22,1,3,0.333333333333333,0.333333333333333,"High intensity"
"Post-definitive care",22,2,6,0.666666666666667,0.555555555555556,"High intensity"
"Post-definitive care",22,3,8,0.875,0.705882352941177,"High intensity"
"Post-definitive care",22,4,14,0.857142857142857,0.774193548387097,"High intensity"
"Post-definitive care",22,5,3,0.333333333333333,0.735294117647059,"High intensity"
"Post-definitive care",22,6,1,1,0.742857142857143,"High intensity"
"Post-definitive care",22,7,2,1,0.756756756756757,"High intensity"
"Post-definitive care",22,8,7,0.857142857142857,0.772727272727273,"High intensity"
"Post-definitive care",22,9,7,0.857142857142857,0.784313725490196,"High intensity"
"Post-definitive care",22,10,11,1,0.82258064516129,"High intensity"
"Post-definitive care",22,11,12,1,0.851351351351351,"High intensity"
"Post-definitive care",22,12,4,1,0.858974358974359,"High intensity"
"Post-definitive care",22,13,9,1,0.873563218390805,"High intensity"
"Post-definitive care",22,14,3,1,0.877777777777778,"High intensity"
"Post-definitive care",22,15,7,1,0.88659793814433,"High intensity"
"Post-definitive care",22,16,9,1,0.89622641509434,"High intensity"
"Post-definitive care",22,17,11,1,0.905982905982906,"High intensity"
"Post-definitive care",22,18,9,1,0.912698412698413,"High intensity"
"Post-definitive care",22,19,12,1,0.920289855072464,"High intensity"
"Post-definitive care",22,20,8,1,0.924657534246575,"High intensity"
"Post-definitive care",22,21,3,1,0.926174496644295,"High intensity"
"Post-definitive care",22,22,3,1,0.927631578947368,"High intensity"
"Post-definitive care",22,23,10,1,0.932098765432099,"High intensity"
"Post-definitive care",22,24,7,1,0.93491124260355,"High intensity"
"Post-definitive care",22,25,4,1,0.936416184971098,"High intensity"
"Post-definitive care",22,26,6,1,0.93854748603352,"High intensity"
"Post-definitive care",22,27,7,1,0.940860215053763,"High intensity"
"Post-definitive care",22,28,5,1,0.942408376963351,"High intensity"
"Post-definitive care",22,29,5,1,0.943877551020408,"High intensity"
"Post-definitive care",22,30,8,1,0.946078431372549,"High intensity"
"Post-definitive care",23,1,4,0.75,0.75,"High intensity"
"Post-definitive care",23,2,4,1,0.875,"High intensity"
"Post-definitive care",23,3,4,0.75,0.833333333333333,"High intensity"
"Post-definitive care",23,4,7,1,0.894736842105263,"High intensity"
"Post-definitive care",23,5,4,1,0.91304347826087,"High intensity"
"Post-definitive care",23,6,4,1,0.925925925925926,"High intensity"
"Post-definitive care",23,7,7,1,0.941176470588235,"High intensity"
"Post-definitive care",23,8,7,1,0.951219512195122,"High intensity"
"Post-definitive care",23,9,5,1,0.956521739130435,"High intensity"
"Post-definitive care",23,10,11,1,0.964912280701754,"High intensity"
"Post-definitive care",23,11,4,1,0.967213114754098,"High intensity"
"Post-definitive care",23,12,5,1,0.96969696969697,"High intensity"
"Post-definitive care",23,13,10,1,0.973684210526316,"High intensity"
"Post-definitive care",23,14,6,1,0.975609756097561,"High intensity"
"Post-definitive care",23,15,2,1,0.976190476190476,"High intensity"
"Post-definitive care",23,16,11,1,0.978947368421053,"High intensity"
"Post-definitive care",23,17,7,1,0.980392156862745,"High intensity"
"Post-definitive care",23,18,5,1,0.981308411214953,"High intensity"
"Post-definitive care",23,19,8,1,0.982608695652174,"High intensity"
"Post-definitive care",23,20,8,1,0.983739837398374,"High intensity"
"Post-definitive care",23,21,11,1,0.985074626865672,"High intensity"
"Post-definitive care",23,22,4,1,0.985507246376812,"High intensity"
"Post-definitive care",23,23,8,1,0.986301369863014,"High intensity"
"Post-definitive care",23,24,7,1,0.986928104575163,"High intensity"
"Post-definitive care",23,25,12,1,0.987878787878788,"High intensity"
"Post-definitive care",23,26,10,1,0.988571428571429,"High intensity"
"Post-definitive care",23,27,8,1,0.989071038251366,"High intensity"
"Post-definitive care",23,28,7,1,0.989473684210526,"High intensity"
"Post-definitive care",23,29,8,1,0.98989898989899,"High intensity"
"Post-definitive care",23,30,11,1,0.990430622009569,"High intensity"
"Post-definitive care",24,1,10,0.9,0.9,"High intensity"
"Post-definitive care",24,2,9,1,0.947368421052632,"High intensity"
"Post-definitive care",24,3,7,1,0.961538461538462,"High intensity"
"Post-definitive care",24,4,7,1,0.96969696969697,"High intensity"
"Post-definitive care",24,5,3,1,0.972222222222222,"High intensity"
"Post-definitive care",24,6,6,1,0.976190476190476,"High intensity"
"Post-definitive care",24,7,3,1,0.977777777777778,"High intensity"
"Post-definitive care",24,8,6,0.833333333333333,0.96078431372549,"High intensity"
"Post-definitive care",24,9,19,1,0.971428571428571,"High intensity"
"Post-definitive care",24,10,5,1,0.973333333333333,"High intensity"
"Post-definitive care",24,11,6,1,0.975308641975309,"High intensity"
"Post-definitive care",24,12,6,1,0.977011494252874,"High intensity"
"Post-definitive care",24,13,8,1,0.978947368421053,"High intensity"
"Post-definitive care",24,14,7,1,0.980392156862745,"High intensity"
"Post-definitive care",24,15,8,1,0.981818181818182,"High intensity"
"Post-definitive care",24,16,7,1,0.982905982905983,"High intensity"
"Post-definitive care",24,17,6,1,0.983739837398374,"High intensity"
"Post-definitive care",24,18,10,1,0.984962406015038,"High intensity"
"Post-definitive care",24,19,3,1,0.985294117647059,"High intensity"
"Post-definitive care",24,20,7,1,0.986013986013986,"High intensity"
"Post-definitive care",24,21,5,1,0.986486486486487,"High intensity"
"Post-definitive care",24,22,6,1,0.987012987012987,"High intensity"
"Post-definitive care",24,23,6,1,0.9875,"High intensity"
"Post-definitive care",24,24,8,1,0.988095238095238,"High intensity"
"Post-definitive care",24,25,2,1,0.988235294117647,"High intensity"
"Post-definitive care",24,26,4,1,0.988505747126437,"High intensity"
"Post-definitive care",24,27,11,1,0.989189189189189,"High intensity"
"Post-definitive care",24,28,11,1,0.989795918367347,"High intensity"
"Post-definitive care",24,29,6,1,0.99009900990099,"High intensity"
"Post-definitive care",24,30,8,1,0.990476190476191,"High intensity"
"Post-definitive care",25,1,3,0,0,"High intensity"
"Post-definitive care",25,2,5,0.6,0.375,"High intensity"
"Post-definitive care",25,3,9,0.888888888888889,0.647058823529412,"High intensity"
"Post-definitive care",25,4,7,0.571428571428571,0.625,"High intensity"
"Post-definitive care",25,5,2,1,0.653846153846154,"High intensity"
"Post-definitive care",25,6,10,1,0.75,"High intensity"
"Post-definitive care",25,7,6,1,0.785714285714286,"High intensity"
"Post-definitive care",25,8,4,1,0.804347826086957,"High intensity"
"Post-definitive care",25,9,14,1,0.85,"High intensity"
"Post-definitive care",25,10,4,1,0.859375,"High intensity"
"Post-definitive care",25,11,6,1,0.871428571428571,"High intensity"
"Post-definitive care",25,12,9,1,0.886075949367089,"High intensity"
"Post-definitive care",25,13,4,1,0.891566265060241,"High intensity"
"Post-definitive care",25,14,9,1,0.902173913043478,"High intensity"
"Post-definitive care",25,15,7,1,0.909090909090909,"High intensity"
"Post-definitive care",25,16,10,1,0.917431192660551,"High intensity"
"Post-definitive care",25,17,10,1,0.92436974789916,"High intensity"
"Post-definitive care",25,18,12,1,0.931297709923664,"High intensity"
"Post-definitive care",25,19,10,1,0.936170212765957,"High intensity"
"Post-definitive care",25,20,7,1,0.939189189189189,"High intensity"
"Post-definitive care",25,21,11,1,0.943396226415094,"High intensity"
"Post-definitive care",25,22,9,1,0.946428571428571,"High intensity"
"Post-definitive care",25,23,9,1,0.949152542372881,"High intensity"
"Post-definitive care",25,24,11,1,0.952127659574468,"High intensity"
"Post-definitive care",25,25,11,1,0.954773869346734,"High intensity"
"Post-definitive care",25,26,2,1,0.955223880597015,"High intensity"
"Post-definitive care",25,27,5,1,0.956310679611651,"High intensity"
"Post-definitive care",25,28,6,1,0.957547169811321,"High intensity"
"Post-definitive care",25,29,7,1,0.958904109589041,"High intensity"
"Post-definitive care",25,30,6,1,0.96,"High intensity"
"Post-definitive care",26,1,2,0,0,"High intensity"
"Post-definitive care",26,2,7,0.714285714285714,0.555555555555556,"High intensity"
"Post-definitive care",26,3,2,1,0.636363636363636,"High intensity"
"Post-definitive care",26,4,6,0.666666666666667,0.647058823529412,"High intensity"
"Post-definitive care",26,5,12,1,0.793103448275862,"High intensity"
"Post-definitive care",26,6,7,1,0.833333333333333,"High intensity"
"Post-definitive care",26,7,5,1,0.853658536585366,"High intensity"
"Post-definitive care",26,8,3,1,0.863636363636364,"High intensity"
"Post-definitive care",26,9,7,1,0.882352941176471,"High intensity"
"Post-definitive care",26,10,9,1,0.9,"High intensity"
"Post-definitive care",26,11,12,1,0.916666666666667,"High intensity"
"Post-definitive care",26,12,4,1,0.921052631578947,"High intensity"
"Post-definitive care",26,13,6,1,0.926829268292683,"High intensity"
"Post-definitive care",26,14,8,1,0.933333333333333,"High intensity"
"Post-definitive care",26,15,12,1,0.941176470588235,"High intensity"
"Post-definitive care",26,16,8,1,0.945454545454545,"High intensity"
"Post-definitive care",26,17,8,1,0.949152542372881,"High intensity"
"Post-definitive care",26,18,8,1,0.952380952380952,"High intensity"
"Post-definitive care",26,19,6,1,0.954545454545455,"High intensity"
"Post-definitive care",26,20,9,1,0.957446808510638,"High intensity"
"Post-definitive care",26,21,5,1,0.958904109589041,"High intensity"
"Post-definitive care",26,22,7,1,0.96078431372549,"High intensity"
"Post-definitive care",26,23,12,1,0.963636363636364,"High intensity"
"Post-definitive care",26,24,11,1,0.965909090909091,"High intensity"
"Post-definitive care",26,25,5,1,0.966850828729282,"High intensity"
"Post-definitive care",26,26,1,1,0.967032967032967,"High intensity"
"Post-definitive care",26,27,5,1,0.967914438502674,"High intensity"
"Post-definitive care",26,28,4,1,0.968586387434555,"High intensity"
"Post-definitive care",26,29,9,1,0.97,"High intensity"
"Post-definitive care",26,30,11,1,0.971563981042654,"High intensity"
"Post-definitive care",27,1,6,0.666666666666667,0.666666666666667,"High intensity"
"Post-definitive care",27,2,7,0.571428571428571,0.615384615384615,"High intensity"
"Post-definitive care",27,3,11,0.909090909090909,0.75,"High intensity"
"Post-definitive care",27,4,7,1,0.806451612903226,"High intensity"
"Post-definitive care",27,5,5,1,0.833333333333333,"High intensity"
"Post-definitive care",27,6,7,1,0.86046511627907,"High intensity"
"Post-definitive care",27,7,5,1,0.875,"High intensity"
"Post-definitive care",27,8,5,1,0.886792452830189,"High intensity"
"Post-definitive care",27,9,10,1,0.904761904761905,"High intensity"
"Post-definitive care",27,10,9,1,0.916666666666667,"High intensity"
"Post-definitive care",27,11,12,1,0.928571428571429,"High intensity"
"Post-definitive care",27,12,10,1,0.936170212765957,"High intensity"
"Post-definitive care",27,13,7,1,0.940594059405941,"High intensity"
"Post-definitive care",27,14,4,1,0.942857142857143,"High intensity"
"Post-definitive care",27,15,7,1,0.946428571428571,"High intensity"
"Post-definitive care",27,16,7,1,0.949579831932773,"High intensity"
"Post-definitive care",27,17,7,1,0.952380952380952,"High intensity"
"Post-definitive care",27,18,5,1,0.954198473282443,"High intensity"
"Post-definitive care",27,19,13,1,0.958333333333333,"High intensity"
"Post-definitive care",27,20,6,1,0.96,"High intensity"
"Post-definitive care",27,21,5,1,0.961290322580645,"High intensity"
"Post-definitive care",27,22,4,1,0.962264150943396,"High intensity"
"Post-definitive care",27,23,2,1,0.962732919254658,"High intensity"
"Post-definitive care",27,24,12,1,0.965317919075145,"High intensity"
"Post-definitive care",27,25,6,1,0.966480446927374,"High intensity"
"Post-definitive care",27,26,4,1,0.967213114754098,"High intensity"
"Post-definitive care",27,27,4,1,0.967914438502674,"High intensity"
"Post-definitive care",27,28,4,1,0.968586387434555,"High intensity"
"Post-definitive care",27,29,5,1,0.969387755102041,"High intensity"
"Post-definitive care",27,30,5,1,0.970149253731343,"High intensity"
"Post-definitive care",28,1,6,0.5,0.5,"High intensity"
"Post-definitive care",28,2,0,NA,0.5,"High intensity"
"Post-definitive care",28,3,10,0.9,0.75,"High intensity"
"Post-definitive care",28,4,8,0.75,0.75,"High intensity"
"Post-definitive care",28,5,2,0.5,0.730769230769231,"High intensity"
"Post-definitive care",28,6,1,1,0.740740740740741,"High intensity"
"Post-definitive care",28,7,7,0.714285714285714,0.735294117647059,"High intensity"
"Post-definitive care",28,8,8,0.875,0.761904761904762,"High intensity"
"Post-definitive care",28,9,6,0.666666666666667,0.75,"High intensity"
"Post-definitive care",28,10,10,1,0.793103448275862,"High intensity"
"Post-definitive care",28,11,7,1,0.815384615384615,"High intensity"
"Post-definitive care",28,12,10,1,0.84,"High intensity"
"Post-definitive care",28,13,8,1,0.855421686746988,"High intensity"
"Post-definitive care",28,14,3,1,0.86046511627907,"High intensity"
"Post-definitive care",28,15,6,1,0.869565217391304,"High intensity"
"Post-definitive care",28,16,7,1,0.878787878787879,"High intensity"
"Post-definitive care",28,17,7,1,0.886792452830189,"High intensity"
"Post-definitive care",28,18,7,1,0.893805309734513,"High intensity"
"Post-definitive care",28,19,2,1,0.895652173913044,"High intensity"
"Post-definitive care",28,20,4,1,0.899159663865546,"High intensity"
"Post-definitive care",28,21,2,1,0.900826446280992,"High intensity"
"Post-definitive care",28,22,6,1,0.905511811023622,"High intensity"
"Post-definitive care",28,23,7,1,0.91044776119403,"High intensity"
"Post-definitive care",28,24,8,1,0.915492957746479,"High intensity"
"Post-definitive care",28,25,11,1,0.92156862745098,"High intensity"
"Post-definitive care",28,26,5,1,0.924050632911392,"High intensity"
"Post-definitive care",28,27,3,1,0.925465838509317,"High intensity"
"Post-definitive care",28,28,5,1,0.927710843373494,"High intensity"
"Post-definitive care",28,29,7,1,0.930635838150289,"High intensity"
"Post-definitive care",28,30,9,1,0.934065934065934,"High intensity"
"Post-definitive care",29,1,0,NA,NA,"High intensity"
"Post-definitive care",29,2,4,0.25,0.25,"High intensity"
"Post-definitive care",29,3,11,0.727272727272727,0.6,"High intensity"
"Post-definitive care",29,4,7,0.857142857142857,0.681818181818182,"High intensity"
"Post-definitive care",29,5,8,1,0.766666666666667,"High intensity"
"Post-definitive care",29,6,3,1,0.787878787878788,"High intensity"
"Post-definitive care",29,7,5,1,0.815789473684211,"High intensity"
"Post-definitive care",29,8,6,1,0.840909090909091,"High intensity"
"Post-definitive care",29,9,11,1,0.872727272727273,"High intensity"
"Post-definitive care",29,10,9,1,0.890625,"High intensity"
"Post-definitive care",29,11,4,1,0.897058823529412,"High intensity"
"Post-definitive care",29,12,9,1,0.909090909090909,"High intensity"
"Post-definitive care",29,13,4,1,0.91358024691358,"High intensity"
"Post-definitive care",29,14,6,1,0.919540229885057,"High intensity"
"Post-definitive care",29,15,8,1,0.926315789473684,"High intensity"
"Post-definitive care",29,16,9,1,0.932692307692308,"High intensity"
"Post-definitive care",29,17,3,1,0.934579439252336,"High intensity"
"Post-definitive care",29,18,10,1,0.94017094017094,"High intensity"
"Post-definitive care",29,19,6,1,0.943089430894309,"High intensity"
"Post-definitive care",29,20,9,1,0.946969696969697,"High intensity"
"Post-definitive care",29,21,3,1,0.948148148148148,"High intensity"
"Post-definitive care",29,22,10,1,0.951724137931034,"High intensity"
"Post-definitive care",29,23,9,1,0.954545454545455,"High intensity"
"Post-definitive care",29,24,7,1,0.956521739130435,"High intensity"
"Post-definitive care",29,25,11,1,0.959302325581395,"High intensity"
"Post-definitive care",29,26,5,1,0.96045197740113,"High intensity"
"Post-definitive care",29,27,10,1,0.962566844919786,"High intensity"
"Post-definitive care",29,28,7,1,0.963917525773196,"High intensity"
"Post-definitive care",29,29,9,1,0.96551724137931,"High intensity"
"Post-definitive care",29,30,6,1,0.966507177033493,"High intensity"
"Post-definitive care",30,1,10,0.5,0.5,"High intensity"
"Post-definitive care",30,2,8,0.625,0.555555555555556,"High intensity"
"Post-definitive care",30,3,8,0.75,0.615384615384615,"High intensity"
"Post-definitive care",30,4,6,0.666666666666667,0.625,"High intensity"
"Post-definitive care",30,5,4,0.5,0.611111111111111,"High intensity"
"Post-definitive care",30,6,2,0.5,0.605263157894737,"High intensity"
"Post-definitive care",30,7,5,1,0.651162790697674,"High intensity"
"Post-definitive care",30,8,5,1,0.6875,"High intensity"
"Post-definitive care",30,9,9,1,0.736842105263158,"High intensity"
"Post-definitive care",30,10,9,1,0.772727272727273,"High intensity"
"Post-definitive care",30,11,7,1,0.794520547945205,"High intensity"
"Post-definitive care",30,12,6,1,0.810126582278481,"High intensity"
"Post-definitive care",30,13,5,1,0.821428571428571,"High intensity"
"Post-definitive care",30,14,12,1,0.84375,"High intensity"
"Post-definitive care",30,15,5,1,0.851485148514851,"High intensity"
"Post-definitive care",30,16,12,1,0.867256637168142,"High intensity"
"Post-definitive care",30,17,6,1,0.873949579831933,"High intensity"
"Post-definitive care",30,18,3,1,0.877049180327869,"High intensity"
"Post-definitive care",30,19,6,1,0.8828125,"High intensity"
"Post-definitive care",30,20,5,1,0.887218045112782,"High intensity"
"Post-definitive care",30,21,5,1,0.891304347826087,"High intensity"
"Post-definitive care",30,22,9,1,0.897959183673469,"High intensity"
"Post-definitive care",30,23,13,1,0.90625,"High intensity"
"Post-definitive care",30,24,9,1,0.911242603550296,"High intensity"
"Post-definitive care",30,25,9,1,0.915730337078652,"High intensity"
"Post-definitive care",30,26,3,1,0.917127071823204,"High intensity"
"Post-definitive care",30,27,10,1,0.921465968586387,"High intensity"
"Post-definitive care",30,28,8,1,0.924623115577889,"High intensity"
"Post-definitive care",30,29,5,1,0.926470588235294,"High intensity"
"Post-definitive care",30,30,8,1,0.929245283018868,"High intensity"
"Post-definitive care",31,1,2,0,0,"High intensity"
"Post-definitive care",31,2,7,0.571428571428571,0.444444444444444,"High intensity"
"Post-definitive care",31,3,5,1,0.642857142857143,"High intensity"
"Post-definitive care",31,4,11,1,0.8,"High intensity"
"Post-definitive care",31,5,6,1,0.838709677419355,"High intensity"
"Post-definitive care",31,6,12,1,0.883720930232558,"High intensity"
"Post-definitive care",31,7,5,1,0.895833333333333,"High intensity"
"Post-definitive care",31,8,3,1,0.901960784313726,"High intensity"
"Post-definitive care",31,9,8,1,0.915254237288136,"High intensity"
"Post-definitive care",31,10,10,1,0.927536231884058,"High intensity"
"Post-definitive care",31,11,6,1,0.933333333333333,"High intensity"
"Post-definitive care",31,12,10,1,0.941176470588235,"High intensity"
"Post-definitive care",31,13,4,1,0.943820224719101,"High intensity"
"Post-definitive care",31,14,5,1,0.946808510638298,"High intensity"
"Post-definitive care",31,15,10,1,0.951923076923077,"High intensity"
"Post-definitive care",31,16,5,1,0.954128440366973,"High intensity"
"Post-definitive care",31,17,9,1,0.957627118644068,"High intensity"
"Post-definitive care",31,18,7,1,0.96,"High intensity"
"Post-definitive care",31,19,5,1,0.961538461538462,"High intensity"
"Post-definitive care",31,20,6,1,0.963235294117647,"High intensity"
"Post-definitive care",31,21,9,1,0.96551724137931,"High intensity"
"Post-definitive care",31,22,5,1,0.966666666666667,"High intensity"
"Post-definitive care",31,23,12,1,0.969135802469136,"High intensity"
"Post-definitive care",31,24,9,1,0.970760233918129,"High intensity"
"Post-definitive care",31,25,8,1,0.972067039106145,"High intensity"
"Post-definitive care",31,26,5,1,0.972826086956522,"High intensity"
"Post-definitive care",31,27,3,1,0.973262032085562,"High intensity"
"Post-definitive care",31,28,6,1,0.974093264248705,"High intensity"
"Post-definitive care",31,29,5,1,0.974747474747475,"High intensity"
"Post-definitive care",31,30,6,1,0.975490196078431,"High intensity"
"Post-definitive care",32,1,4,0.5,0.5,"High intensity"
"Post-definitive care",32,2,4,0.75,0.625,"High intensity"
"Post-definitive care",32,3,12,1,0.85,"High intensity"
"Post-definitive care",32,4,2,1,0.863636363636364,"High intensity"
"Post-definitive care",32,5,6,1,0.892857142857143,"High intensity"
"Post-definitive care",32,6,7,1,0.914285714285714,"High intensity"
"Post-definitive care",32,7,6,1,0.926829268292683,"High intensity"
"Post-definitive care",32,8,6,1,0.936170212765957,"High intensity"
"Post-definitive care",32,9,6,1,0.943396226415094,"High intensity"
"Post-definitive care",32,10,7,1,0.95,"High intensity"
"Post-definitive care",32,11,12,1,0.958333333333333,"High intensity"
"Post-definitive care",32,12,7,1,0.962025316455696,"High intensity"
"Post-definitive care",32,13,5,1,0.964285714285714,"High intensity"
"Post-definitive care",32,14,1,1,0.964705882352941,"High intensity"
"Post-definitive care",32,15,4,1,0.966292134831461,"High intensity"
"Post-definitive care",32,16,11,1,0.97,"High intensity"
"Post-definitive care",32,17,9,1,0.972477064220184,"High intensity"
"Post-definitive care",32,18,6,1,0.973913043478261,"High intensity"
"Post-definitive care",32,19,4,1,0.974789915966387,"High intensity"
"Post-definitive care",32,20,7,1,0.976190476190476,"High intensity"
"Post-definitive care",32,21,8,1,0.977611940298508,"High intensity"
"Post-definitive care",32,22,7,1,0.978723404255319,"High intensity"
"Post-definitive care",32,23,8,1,0.979865771812081,"High intensity"
"Post-definitive care",32,24,7,1,0.980769230769231,"High intensity"
"Post-definitive care",32,25,4,1,0.98125,"High intensity"
"Post-definitive care",32,26,9,1,0.982248520710059,"High intensity"
"Post-definitive care",32,27,3,1,0.982558139534884,"High intensity"
"Post-definitive care",32,28,4,1,0.982954545454545,"High intensity"
"Post-definitive care",32,29,6,1,0.983516483516483,"High intensity"
"Post-definitive care",32,30,11,1,0.984455958549223,"High intensity"
"Post-definitive care",33,1,3,0.666666666666667,0.666666666666667,"High intensity"
"Post-definitive care",33,2,5,1,0.875,"High intensity"
"Post-definitive care",33,3,4,1,0.916666666666667,"High intensity"
"Post-definitive care",33,4,8,1,0.95,"High intensity"
"Post-definitive care",33,5,5,1,0.96,"High intensity"
"Post-definitive care",33,6,5,1,0.966666666666667,"High intensity"
"Post-definitive care",33,7,6,1,0.972222222222222,"High intensity"
"Post-definitive care",33,8,9,1,0.977777777777778,"High intensity"
"Post-definitive care",33,9,7,1,0.980769230769231,"High intensity"
"Post-definitive care",33,10,11,1,0.984126984126984,"High intensity"
"Post-definitive care",33,11,7,1,0.985714285714286,"High intensity"
"Post-definitive care",33,12,5,1,0.986666666666667,"High intensity"
"Post-definitive care",33,13,6,1,0.987654320987654,"High intensity"
"Post-definitive care",33,14,7,1,0.988636363636364,"High intensity"
"Post-definitive care",33,15,3,1,0.989010989010989,"High intensity"
"Post-definitive care",33,16,8,1,0.98989898989899,"High intensity"
"Post-definitive care",33,17,7,1,0.990566037735849,"High intensity"
"Post-definitive care",33,18,3,1,0.990825688073395,"High intensity"
"Post-definitive care",33,19,3,1,0.991071428571429,"High intensity"
"Post-definitive care",33,20,7,1,0.991596638655462,"High intensity"
"Post-definitive care",33,21,8,1,0.992125984251969,"High intensity"
"Post-definitive care",33,22,10,1,0.992700729927007,"High intensity"
"Post-definitive care",33,23,16,1,0.993464052287582,"High intensity"
"Post-definitive care",33,24,5,1,0.993670886075949,"High intensity"
"Post-definitive care",33,25,5,1,0.993865030674847,"High intensity"
"Post-definitive care",33,26,10,1,0.994219653179191,"High intensity"
"Post-definitive care",33,27,4,1,0.994350282485876,"High intensity"
"Post-definitive care",33,28,11,1,0.99468085106383,"High intensity"
"Post-definitive care",33,29,10,1,0.994949494949495,"High intensity"
"Post-definitive care",33,30,8,1,0.995145631067961,"High intensity"
"Post-definitive care",34,1,4,0.25,0.25,"High intensity"
"Post-definitive care",34,2,4,0.75,0.5,"High intensity"
"Post-definitive care",34,3,9,0.666666666666667,0.588235294117647,"High intensity"
"Post-definitive care",34,4,6,0.833333333333333,0.652173913043478,"High intensity"
"Post-definitive care",34,5,7,0.714285714285714,0.666666666666667,"High intensity"
"Post-definitive care",34,6,11,0.909090909090909,0.731707317073171,"High intensity"
"Post-definitive care",34,7,7,0.857142857142857,0.75,"High intensity"
"Post-definitive care",34,8,8,0.875,0.767857142857143,"High intensity"
"Post-definitive care",34,9,7,0.714285714285714,0.761904761904762,"High intensity"
"Post-definitive care",34,10,8,1,0.788732394366197,"High intensity"
"Post-definitive care",34,11,4,1,0.8,"High intensity"
"Post-definitive care",34,12,4,0.75,0.79746835443038,"High intensity"
"Post-definitive care",34,13,5,1,0.80952380952381,"High intensity"
"Post-definitive care",34,14,3,1,0.816091954022989,"High intensity"
"Post-definitive care",34,15,5,1,0.826086956521739,"High intensity"
"Post-definitive care",34,16,16,1,0.851851851851852,"High intensity"
"Post-definitive care",34,17,9,1,0.863247863247863,"High intensity"
"Post-definitive care",34,18,10,1,0.874015748031496,"High intensity"
"Post-definitive care",34,19,8,1,0.881481481481482,"High intensity"
"Post-definitive care",34,20,4,1,0.884892086330935,"High intensity"
"Post-definitive care",34,21,7,1,0.89041095890411,"High intensity"
"Post-definitive care",34,22,8,1,0.896103896103896,"High intensity"
"Post-definitive care",34,23,7,1,0.900621118012422,"High intensity"
"Post-definitive care",34,24,8,1,0.905325443786982,"High intensity"
"Post-definitive care",34,25,5,1,0.908045977011494,"High intensity"
"Post-definitive care",34,26,6,1,0.911111111111111,"High intensity"
"Post-definitive care",34,27,3,1,0.912568306010929,"High intensity"
"Post-definitive care",34,28,10,1,0.917098445595855,"High intensity"
"Post-definitive care",34,29,8,1,0.920398009950249,"High intensity"
"Post-definitive care",34,30,9,1,0.923809523809524,"High intensity"
"Post-definitive care",35,1,7,0.857142857142857,0.857142857142857,"High intensity"
"Post-definitive care",35,2,8,0.875,0.866666666666667,"High intensity"
"Post-definitive care",35,3,6,0.5,0.761904761904762,"High intensity"
"Post-definitive care",35,4,8,0.75,0.758620689655172,"High intensity"
"Post-definitive care",35,5,6,0.833333333333333,0.771428571428571,"High intensity"
"Post-definitive care",35,6,4,1,0.794871794871795,"High intensity"
"Post-definitive care",35,7,4,1,0.813953488372093,"High intensity"
"Post-definitive care",35,8,12,0.833333333333333,0.818181818181818,"High intensity"
"Post-definitive care",35,9,10,0.7,0.8,"High intensity"
"Post-definitive care",35,10,4,0.75,0.797101449275362,"High intensity"
"Post-definitive care",35,11,12,0.75,0.790123456790123,"High intensity"
"Post-definitive care",35,12,5,1,0.802325581395349,"High intensity"
"Post-definitive care",35,13,7,1,0.817204301075269,"High intensity"
"Post-definitive care",35,14,4,1,0.824742268041237,"High intensity"
"Post-definitive care",35,15,10,1,0.841121495327103,"High intensity"
"Post-definitive care",35,16,12,1,0.857142857142857,"High intensity"
"Post-definitive care",35,17,6,1,0.864,"High intensity"
"Post-definitive care",35,18,3,1,0.8671875,"High intensity"
"Post-definitive care",35,19,3,1,0.870229007633588,"High intensity"
"Post-definitive care",35,20,9,1,0.878571428571429,"High intensity"
"Post-definitive care",35,21,7,1,0.884353741496599,"High intensity"
"Post-definitive care",35,22,4,1,0.887417218543046,"High intensity"
"Post-definitive care",35,23,5,1,0.891025641025641,"High intensity"
"Post-definitive care",35,24,7,1,0.895705521472393,"High intensity"
"Post-definitive care",35,25,7,1,0.9,"High intensity"
"Post-definitive care",35,26,5,1,0.902857142857143,"High intensity"
"Post-definitive care",35,27,6,1,0.906077348066298,"High intensity"
"Post-definitive care",35,28,6,1,0.909090909090909,"High intensity"
"Post-definitive care",35,29,11,1,0.914141414141414,"High intensity"
"Post-definitive care",35,30,6,1,0.916666666666667,"High intensity"
"Post-definitive care",36,1,7,0.857142857142857,0.857142857142857,"High intensity"
"Post-definitive care",36,2,5,0.8,0.833333333333333,"High intensity"
"Post-definitive care",36,3,13,1,0.92,"High intensity"
"Post-definitive care",36,4,7,1,0.9375,"High intensity"
"Post-definitive care",36,5,4,1,0.944444444444444,"High intensity"
"Post-definitive care",36,6,4,1,0.95,"High intensity"
"Post-definitive care",36,7,3,1,0.953488372093023,"High intensity"
"Post-definitive care",36,8,6,1,0.959183673469388,"High intensity"
"Post-definitive care",36,9,12,1,0.967213114754098,"High intensity"
"Post-definitive care",36,10,6,1,0.970149253731343,"High intensity"
"Post-definitive care",36,11,9,1,0.973684210526316,"High intensity"
"Post-definitive care",36,12,3,1,0.974683544303797,"High intensity"
"Post-definitive care",36,13,12,1,0.978021978021978,"High intensity"
"Post-definitive care",36,14,4,1,0.978947368421053,"High intensity"
"Post-definitive care",36,15,8,1,0.980582524271845,"High intensity"
"Post-definitive care",36,16,8,1,0.981981981981982,"High intensity"
"Post-definitive care",36,17,9,1,0.983333333333333,"High intensity"
"Post-definitive care",36,18,9,1,0.984496124031008,"High intensity"
"Post-definitive care",36,19,6,1,0.985185185185185,"High intensity"
"Post-definitive care",36,20,7,1,0.985915492957746,"High intensity"
"Post-definitive care",36,21,7,1,0.986577181208054,"High intensity"
"Post-definitive care",36,22,8,1,0.987261146496815,"High intensity"
"Post-definitive care",36,23,6,1,0.987730061349693,"High intensity"
"Post-definitive care",36,24,11,1,0.988505747126437,"High intensity"
"Post-definitive care",36,25,9,1,0.989071038251366,"High intensity"
"Post-definitive care",36,26,10,1,0.989637305699482,"High intensity"
"Post-definitive care",36,27,8,1,0.990049751243781,"High intensity"
"Post-definitive care",36,28,5,1,0.990291262135922,"High intensity"
"Post-definitive care",36,29,10,1,0.990740740740741,"High intensity"
"Post-definitive care",36,30,7,1,0.991031390134529,"High intensity"
"Post-definitive care",37,1,7,0.571428571428571,0.571428571428571,"High intensity"
"Post-definitive care",37,2,5,0.8,0.666666666666667,"High intensity"
"Post-definitive care",37,3,6,0.666666666666667,0.666666666666667,"High intensity"
"Post-definitive care",37,4,10,0.8,0.714285714285714,"High intensity"
"Post-definitive care",37,5,10,0.8,0.736842105263158,"High intensity"
"Post-definitive care",37,6,7,1,0.777777777777778,"High intensity"
"Post-definitive care",37,7,4,0.75,0.775510204081633,"High intensity"
"Post-definitive care",37,8,9,0.777777777777778,0.775862068965517,"High intensity"
"Post-definitive care",37,9,7,1,0.8,"High intensity"
"Post-definitive care",37,10,11,0.909090909090909,0.815789473684211,"High intensity"
"Post-definitive care",37,11,10,1,0.837209302325581,"High intensity"
"Post-definitive care",37,12,11,1,0.855670103092783,"High intensity"
"Post-definitive care",37,13,3,1,0.86,"High intensity"
"Post-definitive care",37,14,8,1,0.87037037037037,"High intensity"
"Post-definitive care",37,15,8,1,0.879310344827586,"High intensity"
"Post-definitive care",37,16,6,1,0.885245901639344,"High intensity"
"Post-definitive care",37,17,7,1,0.891472868217054,"High intensity"
"Post-definitive care",37,18,10,1,0.899280575539568,"High intensity"
"Post-definitive care",37,19,4,1,0.902097902097902,"High intensity"
"Post-definitive care",37,20,4,1,0.904761904761905,"High intensity"
"Post-definitive care",37,21,2,1,0.906040268456376,"High intensity"
"Post-definitive care",37,22,6,1,0.909677419354839,"High intensity"
"Post-definitive care",37,23,6,1,0.91304347826087,"High intensity"
"Post-definitive care",37,24,9,1,0.917647058823529,"High intensity"
"Post-definitive care",37,25,4,1,0.919540229885057,"High intensity"
"Post-definitive care",37,26,6,1,0.922222222222222,"High intensity"
"Post-definitive care",37,27,10,1,0.926315789473684,"High intensity"
"Post-definitive care",37,28,2,1,0.927083333333333,"High intensity"
"Post-definitive care",37,29,8,1,0.93,"High intensity"
"Post-definitive care",37,30,7,1,0.932367149758454,"High intensity"
"Post-definitive care",38,1,8,0.5,0.5,"High intensity"
"Post-definitive care",38,2,8,0.75,0.625,"High intensity"
"Post-definitive care",38,3,10,0.9,0.730769230769231,"High intensity"
"Post-definitive care",38,4,2,1,0.75,"High intensity"
"Post-definitive care",38,5,14,1,0.833333333333333,"High intensity"
"Post-definitive care",38,6,3,1,0.844444444444444,"High intensity"
"Post-definitive care",38,7,4,1,0.857142857142857,"High intensity"
"Post-definitive care",38,8,5,1,0.87037037037037,"High intensity"
"Post-definitive care",38,9,6,1,0.883333333333333,"High intensity"
"Post-definitive care",38,10,12,1,0.902777777777778,"High intensity"
"Post-definitive care",38,11,4,1,0.907894736842105,"High intensity"
"Post-definitive care",38,12,5,1,0.91358024691358,"High intensity"
"Post-definitive care",38,13,4,1,0.917647058823529,"High intensity"
"Post-definitive care",38,14,7,1,0.923913043478261,"High intensity"
"Post-definitive care",38,15,3,1,0.926315789473684,"High intensity"
"Post-definitive care",38,16,10,1,0.933333333333333,"High intensity"
"Post-definitive care",38,17,12,1,0.94017094017094,"High intensity"
"Post-definitive care",38,18,14,1,0.946564885496183,"High intensity"
"Post-definitive care",38,19,11,1,0.950704225352113,"High intensity"
"Post-definitive care",38,20,4,1,0.952054794520548,"High intensity"
"Post-definitive care",38,21,9,1,0.954838709677419,"High intensity"
"Post-definitive care",38,22,5,1,0.95625,"High intensity"
"Post-definitive care",38,23,8,1,0.958333333333333,"High intensity"
"Post-definitive care",38,24,7,1,0.96,"High intensity"
"Post-definitive care",38,25,6,1,0.961325966850829,"High intensity"
"Post-definitive care",38,26,5,1,0.962365591397849,"High intensity"
"Post-definitive care",38,27,5,1,0.963350785340314,"High intensity"
"Post-definitive care",38,28,4,1,0.964102564102564,"High intensity"
"Post-definitive care",38,29,7,1,0.965346534653465,"High intensity"
"Post-definitive care",38,30,9,1,0.966824644549763,"High intensity"
"Post-definitive care",39,1,9,0.555555555555556,0.555555555555556,"High intensity"
"Post-definitive care",39,2,8,0.875,0.705882352941177,"High intensity"
"Post-definitive care",39,3,7,0.857142857142857,0.75,"High intensity"
"Post-definitive care",39,4,13,1,0.837837837837838,"High intensity"
"Post-definitive care",39,5,8,1,0.866666666666667,"High intensity"
"Post-definitive care",39,6,3,1,0.875,"High intensity"
"Post-definitive care",39,7,6,1,0.888888888888889,"High intensity"
"Post-definitive care",39,8,3,1,0.894736842105263,"High intensity"
"Post-definitive care",39,9,7,1,0.90625,"High intensity"
"Post-definitive care",39,10,11,1,0.92,"High intensity"
"Post-definitive care",39,11,9,1,0.928571428571429,"High intensity"
"Post-definitive care",39,12,8,1,0.934782608695652,"High intensity"
"Post-definitive care",39,13,4,1,0.9375,"High intensity"
"Post-definitive care",39,14,6,1,0.941176470588235,"High intensity"
"Post-definitive care",39,15,6,1,0.944444444444444,"High intensity"
"Post-definitive care",39,16,7,1,0.947826086956522,"High intensity"
"Post-definitive care",39,17,7,1,0.950819672131147,"High intensity"
"Post-definitive care",39,18,5,1,0.952755905511811,"High intensity"
"Post-definitive care",39,19,5,1,0.954545454545455,"High intensity"
"Post-definitive care",39,20,8,1,0.957142857142857,"High intensity"
"Post-definitive care",39,21,6,1,0.958904109589041,"High intensity"
"Post-definitive care",39,22,5,1,0.960264900662252,"High intensity"
"Post-definitive care",39,23,9,1,0.9625,"High intensity"
"Post-definitive care",39,24,6,1,0.963855421686747,"High intensity"
"Post-definitive care",39,25,6,1,0.965116279069767,"High intensity"
"Post-definitive care",39,26,5,1,0.966101694915254,"High intensity"
"Post-definitive care",39,27,5,1,0.967032967032967,"High intensity"
"Post-definitive care",39,28,7,1,0.968253968253968,"High intensity"
"Post-definitive care",39,29,5,1,0.969072164948454,"High intensity"
"Post-definitive care",39,30,3,1,0.969543147208122,"High intensity"
"Post-definitive care",40,1,6,0.333333333333333,0.333333333333333,"High intensity"
"Post-definitive care",40,2,7,0.857142857142857,0.615384615384615,"High intensity"
"Post-definitive care",40,3,8,0.75,0.666666666666667,"High intensity"
"Post-definitive care",40,4,6,0.666666666666667,0.666666666666667,"High intensity"
"Post-definitive care",40,5,8,0.875,0.714285714285714,"High intensity"
"Post-definitive care",40,6,6,0.666666666666667,0.707317073170732,"High intensity"
"Post-definitive care",40,7,9,1,0.76,"High intensity"
"Post-definitive care",40,8,6,1,0.785714285714286,"High intensity"
"Post-definitive care",40,9,5,1,0.80327868852459,"High intensity"
"Post-definitive care",40,10,3,1,0.8125,"High intensity"
"Post-definitive care",40,11,12,1,0.842105263157895,"High intensity"
"Post-definitive care",40,12,6,1,0.853658536585366,"High intensity"
"Post-definitive care",40,13,4,1,0.86046511627907,"High intensity"
"Post-definitive care",40,14,3,1,0.865168539325843,"High intensity"
"Post-definitive care",40,15,7,1,0.875,"High intensity"
"Post-definitive care",40,16,12,1,0.888888888888889,"High intensity"
"Post-definitive care",40,17,10,1,0.898305084745763,"High intensity"
"Post-definitive care",40,18,7,1,0.904,"High intensity"
"Post-definitive care",40,19,4,1,0.906976744186046,"High intensity"
"Post-definitive care",40,20,3,1,0.909090909090909,"High intensity"
"Post-definitive care",40,21,5,1,0.912408759124088,"High intensity"
"Post-definitive care",40,22,9,1,0.917808219178082,"High intensity"
"Post-definitive care",40,23,11,1,0.923566878980892,"High intensity"
"Post-definitive care",40,24,5,1,0.925925925925926,"High intensity"
"Post-definitive care",40,25,6,1,0.928571428571429,"High intensity"
"Post-definitive care",40,26,6,1,0.931034482758621,"High intensity"
"Post-definitive care",40,27,8,1,0.934065934065934,"High intensity"
"Post-definitive care",40,28,7,1,0.936507936507937,"High intensity"
"Post-definitive care",40,29,7,1,0.938775510204082,"High intensity"
"Post-definitive care",40,30,9,1,0.941463414634146,"High intensity"
"Post-definitive care",41,1,4,0,0,"High intensity"
"Post-definitive care",41,2,8,0.625,0.416666666666667,"High intensity"
"Post-definitive care",41,3,5,0.6,0.470588235294118,"High intensity"
"Post-definitive care",41,4,3,0.666666666666667,0.5,"High intensity"
"Post-definitive care",41,5,5,0.6,0.52,"High intensity"
"Post-definitive care",41,6,5,1,0.6,"High intensity"
"Post-definitive care",41,7,14,1,0.727272727272727,"High intensity"
"Post-definitive care",41,8,3,1,0.74468085106383,"High intensity"
"Post-definitive care",41,9,7,1,0.777777777777778,"High intensity"
"Post-definitive care",41,10,9,1,0.80952380952381,"High intensity"
"Post-definitive care",41,11,6,1,0.826086956521739,"High intensity"
"Post-definitive care",41,12,3,1,0.833333333333333,"High intensity"
"Post-definitive care",41,13,12,1,0.857142857142857,"High intensity"
"Post-definitive care",41,14,9,1,0.870967741935484,"High intensity"
"Post-definitive care",41,15,6,1,0.878787878787879,"High intensity"
"Post-definitive care",41,16,6,1,0.885714285714286,"High intensity"
"Post-definitive care",41,17,7,1,0.892857142857143,"High intensity"
"Post-definitive care",41,18,7,1,0.899159663865546,"High intensity"
"Post-definitive care",41,19,5,1,0.903225806451613,"High intensity"
"Post-definitive care",41,20,6,1,0.907692307692308,"High intensity"
"Post-definitive care",41,21,6,1,0.911764705882353,"High intensity"
"Post-definitive care",41,22,6,1,0.915492957746479,"High intensity"
"Post-definitive care",41,23,13,1,0.92258064516129,"High intensity"
"Post-definitive care",41,24,5,1,0.925,"High intensity"
"Post-definitive care",41,25,6,1,0.927710843373494,"High intensity"
"Post-definitive care",41,26,5,1,0.929824561403509,"High intensity"
"Post-definitive care",41,27,5,1,0.931818181818182,"High intensity"
"Post-definitive care",41,28,7,1,0.934426229508197,"High intensity"
"Post-definitive care",41,29,12,1,0.938461538461538,"High intensity"
"Post-definitive care",41,30,6,1,0.940298507462687,"High intensity"
"Post-definitive care",42,1,4,0,0,"High intensity"
"Post-definitive care",42,2,6,0.5,0.3,"High intensity"
"Post-definitive care",42,3,3,0.666666666666667,0.384615384615385,"High intensity"
"Post-definitive care",42,4,4,1,0.529411764705882,"High intensity"
"Post-definitive care",42,5,5,1,0.636363636363636,"High intensity"
"Post-definitive care",42,6,9,1,0.741935483870968,"High intensity"
"Post-definitive care",42,7,5,1,0.777777777777778,"High intensity"
"Post-definitive care",42,8,4,1,0.8,"High intensity"
"Post-definitive care",42,9,16,1,0.857142857142857,"High intensity"
"Post-definitive care",42,10,12,1,0.882352941176471,"High intensity"
"Post-definitive care",42,11,8,1,0.894736842105263,"High intensity"
"Post-definitive care",42,12,7,1,0.903614457831325,"High intensity"
"Post-definitive care",42,13,4,1,0.908045977011494,"High intensity"
"Post-definitive care",42,14,8,1,0.91578947368421,"High intensity"
"Post-definitive care",42,15,7,1,0.92156862745098,"High intensity"
"Post-definitive care",42,16,11,1,0.929203539823009,"High intensity"
"Post-definitive care",42,17,7,1,0.933333333333333,"High intensity"
"Post-definitive care",42,18,6,1,0.936507936507937,"High intensity"
"Post-definitive care",42,19,7,1,0.93984962406015,"High intensity"
"Post-definitive care",42,20,6,1,0.942446043165468,"High intensity"
"Post-definitive care",42,21,3,1,0.943661971830986,"High intensity"
"Post-definitive care",42,22,8,1,0.946666666666667,"High intensity"
"Post-definitive care",42,23,5,1,0.948387096774194,"High intensity"
"Post-definitive care",42,24,7,1,0.950617283950617,"High intensity"
"Post-definitive care",42,25,5,1,0.952095808383233,"High intensity"
"Post-definitive care",42,26,7,1,0.954022988505747,"High intensity"
"Post-definitive care",42,27,9,1,0.956284153005464,"High intensity"
"Post-definitive care",42,28,9,1,0.958333333333333,"High intensity"
"Post-definitive care",42,29,4,1,0.959183673469388,"High intensity"
"Post-definitive care",42,30,9,1,0.960975609756098,"High intensity"
"Post-definitive care",43,1,3,0.333333333333333,0.333333333333333,"High intensity"
"Post-definitive care",43,2,6,0.833333333333333,0.666666666666667,"High intensity"
"Post-definitive care",43,3,5,1,0.785714285714286,"High intensity"
"Post-definitive care",43,4,3,1,0.823529411764706,"High intensity"
"Post-definitive care",43,5,7,1,0.875,"High intensity"
"Post-definitive care",43,6,7,1,0.903225806451613,"High intensity"
"Post-definitive care",43,7,3,1,0.911764705882353,"High intensity"
"Post-definitive care",43,8,7,1,0.926829268292683,"High intensity"
"Post-definitive care",43,9,8,1,0.938775510204082,"High intensity"
"Post-definitive care",43,10,8,1,0.947368421052632,"High intensity"
"Post-definitive care",43,11,5,1,0.951612903225806,"High intensity"
"Post-definitive care",43,12,6,1,0.955882352941177,"High intensity"
"Post-definitive care",43,13,5,1,0.958904109589041,"High intensity"
"Post-definitive care",43,14,5,1,0.961538461538462,"High intensity"
"Post-definitive care",43,15,3,1,0.962962962962963,"High intensity"
"Post-definitive care",43,16,9,1,0.966666666666667,"High intensity"
"Post-definitive care",43,17,6,1,0.96875,"High intensity"
"Post-definitive care",43,18,12,1,0.972222222222222,"High intensity"
"Post-definitive care",43,19,11,1,0.974789915966387,"High intensity"
"Post-definitive care",43,20,3,1,0.975409836065574,"High intensity"
"Post-definitive care",43,21,4,1,0.976190476190476,"High intensity"
"Post-definitive care",43,22,9,1,0.977777777777778,"High intensity"
"Post-definitive care",43,23,8,1,0.979020979020979,"High intensity"
"Post-definitive care",43,24,10,1,0.980392156862745,"High intensity"
"Post-definitive care",43,25,11,1,0.981707317073171,"High intensity"
"Post-definitive care",43,26,7,1,0.982456140350877,"High intensity"
"Post-definitive care",43,27,5,1,0.982954545454545,"High intensity"
"Post-definitive care",43,28,8,1,0.983695652173913,"High intensity"
"Post-definitive care",43,29,13,1,0.984771573604061,"High intensity"
"Post-definitive care",43,30,11,1,0.985576923076923,"High intensity"
"Post-definitive care",44,1,2,0,0,"High intensity"
"Post-definitive care",44,2,7,0.571428571428571,0.444444444444444,"High intensity"
"Post-definitive care",44,3,2,1,0.545454545454545,"High intensity"
"Post-definitive care",44,4,6,0.5,0.529411764705882,"High intensity"
"Post-definitive care",44,5,7,0.714285714285714,0.583333333333333,"High intensity"
"Post-definitive care",44,6,6,0.666666666666667,0.6,"High intensity"
"Post-definitive care",44,7,6,0.833333333333333,0.638888888888889,"High intensity"
"Post-definitive care",44,8,9,1,0.711111111111111,"High intensity"
"Post-definitive care",44,9,8,0.875,0.735849056603774,"High intensity"
"Post-definitive care",44,10,6,1,0.76271186440678,"High intensity"
"Post-definitive care",44,11,5,1,0.78125,"High intensity"
"Post-definitive care",44,12,7,1,0.802816901408451,"High intensity"
"Post-definitive care",44,13,6,1,0.818181818181818,"High intensity"
"Post-definitive care",44,14,5,1,0.829268292682927,"High intensity"
"Post-definitive care",44,15,4,1,0.837209302325581,"High intensity"
"Post-definitive care",44,16,14,1,0.86,"High intensity"
"Post-definitive care",44,17,9,1,0.871559633027523,"High intensity"
"Post-definitive care",44,18,8,1,0.88034188034188,"High intensity"
"Post-definitive care",44,19,4,1,0.884297520661157,"High intensity"
"Post-definitive care",44,20,12,1,0.894736842105263,"High intensity"
"Post-definitive care",44,21,7,1,0.9,"High intensity"
"Post-definitive care",44,22,3,1,0.902097902097902,"High intensity"
"Post-definitive care",44,23,11,1,0.909090909090909,"High intensity"
"Post-definitive care",44,24,6,1,0.9125,"High intensity"
"Post-definitive care",44,25,11,1,0.91812865497076,"High intensity"
"Post-definitive care",44,26,3,1,0.919540229885057,"High intensity"
"Post-definitive care",44,27,6,1,0.922222222222222,"High intensity"
"Post-definitive care",44,28,8,1,0.925531914893617,"High intensity"
"Post-definitive care",44,29,8,1,0.928571428571429,"High intensity"
"Post-definitive care",44,30,8,1,0.931372549019608,"High intensity"
"Post-definitive care",45,1,3,1,1,"High intensity"
"Post-definitive care",45,2,4,1,1,"High intensity"
"Post-definitive care",45,3,7,1,1,"High intensity"
"Post-definitive care",45,4,5,1,1,"High intensity"
"Post-definitive care",45,5,5,1,1,"High intensity"
"Post-definitive care",45,6,6,1,1,"High intensity"
"Post-definitive care",45,7,6,1,1,"High intensity"
"Post-definitive care",45,8,5,1,1,"High intensity"
"Post-definitive care",45,9,10,1,1,"High intensity"
"Post-definitive care",45,10,9,1,1,"High intensity"
"Post-definitive care",45,11,9,1,1,"High intensity"
"Post-definitive care",45,12,12,1,1,"High intensity"
"Post-definitive care",45,13,2,1,1,"High intensity"
"Post-definitive care",45,14,3,1,1,"High intensity"
"Post-definitive care",45,15,3,1,1,"High intensity"
"Post-definitive care",45,16,11,1,1,"High intensity"
"Post-definitive care",45,17,6,1,1,"High intensity"
"Post-definitive care",45,18,7,1,1,"High intensity"
"Post-definitive care",45,19,3,1,1,"High intensity"
"Post-definitive care",45,20,6,1,1,"High intensity"
"Post-definitive care",45,21,8,1,1,"High intensity"
"Post-definitive care",45,22,8,1,1,"High intensity"
"Post-definitive care",45,23,6,1,1,"High intensity"
"Post-definitive care",45,24,9,1,1,"High intensity"
"Post-definitive care",45,25,4,1,1,"High intensity"
"Post-definitive care",45,26,3,1,1,"High intensity"
"Post-definitive care",45,27,10,1,1,"High intensity"
"Post-definitive care",45,28,8,1,1,"High intensity"
"Post-definitive care",45,29,10,1,1,"High intensity"
"Post-definitive care",45,30,11,1,1,"High intensity"
"Post-definitive care",46,1,7,0.571428571428571,0.571428571428571,"High intensity"
"Post-definitive care",46,2,4,0.75,0.636363636363636,"High intensity"
"Post-definitive care",46,3,11,0.818181818181818,0.727272727272727,"High intensity"
"Post-definitive care",46,4,11,0.818181818181818,0.757575757575758,"High intensity"
"Post-definitive care",46,5,5,1,0.789473684210526,"High intensity"
"Post-definitive care",46,6,5,1,0.813953488372093,"High intensity"
"Post-definitive care",46,7,6,1,0.836734693877551,"High intensity"
"Post-definitive care",46,8,8,1,0.859649122807018,"High intensity"
"Post-definitive care",46,9,8,1,0.876923076923077,"High intensity"
"Post-definitive care",46,10,4,1,0.884057971014493,"High intensity"
"Post-definitive care",46,11,8,1,0.896103896103896,"High intensity"
"Post-definitive care",46,12,3,1,0.9,"High intensity"
"Post-definitive care",46,13,4,1,0.904761904761905,"High intensity"
"Post-definitive care",46,14,3,1,0.908045977011494,"High intensity"
"Post-definitive care",46,15,12,1,0.919191919191919,"High intensity"
"Post-definitive care",46,16,11,1,0.927272727272727,"High intensity"
"Post-definitive care",46,17,7,1,0.931623931623932,"High intensity"
"Post-definitive care",46,18,9,1,0.936507936507937,"High intensity"
"Post-definitive care",46,19,3,1,0.937984496124031,"High intensity"
"Post-definitive care",46,20,7,1,0.941176470588235,"High intensity"
"Post-definitive care",46,21,7,1,0.944055944055944,"High intensity"
"Post-definitive care",46,22,10,1,0.947712418300654,"High intensity"
"Post-definitive care",46,23,14,1,0.952095808383233,"High intensity"
"Post-definitive care",46,24,6,1,0.953757225433526,"High intensity"
"Post-definitive care",46,25,7,1,0.955555555555556,"High intensity"
"Post-definitive care",46,26,7,1,0.957219251336898,"High intensity"
"Post-definitive care",46,27,6,1,0.958549222797927,"High intensity"
"Post-definitive care",46,28,6,1,0.959798994974874,"High intensity"
"Post-definitive care",46,29,8,1,0.961352657004831,"High intensity"
"Post-definitive care",46,30,8,1,0.962790697674419,"High intensity"
"Post-definitive care",47,1,7,0.714285714285714,0.714285714285714,"High intensity"
"Post-definitive care",47,2,2,1,0.777777777777778,"High intensity"
"Post-definitive care",47,3,6,0.666666666666667,0.733333333333333,"High intensity"
"Post-definitive care",47,4,7,1,0.818181818181818,"High intensity"
"Post-definitive care",47,5,6,1,0.857142857142857,"High intensity"
"Post-definitive care",47,6,5,1,0.878787878787879,"High intensity"
"Post-definitive care",47,7,6,1,0.897435897435897,"High intensity"
"Post-definitive care",47,8,9,1,0.916666666666667,"High intensity"
"Post-definitive care",47,9,14,1,0.935483870967742,"High intensity"
"Post-definitive care",47,10,7,1,0.942028985507246,"High intensity"
"Post-definitive care",47,11,6,1,0.946666666666667,"High intensity"
"Post-definitive care",47,12,7,1,0.951219512195122,"High intensity"
"Post-definitive care",47,13,11,1,0.956989247311828,"High intensity"
"Post-definitive care",47,14,6,1,0.95959595959596,"High intensity"
"Post-definitive care",47,15,8,1,0.962616822429907,"High intensity"
"Post-definitive care",47,16,5,1,0.964285714285714,"High intensity"
"Post-definitive care",47,17,2,1,0.964912280701754,"High intensity"
"Post-definitive care",47,18,5,1,0.966386554621849,"High intensity"
"Post-definitive care",47,19,4,1,0.967479674796748,"High intensity"
"Post-definitive care",47,20,5,1,0.96875,"High intensity"
"Post-definitive care",47,21,5,1,0.969924812030075,"High intensity"
"Post-definitive care",47,22,2,1,0.97037037037037,"High intensity"
"Post-definitive care",47,23,13,1,0.972972972972973,"High intensity"
"Post-definitive care",47,24,8,1,0.974358974358974,"High intensity"
"Post-definitive care",47,25,6,1,0.975308641975309,"High intensity"
"Post-definitive care",47,26,2,1,0.975609756097561,"High intensity"
"Post-definitive care",47,27,5,1,0.976331360946746,"High intensity"
"Post-definitive care",47,28,7,1,0.977272727272727,"High intensity"
"Post-definitive care",47,29,3,1,0.977653631284916,"High intensity"
"Post-definitive care",47,30,10,1,0.978835978835979,"High intensity"
"Post-definitive care",48,1,5,0.6,0.6,"High intensity"
"Post-definitive care",48,2,4,1,0.777777777777778,"High intensity"
"Post-definitive care",48,3,7,1,0.875,"High intensity"
"Post-definitive care",48,4,10,1,0.923076923076923,"High intensity"
"Post-definitive care",48,5,7,1,0.939393939393939,"High intensity"
"Post-definitive care",48,6,7,1,0.95,"High intensity"
"Post-definitive care",48,7,3,1,0.953488372093023,"High intensity"
"Post-definitive care",48,8,10,1,0.962264150943396,"High intensity"
"Post-definitive care",48,9,5,1,0.96551724137931,"High intensity"
"Post-definitive care",48,10,9,1,0.970149253731343,"High intensity"
"Post-definitive care",48,11,4,1,0.971830985915493,"High intensity"
"Post-definitive care",48,12,3,1,0.972972972972973,"High intensity"
"Post-definitive care",48,13,2,1,0.973684210526316,"High intensity"
"Post-definitive care",48,14,5,1,0.975308641975309,"High intensity"
"Post-definitive care",48,15,8,1,0.97752808988764,"High intensity"
"Post-definitive care",48,16,8,1,0.979381443298969,"High intensity"
"Post-definitive care",48,17,9,1,0.981132075471698,"High intensity"
"Post-definitive care",48,18,6,1,0.982142857142857,"High intensity"
"Post-definitive care",48,19,12,1,0.983870967741935,"High intensity"
"Post-definitive care",48,20,6,1,0.984615384615385,"High intensity"
"Post-definitive care",48,21,6,1,0.985294117647059,"High intensity"
"Post-definitive care",48,22,7,1,0.986013986013986,"High intensity"
"Post-definitive care",48,23,10,1,0.986928104575163,"High intensity"
"Post-definitive care",48,24,14,1,0.988023952095808,"High intensity"
"Post-definitive care",48,25,10,1,0.988700564971751,"High intensity"
"Post-definitive care",48,26,6,1,0.989071038251366,"High intensity"
"Post-definitive care",48,27,8,1,0.989528795811518,"High intensity"
"Post-definitive care",48,28,4,1,0.98974358974359,"High intensity"
"Post-definitive care",48,29,6,1,0.990049751243781,"High intensity"
"Post-definitive care",48,30,8,1,0.990430622009569,"High intensity"
"Post-definitive care",49,1,8,0.5,0.5,"High intensity"
"Post-definitive care",49,2,11,0.909090909090909,0.736842105263158,"High intensity"
"Post-definitive care",49,3,6,0.833333333333333,0.76,"High intensity"
"Post-definitive care",49,4,2,1,0.777777777777778,"High intensity"
"Post-definitive care",49,5,11,1,0.842105263157895,"High intensity"
"Post-definitive care",49,6,8,1,0.869565217391304,"High intensity"
"Post-definitive care",49,7,7,1,0.886792452830189,"High intensity"
"Post-definitive care",49,8,9,1,0.903225806451613,"High intensity"
"Post-definitive care",49,9,9,1,0.915492957746479,"High intensity"
"Post-definitive care",49,10,8,1,0.924050632911392,"High intensity"
"Post-definitive care",49,11,6,1,0.929411764705882,"High intensity"
"Post-definitive care",49,12,6,1,0.934065934065934,"High intensity"
"Post-definitive care",49,13,5,1,0.9375,"High intensity"
"Post-definitive care",49,14,3,1,0.939393939393939,"High intensity"
"Post-definitive care",49,15,5,1,0.942307692307692,"High intensity"
"Post-definitive care",49,16,15,1,0.949579831932773,"High intensity"
"Post-definitive care",49,17,7,1,0.952380952380952,"High intensity"
"Post-definitive care",49,18,8,1,0.955223880597015,"High intensity"
"Post-definitive care",49,19,8,1,0.957746478873239,"High intensity"
"Post-definitive care",49,20,5,1,0.959183673469388,"High intensity"
"Post-definitive care",49,21,10,1,0.961783439490446,"High intensity"
"Post-definitive care",49,22,6,1,0.96319018404908,"High intensity"
"Post-definitive care",49,23,9,1,0.965116279069767,"High intensity"
"Post-definitive care",49,24,4,1,0.965909090909091,"High intensity"
"Post-definitive care",49,25,7,1,0.967213114754098,"High intensity"
"Post-definitive care",49,26,7,1,0.968421052631579,"High intensity"
"Post-definitive care",49,27,10,1,0.97,"High intensity"
"Post-definitive care",49,28,4,1,0.970588235294118,"High intensity"
"Post-definitive care",49,29,9,1,0.971830985915493,"High intensity"
"Post-definitive care",49,30,8,1,0.972850678733032,"High intensity"
"Post-definitive care",50,1,6,0.333333333333333,0.333333333333333,"High intensity"
"Post-definitive care",50,2,7,0.857142857142857,0.615384615384615,"High intensity"
"Post-definitive care",50,3,5,0.8,0.666666666666667,"High intensity"
"Post-definitive care",50,4,9,0.888888888888889,0.740740740740741,"High intensity"
"Post-definitive care",50,5,8,1,0.8,"High intensity"
"Post-definitive care",50,6,6,1,0.829268292682927,"High intensity"
"Post-definitive care",50,7,5,1,0.847826086956522,"High intensity"
"Post-definitive care",50,8,6,1,0.865384615384615,"High intensity"
"Post-definitive care",50,9,8,1,0.883333333333333,"High intensity"
"Post-definitive care",50,10,10,1,0.9,"High intensity"
"Post-definitive care",50,11,5,1,0.906666666666667,"High intensity"
"Post-definitive care",50,12,3,1,0.91025641025641,"High intensity"
"Post-definitive care",50,13,6,1,0.916666666666667,"High intensity"
"Post-definitive care",50,14,2,1,0.918604651162791,"High intensity"
"Post-definitive care",50,15,6,1,0.923913043478261,"High intensity"
"Post-definitive care",50,16,11,1,0.932038834951456,"High intensity"
"Post-definitive care",50,17,7,1,0.936363636363636,"High intensity"
"Post-definitive care",50,18,7,1,0.94017094017094,"High intensity"
"Post-definitive care",50,19,7,1,0.943548387096774,"High intensity"
"Post-definitive care",50,20,4,1,0.9453125,"High intensity"
"Post-definitive care",50,21,4,1,0.946969696969697,"High intensity"
"Post-definitive care",50,22,9,1,0.950354609929078,"High intensity"
"Post-definitive care",50,23,13,1,0.954545454545455,"High intensity"
"Post-definitive care",50,24,12,1,0.957831325301205,"High intensity"
"Post-definitive care",50,25,8,1,0.959770114942529,"High intensity"
"Post-definitive care",50,26,6,1,0.961111111111111,"High intensity"
"Post-definitive care",50,27,8,1,0.962765957446808,"High intensity"
"Post-definitive care",50,28,2,1,0.963157894736842,"High intensity"
"Post-definitive care",50,29,4,1,0.963917525773196,"High intensity"
"Post-definitive care",50,30,13,1,0.966183574879227,"High intensity"
